Epoch,Phase,Train_Total_Loss,Train_Main_OHEM_Loss,Train_Aux_Loss,Validation_Loss,Train_mIoU,Validation_mIoU,Train_mAcc,Validation_mAcc,Train_aAcc,Validation_aAcc,Train_Precision_Macro,Validation_Precision_Macro,Train_Recall_Macro,Validation_Recall_Macro,Train_F1_Macro,Validation_F1_Macro,Train_Precision_Micro,Validation_Precision_Micro,Train_Recall_Micro,Validation_Recall_Micro,Train_F1_Micro,Validation_F1_Micro,Learning_Rate,AMP_Scale,AMP_Overflow_Skips,Epoch_Time_sec,Cumulative_Training_Time
1,train/val,13.443428112112958,9.738718382690264,9.261774068293365,8.524258038428286,2.1768905457983507,2.688440519123121,9.041043450837034,9.834025286544229,6.47208208932425,7.569724010261323,7.0025009665680376,15.241394807010245,9.041043450837034,9.834025286544229,4.141888260202634,5.068520189169845,6.47208208932425,7.569724010261323,6.47208208932425,7.569724010261323,6.47208208932425,7.569724010261323,0.0009983202910568178,8192.0,3,19.87870717048645,0:00:19
2,train/val,11.883223642473634,8.299705552018207,8.958795070648193,6.942533753699326,3.3889038705167183,4.881658474712753,10.932005847883673,12.809529318760404,9.184592322302763,12.576163471797635,16.006730949690468,24.133679950829688,10.932005847883673,12.809529318760404,6.359750062433787,8.81778020497734,9.184592322302763,12.576163471797635,9.184592322302763,12.576163471797635,9.184592322302763,12.576163471797635,0.000996460246914143,8192.0,0,18.400410652160645,0:00:38
3,train/val,10.20310815780059,6.698734127956888,8.760934959287228,4.832276474764955,5.194166845332637,7.896489167538864,13.76612395225581,15.879187955541656,13.912326623101887,20.31756394921711,21.908703429955807,25.852360423384035,13.76612395225581,15.879187955541656,9.440797430814673,13.657182745044654,13.912326623101887,20.31756394921711,13.912326623101887,20.31756394921711,13.912326623101887,20.317563949217114,0.0009945998169073496,8192.0,0,18.203656911849976,0:00:56
4,train/val,8.748568016549815,5.4027941576812575,8.364434519539708,3.6775801236794767,8.364201636584218,12.028017769834856,17.240201143606658,20.63442845480785,21.984494743674695,31.487278736416833,25.91183917503137,28.53350276728352,17.240201143606658,20.63442845480785,14.4363625643051,19.319715439757733,21.984494743674695,31.487278736416833,21.984494743674695,31.487278736416833,21.984494743674695,31.487278736416833,0.000992739000154089,8192.0,0,18.174586057662964,0:01:14
5,train/val,7.937103009742239,4.714186104743377,8.057292124499446,3.2147056749779748,11.755020895456628,15.609288471085142,21.51889414434665,25.332384202014346,31.122198825427628,39.99336888561617,27.54809679929078,30.566300019194752,21.51889414434665,25.332384202014346,19.136032703564567,23.648785036768427,31.122198825427628,39.99336888561617,31.122198825427628,39.99336888561617,31.122198825427628,39.99336888561617,0.0009908777957681508,8192.0,0,17.38894009590149,0:01:32
6,train/val,7.218655205291251,4.149064627678498,7.673976333244987,2.1916260717268012,15.796757080376086,20.590420828347458,25.532978981744876,30.387699806483383,41.284449443103554,52.63055284469543,29.79012441743033,32.98564738627704,25.532978981744876,30.387699806483383,24.034426796823848,29.09425214218566,41.284449443103554,52.63055284469543,41.284449443103554,52.63055284469543,41.284449443103554,52.63055284469543,0.000989016202859443,8192.0,0,16.987962245941162,0:01:49
7,train/val,6.58864544785541,3.7345679557841756,7.135193573391955,1.839499137525116,19.351342953084767,23.240570467799447,29.144255882921588,32.48141964534734,49.991124754539776,59.246154098231095,31.288942443469796,33.525265753199754,29.144255882921588,32.48141964534734,27.834340127503726,31.525234688806137,49.991124754539776,59.246154098231095,49.991124754539776,59.246154098231095,49.991124754539776,59.246154098231095,0.0009871542205339603,8192.0,0,17.067489624023438,0:02:06
8,train/val,6.293886011061461,3.593077502820803,6.752021157223245,1.543305024348067,21.73001869142059,26.063653422062117,31.66876925474852,35.50495579049973,55.170257441382475,64.64081179549507,32.31951593763341,35.47628894147612,31.66876925474852,35.50495579049973,30.36750804562638,34.37027400904414,55.170257441382475,64.64081179549507,55.170257441382475,64.64081179549507,55.170257441382475,64.64081179549507,0.000985291847893765,8192.0,0,17.17160701751709,0:02:23
9,train/val,5.96393351710361,3.4082352506077807,6.389245493256527,1.438323502073595,23.475207410774797,26.931044863721095,33.746604192004554,36.93169618713384,59.20348994439709,65.75249469358862,33.41906225477524,36.10364454401363,33.746604192004554,36.93169618713384,32.25623954492593,35.41231626047029,59.20348994439709,65.75249469358862,59.20348994439709,65.75249469358862,59.20348994439709,65.75249469358862,0.0009834290840369554,8192.0,0,17.116706609725952,0:02:40
10,train/val,5.738612986129263,3.3205853584020035,6.045068950756736,1.3588185369303174,25.174563714756964,28.461528692033028,35.68659416986548,38.276851620006695,61.89340951522554,69.35889119819655,34.796360993776,37.29466454500381,35.68659416986548,38.276851620006695,34.1165445897613,36.86557412435042,61.89340951522554,69.35889119819655,61.89340951522554,69.35889119819655,61.89340951522554,69.35889119819655,0.0009815659280576446,8192.0,0,17.131981134414673,0:02:57
11,train/val,5.444891950358515,3.171206323996834,5.68421397001847,1.33853240228726,26.602943976017812,28.602808073693538,37.23414000855237,38.829454313615535,65.23187831970937,69.07044513653653,35.975237887755505,37.45519764171085,37.23414000855237,38.829454313615535,35.64561722524039,37.12971751301584,65.23187831970937,69.07044513653653,65.23187831970937,69.07044513653653,65.23187831970937,69.07044513653653,0.0009797023790459305,8192.0,0,17.119648933410645,0:03:14
12,train/val,5.2394915404527085,3.081290868313416,5.395501568265583,1.2921108579753051,27.708351303672746,29.657453276665414,38.22977575465801,40.53335855126401,66.69407456636274,70.25536833712573,36.901961892772825,38.72335090541789,38.22977575465801,40.53335855126401,36.76732937477215,38.33720167186767,66.69407456636274,70.25536833712573,66.69407456636274,70.25536833712573,66.69407456636274,70.25536833712573,0.0009778384360878754,8192.0,0,17.212538719177246,0:03:31
13,train/val,4.907396285430244,2.8877005926940753,5.049239159926124,1.058221208385661,28.241945147345803,32.18459023412733,38.685606408017236,42.44727917268959,67.96029333266186,73.94399095665464,37.486558547410205,40.85752785598535,38.685606408017236,42.44727917268959,37.46461566244431,40.83218286667272,67.96029333266186,73.94399095665464,67.96029333266186,73.94399095665464,67.96029333266186,73.94399095665464,0.0009759740982654733,8192.0,0,17.07123374938965,0:03:48
14,train/val,4.723423527634662,2.845411915494048,4.695028971070829,1.0020683206814034,29.47285459968876,32.99894839537066,39.958525109924395,43.216334287415954,69.01371699334676,75.28337967971214,38.924412330881566,41.93947504682781,39.958525109924395,43.216334287415954,38.99007326266439,41.81304056720469,69.01371699334676,75.28337967971214,69.01371699334676,75.28337967971214,69.01371699334676,75.28337967971214,0.0009741093646566256,8192.0,0,17.14966344833374,0:04:06
15,train/val,4.339302576106528,2.6366845615532086,4.256544996862826,0.9301334613712751,30.815788377605962,33.839327036984315,41.242404446423905,43.52708385687366,70.95841624704863,76.7254112918299,40.545906348469764,42.52592398353915,41.242404446423905,43.52708385687366,40.50473375051256,42.55790256728878,70.95841624704863,76.7254112918299,70.95841624704863,76.7254112918299,70.95841624704863,76.72541129182991,0.0009722442343351136,8192.0,0,17.024916887283325,0:04:23
16,train/val,4.224264109912125,2.565203503422115,4.147651467634284,0.9326379248066919,31.036714592601488,34.08583591176662,41.93228767128036,44.603752152965455,70.92209938809565,75.60799289498038,40.70979865553058,43.05059481257309,41.93228767128036,44.603752152965455,40.8610660959628,43.051437503877246,70.92209938809565,75.60799289498038,70.92209938809565,75.60799289498038,70.92209938809565,75.6079928949804,0.0009703787063705734,8192.0,0,17.061625003814697,0:04:40
17,train/val,3.952264473490093,2.4438381583794304,3.771065689947294,0.8517169437669044,31.976070742953596,35.52874106722062,42.50892930149029,45.52089468344769,72.39929216673097,77.89730209878773,41.761610795133706,44.405293186602776,42.50892930149029,45.52089468344769,41.821489856317356,44.76478127696099,72.39929216673097,77.89730209878773,72.39929216673097,77.89730209878773,72.39929216673097,77.89730209878773,0.0009685127798284653,8192.0,0,16.96108603477478,0:04:57
18,train/val,4.121891547804293,2.5725835898648137,3.873269787301188,0.863679547282611,31.708706275411714,35.79796631495025,42.51611656062897,45.68097208065742,71.24679049908157,78.30513787550335,41.8527794097056,44.783446929154884,42.51611656062897,45.68097208065742,41.83100101045053,44.81339770509276,71.24679049908157,78.30513787550335,71.24679049908157,78.30513787550335,71.24679049908157,78.30513787550335,0.0009666464537700486,8192.0,0,17.3846116065979,0:05:14
19,train/val,3.7244481107463008,2.3151101359854573,3.5233448704947596,0.875659884015552,33.96223197233182,35.920178686028606,44.6648316075372,47.457985097793255,73.9205872626029,77.26110657907526,44.42321547520826,45.115246647894885,44.6648316075372,47.457985097793255,44.355954487962286,45.439670503371524,73.9205872626029,77.26110657907526,73.9205872626029,77.26110657907526,73.9205872626029,77.26110657907526,0.0009647797272523526,8192.0,0,17.28218650817871,0:05:31
20,train/val,3.7081245054369387,2.322034460047017,3.465225056461666,0.7799705103448424,34.14561934009646,37.04008542460308,44.97588971888332,47.45659475449689,73.66849265398402,79.08553047691754,45.042063072170876,45.85310549180802,44.97588971888332,47.45659475449689,44.79017109060899,46.295534926181624,73.66849265398402,79.08553047691754,73.66849265398402,79.08553047691754,73.66849265398402,79.08553047691754,0.000962912599328147,8192.0,0,17.3971905708313,0:05:49
21,train/val,3.500611197689305,2.232279927186344,3.170828113089437,0.7335874400176632,35.00831246005309,37.91764487496536,45.904762882175184,48.1860155753992,74.28194615857,80.00392943942691,45.84129663258006,47.18025912474725,45.904762882175184,48.1860155753992,45.72495979849384,47.329579393627675,74.28194615857,80.00392943942691,74.28194615857,80.00392943942691,74.28194615857,80.00392943942691,0.0009610450690459173,8192.0,0,17.04624080657959,0:06:06
22,train/val,3.4373171562733855,2.1754538896291153,3.154658093400623,0.714504864636743,36.08151773683518,38.92079701992998,47.034556717147744,48.56333866790191,75.00168045132514,81.01424466276475,47.351322944512454,49.186092635912416,47.034556717147744,48.56333866790191,47.02881138882588,48.366039012303986,75.00168045132514,81.01424466276475,75.00168045132514,81.01424466276475,75.00168045132516,81.01424466276477,0.0009591771354498317,8192.0,0,17.3690242767334,0:06:23
23,train/val,3.3305626822554544,2.1346689307171367,2.989734333494435,0.7010665478647612,36.50409413478624,39.21680691797187,47.34563278057583,49.39284029062298,75.51868113437959,80.72638579280778,47.82624113632198,48.8914478955715,47.34563278057583,49.39284029062298,47.3765932250352,49.04768972542571,75.51868113437959,80.72638579280778,75.51868113437959,80.72638579280778,75.51868113437959,80.72638579280778,0.0009573087975797152,8192.0,0,17.511632680892944,0:06:41
24,train/val,3.1832370019477345,2.0292383387036943,2.8849966182656908,0.749525909889502,36.88463193594412,37.7598872533633,47.85488462310409,49.04269893447632,75.57067806909562,79.1483318158036,48.26949721516403,47.225831799063116,47.85488462310409,49.04269893447632,47.928205868630975,47.59530070831975,75.57067806909562,79.1483318158036,75.57067806909562,79.1483318158036,75.57067806909564,79.1483318158036,0.0009554400544710187,8192.0,0,17.314735651016235,0:06:58
25,train/val,3.0184737340263696,1.9232058414946431,2.7381696837103884,0.7506171717503851,37.978463137667475,38.493900826744586,48.815810162221936,49.99333883558845,77.24688376780527,79.56134852133341,49.54969682182193,48.081132986832586,48.815810162221936,49.99333883558845,49.02202438245336,48.47410536198248,77.24688376780527,79.56134852133341,77.24688376780527,79.56134852133341,77.24688376780527,79.56134852133341,0.00095357090515479,8192.0,0,17.273895740509033,0:07:15
26,train/val,3.0235735035460927,1.9531274088051007,2.6761152005713917,0.655871863742017,37.293138996629274,40.417809088907816,47.80321491922137,51.468572654672826,76.23359011380249,81.21185691294787,49.196246588357404,50.178426490298136,47.80321491922137,51.468572654672826,48.30409018949268,50.42634217927314,76.23359011380249,81.21185691294787,76.23359011380249,81.21185691294787,76.23359011380249,81.21185691294788,0.0009517013486576453,8192.0,0,17.30847930908203,0:07:33
27,train/val,2.8859810453394186,1.8678548912639203,2.545315310359001,0.6224449239482948,37.64919859148447,41.2061193088984,48.36579012241278,51.63661974529353,76.60006172833556,81.91636091797339,49.56318446064601,51.40933752190986,48.36579012241278,51.63661974529353,48.77383691370776,51.37255987985699,76.60006172833556,81.91636091797339,76.60006172833556,81.91636091797339,76.60006172833556,81.91636091797339,0.0009498313840017379,8192.0,0,17.293657302856445,0:07:50
28,train/val,2.8424886523381523,1.8536606003408846,2.4720700882051303,0.6137299367827337,38.29555558616218,41.27428019871388,49.47717146468664,51.40001523846064,76.62159143414392,82.22323234352731,50.18741597487731,51.48322604299598,49.47717146468664,51.40001523846064,49.66647307019381,51.296495242669984,76.62159143414392,82.22323234352731,76.62159143414392,82.22323234352731,76.62159143414391,82.22323234352731,0.0009479610102047265,8192.0,0,17.318378448486328,0:08:07
29,train/val,2.689476558695669,1.7594306941913522,2.325114621416382,0.6026077071394726,38.48922595024103,41.59979902916876,49.39087809726439,51.4219722087766,77.27258456438037,82.28919947606485,50.62570072309245,52.799436583679125,49.39087809726439,51.4219722087766,49.807334104461155,51.8190548546682,77.27258456438037,82.28919947606485,77.27258456438037,82.28919947606485,77.27258456438038,82.28919947606485,0.0009460902262797482,8192.0,0,17.141647338867188,0:08:24
30,train/val,2.694479559426722,1.7938617772382237,2.2515444256689237,0.6304434774604759,39.758646991931954,41.23712227160612,50.83988830351483,52.1824482344249,78.19104145106894,81.78810698069363,51.94658679351012,51.92639927917475,50.83988830351483,52.1824482344249,51.20493092678456,51.642168294342696,78.19104145106894,81.78810698069363,78.19104145106894,81.78810698069363,78.19104145106893,81.78810698069363,0.000944219031235385,8192.0,0,17.456419706344604,0:08:42
31,train/val,2.702042301063952,1.776756593066713,2.313214223669923,0.5996171287211699,40.150929650396385,42.13863045760251,51.17535383389067,52.2728985184309,77.89722417289448,82.4596808005143,52.62892648442954,53.91214599536626,51.17535383389067,52.2728985184309,51.69776915493463,52.50911526023043,77.89722417289448,82.4596808005143,77.89722417289448,82.4596808005143,77.89722417289448,82.4596808005143,0.0009423474240756339,8192.0,0,17.367168426513672,0:08:59
32,train/val,2.502887347470159,1.6418899142223855,2.1524935442468394,0.5586673325182094,40.35885511135991,43.24881975787384,51.0123440652731,53.76989409897116,78.72506469154332,83.58496400744696,52.78901287238425,54.58233198562309,51.0123440652731,53.76989409897116,51.66962563474454,53.472926507344674,78.72506469154332,83.58496400744696,78.72506469154332,83.58496400744696,78.72506469154334,83.58496400744696,0.000940475403799875,8192.0,0,17.35975193977356,0:09:16
33,train/val,2.4958113943753033,1.6507911970433982,2.1125504581824592,0.5484270493361137,41.043830665747336,43.73186906819262,51.98424340730574,54.01827518740582,78.59533037865646,84.06128027512601,54.09538704783932,54.73274237558164,51.98424340730574,54.01827518740582,52.76375484154272,53.85543034379221,78.59533037865646,84.06128027512601,78.59533037865646,84.06128027512601,78.59533037865646,84.06128027512601,0.0009386029694028402,8192.0,0,17.239933252334595,0:09:34
34,train/val,2.4477744653173112,1.6166012513896693,2.077932997890141,0.5286866941359196,41.21433131262711,44.73395963764156,51.71551218681717,54.93857932699737,79.15843234333363,84.3664524034787,54.584589765344795,56.186923245371126,51.71551218681717,54.93857932699737,52.75026149845243,55.10106079917061,79.15843234333363,84.3664524034787,79.15843234333363,84.3664524034787,79.15843234333363,84.3664524034787,0.0009367301198745794,8192.0,0,17.444398403167725,0:09:51
35,train/val,2.3857780222011646,1.5732004389814709,2.03144390038822,0.5100690706019434,41.94387903475623,44.89756623915296,52.57262984425821,54.88892434558367,79.37286038158558,84.63088588322195,55.024430682816494,56.62920156128979,52.57262984425821,54.88892434558367,53.52140435193537,55.15405434300765,79.37286038158558,84.63088588322195,79.37286038158558,84.63088588322195,79.37286038158558,84.63088588322195,0.0009348568542004319,8192.0,0,17.27946901321411,0:10:08
36,train/val,2.3988094297440155,1.5956278903328853,2.0079538329787874,0.5795064069417181,42.17390528545486,42.88716299918791,52.86826794043079,54.11585121553062,79.33737210309933,82.83836310229688,55.7559944775965,53.65420146648051,52.86826794043079,54.11585121553062,53.97531883706756,53.47224861400872,79.33737210309933,82.83836310229688,79.33737210309933,82.83836310229688,79.33737210309933,82.83836310229688,0.0009329831713609916,8192.0,0,17.44747567176819,0:10:26
37,train/val,2.2429111243590065,1.4944271717382513,1.8712098358765892,0.4932665844215224,41.6683526755598,46.224245525182134,52.239391410553935,56.55282936404385,79.6522734675984,85.0686906789026,54.91236863755847,58.50464138088748,52.239391410553935,56.55282936404385,53.16075673500157,56.83194357791977,79.6522734675984,85.0686906789026,79.6522734675984,85.0686906789026,79.6522734675984,85.06869067890258,0.0009311090703320739,8192.0,0,17.217509746551514,0:10:43
38,train/val,2.1856122010427974,1.4687418098682943,1.7921759366341259,0.4910077987602841,43.25650811949905,46.2962339830632,54.00767101313046,56.24344115879922,80.34821319948209,85.16526888597946,56.7006959358727,58.512761847794,54.00767101313046,56.24344115879922,55.00802448548063,56.889500533218786,80.34821319948209,85.16526888597946,80.34821319948209,85.16526888597946,80.3482131994821,85.16526888597944,0.0009292345500846828,8192.0,0,17.21150803565979,0:11:00
39,train/val,2.1295171613278594,1.4460257981782374,1.7087283727267513,0.4904325876771,43.79624870134497,45.954667070768224,54.14026223967734,55.673730644435246,81.35563206112805,85.16346875787974,57.3432565685575,58.35113712679259,54.14026223967734,55.673730644435246,55.31456624898682,56.38928718340851,81.35563206112805,85.16346875787974,81.35563206112805,85.16346875787974,81.35563206112805,85.16346875787974,0.0009273596095849774,8192.0,0,17.38616442680359,0:11:18
40,train/val,2.091372131653454,1.4156389080959817,1.6893330371898152,0.4902970104324393,43.385085949634345,46.6268067318617,53.679632616506034,56.25424411678369,81.15357771590868,85.18785055882189,57.22095193538744,59.97604562881358,53.679632616506034,56.25424411678369,54.91779651477183,57.39722524118839,81.15357771590868,85.18785055882189,81.15357771590868,85.18785055882189,81.15357771590868,85.18785055882189,0.0009254842477942406,8192.0,0,17.16989254951477,0:11:35
41,train/val,2.1708064131114795,1.4707147572999415,1.7502291111842445,0.5003609308274829,44.251756709595874,46.051793420131695,54.61899470446417,56.633056929479864,81.02887699533163,84.75787943427045,58.13829590622742,58.62451136488562,54.61899470446417,56.633056929479864,55.89428070609639,56.89526257111459,81.02887699533163,84.75787943427045,81.02887699533163,84.75787943427045,81.02887699533163,84.75787943427045,0.0009236084636688402,8192.0,0,17.381926774978638,0:11:52
42,train/val,1.9835992222246916,1.3632896827614824,1.5507738224190215,0.48754318514169226,44.077677013360876,46.27021971675384,54.62777753899522,55.84003948762537,81.32273334300797,84.78347268880196,57.85600339324676,59.94850301115674,54.62777753899522,55.84003948762537,55.735628469952445,57.135921340911324,81.32273334300797,84.78347268880196,81.32273334300797,84.78347268880196,81.32273334300797,84.78347268880198,0.0009217322561601998,8192.0,0,16.96864080429077,0:12:09
43,train/val,2.0000866405341937,1.3559578657150269,1.610321907893471,0.47654807958286255,44.785749551638595,47.036123211442295,55.1770306332886,57.533521384431154,81.38863622966652,85.31118602418503,58.89754599843552,59.78334720856461,55.1770306332886,57.533521384431154,56.51148553394967,57.802482720972435,81.38863622966652,85.31118602418503,81.38863622966652,85.31118602418503,81.38863622966652,85.31118602418503,0.0009198556242147599,8192.0,0,17.205129146575928,0:12:26
44,train/val,2.0190743214410283,1.3704573771227961,1.621542328401752,0.47266882206304617,44.77559358737563,47.077128046944274,55.05696844340666,57.66372870708174,81.42359732215321,85.4088437149988,59.30598779356079,59.00445897933352,55.05696844340666,57.66372870708174,56.53675822294644,57.751730054612096,81.42359732215321,85.4088437149988,81.42359732215321,85.4088437149988,81.42359732215321,85.4088437149988,0.0009179785667739453,8192.0,0,17.34535002708435,0:12:44
45,train/val,1.9427999931833018,1.3170505052675372,1.564373686261799,0.47270387910367856,45.46238949230742,47.13788895496119,55.79456852864612,57.98885887799637,81.86426218641148,85.36938621192327,59.92068246901795,59.68986812796242,55.79456852864612,57.98885887799637,57.24588809202255,57.89818414297936,81.86426218641148,85.36938621192327,81.86426218641148,85.36938621192327,81.86426218641148,85.36938621192327,0.0009161010827741279,8192.0,0,17.222355604171753,0:13:01
46,train/val,1.9491757141507189,1.3311091003858524,1.5451665037999982,0.471509505369579,45.659516087799425,47.12386481543048,55.9902447852513,58.06534491293246,81.57659302283581,85.54279311523659,60.555432731699774,59.55415252157359,55.9902447852513,58.06534491293246,57.57571446310806,57.74397630257365,81.57659302283581,85.54279311523659,81.57659302283581,85.54279311523659,81.57659302283581,85.54279311523659,0.0009142231711465941,8192.0,0,17.32968282699585,0:13:18
47,train/val,1.935814609994059,1.3122911615216213,1.5588085910548335,0.4519865769885799,45.98172676185435,48.51969896174669,56.34935493893902,59.12068082552876,81.88447416304969,85.98949178928804,60.61975979307158,61.88609467509535,56.34935493893902,59.12068082552876,57.87542674016218,59.38807438992435,81.88447416304969,85.98949178928804,81.88447416304969,85.98949178928804,81.88447416304969,85.98949178928804,0.000912344830817506,8192.0,0,17.748310089111328,0:13:36
48,train/val,1.865665461058202,1.2949449708280356,1.426801190428112,0.4396746066890625,46.6647446989373,48.904850378834524,56.90137995423348,58.67121256343414,82.43397487401676,86.14642322034761,61.61890493184836,62.63830639606483,56.90137995423348,58.67121256343414,58.556564082129015,59.794376842578956,82.43397487401676,86.14642322034761,82.43397487401676,86.14642322034761,82.43397487401676,86.14642322034761,0.0009104660607078647,8192.0,0,17.35850214958191,0:13:53
49,train/val,1.8690856397151947,1.2875906659857086,1.4537373939933984,0.4292469018733343,46.12854489673479,49.354590710676156,56.53901672961559,58.99906139931659,81.80228230777995,86.46917699522292,60.87604745727471,64.10483478451856,56.53901672961559,58.99906139931659,58.06648259648015,60.07382371161377,81.80228230777995,86.46917699522292,81.80228230777995,86.46917699522292,81.80228230777993,86.46917699522292,0.0009085868597334763,8192.0,0,17.289039850234985,0:14:11
50,train/val,1.7990576689657958,1.2399451761789944,1.3977812172278115,0.4233725194440525,47.0310541161912,49.53897405750381,57.32160432181741,59.13576066863481,82.71566306936195,86.6413635481029,61.61822766056913,63.58689140075795,57.32160432181741,59.13576066863481,58.87281915993513,60.272323365160204,82.71566306936195,86.6413635481029,82.71566306936195,86.6413635481029,82.71566306936195,86.6413635481029,0.0009067072268049129,8192.0,0,17.2367000579834,0:14:28
51,train/val,1.846379450481871,1.2720208550276964,1.4358964743821516,0.4774439505316198,46.56880279707302,47.54126757616961,56.92363419456471,57.981520575745826,82.49098518932402,85.35786776457675,61.51410386285948,61.41619213661021,56.92363419456471,57.981520575745826,58.48224082326014,58.58547617996871,82.49098518932402,85.35786776457675,82.49098518932402,85.35786776457675,82.49098518932402,85.35786776457677,0.0009048271608274758,8192.0,0,17.062642574310303,0:14:45
52,train/val,1.7940364104250202,1.245851472991964,1.3704623359700907,0.42547446996403226,46.679423476685336,48.93814304224988,56.994636215472426,57.55014339744476,82.47177420877561,86.66109378244799,61.266949786343694,64.04318653460153,56.994636215472426,57.55014339744476,58.50683498564977,59.53741844729682,82.47177420877561,86.66109378244799,82.47177420877561,86.66109378244799,82.47177420877561,86.66109378244799,0.0009029466607011585,8192.0,0,17.19062352180481,0:15:02
53,train/val,1.7017866023208783,1.1893067269221596,1.2811996732716975,0.43829208022780963,48.38524242467571,48.766440318943296,58.287269436479384,59.08777103188494,83.79839596979033,86.21892063637048,63.81470728751296,62.10160193898561,58.287269436479384,59.08777103188494,60.117662310353296,59.697732462823836,83.79839596979033,86.21892063637048,83.79839596979033,86.21892063637048,83.79839596979033,86.21892063637048,0.0009010657253206066,8192.0,0,17.3357937335968,0:15:20
54,train/val,1.6850278111903563,1.1819030555046122,1.2578118634612663,0.4585336852399653,48.62840650795173,48.399548716166294,58.861551522210696,58.73153139333016,84.07244459451792,85.81000982433997,63.632705834944105,62.06258704156501,58.861551522210696,58.73153139333016,60.4799180077731,59.3980470062821,84.07244459451792,85.81000982433997,84.07244459451792,85.81000982433997,84.07244459451792,85.81000982433997,0.0008991843535750808,8192.0,0,17.457644939422607,0:15:37
55,train/val,1.754914761237476,1.2237646019329196,1.3278753757476807,0.43542091969790175,47.75023789852998,49.18528998241815,57.78272241095122,59.802536136997965,83.14461215666078,86.38746838006043,63.40945969753909,62.65706670730735,57.78272241095122,59.802536136997965,59.671118143010126,60.030628483243134,83.14461215666078,86.38746838006043,83.14461215666078,86.38746838006043,83.14461215666077,86.38746838006043,0.0008973025443484182,8192.0,0,17.29118251800537,0:15:54
56,train/val,1.6913250283054684,1.1724066368263701,1.2972959629867387,0.408935766519456,48.5850001018474,50.57122742225369,58.989929178544244,59.840383882010784,83.8514623510662,86.98291042309016,63.28225411142723,65.81999102448974,58.989929178544244,59.840383882010784,60.45979923066128,61.45892033017939,83.8514623510662,86.98291042309016,83.8514623510662,86.98291042309016,83.8514623510662,86.98291042309016,0.000895420296518992,8192.0,0,17.347781658172607,0:16:12
57,train/val,1.6411186191050902,1.1661564076076383,1.1874055133565613,0.5298732866068616,49.10191726986543,46.77136008504526,58.770847544159466,58.6042854551785,84.33340788792995,84.28859908737657,64.31141202542534,59.23245730441603,58.770847544159466,58.6042854551785,60.622218203821085,58.126720789005724,84.33340788792995,84.28859908737657,84.33340788792995,84.28859908737657,84.33340788792995,84.28859908737657,0.0008935376089596738,8192.0,0,17.289387226104736,0:16:29
58,train/val,1.6964987872735313,1.184669163563977,1.2795740284997483,0.4010395679536866,49.230876046610575,50.36264527808449,59.37776198760722,59.83082274766362,84.01051259464573,87.184357213031,64.47299994610023,64.81376778518468,59.37776198760722,59.83082274766362,61.121668666834786,61.00914299704646,84.01051259464573,87.184357213031,84.01051259464573,87.184357213031,84.01051259464573,87.184357213031,0.0008916544805377923,8192.0,0,17.4114511013031,0:16:46
59,train/val,1.6138222107420797,1.1356213089564573,1.1955022219082583,0.395574929210778,49.30196038783974,51.29590216983565,59.29093185913309,60.9140671334461,84.24508234249203,87.50202199314661,64.81503403030436,65.33920110242971,59.29093185913309,60.9140671334461,61.14649068803452,62.11744643497045,84.24508234249203,87.50202199314661,84.24508234249203,87.50202199314661,84.24508234249204,87.50202199314661,0.0008897709101150918,8192.0,0,17.1759831905365,0:17:03
60,train/val,1.5852678178445152,1.1158050729528717,1.1736568471659785,0.4735652821960288,50.884325136146145,48.47430864589414,60.76027281334002,60.078892392214954,84.71551993078742,85.34995550465901,66.82136080639593,60.76115808327279,60.76027281334002,60.078892392214954,62.71349469318574,59.72306767140192,84.71551993078742,85.34995550465901,84.71551993078742,85.34995550465901,84.71551993078742,85.34995550465901,0.0008878868965476945,8192.0,0,17.191835403442383,0:17:21
61,train/val,1.5875149019386456,1.1160506884688917,1.1786604944778525,0.4114488424010462,50.772772406750846,50.41686636836086,60.87399494358986,60.09375957084333,84.67206765109233,87.01439042272538,66.31272044913042,64.86278836798459,60.87399494358986,60.09375957084333,62.59226493285159,61.342555523470146,84.67206765109233,87.01439042272538,84.67206765109233,87.01439042272538,84.67206765109233,87.01439042272538,0.0008860024386860573,8192.0,0,17.086219310760498,0:17:38
62,train/val,1.6386511047249255,1.165764638911123,1.1822161340843076,0.39823268804832823,48.39217473777868,51.33117906310537,58.32755021647823,61.52375073100035,83.60737930976303,87.45756298094392,64.59367563179345,65.35167223653987,58.32755021647823,61.52375073100035,60.46685775271633,62.17534642222628,83.60737930976303,87.45756298094392,83.60737930976303,87.45756298094392,83.60737930976303,87.45756298094392,0.0008841175353749314,8192.0,0,17.298428535461426,0:17:55
63,train/val,1.5618685237739396,1.1099661591908205,1.1297558840850126,0.3799260204485433,50.20783973798605,51.895087200092114,59.9456744807527,60.617222152094804,84.4717937557548,87.93318826040677,66.43876064287993,67.29866998608344,59.9456744807527,60.617222152094804,62.076705294945945,62.61944593338129,84.4717937557548,87.93318826040677,84.4717937557548,87.93318826040677,84.4717937557548,87.93318826040678,0.0008822321854533185,8192.0,0,17.20182156562805,0:18:12
64,train/val,1.5875479640520136,1.1358719192769215,1.1291900952549083,0.4156411727942073,50.667237595314454,50.71196460982126,60.94540634716683,61.41075666362471,84.61813580598226,86.67502475732189,66.09288814576648,64.06143453270761,60.94540634716683,61.41075666362471,62.64736465460431,61.95693617509745,84.61813580598226,86.67502475732189,84.61813580598226,86.67502475732189,84.61813580598226,86.67502475732189,0.00088034638775443,8192.0,0,17.21074938774109,0:18:29
65,train/val,1.658265288433303,1.166018265744914,1.2306175361508909,0.3828901459315956,49.424643413226995,52.63163692215116,59.9247966288861,62.61959798590333,83.19566750891887,87.81863842847926,65.1715298836394,66.35168385101674,59.9247966288861,62.61959798590333,61.673496028183294,63.65813912499574,83.19566750891887,87.81863842847926,83.19566750891887,87.81863842847926,83.19566750891887,87.81863842847926,0.0008784601411056442,16384.0,0,17.246684551239014,0:18:47
66,train/val,1.5645213211360185,1.1207487677102503,1.1094313555437585,0.4501608148571215,50.67588282878505,49.881675018756724,60.60380543835644,60.97523608610182,84.71292080268432,85.97897720250455,66.4724975659166,62.927753882835304,60.60380543835644,60.97523608610182,62.53040027726675,61.305817532636475,84.71292080268432,85.97897720250455,84.71292080268432,85.97897720250455,84.71292080268432,85.97897720250454,0.000876573444328463,16384.0,0,17.347479104995728,0:19:04
67,train/val,1.5468948930501938,1.104083070612472,1.107029529693334,0.3897536924497452,51.27210983171302,51.592146486110934,61.43137629920471,62.47089053097763,84.86668975806792,87.48799018737421,66.83653625041929,64.63271382324497,61.43137629920471,62.47089053097763,63.14892158441439,62.578468220213765,84.86668975806792,87.48799018737421,84.86668975806792,87.48799018737421,84.86668975806792,87.48799018737421,0.0008746862962384689,16384.0,0,17.381044149398804,0:19:21
68,train/val,1.5042549125526261,1.069727536128915,1.0863184122287708,0.37157701306942675,51.481834223810644,52.68202361143087,61.562957339427314,62.365548686474966,84.92680943980058,88.198450629448,67.40619298751979,67.16084420545148,61.562957339427314,62.365548686474966,63.42924855323905,63.498013593836866,84.92680943980058,88.198450629448,84.92680943980058,88.198450629448,84.92680943980058,88.198450629448,0.0008727986956452795,16384.0,0,17.23319125175476,0:19:39
69,train/val,1.558622542930686,1.1263389383321223,1.0807089714900306,0.3826559661698249,50.86688883317181,52.51169360856461,61.18128151037537,62.99900407687282,84.53467436316711,87.61691880198954,66.41176318108242,66.17551376697125,61.18128151037537,62.99900407687282,62.86157323977387,63.64684808931011,84.53467436316711,87.61691880198954,84.53467436316711,87.61691880198954,84.53467436316711,87.61691880198954,0.0008709106413525044,16384.0,0,17.298463106155396,0:19:56
70,train/val,1.4944820663203364,1.0661840500391047,1.070745006851528,0.39144476632587555,51.34177581715023,52.1796171588517,61.206921948368645,63.54863290306544,85.24299793976033,87.32004594626795,67.05462948274811,65.00071880689391,61.206921948368645,63.54863290306544,63.14121012232508,63.35065679754647,85.24299793976033,87.32004594626795,85.24299793976033,87.32004594626795,85.24299793976033,87.32004594626795,0.0008690221321576988,16384.0,0,17.383562803268433,0:20:13
71,train/val,1.4484683294659075,1.0468604111153146,1.0040197722289872,0.3859641269334232,51.34207437924614,52.32872623220132,61.07235423310924,62.23845874365719,85.45720422362841,87.62598023758873,67.38615191359486,66.20152172061486,61.07235423310924,62.23845874365719,63.12397672308225,63.40491001919042,85.45720422362841,87.62598023758873,85.45720422362841,87.62598023758873,85.45720422362841,87.62598023758873,0.0008671331668523206,16384.0,0,17.101665258407593,0:20:30
72,train/val,1.4813430652670239,1.060181450260722,1.0529040114387223,0.3670730068854529,52.15433189119193,53.64222366521243,62.129819725775135,63.95081263058806,85.32772629557782,88.13261250114824,68.41563581435942,67.52819576312685,62.129819725775135,63.95081263058806,64.06628675903048,64.67126916745133,85.32772629557782,88.13261250114824,85.32772629557782,88.13261250114824,85.32772629557782,88.13261250114824,0.0008652437442216826,16384.0,0,17.23078155517578,0:20:48
73,train/val,1.513701152542363,1.0915719131412713,1.0553230633554251,0.3836169502004348,51.47720084081011,52.8733740822643,61.41568476126662,63.412434012509614,85.08454101460174,87.73498140448397,67.52689744095997,66.47650157104003,61.41568476126662,63.412434012509614,63.36021722079661,64.01681916202159,85.08454101460174,87.73498140448397,85.08454101460174,87.73498140448397,85.08454101460174,87.73498140448397,0.000863353863044907,16384.0,0,17.41423273086548,0:21:05
74,train/val,1.4697769177348716,1.0630998893276504,1.016692542835422,0.36306725860211747,52.037015606916384,53.90083821409778,61.89590438336222,63.26123412228771,85.64919827187576,88.31509270251942,68.05521027739366,68.5682908889111,61.89590438336222,63.26123412228771,63.96641572195511,65.00580734829676,85.64919827187576,88.31509270251942,85.64919827187576,88.31509270251942,85.64919827187576,88.31509270251942,0.0008614635220948782,16384.0,0,17.351665258407593,0:21:22
75,train/val,1.4751957658192385,1.0530767926703328,1.0552974145697511,0.3793448460471582,52.90874765190783,52.897791862671475,62.981710562289535,63.76834421198042,85.58998751212361,87.79519376177025,68.83472135156296,66.3820783643311,62.981710562289535,63.76834421198042,64.98599367130717,64.03348550200329,85.58998751212361,87.79519376177025,85.58998751212361,87.79519376177025,85.58998751212361,87.79519376177025,0.0008595727201381974,16384.0,0,17.244723081588745,0:21:40
76,train/val,1.4400832737269609,1.0287092133708622,1.0284351214118626,0.35897975480983774,52.616008186952904,54.48658742202747,62.33778691210288,64.85204801174018,85.7089072279581,88.33157262319516,68.88134180709721,68.48181333148085,62.33778691210288,64.85204801174018,64.41689727644898,65.61606432948763,85.7089072279581,88.33157262319516,85.7089072279581,88.33157262319516,85.7089072279581,88.33157262319516,0.0008576814559351318,16384.0,0,17.1759934425354,0:21:57
77,train/val,1.4307216917691024,1.024921092974103,1.0145014947199302,0.36436754439840247,52.63580885230085,53.79041254714849,62.34524897942042,64.10763730583999,85.71041369231173,88.31126557679833,68.85151617183612,67.58602091623956,62.34524897942042,64.10763730583999,64.51575219943847,64.75728107704701,85.71041369231173,88.31126557679833,85.71041369231173,88.31126557679833,85.71041369231173,88.31126557679833,0.0008557897282395694,16384.0,0,17.15049147605896,0:22:14
78,train/val,1.4152639676695284,1.024913867206677,0.9758752354461213,0.35386385926075087,52.55540367974315,53.77955742103268,62.46521478615502,63.124284253798315,85.89730827343914,88.67478913923702,68.69086235008754,69.29187412409476,62.46521478615502,63.124284253798315,64.3979704231777,64.58540513173912,85.89730827343914,88.67478913923702,85.89730827343914,88.67478913923702,85.89730827343914,88.67478913923702,0.0008538975357989695,16384.0,0,17.250404119491577,0:22:31
79,train/val,1.3785820208165955,1.004225149102833,0.9358921533693437,0.34508668778950424,53.930372057751875,54.95245737631246,63.64696099421169,64.75804159565998,86.54194108257167,88.77775824591009,70.08577532397776,69.58468456922117,63.64696099421169,64.75804159565998,65.63134860221437,65.85329769726881,86.54194108257167,88.77775824591009,86.54194108257167,88.77775824591009,86.54194108257167,88.77775824591009,0.0008520048773543126,16384.0,0,17.180540084838867,0:22:48
80,train/val,1.3788674545028934,0.9989837090606275,0.9497093344512193,0.338671395085932,53.50062835402025,55.57624756755243,63.01469800547363,64.95036987022142,86.34844543300764,89.06215179513475,69.8586234973611,70.84210509590585,63.01469800547363,64.95036987022142,65.20862045873525,66.47267144936069,86.34844543300764,89.06215179513475,86.34844543300764,89.06215179513475,86.34844543300764,89.06215179513475,0.0008501117516400527,16384.0,0,17.2100031375885,0:23:06
81,train/val,1.3850751104562178,1.0090210839458134,0.9401350513748501,0.35961743830353793,52.70198718426609,53.85210403359092,62.08418338958995,63.75207508380277,86.08332948066143,88.35483490460247,69.46327938846508,69.28388278355861,62.08418338958995,63.75207508380277,64.4167930088015,64.84754660796067,86.08332948066143,88.35483490460247,86.08332948066143,88.35483490460247,86.08332948066143,88.35483490460247,0.0008482181573840659,16384.0,0,16.736011028289795,0:23:22
82,train/val,1.4128018063695533,1.0285297790947168,0.9606800498845784,0.3471189953670797,52.848040428983126,54.467405798995074,62.78997651195494,64.07012711319469,85.58591817381354,88.74441139184526,69.12905916394956,69.96828321880497,62.78997651195494,64.07012711319469,64.81941787763901,65.27144977740988,85.58591817381354,88.74441139184526,85.58591817381354,88.74441139184526,85.58591817381354,88.74441139184526,0.0008463240933075998,16384.0,0,17.19026803970337,0:23:40
83,train/val,1.4794591001194457,1.0838139241804248,0.9891129166859647,0.3446340423166522,53.05965226032131,55.057889320016976,63.257013294282196,65.06654163247391,85.17922028190105,88.68253829034836,69.22663710947946,69.79837038813999,63.257013294282196,65.06654163247391,65.11464075785037,66.14068328919534,85.17922028190105,88.68253829034836,85.17922028190105,88.68253829034836,85.17922028190105,88.68253829034836,0.0008444295581252232,16384.0,0,17.35034441947937,0:23:57
84,train/val,1.384389494424281,1.0091013571490413,0.938220339624778,0.36161035904307476,53.7307925433392,53.4088744318118,63.82186024425619,63.86587170897414,85.81000891979757,88.32853286816679,69.77523053643752,67.92824865604945,63.82186024425619,63.86587170897414,65.63986004638703,64.40543727948366,85.81000891979757,88.32853286816679,85.81000891979757,88.32853286816679,85.81000891979757,88.32853286816679,0.0008425345505447738,16384.0,0,17.254119634628296,0:24:14
85,train/val,1.383338118376939,1.012491270251896,0.9271170987707117,0.34169230583416477,54.67576045643142,55.26698672006908,64.43636387732033,64.91064445624285,86.44751853241618,89.04766328470441,70.87387108987154,70.05284430248021,64.43636387732033,64.91064445624285,66.46486944067429,66.14225618977596,86.44751853241618,89.04766328470441,86.44751853241618,89.04766328470441,86.4475185324162,89.04766328470441,0.0008406390692673054,16384.0,0,17.293819189071655,0:24:32
86,train/val,1.3497196303113648,0.9836808439830075,0.9150969418494598,0.33686253429362656,54.70598993475119,55.53554610865012,64.42659605225656,65.03611444064256,86.70639632080233,89.11308326133685,70.77730784749082,71.02433790539797,64.42659605225656,65.03611444064256,66.4296913534694,66.41277510549702,86.70639632080233,89.11308326133685,86.70639632080233,89.11308326133685,86.70639632080233,89.11308326133685,0.0008387431129870373,16384.0,0,17.27266263961792,0:24:49
87,train/val,1.3371393865217334,0.9879078800263612,0.8730787393515524,0.33945971987248746,55.04042828905411,55.39684798785305,64.77460436398366,65.15160503092713,86.43719965625546,88.95375857924519,71.05083391029609,70.1571021992338,64.77460436398366,65.15160503092713,66.82812491094799,66.32188904780105,86.43719965625546,88.95375857924519,86.43719965625546,88.95375857924519,86.43719965625544,88.95375857924519,0.0008368466803912989,16384.0,0,17.257511377334595,0:25:06
88,train/val,1.350664525900198,0.9882307982315187,0.9060842930946661,0.3388860997952317,55.059505812249185,55.394691382380536,65.05894123357575,65.2442235651513,86.64452507412418,89.07433454016551,70.80399147535937,69.96647181216755,65.05894123357575,65.2442235651513,66.86654201359269,66.34446475918497,86.64452507412418,89.07433454016551,86.64452507412418,89.07433454016551,86.64452507412418,89.07433454016551,0.0008349497701604769,16384.0,0,17.41135048866272,0:25:23
89,train/val,1.3050922463121621,0.9672664698699246,0.8445644197256669,0.33441367485883117,55.90122432236219,56.4016873829395,65.22292918171837,65.79780833239279,87.37631514881008,89.18519663026103,72.24075199140155,71.40004223596495,65.22292918171837,65.79780833239279,67.46954019253802,67.5381652659536,87.37631514881008,89.18519663026103,87.37631514881008,89.18519663026103,87.37631514881008,89.18519663026103,0.0008330523809679616,16384.0,0,17.277424335479736,0:25:41
90,train/val,1.3285578217195428,0.9713743037503698,0.89295877645845,0.3499740161184122,55.3660223441584,54.73387123179004,65.04160643626992,64.74123414325787,86.763006095197,88.57453950120883,71.3472055116607,70.1667610255236,65.04160643626992,64.74123414325787,67.00689838385432,65.87917090341178,86.763006095197,88.57453950120883,86.763006095197,88.57453950120883,86.763006095197,88.57453950120883,0.0008311545114800905,16384.0,0,17.148593425750732,0:25:58
91,train/val,1.3201246449480886,0.9739774896398834,0.8653678581442522,0.35327377110210917,55.901329749410486,55.29676694850401,65.6141369115709,65.44462891203892,86.8836146966925,88.53021245885859,71.95700310022873,69.61397990654436,65.6141369115709,65.44462891203892,67.65272599280361,66.60222064672317,86.8836146966925,88.53021245885859,86.8836146966925,88.53021245885859,86.8836146966925,88.53021245885859,0.0008292561603560936,16384.0,0,17.287861347198486,0:26:15
92,train/val,1.3485451768273893,0.9984235122151996,0.8753041357773801,0.3319789677774104,53.962719768360564,55.91008670325175,63.83695106571189,64.81362702798715,86.51902320497936,89.18490600002417,70.15735539630937,72.76219003608524,63.83695106571189,64.81362702798715,65.74935102137756,66.83629885192981,86.51902320497936,89.18490600002417,86.51902320497936,89.18490600002417,86.51902320497936,89.18490600002417,0.0008273573262480378,16384.0,0,17.40943431854248,0:26:33
93,train/val,1.336742500572101,0.9885381220475487,0.8705109369171702,0.3246537409718349,55.20174547522472,56.777757021574274,64.85880334606628,66.3928845580644,86.59506992374483,89.45885465440988,71.84435733484477,71.75859047016621,64.85880334606628,66.3928845580644,67.07850508430217,67.68894792196771,86.59506992374483,89.45885465440988,86.59506992374483,89.45885465440988,86.59506992374483,89.45885465440988,0.0008254580078007694,16384.0,0,17.519222259521484,0:26:50
94,train/val,1.3156186734204707,0.9662201922872792,0.8734961743264095,0.32931956267618995,55.74653839700857,56.15414082885967,65.20207229543958,65.85884455877522,86.88904967306905,89.28477010814633,72.46143521057219,71.89427563986524,65.20207229543958,65.85884455877522,67.53536008345034,67.15789596790331,86.88904967306905,89.28477010814633,86.88904967306905,89.28477010814633,86.88904967306905,89.28477010814633,0.0008235582036518568,16384.0,0,17.42818856239319,0:27:08
95,train/val,1.3187750464548236,0.9768574001348537,0.8547940986311954,0.3269388250319971,55.57897889486587,56.37743307520409,65.3582705192229,66.22141612154809,86.86900486389688,89.21827954462097,71.73863465381145,71.55538675363645,65.3582705192229,66.22141612154809,67.40687843753825,67.4080467630699,86.86900486389688,89.21827954462097,86.86900486389688,89.21827954462097,86.86900486389688,89.21827954462098,0.0008216579124315338,16384.0,0,17.364093542099,0:27:25
96,train/val,1.304841975155084,0.9678884770559227,0.8423837170652722,0.3297049402469423,56.20639343421172,56.61992592630436,65.8186257773859,67.35009676130407,87.21654510269525,89.27899605639976,72.44683624511903,70.66591980118552,65.8186257773859,67.35009676130407,67.89618982041857,67.65450097685418,87.21654510269525,89.27899605639976,87.21654510269525,89.27899605639976,87.21654510269525,89.27899605639976,0.0008197571327626406,16384.0,0,17.376285076141357,0:27:42
97,train/val,1.2697869717426922,0.9512041502672692,0.7964570337663526,0.3230899851035322,55.79108180591409,57.06548226472403,65.49776289577682,66.72919136847563,87.36876542671523,89.54727742116674,71.95304755357647,71.82884296487372,65.49776289577682,66.72919136847563,67.48064473389394,68.10151596173097,87.36876542671523,89.54727742116674,87.36876542671523,89.54727742116674,87.36876542671523,89.54727742116674,0.0008178558632605639,16384.0,0,17.199166774749756,0:27:59
98,train/val,1.2558624339492424,0.9371424871294395,0.7967998526342537,0.32912058765656316,56.78021986866908,56.436966635895466,66.2633829527303,66.15850563621116,87.90317959355357,89.18667647197728,73.18943976430468,71.57637223253445,66.2633829527303,66.15850563621116,68.28991841045965,67.53447435083325,87.90317959355357,89.18667647197728,87.90317959355357,89.18667647197728,87.90317959355356,89.18667647197728,0.0008159541025331785,16384.0,0,17.514763593673706,0:28:17
99,train/val,1.2814978808164597,0.9537231141458387,0.81943688687423,0.3128384416215788,56.323156899248296,57.5469850950697,65.90367385712482,66.80264014684751,87.59962013062335,89.79816990436412,72.74454906202986,73.15768064475728,65.90367385712482,66.80264014684751,67.9772376990708,68.44421178535357,87.59962013062335,89.79816990436412,87.59962013062335,89.79816990436412,87.59962013062335,89.79816990436412,0.0008140518491807857,16384.0,0,17.273990631103516,0:28:34
100,train/val,1.2464126312862271,0.9303628248365029,0.7901245099694832,0.3349664826925987,57.12699080055105,56.239558576637094,66.35068658691338,65.93827698443545,87.944624530048,89.07076394011267,73.5607364949411,71.75892600564316,66.35068658691338,65.93827698443545,68.67520914028155,67.42616513200196,87.944624530048,89.07076394011267,87.944624530048,89.07076394011267,87.944624530048,89.07076394011268,0.0008121491017960539,16384.0,0,17.212806701660156,0:28:51
101,train/val,1.2858133043931879,0.9536252118971037,0.830470212775728,0.31392012130346325,56.50067713668755,57.956789208210225,66.0015163365352,67.177408164866,87.54295830215382,89.71792630284456,72.90838356382001,73.60188784624142,66.0015163365352,67.177408164866,68.12598551984439,68.99769163483562,87.54295830215382,89.71792630284456,87.54295830215382,89.71792630284456,87.54295830215382,89.71792630284456,0.000810245858963955,16384.0,0,17.119739294052124,0:29:09
102,train/val,1.3394851023736207,0.999397873878479,0.8502180441890074,0.3410512920478748,55.730235712277135,56.40223356103478,65.68136375194281,67.30958372899063,86.9191807573217,88.79094929992588,71.91540069458154,70.32586720760267,65.68136375194281,67.30958372899063,67.59501882199787,67.77590578859134,86.9191807573217,88.79094929992588,86.9191807573217,88.79094929992588,86.9191807573217,88.79094929992587,0.0008083421192617035,16384.0,0,17.58557152748108,0:29:26
103,train/val,1.306966414594132,0.9807441185997879,0.8155557255706061,0.3393780405891075,56.63513568134073,56.273889456805705,66.6119162458951,66.25429465442721,86.93886880182995,89.09605321914135,72.5660195253496,70.67938801142975,66.6119162458951,66.25429465442721,68.46143779483066,67.5211005046234,86.93886880182995,89.09605321914135,86.93886880182995,89.09605321914135,86.93886880182994,89.09605321914135,0.0008064378812586934,16384.0,0,17.201625108718872,0:29:43
104,train/val,1.2278956009641937,0.9163730228724687,0.7788064319478428,0.3103742220405001,57.82523787106631,58.19351637929683,67.38366655653519,67.5473522870514,87.9391451840429,89.87457006928194,73.9321003776578,73.90675256597488,67.38366655653519,67.5473522870514,69.4014579727816,69.1571967237326,87.9391451840429,89.87457006928194,87.9391451840429,89.87457006928194,87.9391451840429,89.87457006928194,0.0008045331435164346,16384.0,0,17.285834312438965,0:30:01
105,train/val,1.209742313493853,0.9172996224268622,0.7311067093649636,0.30370010902433575,57.74647236531892,58.73480350443786,66.99681494083428,67.57997046658025,88.4886314355826,90.12630626985062,73.97213819272748,74.77010367575083,66.99681494083428,67.57997046658025,69.13558149141735,69.54363653048483,88.4886314355826,90.12630626985062,88.4886314355826,90.12630626985062,88.4886314355826,90.12630626985062,0.0008026279045884879,16384.0,0,17.033503532409668,0:30:18
106,train/val,1.230517815636552,0.9224867221453915,0.7700777113761591,0.31501452463069013,57.66217429013345,57.53534306080618,67.20157018122256,67.52192033157782,88.0938723884829,89.72374335600372,73.67629509899677,72.4039748201149,67.20157018122256,67.52192033157782,69.08683881835587,68.51935187242792,88.0938723884829,89.72374335600372,88.0938723884829,89.72374335600372,88.0938723884829,89.72374335600372,0.0008007221630204006,16384.0,0,17.284029006958008,0:30:35
107,train/val,1.2374715043798736,0.9320084034748699,0.7636577318543973,0.3162403811446887,57.374382641135846,58.07040496791418,66.99844886430681,68.78851677816466,87.68941720393781,89.71026315455842,73.58531275612705,71.76631618736245,66.99844886430681,68.78851677816466,69.10404405696052,69.14920659349595,87.68941720393781,89.71026315455842,87.68941720393781,89.71026315455842,87.68941720393781,89.71026315455842,0.0007988159173496417,16384.0,0,17.352149963378906,0:30:52
108,train/val,1.231890475620394,0.9226901074466498,0.7730009150893792,0.3058571376117119,57.91396635794762,58.73258945541286,67.38819020733486,67.76951947884385,88.14727271153497,90.05082989389994,73.82853611135191,74.31009662555712,67.38819020733486,67.76951947884385,69.33623210258489,69.79354130101942,88.14727271153497,90.05082989389994,88.14727271153497,90.05082989389994,88.14727271153497,90.05082989389994,0.0007969091661055333,16384.0,0,17.442769289016724,0:31:10
109,train/val,1.2847311127444971,0.9655853713984075,0.7978643358725568,0.30308922356612344,57.114193118316855,58.84715284506249,66.7534275075793,67.97575467657309,87.46830080176116,90.1272552665424,73.49467244116198,74.32619982596546,66.7534275075793,67.97575467657309,68.89455139375833,69.71957325043302,87.46830080176116,90.1272552665424,87.46830080176116,90.1272552665424,87.46830080176116,90.1272552665424,0.0007950019078091854,16384.0,0,17.42129158973694,0:31:27
110,train/val,1.2177584657202596,0.9199729911659075,0.7444636787733306,0.3195332440862493,57.545098825122764,57.55999742632733,67.28949379650678,67.99802220177497,88.04202255846889,89.48019521751634,73.30599704951682,72.40706722704776,67.28949379650678,67.99802220177497,69.12507430024816,68.75637838598759,88.04202255846889,89.48019521751634,88.04202255846889,89.48019521751634,88.04202255846889,89.48019521751634,0.0007930941409734254,16384.0,0,17.143372297286987,0:31:44
111,train/val,1.214912331946518,0.9123746082186699,0.7563442869678787,0.3024167632592075,58.60140612970981,58.815441702085046,67.80678867226506,67.66866549081887,88.15629123284492,90.12184301978458,75.34268366186019,74.76759856097601,67.80678867226506,67.66866549081887,70.04167956399685,69.83830413657165,88.15629123284492,90.12184301978458,88.15629123284492,90.12184301978458,88.15629123284492,90.12184301978458,0.0007911858641027339,16384.0,0,17.32347083091736,0:32:02
112,train/val,1.1904611214995384,0.9014525141405022,0.7225214981514474,0.2992003332433393,58.0279053940677,59.196336345624566,67.38610462403419,68.22951557946885,88.3490002342651,90.22684060688636,74.27293487284433,75.23063209477985,67.38610462403419,68.22951557946885,69.44502300657226,70.17627254533419,88.3490002342651,90.22684060688636,88.3490002342651,90.22684060688636,88.3490002342651,90.22684060688636,0.0007892770756931706,16384.0,0,17.389325618743896,0:32:19
113,train/val,1.2766760772337085,0.9619277748076812,0.7868707401920919,0.4612720870175844,57.078985139406136,51.35530497593949,66.81358678330773,65.11712467866994,87.33433894422114,85.70680346849394,73.0828272372618,64.10166693575854,66.81358678330773,65.11712467866994,68.85398038672675,63.466954909197824,87.33433894422114,85.70680346849394,87.33433894422114,85.70680346849394,87.33433894422114,85.70680346849394,0.0007873677742323071,16384.0,0,17.474411249160767,0:32:37
114,train/val,1.1916615405808324,0.9037711367658947,0.7197259920446769,0.2977744404598734,58.13484321535536,59.284525590898106,67.66981491029755,68.73885618421342,88.3476161159077,90.27000957671115,73.70271095697251,74.37805538701052,67.66981491029755,68.73885618421342,69.59234856229023,70.17689822577931,88.3476161159077,90.27000957671115,88.3476161159077,90.27000957671115,88.3476161159077,90.27000957671115,0.0007854579581991562,16384.0,0,17.238741636276245,0:32:54
115,train/val,1.2469194110320962,0.9357340442745582,0.7779633932463501,0.3040349675810126,58.19413900145675,58.88493863160873,67.86741196416672,67.73843430766739,88.06806892894768,90.0732543891653,74.27365438086302,74.89237092789132,67.86741196416672,67.73843430766739,69.79910030820253,69.94440474101327,88.06806892894768,90.0732543891653,88.06806892894768,90.0732543891653,88.0680689289477,90.0732543891653,0.0007835476260640976,16384.0,0,17.39233112335205,0:33:11
116,train/val,1.216951336549676,0.9178123347785162,0.7478474911464297,0.29401635772345036,58.157244427239974,59.61008295447928,67.634199893831,68.26759265487615,88.36567440909019,90.3005598561499,74.11507283235245,75.27850048395266,67.634199893831,68.26759265487615,69.66663144298695,70.53267393769225,88.36567440909019,90.3005598561499,88.36567440909019,90.3005598561499,88.36567440909019,90.3005598561499,0.0007816367762888065,16384.0,0,17.45979070663452,0:33:29
117,train/val,1.1949013199495233,0.9023942066275555,0.7312677640305912,0.3053859840389507,58.50305068831262,58.39882595160366,67.91205348483153,67.40218589077895,88.24396541605121,89.87988593356326,74.63927903158698,74.40455750141474,67.91205348483153,67.40218589077895,70.07622582283857,69.46823798087264,88.24396541605121,89.87988593356326,88.24396541605121,89.87988593356326,88.24396541605122,89.87988593356326,0.0007797254073261822,16384.0,0,17.331477642059326,0:33:46
118,train/val,1.1672770468437152,0.8820391012274701,0.7130948564280634,0.30099769034686497,58.77641210621674,59.11503830515941,68.142723719667,68.35691818162641,88.55816893688618,90.04905349071751,74.88201844510186,74.79572498748438,68.142723719667,68.35691818162641,70.19613521419011,70.10551481963557,88.55816893688618,90.04905349071751,88.55816893688618,90.04905349071751,88.55816893688618,90.04905349071751,0.0007778135176202719,16384.0,0,17.295528650283813,0:34:03
119,train/val,1.1800641537360523,0.889500030680843,0.7264103031028871,0.3031774150381056,59.720487451733476,58.39446557256668,68.86764632440776,67.97116891675198,88.73649754692234,90.02897331384231,76.2284478558128,74.03634319029901,68.86764632440776,67.97116891675198,71.03445807603383,69.49309311750382,88.73649754692234,90.02897331384231,88.73649754692234,90.02897331384231,88.73649754692234,90.02897331384231,0.0007759011056061965,16384.0,0,17.070751190185547,0:34:20
120,train/val,1.1988189515212309,0.9098461921448293,0.7224318926101145,0.2943200403718391,58.54792606091569,59.55432409168754,68.15572995362909,68.84249078859273,88.25958574186154,90.27282987625453,74.43518667697032,75.20566524157445,68.15572995362909,68.84249078859273,70.0266982535323,70.537405602658,88.25958574186154,90.27282987625453,88.25958574186154,90.27282987625453,88.25958574186154,90.27282987625453,0.0007739881697100733,16384.0,0,17.275205612182617,0:34:38
121,train/val,1.1908791408590649,0.9080441960174104,0.7070873491466045,0.2886057639482681,58.830859749184306,59.77849822042726,68.03698505769039,68.73542327372985,88.48843395953577,90.51687475519778,75.5855505153809,76.06098039353246,68.03698505769039,68.73542327372985,70.30605594421772,70.62657207299368,88.48843395953577,90.51687475519778,88.48843395953577,90.51687475519778,88.48843395953578,90.51687475519778,0.0007720747083489429,16384.0,0,17.115641117095947,0:34:55
122,train/val,1.2306129725083061,0.9368623018912647,0.7343766635850719,0.30622805398812525,58.92946808855961,58.71506713753361,68.66586657942943,68.35461553961214,87.98943623846854,89.88366857506442,74.722676073958,74.25744576999365,68.66586657942943,68.35461553961214,70.5266168433387,69.82772705587054,87.98943623846854,89.88366857506442,87.98943623846854,89.88366857506442,87.98943623846854,89.88366857506442,0.0007701607199306884,16384.0,0,17.378085374832153,0:35:12
123,train/val,1.1782797506969909,0.9022011057190273,0.6901965998113155,0.3051658108983966,59.63860777811363,58.8968408488111,68.79155724421153,68.6951068684957,88.77501641429198,90.02553468364194,75.78564688729375,73.78204229567433,68.79155724421153,68.6951068684957,70.90762382685998,69.97642276312322,88.77501641429198,90.02553468364194,88.77501641429198,90.02553468364194,88.77501641429198,90.02553468364194,0.0007682462028539565,16384.0,0,17.34539794921875,0:35:29
124,train/val,1.165175476151964,0.8854783420329508,0.699242814241544,0.2897019628624973,59.779545577431506,60.112647944372945,69.13919368812738,69.18031471772264,88.86698181244317,90.41588816192612,75.81043330764217,75.53149522579506,69.13919368812738,69.18031471772264,71.15071735386462,70.97837080189319,88.86698181244317,90.41588816192612,88.86698181244317,90.41588816192612,88.86698181244317,90.41588816192612,0.0007663311555080822,16384.0,0,17.228460788726807,0:35:47
125,train/val,1.1501869569006173,0.8796216265662856,0.6764133162796497,0.28899017908438723,60.005653227106,59.97752330260361,69.0528943545717,69.53154438323853,89.14609229906065,90.43493185647701,76.36236703401626,75.02479272443497,69.0528943545717,69.53154438323853,71.3333481158465,70.82567367816924,89.14609229906065,90.43493185647701,89.14609229906065,90.43493185647701,89.14609229906065,90.434931856477,0.0007644155762730047,16384.0,0,17.313538789749146,0:36:04
126,train/val,1.2176528142198273,0.9264210193701412,0.7280794694695784,0.30257042496108927,59.177435700370516,59.533546893958345,68.80356242138276,69.58856392290103,88.0615494107911,90.09476547511483,75.18787812825754,73.99538400650452,68.80356242138276,69.58856392290103,70.65794798345675,70.5960301257995,88.0615494107911,90.09476547511483,88.0615494107911,90.09476547511483,88.0615494107911,90.09476547511483,0.0007624994635191883,16384.0,0,17.358386993408203,0:36:21
127,train/val,1.212668474925601,0.9250241984491763,0.7191106787194376,0.2845758038539497,58.635212313953446,60.367483315745815,68.3384212142133,69.2693003126979,87.9175701062835,90.65778445304686,74.86339796155072,76.90837187482683,68.3384212142133,69.2693003126979,70.37308713663111,71.14943008557148,87.9175701062835,90.65778445304686,87.9175701062835,90.65778445304686,87.9175701062835,90.65778445304686,0.0007605828156075389,16384.0,0,17.389930486679077,0:36:39
128,train/val,1.2042728983189748,0.909573056127714,0.7367495845841324,0.31429758276826636,59.425456062681334,58.83934304036741,68.90182313839925,69.43346522296247,88.30906786652423,89.63444425011431,75.51955782331314,73.0414285925815,68.90182313839925,69.43346522296247,70.9256111914589,70.21283222290022,88.30906786652423,89.63444425011431,88.30906786652423,89.63444425011431,88.30906786652423,89.63444425011431,0.0007586656308893229,16384.0,0,17.251790285110474,0:36:56
129,train/val,1.1788659516883933,0.8954131357047869,0.7086320367196332,0.29204019073739934,59.684988613838655,60.24395200405333,69.21362787197224,69.23561529544095,88.5102020601933,90.35471791110406,75.50439196458089,75.71961433796311,69.21362787197224,69.23561529544095,71.14272966709382,71.3471220711153,88.5102020601933,90.35471791110406,88.5102020601933,90.35471791110406,88.5102020601933,90.35471791110406,0.0007567479077060821,16384.0,0,17.25623083114624,0:37:13
130,train/val,1.1638562889850657,0.8917255048518595,0.6803269415445949,0.28079090153499475,59.48310412909357,60.85550987496413,68.85511991006082,69.70585047864544,88.47286893372464,90.71738589371282,76.03111087646288,77.03307588583573,68.85511991006082,69.70585047864544,70.99604794619407,71.69932615796462,88.47286893372464,90.71738589371282,88.47286893372464,90.71738589371282,88.47286893372464,90.71738589371282,0.0007548296443895482,32768.0,0,17.157803773880005,0:37:30
131,train/val,1.142222728094329,0.8705117926001549,0.679277320270953,0.28376858381575853,60.82153715810743,60.70826435188231,69.96516526096865,70.03780694729545,88.84057361479482,90.61230823501518,76.78156271333329,76.63091209717287,69.96516526096865,70.03780694729545,72.15908880865683,71.55197055410544,88.84057361479482,90.61230823501518,88.84057361479482,90.61230823501518,88.84057361479482,90.61230823501518,0.0007529108392615587,32768.0,0,17.171571731567383,0:37:48
132,train/val,1.161733268395714,0.8873730927057888,0.6859004267531892,0.28775276779426257,60.08508334978829,60.61190906337456,69.7761174715999,69.7002890848806,88.64657006922229,90.43665191298086,76.22543214021053,76.41715630789574,69.7761174715999,69.7002890848806,71.6128927925277,71.69813160948242,88.64657006922229,90.43665191298086,88.64657006922229,90.43665191298086,88.64657006922229,90.43665191298086,0.0007509914906339681,32768.0,0,17.15915560722351,0:38:05
133,train/val,1.1151861746026122,0.8682371322875437,0.6173725960695226,0.3508989407074652,61.441876585952684,56.48296127831939,70.36899040747848,67.36578830150646,89.59204940023773,88.54836350339626,77.68127914892827,71.34121650720468,70.36899040747848,67.36578830150646,72.47823250195053,68.14741685510525,89.59204940023773,88.54836350339626,89.59204940023773,88.54836350339626,89.59204940023773,88.54836350339626,0.0007490715968085615,32768.0,0,17.372851848602295,0:38:22
134,train/val,1.1737115937082663,0.9025418661210848,0.6779243058484533,0.28559480098371665,59.37542248015711,61.13129159960189,68.96106069706674,70.5503941114914,88.48914755901555,90.56732134340268,75.05518790324032,75.74081654963585,68.96106069706674,70.5503941114914,70.93205226847337,72.15562313424554,88.48914755901555,90.56732134340268,88.48914755901555,90.56732134340268,88.48914755901555,90.56732134340268,0.0007472131143320692,16384.0,1,17.137624502182007,0:38:39
135,train/val,1.1922751856238945,0.9110808456721513,0.7029858338444129,0.302471695594446,59.48111371942579,59.50751023987202,68.82163115203149,69.1113962942173,88.33097697879165,90.06774575993097,75.76863356612594,74.51634216375737,68.82163115203149,69.1113962942173,70.9399225745512,70.68409494877834,88.33097697879165,90.06774575993097,88.33097697879165,90.06774575993097,88.33097697879165,90.06774575993097,0.0007452921427001654,16384.0,0,17.342026948928833,0:38:57
136,train/val,1.167982227128485,0.8919344288499459,0.6901194861401682,0.2753101407376922,60.180982424553356,61.50214746438003,69.7088101350391,70.57051518767466,88.73214926325694,90.873338671934,75.9785175265249,76.85150404491232,69.7088101350391,70.57051518767466,71.65803609959973,72.42829817841387,88.73214926325694,90.873338671934,88.73214926325694,90.873338671934,88.73214926325696,90.873338671934,0.00074337062077042,16384.0,0,17.147108793258667,0:39:14
137,train/val,1.1308809146285057,0.8622832985027976,0.6714940224976643,0.38798447381636575,60.95575900896751,55.42680916240638,70.07494566646983,66.53091978166165,89.26737043561718,87.70835759885746,76.94123113682151,71.40964484626816,70.07494566646983,66.53091978166165,72.16094196729291,67.43792672976251,89.26737043561718,87.70835759885746,89.26737043561718,87.70835759885746,89.26737043561718,87.70835759885746,0.0007414485468037773,16384.0,0,17.344719886779785,0:39:31
138,train/val,1.124321338923081,0.8597201876666235,0.6615028685849645,0.2864291379768162,60.78739521706662,60.21816632373874,69.93020224866088,69.74717812757099,89.07160807954624,90.44372786956396,76.83958807644461,76.05594084499145,69.93020224866088,69.74717812757099,72.04003688797832,71.25975590859932,89.07160807954624,90.44372786956396,89.07160807954624,90.44372786956396,89.07160807954624,90.44372786956397,0.0007395259190506576,16384.0,0,17.299157857894897,0:39:48
139,train/val,1.170182721770328,0.8852163718446441,0.712415861694709,0.2807079588534311,60.41640572260762,61.5114000466279,70.07553985388246,70.93565653884387,88.6925489123228,90.7803859287812,76.15156529028425,76.70181743212147,70.07553985388246,70.93565653884387,71.8426991651917,72.4308833310633,88.6925489123228,90.7803859287812,88.6925489123228,90.7803859287812,88.6925489123228,90.7803859287812,0.0007376027357508651,16384.0,0,17.39981722831726,0:40:06
140,train/val,1.147779042630092,0.8774939905042234,0.6757126197866772,0.28108893723602785,60.8408484361587,61.60289479786935,70.19678600762076,70.5059021383357,88.95709937762764,90.75906167655539,76.65955276962457,77.0900849075431,70.19678600762076,70.5059021383357,72.16386948858185,72.63854357563987,88.95709937762764,90.75906167655539,88.95709937762764,90.75906167655539,88.95709937762764,90.75906167655539,0.0007356789951334929,16384.0,0,17.26853847503662,0:40:23
141,train/val,1.1236890444289083,0.8662056019124778,0.6437085873406866,0.3318345862483781,61.537375000359084,57.574716863819816,70.7471757236241,68.97893718885585,89.52908720239223,89.0702375435102,77.05808866102348,70.83417330697573,70.7471757236241,68.97893718885585,72.75809009743526,69.17722241544072,89.52908720239223,89.0702375435102,89.52908720239223,89.0702375435102,89.52908720239225,89.0702375435102,0.0007337546954168242,16384.0,0,17.126502513885498,0:40:40
142,train/val,1.0858403619216836,0.8486352041363716,0.5930128824775633,0.2703590902697145,61.663267928685784,61.842289511431204,70.51647400308464,70.4887257583827,89.88993535162257,91.09354149180352,77.6737993068141,78.08093496321302,70.51647400308464,70.4887257583827,72.62899369865497,72.59181693748516,89.88993535162257,91.09354149180352,89.88993535162257,91.09354149180352,89.88993535162257,91.09354149180353,0.0007318298348082378,16384.0,0,17.23050618171692,0:40:57
143,train/val,1.1696918172680812,0.8991368464801622,0.6763874094771302,0.32040238001883015,60.73705282309875,58.1015926248613,70.0652974057397,68.85591868130737,88.6766382604932,89.45731253478574,76.84212605750346,72.51543643636592,70.0652974057397,68.85591868130737,72.25621664023639,69.61933136896327,88.6766382604932,89.45731253478574,88.6766382604932,89.45731253478574,88.6766382604932,89.45731253478574,0.0007299044115041066,16384.0,0,17.340447425842285,0:41:15
144,train/val,1.1284279191623563,0.8773333200294038,0.6277364767763925,0.3014893643512655,61.51288163134184,59.62774251743737,70.81599752549877,69.87271702127781,89.67333711357907,90.01969242275815,76.96006966638215,74.58281752187656,70.81599752549877,69.87271702127781,72.68844970746197,70.95377263429765,89.67333711357907,90.01969242275815,89.67333711357907,90.01969242275815,89.67333711357907,90.01969242275815,0.0007279784236897001,16384.0,0,17.353346586227417,0:41:32
145,train/val,1.1486964974066485,0.8821532350519429,0.6663581361265286,0.29311395037462756,61.41255345455608,60.34475601264357,70.8732782192987,69.53237856041042,89.25325037748124,90.54848672468546,77.00286973107737,75.50222943577555,70.8732782192987,69.53237856041042,72.7621940720695,71.45681526755143,89.25325037748124,90.54848672468546,89.25325037748124,90.54848672468546,89.25325037748124,90.54848672468546,0.0007260518695390799,16384.0,0,17.214982509613037,0:41:49
146,train/val,1.1402390926428463,0.8807563778498898,0.6487067701376003,0.32356108005906614,60.85458818289376,58.34650465158289,70.48826924201838,69.39890000759888,89.00613081633495,89.42379812349249,76.01861388145387,72.5565284874757,70.48826924201838,69.39890000759888,72.21836858855089,69.87246878883168,89.00613081633495,89.42379812349249,89.00613081633495,89.42379812349249,89.00613081633495,89.42379812349249,0.000724124747215,16384.0,0,17.393773317337036,0:42:07
147,train/val,1.1274621839756551,0.8720236145283865,0.6385964053156583,0.27447984926003094,61.90335280289023,62.013750429208535,70.75294019775417,71.24072567491022,89.44164844592405,90.95341471622515,78.14523852897601,77.23964048484007,70.75294019775417,71.24072567491022,73.05498001309819,72.91315626898049,89.44164844592405,90.95341471622515,89.44164844592405,90.95341471622515,89.44164844592405,90.95341471622515,0.0007221970548688019,16384.0,0,17.434864044189453,0:42:24
148,train/val,1.093859941739103,0.8468382216018179,0.6175542834984219,0.28976495205453706,61.68912886522059,60.645881879341665,70.90403009161928,69.4940329097519,89.56733085216972,90.45862860043228,77.50720258512708,77.38292410567887,70.90403009161928,69.4940329097519,72.99513797896215,71.68714222308881,89.56733085216972,90.45862860043228,89.56733085216972,90.45862860043228,89.56733085216972,90.45862860043228,0.0007202687906403107,16384.0,0,17.18472957611084,0:42:41
149,train/val,1.0957558971384298,0.8566397690902585,0.5977903126698473,0.2701883167395454,61.76730446692099,62.231147505789764,70.7131477813203,71.00063211026627,90.12407462004677,91.03536502898258,77.37585564388404,78.27421380124245,70.7131477813203,71.00063211026627,72.85528334799773,73.05997714855383,90.12407462004677,91.03536502898258,90.12407462004677,91.03536502898258,90.12407462004678,91.03536502898258,0.0007183399526577263,16384.0,0,17.289530754089355,0:42:59
150,train/val,1.1128506793276123,0.8608896217268446,0.6299026310443878,0.2708863083242802,62.15969874693194,62.69812019552504,71.25208801166703,71.78901766172042,89.58696632446006,91.08704976130879,78.21025324463456,77.57857638713998,71.25208801166703,71.78901766172042,73.46019529206423,73.63799693549589,89.58696632446006,91.08704976130879,89.58696632446006,91.08704976130879,89.58696632446006,91.08704976130879,0.0007164105390375198,16384.0,0,17.39144539833069,0:43:16
151,train/val,1.1271268365823703,0.8704765225234239,0.6416257767249708,0.26789945812381577,61.20111783498795,62.6570058293307,70.38574614079756,71.94920047121781,89.2596751304266,91.14274548746512,77.00734038167442,77.60690371134636,70.38574614079756,71.94920047121781,72.48395070668852,73.58355592440336,89.2596751304266,91.14274548746512,89.2596751304266,91.14274548746512,89.2596751304266,91.14274548746512,0.0007144805478843217,16384.0,0,17.11946439743042,0:43:33
152,train/val,1.128893013557662,0.8793892449010973,0.6237594060923742,0.2733672966027624,61.374028954880835,62.48112207684861,70.95553364648715,72.51193822252098,89.05071881182734,91.0821757736121,76.97750931172766,76.37103318777424,70.95553364648715,72.51193822252098,72.7609720941637,73.38279099881669,89.05071881182734,91.0821757736121,89.05071881182734,91.0821757736121,89.05071881182734,91.0821757736121,0.0007125499772908119,16384.0,0,17.152161836624146,0:43:50
153,train/val,1.097656637430191,0.8505838808158169,0.6176818900782128,0.2719287092508791,62.69140022043091,62.59868948481194,71.66912029962401,72.5419554893748,89.76046914845047,91.01551468724368,78.58326876466865,76.55740260535761,71.66912029962401,72.5419554893748,73.73250340931322,73.51670022617913,89.76046914845047,91.01551468724368,89.76046914845047,91.01551468724368,89.76046914845047,91.01551468724368,0.0007106188253376087,16384.0,0,17.629924297332764,0:44:08
154,train/val,1.1140641813044962,0.868128420866054,0.6148393908920495,0.2793133010588579,62.07569355955389,61.980275228347104,71.25274560401665,70.94275686915738,89.52423554443394,90.77390606074513,78.00555865366636,77.43728698792289,71.25274560401665,70.94275686915738,73.39360649926395,73.06041709094114,89.52423554443394,90.77390606074513,89.52423554443394,90.77390606074513,89.52423554443394,90.77390606074515,0.0007086870900931573,16384.0,0,17.21195101737976,0:44:25
155,train/val,1.099496355847172,0.8476948044870211,0.6295038717596427,0.2833252044985928,62.38610169910211,61.115195727710855,71.4889268490607,70.88166389300117,89.49513351273836,90.67837916406589,78.24192615571076,75.79501121156551,71.4889268490607,70.88166389300117,73.60217639816065,72.19651146315697,89.49513351273836,90.67837916406589,89.49513351273836,90.67837916406589,89.49513351273836,90.67837916406589,0.0007067547696136124,16384.0,0,17.29476308822632,0:44:42
156,train/val,1.0890768189793048,0.8435150417296783,0.6139044321101644,0.2787658377029194,62.6194447371728,61.71356180895364,71.55545197375578,70.73279591347912,89.76334965643211,90.78403066920059,78.37879169269183,77.49477227215895,71.55545197375578,70.73279591347912,73.72870052096151,72.76763235177356,89.76334965643211,90.78403066920059,89.76334965643211,90.78403066920059,89.76334965643211,90.78403066920059,0.0007048218619427256,16384.0,0,17.43235969543457,0:45:00
157,train/val,1.0644502759627674,0.8374887555837631,0.5674038027291712,0.2763917181290397,62.506178589230544,62.44846696021092,71.54221435649339,72.05984544674428,90.04164279922242,91.01168607871527,78.25966619799613,76.64265551812005,71.54221435649339,72.05984544674428,73.63380788873175,73.48643205544573,90.04164279922242,91.01168607871527,90.04164279922242,91.01168607871527,90.04164279922242,91.01168607871527,0.0007028883651117249,16384.0,0,17.788187980651855,0:45:18
158,train/val,1.0982492511039195,0.8480289364638536,0.6255507759102013,0.2605996154737692,62.858266243391945,63.0539547959988,72.04231066313916,72.10205865843197,89.55972011189903,91.36827158565262,78.4422255861985,78.51151050841888,72.04231066313916,72.10205865843197,74.02210006090688,73.79377673110793,89.55972011189903,91.36827158565262,89.55972011189903,91.36827158565262,89.55972011189903,91.36827158565262,0.0007009542771391999,16384.0,0,17.88113808631897,0:45:35
159,train/val,1.1147126808114673,0.8623989849634792,0.630784227958192,0.267596484442682,63.07642119370661,62.677277920970965,72.52295417417895,71.74096037659588,89.82176376472722,91.13123890257727,78.25992687207953,78.14734928605085,72.52295417417895,71.74096037659588,74.27379352514691,73.55842078702975,89.82176376472722,91.13123890257727,89.82176376472722,91.13123890257727,89.82176376472722,91.13123890257727,0.0006990195960309783,16384.0,0,17.924993753433228,0:45:53
160,train/val,1.1306071501711141,0.8667511392546736,0.6596400175729523,0.267715883332608,61.85789828799892,62.42951310224514,71.15141642593076,70.91720126023432,89.4491220744905,91.12336667845746,77.7407726698016,78.9838749755204,71.15141642593076,70.91720126023432,73.15352248084005,73.33391764322523,89.4491220744905,91.12336667845746,89.4491220744905,91.12336667845746,89.4491220744905,91.12336667845746,0.0006970843197800049,16384.0,0,18.501984357833862,0:46:12
161,train/val,1.0775021343775417,0.8435820211534915,0.584800271074409,0.26744293510979333,63.32306452045664,62.15336228689131,72.32324912400254,71.56390722494132,89.96266405842609,91.14662599425012,79.20654878601047,77.55011560706937,72.32324912400254,71.56390722494132,74.50586237765803,72.99918793724596,89.96266405842609,91.14662599425012,89.96266405842609,91.14662599425012,89.96266405842609,91.14662599425012,0.0006951484463662204,16384.0,0,17.76667809486389,0:46:30
162,train/val,1.0619462219917255,0.8332191488665083,0.5718176743906477,0.27604208490328647,63.74410729178087,61.82613707755763,72.67487276926884,71.53734983031552,90.17370132728124,90.91090411285528,79.23809016227843,76.70866912991454,72.67487276926884,71.53734983031552,74.71764864026179,72.82778667808483,90.17370132728124,90.91090411285528,90.17370132728124,90.91090411285528,90.17370132728124,90.91090411285528,0.000693211973756435,16384.0,0,17.845294952392578,0:46:48
163,train/val,1.0422794741132986,0.8187287414203519,0.5588768246057241,0.2615238438384425,63.63321079848342,63.174717712970505,72.3883250318113,71.77710067362173,90.45658348194638,91.29855295056788,79.51681546750994,79.58038130191481,72.3883250318113,71.77710067362173,74.50593945223478,74.02388497532857,90.45658348194638,91.29855295056788,90.45658348194638,91.29855295056788,90.45658348194638,91.29855295056788,0.0006912748999042005,16384.0,0,17.24694037437439,0:47:05
164,train/val,1.0747830929315607,0.8316698566727017,0.6077830853021663,0.2624067338516165,63.103633322255504,63.04214200554627,72.12599523021166,71.8446621527147,90.05858845838837,91.37592731990212,78.45521552981054,78.67592514777812,72.12599523021166,71.8446621527147,74.06929425270636,73.90522340724146,90.05858845838837,91.37592731990212,90.05858845838837,91.37592731990212,90.05858845838837,91.37592731990212,0.0006893372227496847,16384.0,0,17.270955324172974,0:47:22
165,train/val,1.0709179001657858,0.8354134177384169,0.5887611926249836,0.2623234175721121,63.94021476408379,63.83841718557781,72.9187960464623,73.0939332864687,89.8656104207761,91.42279292840287,79.7416685324863,78.16898864148808,72.9187960464623,73.0939332864687,74.98055608213747,74.7274306025303,89.8656104207761,91.42279292840287,89.8656104207761,91.42279292840287,89.8656104207761,91.42279292840287,0.0006873989402195422,16384.0,0,17.365334033966064,0:47:39
166,train/val,1.0861984319660973,0.8490807141946709,0.5927942923229673,0.2612998604622696,63.25820250154162,63.75291740437915,72.44265130141116,73.34650585315156,89.91267385894822,91.4123658272519,78.79555682895017,78.29356537470069,72.44265130141116,73.34650585315156,74.30301768713446,74.583979394356,89.91267385894822,91.4123658272519,89.91267385894822,91.4123658272519,89.91267385894822,91.4123658272519,0.0006854600502267811,16384.0,0,17.51194167137146,0:47:57
167,train/val,1.0964521736554478,0.8609696795111117,0.5887062309876732,0.25801953929046484,62.61493403346103,63.28334324392977,71.52274078834974,71.61678835407186,89.82454259942652,91.422717305229,78.63057060378945,79.77582853526464,71.52274078834974,71.61678835407186,73.75853723726301,74.06619439627337,89.82454259942652,91.422717305229,89.82454259942652,91.422717305229,89.82454259942652,91.422717305229,0.0006835205506706299,16384.0,0,17.224918365478516,0:48:14
168,train/val,1.061868738868962,0.8300313742264457,0.5795933907122716,0.2611087323895314,63.9946963681328,63.38238505955839,72.91543636382104,72.24160495648219,89.99044127555837,91.25748956715297,79.70684460296543,79.42868011867947,72.91543636382104,72.24160495648219,75.04431461223379,74.21936222477551,89.99044127555837,91.25748956715297,89.99044127555837,91.25748956715297,89.99044127555837,91.25748956715297,0.0006815804394364059,16384.0,0,17.41871738433838,0:48:32
169,train/val,1.068159852662812,0.8358368653318156,0.5808074597431265,0.2669551510419057,63.3802869227555,63.24909550165327,72.51351063954549,72.14951260220168,90.1823664813357,91.13171043530849,78.63391030938935,78.86399778798693,72.51351063954549,72.14951260220168,74.41575458850093,74.18059917855875,90.1823664813357,91.13171043530849,90.1823664813357,91.13171043530849,90.1823664813357,91.13171043530849,0.0006796397143953755,16384.0,0,17.376808404922485,0:48:49
170,train/val,1.0283788060364516,0.8104866769002831,0.5447303208967914,0.2567361188057485,64.28520712573102,63.628808385562266,73.2988224519909,72.83810056604821,90.5881262246331,91.42857587699342,79.40258396555848,78.85714245670687,73.2988224519909,72.83810056604821,75.15142868768048,74.52099730461069,90.5881262246331,91.42857587699342,90.5881262246331,91.42857587699342,90.5881262246331,91.42857587699342,0.0006776983734046156,16384.0,0,17.41717529296875,0:49:06
171,train/val,1.0803961167516916,0.8462736428431843,0.5853061745672122,0.2701833811921756,63.305463718793675,62.735865988844274,72.43768864579886,71.47802897259213,89.91990329675838,91.05433903158891,78.83028788475305,78.66861736889265,72.43768864579886,71.47802897259213,74.42477180198007,73.880948779927,89.91990329675838,91.05433903158891,89.91990329675838,91.05433903158891,89.91990329675838,91.05433903158891,0.0006757564143068767,16384.0,0,17.609044313430786,0:49:24
172,train/val,1.0752001706024874,0.8455512339006299,0.5741223231281923,0.25618000743942976,64.23404223328416,63.55823228439347,73.33312865296325,71.95887210793632,90.07551322623986,91.39914808270417,79.65382905072968,79.70728471374045,73.33312865296325,71.95887210793632,75.29047453469445,74.416832541812,90.07551322623986,91.39914808270417,90.07551322623986,91.39914808270417,90.07551322623986,91.39914808270417,0.0006738138349304388,16384.0,0,17.26225757598877,0:49:41
173,train/val,1.0515641641357671,0.8286946030414623,0.557173894961243,0.2541575959789676,63.967625948977826,63.42805911340553,73.12471689574261,72.32019867094016,90.24623954789426,91.54951067728781,79.27918927154086,79.01440215249622,73.12471689574261,72.32019867094016,74.99798549245068,74.11758004387242,90.24623954789426,91.54951067728781,90.24623954789426,91.54951067728781,90.24623954789425,91.54951067728781,0.000671870633088969,16384.0,0,17.305715560913086,0:49:59
174,train/val,1.0627158847839935,0.8366891084157903,0.5650669297446376,0.2517850018431295,63.85851042849341,63.98708506893528,72.8098014503,73.00578979116302,90.22830527491597,91.66843182522683,79.36174407160237,79.00608033755951,72.8098014503,73.00578979116302,74.89237359957765,74.73478041490615,90.22830527491597,91.66843182522683,90.22830527491597,91.66843182522683,90.22830527491597,91.66843182522683,0.0006699268065813731,16384.0,0,17.371669054031372,0:50:16
175,train/val,1.0449444690476293,0.8201947115037752,0.5618743831696718,0.25508559241192624,64.15952701101074,63.406219220216975,73.34502759995043,71.80982809137043,89.97636839341419,91.463713962314,79.4074788822438,80.06793962965436,73.34502759995043,71.80982809137043,75.20559213607423,74.16860553997336,89.97636839341419,91.463713962314,89.97636839341419,91.463713962314,89.97636839341419,91.463713962314,0.0006679823531916519,16384.0,0,17.249156713485718,0:50:33
176,train/val,1.0334456780034562,0.8187975122228912,0.5366203945292078,0.2502861073269662,64.86807573280842,64.36462773261982,73.62364028760385,73.15539979002553,90.65744544879485,91.74439901040404,80.29164125714551,79.7134690652355,73.62364028760385,73.15539979002553,75.78680405299923,75.05049619359887,90.65744544879485,91.74439901040404,90.65744544879485,91.74439901040404,90.65744544879485,91.74439901040404,0.000666037270688749,16384.0,0,17.204587697982788,0:50:50
177,train/val,1.0555466199698655,0.8330058944614037,0.5563518063205739,0.25724197319784975,64.08237331813162,64.1242414096083,72.69241065435547,73.12043503854763,90.26720072718328,91.58801918367156,79.92880996962822,79.14725620638782,72.69241065435547,73.12043503854763,75.10259943280332,74.97849890234961,90.26720072718328,91.58801918367156,90.26720072718328,91.58801918367156,90.26720072718328,91.58801918367156,0.0006640915568263998,16384.0,0,17.186122179031372,0:51:08
178,train/val,1.0538684132954348,0.8299345273686491,0.5598347016974635,0.25319044231141785,64.26788491871996,63.99705001144728,73.12497141482595,72.59642578722247,90.41681430190508,91.57497196196688,79.95079851846832,79.16995122352832,73.12497141482595,72.59642578722247,75.27843699260761,74.82295069546922,90.41681430190508,91.57497196196688,90.41681430190508,91.57497196196688,90.41681430190508,91.57497196196688,0.0006621452093429784,16384.0,0,17.47608995437622,0:51:25
179,train/val,1.0315790289770002,0.8132018041999444,0.5459430436401264,0.25767426215877914,65.15118479365091,63.61936757550415,73.99028402464918,72.25531816177518,90.68827385816199,91.36445780519752,80.2815882564045,79.37842771253116,73.99028402464918,72.25531816177518,76.0977872466093,74.48432503782315,90.68827385816199,91.36445780519752,90.68827385816199,91.36445780519752,90.68827385816199,91.36445780519752,0.0006601982259613427,16384.0,0,17.062079906463623,0:51:42
180,train/val,1.0679968942118727,0.8383809736241464,0.5740397706951784,0.2478214211249555,64.17110436084018,64.50162125141414,73.34569674769249,73.06681519265781,90.25851768860751,91.78477140560274,79.33109237232586,80.40836665885955,73.34569674769249,73.06681519265781,75.21418163840958,75.18092165386044,90.25851768860751,91.78477140560274,90.25851768860751,91.78477140560274,90.25851768860751,91.78477140560274,0.0006582506043886752,16384.0,0,17.20412516593933,0:51:59
181,train/val,1.0557676346405693,0.8257658002169236,0.5750045834676079,0.25995608021995076,64.36404706004772,64.12628832273911,73.31979064343936,73.53638007025071,90.43330407415135,91.45225037883874,79.60749353444065,78.29462020370741,73.31979064343936,73.53638007025071,75.33283738317837,75.10935054917775,90.43330407415135,91.45225037883874,90.43330407415135,91.45225037883874,90.43330407415135,91.45225037883874,0.0006563023423163233,16384.0,0,17.071789503097534,0:52:16
182,train/val,1.0458795622639034,0.8206241963350255,0.5631384034843548,0.27302110545937036,64.82644696713345,62.958334713002316,73.802213858343,72.58956789899686,90.4313848018551,91.05545855112375,80.17925474624028,77.32577865200331,73.802213858343,72.58956789899686,75.68548761066545,74.080939431304,90.4313848018551,91.05545855112375,90.4313848018551,91.05545855112375,90.4313848018551,91.05545855112375,0.0006543534374196389,16384.0,0,17.33789300918579,0:52:34
183,train/val,1.0767778906485308,0.8366002689885056,0.6004440343898275,0.24807242264082943,64.27289033709947,64.62814187892644,73.33206943360968,73.58848588261768,90.0817964513022,91.76074844403466,79.83122102918479,79.4877475369578,73.33206943360968,73.58848588261768,75.33357871591745,75.41815250782918,90.0817964513022,91.76074844403466,90.0817964513022,91.76074844403466,90.0817964513022,91.76074844403466,0.0006524038873578132,16384.0,0,17.39907455444336,0:52:51
184,train/val,1.0190308693310488,0.8083767388825831,0.5266353183466455,0.2612879370695086,65.4178903982708,63.86162096795588,74.23535047379197,72.76305515736277,90.83645053817872,91.36171016321335,80.48000297047622,79.29706928908193,74.23535047379197,72.76305515736277,76.22968895156156,74.73738782956207,90.83645053817872,91.36171016321335,90.83645053817872,91.36171016321335,90.83645053817872,91.36171016321335,0.0006504536897737102,16384.0,0,17.298844814300537,0:53:08
185,train/val,1.0126145818959111,0.803671211976072,0.5223584105463132,0.24409064115773443,65.46325398995795,65.0398658819688,74.23670138971751,73.63933154059575,90.9613870711114,91.87580687887666,80.7046679976984,80.7625438893626,74.23670138971751,73.63933154059575,76.1997420969303,75.70244514205193,90.9613870711114,91.87580687887666,90.9613870711114,91.87580687887666,90.9613870711114,91.87580687887666,0.0006485028422936975,16384.0,0,17.297154188156128,0:53:26
186,train/val,1.0254328672004782,0.8130473633823188,0.5309637440773456,0.2492151930579928,65.25518203127238,64.7755452464951,73.8778388606411,73.73294338624649,90.78226103181545,91.74758111493617,80.52953229955297,79.60518736673427,73.8778388606411,73.73294338624649,76.001598290576,75.55640094998141,90.78226103181545,91.74758111493617,90.78226103181545,91.74758111493617,90.78226103181545,91.74758111493617,0.0006465513425274773,16384.0,0,17.234705686569214,0:53:43
187,train/val,1.0468209036018536,0.8242726649927056,0.5563705957130245,0.2470293455309188,64.77743752229229,64.64182722123134,73.45458200330269,73.38860553792206,90.61700465519355,91.81741540899274,80.26537122603409,80.39601918150024,73.45458200330269,73.38860553792206,75.6024591244302,75.29582158651945,90.61700465519355,91.81741540899274,90.61700465519355,91.81741540899274,90.61700465519355,91.81741540899274,0.0006445991880679107,16384.0,0,17.21499800682068,0:54:00
188,train/val,1.0751486096693121,0.8463399886437084,0.5720215285925762,0.24635795910087457,64.44334359332446,64.81603543892622,73.82491331874088,73.57359383134082,89.9137838406631,91.83062129108183,79.37072366076173,80.71169936265655,73.82491331874088,73.57359383134082,75.63681105107585,75.49321857653607,89.9137838406631,91.83062129108183,89.9137838406631,91.83062129108183,89.91378384066309,91.83062129108183,0.0006426463764908431,16384.0,0,17.31468629837036,0:54:17
189,train/val,1.043879960866078,0.8218663312170816,0.555034063351543,0.25348087943579034,64.79170777825888,64.43526096327481,73.70414523416893,73.70979414041146,90.46429429849164,91.6566672318634,80.06756860142909,79.2033889455487,73.70414523416893,73.70979414041146,75.75304929320038,75.33431657983814,90.46429429849164,91.6566672318634,90.46429429849164,91.6566672318634,90.46429429849164,91.6566672318634,0.0006406929053549267,16384.0,0,17.300455808639526,0:54:35
190,train/val,1.0292176267375117,0.8151456694240156,0.535179886157098,0.2458281930504305,65.41493057356757,65.55978369674719,74.10183454419558,74.51435160413193,90.72106329522776,91.88030126789664,80.68960309639635,79.79553770907587,74.10183454419558,74.51435160413193,76.19660670404738,76.40152129553842,90.72106329522776,91.88030126789664,90.72106329522776,91.88030126789664,90.72106329522776,91.88030126789664,0.0006387387722014391,16384.0,0,17.4266459941864,0:54:52
191,train/val,1.0346541566693264,0.8211565743321958,0.533743948392246,0.26861865130480744,65.65140345153418,63.59687271978368,74.47144726404865,73.0921675980555,90.68700964024747,91.1525779828764,80.46005797858554,77.8920716262703,74.47144726404865,73.0921675980555,76.52090600622199,74.71236408853005,90.68700964024747,91.1525779828764,90.68700964024747,91.1525779828764,90.68700964024747,91.1525779828764,0.0006367839745541002,16384.0,0,17.20292854309082,0:55:09
192,train/val,1.0174227522119232,0.8042626510495725,0.532900243025759,0.2401870784564109,66.24960525058229,65.26670951258707,75.05330234802433,73.84998714251535,90.94028537954584,92.01137402191249,81.14832033845339,80.82847675332953,75.05330234802433,73.84998714251535,76.89076456049413,75.84550129828762,90.94028537954584,92.01137402191249,90.94028537954584,92.01137402191249,90.94028537954584,92.01137402191249,0.0006348285099188863,16384.0,0,17.447784900665283,0:55:27
193,train/val,1.1148481440284979,0.8865727273666341,0.5706885233521461,0.26763654688481087,63.842118723003374,63.296401086840326,73.22886788479252,72.77005237027612,89.6625842458482,91.24522823333368,79.27870877573142,78.6928264505237,73.22886788479252,72.77005237027612,75.1490944751896,74.35115024872584,89.6625842458482,91.24522823333368,89.6625842458482,91.24522823333368,89.6625842458482,91.24522823333368,0.0006328723757838407,16384.0,0,17.60505771636963,0:55:44
194,train/val,1.0187362273750098,0.8015908287919086,0.5428634800988694,0.24623253920227486,65.62243848093937,65.47093203013887,74.36094159894036,74.53490742341813,90.66504116908331,91.8383912014958,80.86920332929182,80.31850262120521,74.36094159894036,74.53490742341813,76.42160463643542,76.27974027619283,90.66504116908331,91.8383912014958,90.66504116908331,91.8383912014958,90.66504116908331,91.8383912014958,0.0006309155696188867,16384.0,0,17.326499938964844,0:56:02
195,train/val,1.0537191807575848,0.8353053208278572,0.5460346341133118,0.24261204360951188,64.84725548914993,65.19770175384203,73.78236288169497,73.71247179046544,90.30528236043726,91.89862135247004,80.52382639091165,81.2053973523706,73.78236288169497,73.71247179046544,75.87837908621678,75.86604767756036,90.30528236043726,91.89862135247004,90.30528236043726,91.89862135247004,90.30528236043726,91.89862135247004,0.0006289580888756296,16384.0,0,17.6050968170166,0:56:19
196,train/val,1.0099498098311217,0.801663840594499,0.5207149162888527,0.24743984985111503,65.77874073645714,65.31596041591241,74.70032998028724,74.66044129306091,90.77277214750588,91.78802765050142,80.54707675853525,79.25972600336206,74.70032998028724,74.66044129306091,76.54410862958805,76.15516349819855,90.77277214750588,91.78802765050142,90.77277214750588,91.78802765050142,90.77277214750588,91.78802765050142,0.0006269999309871615,16384.0,0,17.331215143203735,0:56:37
197,train/val,1.0470176692242208,0.8318015609098517,0.5380402720816757,0.26808495037025326,65.76003633694462,63.88500584248631,74.52587523115224,72.86665528141467,90.8874324340795,91.21695406314787,80.85035723284638,78.86679004860194,74.52587523115224,72.86665528141467,76.55206971676894,74.98449944355822,90.8874324340795,91.21695406314787,90.8874324340795,91.21695406314787,90.8874324340795,91.21695406314787,0.0006250410933678635,16384.0,0,17.357903957366943,0:56:54
198,train/val,1.0317398358298384,0.8144018225695776,0.5433450192213058,0.2597021932536863,65.40238667600877,64.54522848970223,74.4396656324308,73.71291445956368,90.31440498397495,91.52963216220962,80.802570635601,79.08327530225644,74.4396656324308,73.71291445956368,76.47292057163828,75.5439370281786,90.31440498397495,91.52963216220962,90.31440498397495,91.52963216220962,90.31440498397495,91.52963216220962,0.000623081573413202,16384.0,0,17.425358533859253,0:57:11
199,train/val,1.0122876870243445,0.8102442107122877,0.505108674340274,0.23936673707931735,66.20530056139869,66.08742844090276,74.8466266530485,74.52837952874091,90.89126565368687,92.11338226943514,81.50108887736293,81.63391839547457,74.8466266530485,74.52837952874091,77.01934544100648,76.69993732825475,90.89126565368687,92.11338226943514,90.89126565368687,92.11338226943514,90.89126565368689,92.11338226943514,0.0006211213684995238,32768.0,0,17.184916496276855,0:57:29
200,train/val,1.0439575240015984,0.8209222017422966,0.5575882952822291,0.27040341022239217,65.39725793878269,63.47438952510894,74.34271723785021,72.85287457952101,90.4078945961277,91.02777898667765,80.61702867628323,77.86335647261357,74.34271723785021,72.85287457952101,76.42348647120848,74.68468262228616,90.4078945961277,91.02777898667765,90.4078945961277,91.02777898667765,90.4078945961277,91.02777898667765,0.0006191604759838505,32768.0,0,17.233568906784058,0:57:46
201,train/val,1.045290655415991,0.8285016699329666,0.5419724462148936,0.4525568707119529,65.3375818485298,54.63671991382304,74.17581102655177,66.4450436759195,90.80588822530137,86.74872324728281,80.4230284985757,69.58836714577347,74.17581102655177,66.4450436759195,76.24577318784219,67.06179719965019,90.80588822530137,86.74872324728281,90.80588822530137,86.74872324728281,90.80588822530137,86.74872324728281,0.0006171988932036654,32768.0,0,16.856184244155884,0:58:03
202,train/val,1.0054172423222791,0.8047651327822519,0.5016302767655124,0.23632861846785375,66.45710628984193,66.43186036398868,75.10400722556838,75.07823933660198,91.17901004175498,92.15564227836609,81.3718022119043,81.22690660667769,75.10400722556838,75.07823933660198,77.12513933693025,77.08469653341048,91.17901004175498,92.15564227836609,91.17901004175498,92.15564227836609,91.17901004175498,92.15564227836609,0.0006152366174766995,32768.0,0,16.995326280593872,0:58:20
203,train/val,1.0080065591179805,0.7986704298983449,0.5233403215913669,0.23881396712664338,65.98138420874639,65.95257370142004,74.86151641303839,74.89821146773625,90.95920520097276,92.00621830082291,81.07761395941992,80.77590614165675,74.86151641303839,74.89821146773625,76.84620485827894,76.58588142652863,90.95920520097276,92.00621830082291,90.95920520097276,92.00621830082291,90.95920520097276,92.00621830082291,0.0006132736461007134,32768.0,0,17.136375665664673,0:58:37
204,train/val,1.0070779835400374,0.8030427623054255,0.5100880386712758,0.24441243096883147,66.4544329692136,65.5318750791251,75.01846260591762,74.46349571111632,91.0620897633806,91.83036328260624,81.39026754415363,80.21521155785074,75.01846260591762,74.46349571111632,77.16553636809137,76.33706749030222,91.0620897633806,91.83036328260624,91.0620897633806,91.83036328260624,91.0620897633806,91.83036328260624,0.0006113099763532815,32768.0,0,17.34825086593628,0:58:54
205,train/val,1.0252516444610513,0.8134876771465591,0.5294099039519611,0.23752294088291834,65.08220599204004,65.84835248972955,74.10074210958754,74.25368980150066,90.69773017190509,92.10361056912444,80.35837335544652,81.21385911584397,74.10074210958754,74.25368980150066,76.08884757204352,76.56731586401703,90.69773017190509,92.10361056912444,90.69773017190509,92.10361056912444,90.69773017190509,92.10361056912444,0.0006093456054915637,32768.0,0,17.342900276184082,0:59:12
206,train/val,0.9851113243595413,0.7900409037652223,0.48767604136272613,0.24267755172050506,66.35980260392435,65.5370879953332,75.1315703002625,75.16519261047236,91.24184786021688,91.96668962299549,81.03001271667073,79.20578105947868,75.1315703002625,75.16519261047236,77.10992071624428,76.3360514931378,91.24184786021688,91.96668962299549,91.24184786021688,91.96668962299549,91.24184786021688,91.96668962299549,0.0006073805307520813,32768.0,0,17.368343830108643,0:59:29
207,train/val,1.0315063116343124,0.8167051553078319,0.5370028798022995,0.23428195140725458,66.35914369544793,66.12592442409657,75.0416400305247,74.92088783594215,90.6888811590495,92.18515310986587,81.79184749319286,80.80012234180768,75.0416400305247,74.92088783594215,77.15246376690969,76.77240345129583,90.6888811590495,92.18515310986587,90.6888811590495,92.18515310986587,90.6888811590495,92.18515310986587,0.0006054147493504863,32768.0,0,17.579923629760742,0:59:47
208,train/val,1.002569417266742,0.7968342177893805,0.5143379875175331,0.24708152818531295,67.0516779378605,65.60619736347661,75.58429841724089,74.76347782154869,91.25334109483367,91.92978403133645,81.87186380801137,79.5660139329414,75.58429841724089,74.76347782154869,77.70992592153738,76.36840019637948,91.25334109483367,91.92978403133645,91.25334109483367,91.92978403133645,91.25334109483367,91.92978403133645,0.0006035117047734342,16384.0,1,17.317412614822388,1:00:04
209,train/val,1.0270951225057892,0.8130285752856213,0.535166361571654,0.24290184590699582,66.06883679855258,66.19318318893949,74.8615321727416,75.73182870852406,90.82138512796057,91.96591708037609,81.01004086175823,79.88071027944666,74.8615321727416,75.73182870852406,76.9284763587128,76.96870951047579,90.82138512796057,91.96591708037609,90.82138512796057,91.96591708037609,90.82138512796057,91.96591708037609,0.0006015445246315003,16384.0,0,17.398441553115845,1:00:21
210,train/val,1.0175300094744433,0.8093322256337041,0.52049445166536,0.2720825266475305,66.70433544430861,63.817249437969195,75.38490540428853,73.55484834337015,91.12072961480557,91.11679487636685,81.71002738983024,77.46450360403861,75.38490540428853,73.55484834337015,77.44313632785143,74.8903615264841,91.12072961480557,91.11679487636685,91.12072961480557,91.11679487636685,91.12072961480557,91.11679487636685,0.0005995766294390623,16384.0,0,17.369553565979004,1:00:39
211,train/val,1.1191030203000358,0.8824555640635283,0.5916186368659786,0.302003590349193,65.16699527028229,62.06135403275265,74.52541945248826,72.91219227026731,89.9194856810296,90.26700096063674,79.99511127866545,75.80213084222991,74.52541945248826,72.91219227026731,76.38202796851554,73.69988864992571,89.9194856810296,90.26700096063674,89.9194856810296,90.26700096063674,89.91948568102961,90.26700096063674,0.0005976080163266319,16384.0,0,17.37955117225647,1:00:56
212,train/val,1.0658878865449324,0.8389412035112795,0.56736670612641,0.24751231429784365,65.35960020095418,64.95345247898865,74.45428507041694,73.45842348732347,90.35353820229076,91.71213757130542,80.54860357454355,80.6734902952276,74.45428507041694,73.45842348732347,76.48285823433753,75.72902285129217,90.35353820229076,91.71213757130542,90.35353820229076,91.71213757130542,90.35353820229076,91.71213757130542,0.000595638682402658,16384.0,0,17.561090230941772,1:01:14
213,train/val,1.0055307817199957,0.8001060505276141,0.5135618119460085,0.23637844148923826,66.91239712584314,66.05453481585548,75.66586858404632,74.52867512091754,90.79358514421062,92.10927489312851,81.85902229040617,81.46037989192189,75.66586858404632,74.52867512091754,77.66879049903255,76.76744337423844,90.79358514421062,92.10927489312851,90.79358514421062,92.10927489312851,90.79358514421062,92.10927489312851,0.0005936686247532732,16384.0,0,17.380951166152954,1:01:31
214,train/val,1.0355191648654316,0.8265935474115869,0.5223140371558459,0.2699305106439988,66.58691299538613,63.25111159230244,75.57150916632065,73.28923722471873,90.808666878826,91.03105599087895,81.12109613004051,77.5409701057124,75.57150916632065,73.28923722471873,77.36288901988235,74.50474188600118,90.808666878826,91.03105599087895,90.808666878826,91.03105599087895,90.808666878826,91.03105599087895,0.0005916978404420386,16384.0,0,17.410885334014893,1:01:48
215,train/val,0.9888632997222568,0.788262883282226,0.501501029762237,0.23318980878198572,66.99508782199447,66.5785028107674,75.73143145225377,75.10251232586408,91.31379615122891,92.21123865643123,81.60380794826133,81.53630936186218,75.73143145225377,75.10251232586408,77.66156983732012,77.29516479250461,91.31379615122891,92.21123865643123,91.31379615122891,92.21123865643123,91.31379615122891,92.21123865643123,0.0005897263265096866,16384.0,0,17.487916469573975,1:02:06
216,train/val,0.9989293988632119,0.7955569443495377,0.5084311276188364,0.2537167963990246,67.5048844278827,64.53501758730677,76.06204873011184,73.6167249398741,91.16623494536948,91.64781635490519,82.15005920293713,79.64052072091336,76.06204873011184,73.6167249398741,78.11658792124781,75.5154756976119,91.16623494536948,91.64781635490519,91.16623494536948,91.64781635490519,91.16623494536948,91.64781635490519,0.0005877540799738566,16384.0,0,17.231932163238525,1:02:23
217,train/val,1.019918649740841,0.809746712770151,0.5254298376486353,0.23937822281222715,66.20269455635795,66.27886989125629,75.07338263857949,74.96812626744361,90.9209333269721,92.06360294452914,81.25948754608055,81.03309067678164,75.07338263857949,74.96812626744361,77.12145204432133,77.06161623963648,90.9209333269721,92.06360294452914,90.9209333269721,92.06360294452914,90.9209333269721,92.06360294452914,0.0005857810978288281,16384.0,0,17.590890645980835,1:02:41
218,train/val,0.9669755541759988,0.7783945238460664,0.47145256092366966,0.23539806291796167,67.60724888145907,66.37426606046365,76.40931643041677,75.15541301364794,91.592742780645,92.16176775545007,81.85900528091824,81.14411459356707,76.40931643041677,75.15541301364794,78.15484129317215,77.13322255630999,91.592742780645,92.16176775545007,91.592742780645,92.16176775545007,91.592742780645,92.16176775545007,0.0005838073770452499,16384.0,0,17.271511554718018,1:02:58
219,train/val,1.0173768964798553,0.8119827680613684,0.513485310194285,0.2297716591627966,66.74331625564749,67.39213461321455,75.36366851304311,76.1726004517448,90.98555786622171,92.39412366420375,81.76917560763734,81.31457311177407,75.36366851304311,76.1726004517448,77.53929381882834,78.01212331753163,90.98555786622171,92.39412366420375,90.98555786622171,92.39412366420375,90.98555786622171,92.39412366420375,0.000581832914569865,16384.0,0,17.170681953430176,1:03:15
220,train/val,1.0263437437622442,0.8149890860785608,0.5283866332762915,0.2322650309676897,66.73347171585739,66.54760104481544,75.64277157366294,74.69105809511017,90.96988286367022,92.2962791396663,81.51807499235318,82.05596552453032,75.64277157366294,74.69105809511017,77.57827193987445,77.13022485600352,90.96988286367022,92.2962791396663,90.96988286367022,92.2962791396663,90.96988286367021,92.2962791396663,0.0005798577073252306,16384.0,0,17.41382360458374,1:03:33
221,train/val,1.0165866451418917,0.8089599719514017,0.5190666725292153,0.23224548895720018,66.80599260024768,66.73766659786182,75.66157016770944,75.05563961516508,90.83212967024798,92.27677280922816,81.5104745151374,81.57760415602043,75.66157016770944,75.05563961516508,77.63598540236465,77.42823945861936,90.83212967024798,92.27677280922816,90.83212967024798,92.27677280922816,90.83212967024798,92.27677280922816,0.0005778817522094343,16384.0,0,17.1647207736969,1:03:50
222,train/val,0.9904804961836856,0.793038353971813,0.493605341438366,0.23604674397659567,66.69692467051301,66.44730629054762,75.26839765416987,75.61414255487172,91.27117605483501,92.14705830672744,81.79830709757378,80.62693199839673,75.26839765416987,75.61414255487172,77.5013730553849,77.15828686799277,91.27117605483501,92.14705830672744,91.27117605483501,92.14705830672744,91.27117605483501,92.14705830672744,0.0005759050460958058,16384.0,0,17.315414428710938,1:04:07
223,train/val,0.9991500445682069,0.7973844719969708,0.50441391919942,0.23061234477231457,67.36350715261398,66.9519265400868,76.23648863716463,75.94483780409436,91.21953953929444,92.3116113674679,81.80338453037706,80.83930012627789,76.23648863716463,75.94483780409436,78.02911448029195,77.640917301662,91.21953953929444,92.3116113674679,91.21953953929444,92.3116113674679,91.21953953929444,92.3116113674679,0.0005739275858326245,16384.0,0,17.25444507598877,1:04:24
224,train/val,0.9895265134780303,0.7887109220027924,0.5020389631390572,0.23673090734037078,66.95110730524715,66.43123893599227,75.69191584029154,75.22061005751677,91.46186000962618,92.09458916932319,81.58631261229313,81.28705155406578,75.69191584029154,75.22061005751677,77.65550561667406,77.21175393615988,91.46186000962618,92.09458916932319,91.46186000962618,92.09458916932319,91.46186000962618,92.09458916932319,0.0005719493682428215,16384.0,0,17.23480200767517,1:04:41
225,train/val,1.0028413654021595,0.803775694059289,0.4976641675862281,0.24112091135803726,67.10716834791417,66.34553852857375,75.76496293328124,75.05632228873654,91.19157109790072,91.98948630290091,81.92164380191232,81.1038798836459,75.76496293328124,75.05632228873654,77.87713241442643,77.07918787887695,91.19157109790072,91.98948630290091,91.19157109790072,91.98948630290091,91.19157109790072,91.98948630290091,0.0005699703901236779,16384.0,0,17.44113516807556,1:04:59
226,train/val,0.9961881835175597,0.8035137238709823,0.48168613672580407,0.24111849774157323,66.56153454761693,66.52860129038693,75.31792314300378,75.07513422491004,91.34569500756022,91.96463148642019,81.36225623754673,81.42934672832442,75.31792314300378,75.07513422491004,77.2941207334182,77.32037106218675,91.34569500756022,91.96463148642019,91.34569500756022,91.96463148642019,91.34569500756022,91.96463148642019,0.000567990648246518,16384.0,0,17.366041660308838,1:05:16
227,train/val,0.9955595093576804,0.7941475144546964,0.5035299707366072,0.2621512614399512,67.46453442518327,63.95933268457183,76.01315915874255,73.34461168828066,91.25199167374986,91.42463754072251,82.20038631758271,78.58946166158013,76.01315915874255,73.34461168828066,78.078568475761,75.09382308697697,91.25199167374986,91.42463754072251,91.25199167374986,91.42463754072251,91.25199167374984,91.42463754072251,0.0005660101393563966,16384.0,0,17.462103366851807,1:05:34
228,train/val,0.996466612038405,0.7967390661006388,0.49931884970030055,0.22792194158384138,67.24079351381808,67.30499321659383,75.84827832708359,75.80372834790289,91.1894284179385,92.36713360516652,82.03299163986662,82.00181467554629,75.84827832708359,75.80372834790289,77.99291808046978,77.90156833282605,91.1894284179385,92.36713360516652,91.1894284179385,92.36713360516652,91.1894284179385,92.36713360516652,0.0005640288601717831,16384.0,0,17.34253716468811,1:05:51
229,train/val,0.9953730180859566,0.8011207829998886,0.4856305746766536,0.2513337497457912,67.31729339119514,65.68724911706407,75.86365251797514,75.92540402416508,91.45552241608289,91.64633058195962,82.12564627408221,78.55552629057847,75.86365251797514,75.92540402416508,77.88679523889239,76.72455192218247,91.45552241608289,91.64633058195962,91.45552241608289,91.64633058195962,91.45552241608289,91.64633058195962,0.0005620468073842399,16384.0,0,17.421754121780396,1:06:09
230,train/val,1.003834902268389,0.7936432429629823,0.5254791378165069,0.23768441373579294,67.10896891646439,66.05403542940074,75.87106068695815,74.80382661946173,91.15663389888306,92.01300807559115,81.84660085437461,81.6509390174605,75.87106068695815,74.80382661946173,77.94822876446051,76.83702810341869,91.15663389888306,92.01300807559115,91.15663389888306,92.01300807559115,91.15663389888306,92.01300807559115,0.0005600639776580958,16384.0,0,17.266961574554443,1:06:26
231,train/val,1.001127844919329,0.7959733174546905,0.5128863093483707,0.23710194187799327,67.55766645195759,66.36622941474509,76.29405274645516,75.73953733508215,91.23037765564067,92.11702849266185,81.95283493392068,80.50781558003769,76.29405274645516,75.73953733508215,78.27085684823346,77.14843533230238,91.23037765564067,92.11702849266185,91.23037765564067,92.11702849266185,91.23037765564067,92.11702849266185,0.0005580803676301126,16384.0,0,17.309650897979736,1:06:43
232,train/val,0.9990327918659085,0.8029627787030261,0.4901750282101009,0.22858978827476034,67.04904333819341,67.110116372584,75.95458428910707,76.035104489969,91.06122098854696,92.44232676491698,81.52028635371539,81.44671035274065,75.95458428910707,76.035104489969,77.89662368975941,77.6710014164949,91.06122098854696,92.44232676491698,91.06122098854696,92.44232676491698,91.06122098854696,92.442326764917,0.0005560959739091472,16384.0,0,17.413535594940186,1:07:01
233,train/val,0.9859998414049977,0.7971522697935933,0.47211891056402866,0.23193705935599898,67.70922521937948,66.95960985417405,76.17241809385864,76.05061393649632,91.43683222499992,92.26828522006602,82.56748564721052,81.48688193984619,76.17241809385864,76.05061393649632,78.30381094103083,77.63824481717994,91.43683222499992,92.26828522006602,91.43683222499992,92.26828522006602,91.43683222499992,92.26828522006602,0.0005541107930758095,16384.0,0,17.590667724609375,1:07:18
234,train/val,0.9858563011107238,0.7946599096707676,0.47799095932556235,0.23199787206490335,67.19718189272885,67.18854532505745,75.98454385289138,76.17115781774802,91.38415879449104,92.2826610371392,81.72716569245367,81.14685607961968,75.98454385289138,76.17115781774802,77.90918064922234,77.87072042080891,91.38415879449104,92.2826610371392,91.38415879449104,92.2826610371392,91.38415879449104,92.2826610371392,0.0005521248216821134,16384.0,0,17.226893186569214,1:07:35
235,train/val,0.9846842282492181,0.7907324990500574,0.484879312550892,0.22767388529402846,67.78031634189715,66.99388635540943,76.33270986248078,75.29300054025208,91.44048567567884,92.32182049594122,82.32959367543799,82.13857743435412,76.33270986248078,75.29300054025208,78.3904517624449,77.68870262305609,91.44048567567884,92.32182049594122,91.44048567567884,92.32182049594122,91.44048567567884,92.32182049594122,0.0005501380562511237,16384.0,0,17.17780065536499,1:07:53
236,train/val,1.0049906810340674,0.8028669081952261,0.505309429505597,0.2281767058391618,66.85243967298892,67.45504503586052,75.6199999089232,75.73509164984448,91.16066811531441,92.43528343009515,81.75985796273415,82.7863564552589,75.6199999089232,75.73509164984448,77.79114142336356,78.03826846788678,91.16066811531441,92.43528343009515,91.16066811531441,92.43528343009515,91.16066811531441,92.43528343009515,0.0005481504932765925,16384.0,0,17.04368567466736,1:08:10
237,train/val,0.9773403914726299,0.7832131414957668,0.4853181119846261,0.2308530174925298,67.87548840683499,67.36081807930921,76.45704791438423,76.4874007495595,91.53941893248833,92.25362025556333,82.42350732798094,81.16789351056141,76.45704791438423,76.4874007495595,78.45107508271404,78.09444086506491,91.53941893248833,92.25362025556333,91.53941893248833,92.25362025556333,91.53941893248833,92.25362025556333,0.0005461621292225966,16384.0,0,17.11410355567932,1:08:27
238,train/val,0.9844568391209063,0.7937860550439876,0.47667694723476534,0.22603789377153452,67.97490539603804,68.16191223270546,76.3732280927096,77.1138415022519,91.412075635754,92.4993125334512,82.5416373627886,81.54317245266223,76.3732280927096,77.1138415022519,78.52599136685996,78.79812268281711,91.412075635754,92.4993125334512,91.412075635754,92.4993125334512,91.412075635754,92.49931253345119,0.0005441729605231631,16384.0,0,17.30431079864502,1:08:44
239,train/val,0.9721134842737861,0.7845291138991065,0.4689609191339949,0.22552143510597514,68.70315763280033,67.1631934345852,77.1075840205954,75.5739841423005,91.60401329087343,92.42868493747261,83.05075363685312,82.02087394982243,77.1075840205954,75.5739841423005,79.11709821144373,77.77110813907862,91.60401329087343,92.42868493747261,91.60401329087343,92.42868493747261,91.60401329087343,92.42868493747261,0.0005421829835818908,16384.0,0,17.16103720664978,1:09:01
240,train/val,0.985726769203725,0.7972283969106881,0.4712459197996751,0.2248376693199156,68.19441898217993,67.54288747450452,76.7491164597537,75.71087101065021,91.48751117233661,92.47272134958598,82.6137607012678,82.49897125387278,76.7491164597537,75.71087101065021,78.80132474569402,78.14450973274597,91.48751117233661,92.47272134958598,91.48751117233661,92.47272134958598,91.48751117233661,92.47272134958598,0.0005401921947715664,16384.0,0,17.04280710220337,1:09:18
241,train/val,0.978559090067511,0.7858694331801456,0.48172413193337293,0.2272896504116755,68.15918994943722,67.42582307906305,76.66270161882689,75.9643898389943,91.5390721871397,92.38385818905186,82.65051968457307,82.29374153505586,76.66270161882689,75.9643898389943,78.76608953115235,78.06194891004822,91.5390721871397,92.38385818905186,91.5390721871397,92.38385818905186,91.5390721871397,92.38385818905186,0.0005382005904337728,16384.0,0,17.252912998199463,1:09:35
242,train/val,0.9546778004454529,0.7732725914405739,0.4535130136038946,0.2482566453493342,68.36262261048745,65.18740278149878,77.04747050816124,73.81576896572194,91.76220160610879,91.73444344198431,82.43393981607444,80.8724223611209,77.04747050816124,73.81576896572194,78.83022730395409,76.23701078983308,91.76220160610879,91.73444344198431,91.76220160610879,91.73444344198431,91.76220160610879,91.73444344198431,0.0005362081668784915,16384.0,0,16.97412896156311,1:09:52
243,train/val,1.0139841349876444,0.816557096398395,0.4935675953393397,0.2363605391392926,67.69721104453073,66.21862688713198,76.42696819931257,75.53966635162939,91.04751545764626,92.15250762366854,82.35467733517812,80.46945634283976,76.42696819931257,75.53966635162939,78.50555057386116,76.97690256141739,91.04751545764626,92.15250762366854,91.04751545764626,92.15250762366854,91.04751545764626,92.15250762366854,0.000534214920383697,16384.0,0,17.539151668548584,1:10:10
244,train/val,0.9792336883104366,0.7898850146195162,0.4733716836604087,0.2249829261686505,68.05248204358875,67.39871285158198,76.42300805929312,76.04326269960484,91.61467061973956,92.4502286451834,82.6941225917533,81.98065830678149,76.42300805929312,76.04326269960484,78.6467044862895,77.89719596509399,91.61467061973956,92.4502286451834,91.61467061973956,92.4502286451834,91.61467061973956,92.4502286451834,0.0005322208471949461,16384.0,0,17.26284694671631,1:10:27
245,train/val,1.0337367261881414,0.8397288283576135,0.48501972376328445,0.2305824278601259,67.64534793051712,67.01749119368198,76.47517858524597,76.12753252275544,91.0353377926765,92.33249374310911,82.16137070781161,81.16406827085989,76.47517858524597,76.12753252275544,78.4298233240375,77.73297771787551,91.0353377926765,92.33249374310911,91.0353377926765,92.33249374310911,91.0353377926765,92.33249374310911,0.0005302259435249594,16384.0,0,17.316853284835815,1:10:45
246,train/val,0.9573082638823468,0.770795675723449,0.4662814551721448,0.2228001278958393,68.56158654761816,67.63513258113876,77.15655790764768,75.82091019631721,91.54966061301593,92.53196691649251,82.88866757961667,82.4905352442332,77.15655790764768,75.82091019631721,79.14305201175081,78.2247496915322,91.54966061301593,92.53196691649251,91.54966061301593,92.53196691649251,91.54966061301593,92.53196691649251,0.0005282302055531949,16384.0,0,17.25171184539795,1:11:02
247,train/val,0.9926240204469017,0.802588433675144,0.47508895291906333,0.22282753527246474,67.87791344096578,68.18578126695412,76.46165631023322,77.17362742169381,91.35485405237425,92.63106144760994,82.5962061005029,81.67995300286528,76.46165631023322,77.17362742169381,78.64323004215738,78.74358323150147,91.35485405237425,92.63106144760994,91.35485405237425,92.63106144760994,91.35485405237424,92.63106144760994,0.0005262336294254156,16384.0,0,17.213353872299194,1:11:19
248,train/val,0.9603401257292083,0.7749913516251937,0.4633719290242247,0.2360853925387656,68.18490381273931,66.88088301172498,76.7901058359693,76.19732988796248,91.75009974560353,92.113874561469,82.37427142698598,80.28610085168215,76.7901058359693,76.19732988796248,78.76633940373841,77.71676177155868,91.75009974560353,92.113874561469,91.75009974560353,92.113874561469,91.75009974560353,92.113874561469,0.0005242362112532492,16384.0,0,17.1503427028656,1:11:36
249,train/val,0.9643157289727874,0.7755459841826687,0.4719243441586909,0.22379156149083376,68.3854457148533,67.41262032635814,76.8230953223559,76.16407611980165,91.6725245075705,92.4940930516464,82.70655533292755,81.59171336767369,76.8230953223559,76.16407611980165,78.90932142183956,77.99841702795403,91.6725245075705,92.4940930516464,91.6725245075705,92.4940930516464,91.6725245075705,92.4940930516464,0.0005222379471137393,16384.0,0,17.3046772480011,1:11:53
250,train/val,0.986052472954211,0.7952298353547635,0.47705658703394554,0.2508200368223691,68.6433515449998,65.39030113998832,77.26781701513467,75.45830264533599,91.7620902183134,91.84155551233995,82.48888852478647,78.62846373669765,77.26781701513467,75.45830264533599,79.06510548869633,76.36565735694927,91.7620902183134,91.84155551233995,91.7620902183134,91.84155551233995,91.7620902183134,91.84155551233995,0.0005202388330488884,16384.0,0,17.381582975387573,1:12:11
251,train/val,1.0184931081274282,0.8117839930498082,0.5167727833208831,0.24404908328124356,67.59353317197788,66.28908854236339,76.32321505687666,75.86231051162908,91.13904712526087,91.94091398316228,82.21065157139542,79.95773587392016,76.32321505687666,75.86231051162908,78.37171591838323,77.24865176256756,91.13904712526087,91.94091398316228,91.13904712526087,91.94091398316228,91.13904712526087,91.94091398316228,0.0005182388650651973,16384.0,0,17.072081327438354,1:12:28
252,train/val,1.0580225162532018,0.8471546513230904,0.5271696513113768,0.22560197853577077,67.56493530107369,68.04700068997617,76.76663862199888,76.3489322269059,90.63456557575529,92.45951695030423,81.85064615016827,82.69045773126187,76.76663862199888,76.3489322269059,78.52991163238717,78.6176063067062,90.63456557575529,92.45951695030423,90.63456557575529,92.45951695030423,90.63456557575529,92.45951695030423,0.0005162380391331889,16384.0,0,17.22495174407959,1:12:45
253,train/val,1.0383603993965231,0.8307379351361938,0.519056135950529,0.2233645494704932,67.66873935661638,67.84294105114358,76.67450937502026,76.7568903085691,90.94581917626707,92.56930993631417,82.13228164946493,81.757791357579,76.67450937502026,76.7568903085691,78.55654916507324,78.41423060767897,90.94581917626707,92.56930993631417,90.94581917626707,92.56930993631417,90.94581917626707,92.56930993631416,0.0005142363511869306,16384.0,0,17.51270604133606,1:13:03
254,train/val,0.9563604343844496,0.7711953637392625,0.46291266041605367,0.32685056173653493,68.98952928096394,60.439665075825275,77.4576426634276,71.89103063903558,91.8261396685279,89.3659167393304,83.2066716199037,75.34257087243013,77.4576426634276,71.89103063903558,79.46915588364199,72.48611899292754,91.8261396685279,89.3659167393304,91.8261396685279,89.3659167393304,91.8261396685279,89.3659167393304,0.0005122337971235433,16384.0,0,17.247700929641724,1:13:20
255,train/val,0.9845338745609573,0.7868060667229735,0.49431950202130753,0.22154100552612635,68.35976151280042,68.44763987377411,77.00767033836928,76.89116493152994,91.42507524659828,92.58847522106618,82.81600224816351,82.5593699517552,77.00767033836928,76.89116493152994,79.05086890172585,79.05569370113827,91.42507524659828,92.58847522106618,91.42507524659828,92.58847522106618,91.42507524659827,92.58847522106618,0.0005102303728027059,16384.0,0,17.284569263458252,1:13:37
256,train/val,1.0192120800847593,0.8200852909813756,0.49781695664252923,0.22826802047408465,67.89499133925094,67.75460326156806,76.5903252666357,76.24076741785625,91.08163921683568,92.5115738672705,82.4274016461613,81.98523979484226,76.5903252666357,76.24076741785625,78.60420964203261,78.35899296914587,91.08163921683568,92.5115738672705,91.08163921683568,92.5115738672705,91.08163921683568,92.51157386727049,0.000508226074046146,16384.0,0,17.330360651016235,1:13:54
257,train/val,0.963658585820509,0.7781922972720602,0.4636657087375288,0.2683900372835222,68.88295234604314,64.4191756858996,77.52594047891196,75.22132283379885,91.80687963379795,91.25095335243832,82.60514846622733,77.95226766117503,77.52594047891196,75.22132283379885,79.34675140173664,75.8212698067334,91.80687963379795,91.25095335243832,91.80687963379795,91.25095335243832,91.80687963379795,91.25095335243832,0.0005062208966371258,16384.0,0,17.552767992019653,1:14:12
258,train/val,0.9813873929821927,0.790333909832913,0.47763370082754153,0.22433103367370186,68.724510275073,67.88625082537332,77.35569048503763,77.16633826674328,91.57839075257516,92.56370937302532,82.76544665081663,81.27977906921316,77.35569048503763,77.16633826674328,79.26861021010473,78.45538158337426,91.57839075257516,92.56370937302532,91.57839075257516,92.56370937302532,91.57839075257516,92.56370937302532,0.0005042148363199172,16384.0,0,17.276418685913086,1:14:29
259,train/val,0.9554226093966027,0.7763285108882447,0.4477352251339218,0.2206305178041047,69.03080525807977,68.1793845670141,77.55900835666286,76.69774393442037,91.93962386138081,92.61975207609709,83.10267337692999,82.68090245158763,77.55900835666286,76.69774393442037,79.45066175700873,78.65597395264724,91.93962386138081,92.61975207609709,91.93962386138081,92.61975207609709,91.93962386138081,92.61975207609709,0.0005022078887992674,16384.0,0,17.315511465072632,1:14:47
260,train/val,1.0023616866573044,0.798694752804611,0.5091673147095286,0.21868003871739686,68.0353159542943,68.4795389281474,76.68466619375354,77.2098534452509,91.1092950667341,92.68613291187995,82.62154261025076,82.27649653428611,76.68466619375354,77.2098534452509,78.78208435486009,78.97249439541329,91.1092950667341,92.68613291187995,91.1092950667341,92.68613291187995,91.10929506673412,92.68613291187995,0.000500200049739853,16384.0,0,17.32398748397827,1:15:04
261,train/val,0.9899012333025102,0.7945180350671643,0.4884579842505248,0.2227214138795882,69.02400543510112,67.93016974356618,77.34091352442753,77.13166686562253,91.51981909535093,92.53722050286594,83.48095088250037,81.80588751302315,77.34091352442753,77.13166686562253,79.61441006455281,78.49035833433412,91.51981909535093,92.53722050286594,91.51981909535093,92.53722050286594,91.51981909535093,92.53722050286594,0.0004981913147657268,16384.0,0,17.3795268535614,1:15:21
262,train/val,0.9816047853749731,0.7869914783083874,0.48653325114561163,0.23853520560402564,68.55518991605358,66.06215444986493,77.37376783886077,75.2035017842126,91.52145745373103,92.17048369694116,82.7050767591404,80.67625102927234,77.37376783886077,75.2035017842126,79.1829109935828,76.85192607915519,91.52145745373103,92.17048369694116,91.52145745373103,92.17048369694116,91.52145745373103,92.17048369694116,0.0004961816794597536,16384.0,0,17.03132438659668,1:15:38
263,train/val,0.9931509624356809,0.8016929898573004,0.4786449170306973,0.242726001175755,68.25667151672505,67.16240025325416,76.78291604453756,76.0020000920896,91.55004325518915,91.82605276169528,82.51133636331222,82.35557006771333,76.78291604453756,76.0020000920896,78.88862813990748,77.96875158976594,91.55004325518915,91.82605276169528,91.55004325518915,91.82605276169528,91.55004325518915,91.82605276169528,0.0004941711393630354,16384.0,0,17.187309980392456,1:15:56
264,train/val,0.9694685589360154,0.7802814420150673,0.47296778169339115,0.23087580661938537,69.32368914123495,66.84247162483572,77.8938454698357,76.01653296396854,91.39141202532466,92.28540867912338,83.35584575574022,81.32048613154119,77.8938454698357,76.01653296396854,79.78830960410902,77.59329644392126,91.39141202532466,92.28540867912338,91.39141202532466,92.28540867912338,91.39141202532466,92.28540867912338,0.0004921596899743242,16384.0,0,17.29373526573181,1:16:13
265,train/val,0.9882697317263354,0.791789437279753,0.49120072550747707,0.2573756687831764,68.06298502279907,65.19713773452585,76.79106476305174,75.05963877267907,91.4328124090108,91.55301751662542,82.39217081624442,79.77352177054814,76.79106476305174,75.05963877267907,78.79905502064788,76.35279612620731,91.4328124090108,91.55301751662542,91.4328124090108,91.55301751662542,91.4328124090108,91.55301751662542,0.0004901473267494283,16384.0,0,17.37226414680481,1:16:30
266,train/val,0.9523821431009666,0.7721980146091917,0.4504603126450725,0.22050431375528445,69.64159252237381,68.22771903410235,78.28028541828161,76.74152218907804,91.82251304294596,92.66400201246611,83.37108668680176,82.4065698153408,78.28028541828161,76.74152218907804,80.06352027416845,78.77201745263758,91.82251304294596,92.66400201246611,91.82251304294596,92.66400201246611,91.82251304294596,92.66400201246611,0.00048813404510060255,16384.0,0,17.5014705657959,1:16:48
267,train/val,0.9584637468923692,0.7765172784743102,0.4548661526616501,0.22128033239943656,69.15530919316552,68.42461880668452,77.45208285129806,76.71686362086162,91.90202654534504,92.58422846087045,83.49179408220358,82.78183028673568,77.45208285129806,76.71686362086162,79.60708007898738,78.99166563328549,91.90202654534504,92.58422846087045,91.90202654534504,92.58422846087045,91.90202654534504,92.58422846087045,0.00048611984039592974,16384.0,0,17.471481323242188,1:17:05
268,train/val,0.9817350898747859,0.7978905860496603,0.4596112550276777,0.23045248331396911,68.66448238527138,67.5484877918498,77.37995618735357,77.20861371373275,91.58371666204205,92.35257985121363,82.73365021397547,80.62162146046693,77.37995618735357,77.20861371373275,79.19599838995202,78.31423076658804,91.58371666204205,92.35257985121363,91.58371666204205,92.35257985121363,91.58371666204205,92.35257985121363,0.0004841047079586907,16384.0,0,17.21887969970703,1:17:22
269,train/val,0.9622079133987427,0.7750748130290405,0.4678327373188475,0.24627568715793952,69.6118692038313,65.96976993910624,77.91807991766409,76.11849855892082,91.67318705261856,91.85162822253884,83.63764799878302,79.20521427208594,77.91807991766409,76.11849855892082,79.982323952337,76.98050712410935,91.67318705261856,91.85162822253884,91.67318705261856,91.85162822253884,91.67318705261856,91.85162822253884,0.0004820886430667207,16384.0,0,17.218878269195557,1:17:40
270,train/val,0.9697418578940888,0.7836040779948235,0.465344440030015,0.23116308443738842,69.07102151314544,67.69432826592558,77.47282783815788,77.24085100773308,91.79109200230488,92.41181059004685,83.35484459876682,80.63499002376857,77.47282783815788,77.24085100773308,79.62058487010833,78.39663201290466,91.79109200230488,92.41181059004685,91.79109200230488,92.41181059004685,91.79109200230488,92.41181059004685,0.00048007164095175596,16384.0,0,17.088595867156982,1:17:57
271,train/val,0.9762854320199593,0.7831233253945474,0.48290525255319866,0.22445985638343738,68.896355799327,68.24712160019347,77.30401964257013,77.00727121444875,91.8072550287571,92.49132316755227,83.05256960961238,82.1809870731569,77.30401964257013,77.00727121444875,79.38657744312518,78.82034125012936,91.8072550287571,92.49132316755227,91.8072550287571,92.49132316755227,91.8072550287571,92.49132316755227,0.00047805369679876315,16384.0,0,17.320544958114624,1:18:14
272,train/val,0.9583608913032905,0.7787942698468332,0.44891653509567614,0.21698859715138624,68.8569209832966,68.84153267891946,77.23217351824022,77.82697301200872,91.72101196212327,92.73432415013454,83.48643749004566,82.41510595325802,77.23217351824022,77.82697301200872,79.43301553717632,79.3565580261787,91.72101196212327,92.73432415013454,91.72101196212327,92.73432415013454,91.72101196212327,92.73432415013453,0.000476034805745263,32768.0,0,17.60578203201294,1:18:32
273,train/val,0.9572001834926398,0.7766681846393191,0.45132998757712217,0.2165272590680897,69.42939298689681,68.39863266244286,77.81522322069479,76.69310256455387,91.93566890807318,92.7361213126196,83.56540553426181,83.22453065422046,77.81522322069479,76.69310256455387,79.86125874633434,78.8813167174192,91.93566890807318,92.7361213126196,91.93566890807318,92.7361213126196,91.93566890807318,92.7361213126196,0.00047401496288063366,32768.0,0,17.240424394607544,1:18:49
274,train/val,0.967129192598488,0.7800594827403192,0.4676742620118286,0.22132948960557622,69.55084682353564,67.99866345944355,78.09983790118761,76.8263265613265,91.90022479847288,92.61133862730149,83.37917459914335,81.87967867064991,78.09983790118761,76.8263265613265,80.0077876421457,78.58344238444765,91.90022479847288,92.61133862730149,91.90022479847288,92.61133862730149,91.90022479847286,92.6113386273015,0.0004719941632454058,32768.0,0,17.293996572494507,1:19:06
275,train/val,0.9439670686488566,0.7651317887332129,0.4470881982504026,0.21580159308556562,69.48321281544594,68.7114843750124,77.78619300562372,77.0964048819354,92.22022389884523,92.78594215613086,83.49137539354732,82.65871501840894,77.78619300562372,77.0964048819354,79.83834312703074,79.23316270167685,92.22022389884523,92.78594215613086,92.22022389884523,92.78594215613086,92.22022389884523,92.78594215613086,0.0004699724018305407,32768.0,0,17.280022144317627,1:19:23
276,train/val,0.9803766067261281,0.7924721166491508,0.4697612064040225,0.36004385754847906,69.06858225821651,59.3759571056771,77.38386739835346,72.25056086662183,91.92043740803597,88.64339069400499,83.25068335950239,73.68915927179408,77.38386739835346,72.25056086662183,79.53719540790198,71.77089967601002,91.92043740803597,88.64339069400499,91.92043740803597,88.64339069400499,91.92043740803597,88.64339069400499,0.000467949673576696,32768.0,0,17.249056339263916,1:19:41
277,train/val,0.9385561253065648,0.7632417286867681,0.4382859819123278,0.21715460287676486,70.26268261483517,68.48358339230057,78.64649945682434,77.07750387084381,92.02360803083384,92.71070747777512,83.83773477538192,82.76839096734743,78.64649945682434,77.07750387084381,80.44395586745566,78.99248017311277,92.02360803083384,92.71070747777512,92.02360803083384,92.71070747777512,92.02360803083384,92.71070747777512,0.000465925973373476,32768.0,0,17.276869535446167,1:19:58
278,train/val,0.9539186329297398,0.7769565420306247,0.4424052190683458,0.24758028027783213,69.1592507807103,66.74107275794424,77.50340049195266,76.66350524878378,91.85599002059422,91.82497772638038,83.4311663831857,80.00292584116548,77.50340049195266,76.66350524878378,79.60271638665695,77.72672010849865,91.85599002059422,91.82497772638038,91.85599002059422,91.82497772638038,91.85599002059422,91.82497772638038,0.0004639012960586681,32768.0,0,17.322452545166016,1:20:15
279,train/val,0.9512116361571394,0.771856376334377,0.4483881358705137,0.21704633071819254,69.85001765474455,69.01710193297579,78.18208363589491,77.6147931469572,92.0452321848846,92.69331414778354,83.55086284808591,82.78725146648456,78.18208363589491,77.6147931469572,80.13699914889254,79.5830992536028,92.0452321848846,92.69331414778354,92.0452321848846,92.69331414778354,92.0452321848846,92.69331414778354,0.0004618756364174623,32768.0,0,17.467531204223633,1:20:33
280,train/val,0.9341905794065931,0.761242455114489,0.4323703036846026,0.21698622952511834,70.1141258048046,69.21600885658597,78.35484060927406,77.93083495182836,92.2753149910544,92.78653972748522,83.63942991134533,82.44173453807562,78.35484060927406,77.93083495182836,80.32972769118561,79.73902347694089,92.2753149910544,92.78653972748522,92.2753149910544,92.78653972748522,92.2753149910544,92.78653972748522,0.0004598489891816572,32768.0,0,17.053900480270386,1:20:50
281,train/val,0.9596934629523236,0.7813238997174345,0.44592390225633327,0.21725548277741527,68.94217190166894,69.546196500032,77.4105796080357,78.32381773601519,91.99672970896627,92.7756055062271,82.98057773036606,82.63247899123543,77.4105796080357,78.32381773601519,79.38574047039275,80.01737047407363,91.99672970896627,92.7756055062271,91.99672970896627,92.7756055062271,91.99672970896627,92.7756055062271,0.0004578213490288497,32768.0,0,17.23534393310547,1:21:07
282,train/val,0.9575494216836017,0.7800055434522422,0.44385968399760517,0.21791000459095686,69.87671676195153,68.83482550863766,78.40307582259886,77.35312185665788,92.13652022264554,92.6882503607485,83.45016171583232,82.85332788497256,78.40307582259886,77.35312185665788,80.20313254235914,79.38410147085887,92.13652022264554,92.6882503607485,92.13652022264554,92.6882503607485,92.13652022264554,92.6882503607485,0.0004557927105816053,32768.0,0,17.12876033782959,1:21:24
283,train/val,0.9538229927420616,0.7732932797592619,0.45132426885159116,0.21359330130018478,69.60436664112012,69.34682575263125,78.01435569032364,78.21066053755234,92.10487848948534,92.83413932561477,83.53049235719095,82.7417393252271,78.01435569032364,78.21066053755234,80.03398703672251,79.8109200256387,92.10487848948534,92.83413932561477,92.10487848948534,92.83413932561477,92.10487848948534,92.83413932561477,0.0004537630684066175,32768.0,0,17.29450750350952,1:21:41
284,train/val,0.9398995197337606,0.7637068635743597,0.4404816244445417,0.21392751159203166,70.20762024527187,69.04640253196148,78.54592691183417,77.76767184243764,92.24410183439001,92.82296488956904,83.86156284558294,82.75502990005734,78.54592691183417,77.76767184243764,80.46143787316531,79.49771443485919,92.24410183439001,92.82296488956904,92.24410183439001,92.82296488956904,92.24410183439001,92.82296488956904,0.0004517324170138429,32768.0,0,17.24478244781494,1:21:59
285,train/val,0.9545063758673875,0.7751497908130935,0.4483914568858302,0.22786595019980457,69.87982233916618,68.23423817945874,78.09063098388769,77.2389368805801,92.16598920359391,92.41192476621133,83.92821556414461,81.63560054194619,78.09063098388769,77.2389368805801,80.18039754443068,78.9725812759386,92.16598920359391,92.41192476621133,92.16598920359391,92.41192476621133,92.16598920359391,92.41192476621133,0.0004497007508556246,32768.0,0,17.506646633148193,1:22:16
286,train/val,0.9906618465547976,0.8033903406366057,0.46817875499634637,0.22242450047835363,68.67148553855749,68.49829282688471,77.36591652028477,77.4115871508481,91.46354173346994,92.66590297146433,82.88229743575575,82.05552144961463,77.36591652028477,77.4115871508481,79.32996002542038,79.0775759534484,91.46354173346994,92.66590297146433,91.46354173346994,92.66590297146433,91.46354173346994,92.66590297146433,0.0004476680643257951,32768.0,0,17.276565313339233,1:22:34
287,train/val,0.9404295472347218,0.765270856735499,0.4378967232516278,0.23214030775684688,70.44793074377168,66.94302161303204,78.73123359065221,76.2434805359823,92.28921605534572,92.2392711290221,83.9124376812445,80.2684318963977,78.73123359065221,76.2434805359823,80.62044567434664,77.72330903141942,92.28921605534572,92.2392711290221,92.28921605534572,92.2392711290221,92.28921605534572,92.2392711290221,0.00044563435175875947,32768.0,0,17.342711925506592,1:22:51
288,train/val,0.9739077334170756,0.785753188897734,0.4703863517421743,0.21138093040451206,69.509053502528,69.44688379232498,78.13895329322226,78.00074219093698,91.75962214568573,92.86677294935346,83.22119970186125,83.1665971592471,78.13895329322226,78.00074219093698,79.98883955320225,79.88221762005566,91.75962214568573,92.86677294935346,91.75962214568573,92.86677294935346,91.75962214568573,92.86677294935346,0.0004435996074285621,32768.0,0,17.25264263153076,1:23:08
289,train/val,0.9673110622426737,0.779710595374522,0.4690011533220177,0.21884002806787461,69.94760645076471,68.27641352704148,78.18447764740039,76.79716968721787,91.79782556590484,92.63886397978519,83.8963041126423,82.56507732008849,78.18447764740039,76.79716968721787,80.31573808062788,78.8101522446748,91.79782556590484,92.63886397978519,91.79782556590484,92.63886397978519,91.79782556590484,92.63886397978519,0.0004415638255479317,32768.0,0,17.254611253738403,1:23:25
290,train/val,0.9546031135579813,0.7753167275501334,0.44821595505851763,0.2141591205365924,69.67948642728146,69.43243452486679,78.10040571863367,77.80903441792903,91.84060271360754,92.86876584240619,83.55531238696406,82.9919408415487,78.10040571863367,77.80903441792903,80.12079052643318,79.91656936549559,91.84060271360754,92.86876584240619,91.84060271360754,92.86876584240619,91.84060271360755,92.86876584240619,0.00043952700026730684,32768.0,0,17.518064975738525,1:23:43
291,train/val,0.9382831791172856,0.7631623851864234,0.4378019682253184,0.21211944734528926,69.98045887714053,69.43799734258458,78.42103260774245,77.84330701361792,92.19356114597475,92.88538959539304,83.51766736107594,83.24494393711774,78.42103260774245,77.84330701361792,80.27373077935181,79.91779378103907,92.19356114597475,92.88538959539304,92.19356114597475,92.88538959539304,92.19356114597477,92.88538959539304,0.00043748912567384194,32768.0,0,17.29457187652588,1:24:00
292,train/val,0.9587933673806812,0.7749961731226548,0.4594929693671672,0.21198479274273685,69.84047168348488,69.1681322752677,78.24587333087543,77.62936198557536,91.96288918317838,92.88823658546839,83.75310913850424,83.02671272574486,78.24587333087543,77.62936198557536,80.26200929869582,79.56503721710591,91.96288918317838,92.88823658546839,91.96288918317838,92.88823658546839,91.96288918317838,92.88823658546839,0.0004354501957903908,32768.0,0,17.298217058181763,1:24:17
293,train/val,0.9675789598537528,0.7832331210374832,0.46086458821335563,0.22129574826683918,69.52519644692447,68.2156166288257,77.95435279931392,76.94887224809197,91.80328084660536,92.55314437079258,83.37399225334013,82.33487935315715,77.95435279931392,76.94887224809197,79.94046401918557,78.87263040402769,91.80328084660536,92.55314437079258,91.80328084660536,92.55314437079258,91.80328084660536,92.55314437079258,0.0004334102045744697,32768.0,0,17.768544912338257,1:24:35
294,train/val,0.9726621123111766,0.782275772936966,0.47596582964710565,0.2164988695632962,68.79812131387027,69.008906348698,77.35124087646537,77.95520983555731,91.77700750007364,92.82730210101195,83.07939747748473,82.10972821638137,77.35124087646537,77.95520983555731,79.44330450616502,79.52393424945015,91.77700750007364,92.82730210101195,91.77700750007364,92.82730210101195,91.77700750007362,92.82730210101194,0.0004313691459171963,32768.0,0,17.103639364242554,1:24:52
295,train/val,1.010096496861914,0.8196586153429487,0.4760946853329306,0.22543189601698674,69.23021270057626,68.25026220742653,77.64219330336775,77.19098904495971,91.48446529066912,92.47789041594154,83.47539779400385,81.95077636452488,77.64219330336775,77.19098904495971,79.83668149088233,78.96417498733821,91.48446529066912,92.47789041594154,91.48446529066912,92.47789041594154,91.48446529066912,92.47789041594154,0.0004293270136422084,32768.0,0,17.346107482910156,1:25:10
296,train/val,0.9524891684236734,0.7800815614021342,0.4310190011949643,0.235482789486251,69.24152168906569,67.39725958635456,77.75237821623566,76.69040789179898,91.95025203203672,92.21343469408832,83.21153587129533,81.09442285372356,77.75237821623566,76.69040789179898,79.74106772220843,78.28508870832259,91.95025203203672,92.21343469408832,91.95025203203672,92.21343469408832,91.95025203203672,92.21343469408832,0.00042728380150455634,32768.0,0,17.501392602920532,1:25:27
297,train/val,0.9285917427876721,0.7640505390970603,0.4113529970788437,0.2454738495945152,70.19110757006713,66.74891031374737,78.73715228702537,75.72975425583965,92.36702342533967,91.85797018949314,83.68051840149249,81.02476815130882,78.73715228702537,75.72975425583965,80.49027116049608,77.74128999267627,92.36702342533967,91.85797018949314,92.36702342533967,91.85797018949314,92.36702342533967,91.85797018949314,0.00042523950318957405,32768.0,0,17.190547704696655,1:25:44
298,train/val,0.9213650825878847,0.753639036870521,0.4193151066808597,0.219242346133161,70.3723663863326,69.13591859375082,78.76679878407535,77.58056726655484,92.31657255003083,92.69802354386651,83.87793769304932,82.52260717139552,78.76679878407535,77.58056726655484,80.62002983796053,79.71395948219526,92.31657255003083,92.69802354386651,92.31657255003083,92.69802354386651,92.31657255003083,92.69802354386651,0.00042319411231172215,32768.0,0,17.28073763847351,1:26:02
299,train/val,1.0214807562853978,0.83060583828584,0.47718728382302367,0.22188321243572678,69.16988883731567,68.52957558438727,77.72029209960711,77.97033465032851,91.38023266477747,92.59356718144053,83.39958359843155,81.26986667664504,77.72029209960711,77.97033465032851,79.81838513007268,79.12994169451463,91.38023266477747,92.59356718144053,91.38023266477747,92.59356718144053,91.38023266477747,92.59356718144053,0.0004212136554375743,16384.0,1,17.479742527008057,1:26:19
300,train/val,0.9298490049398463,0.7617936387010242,0.42013840409724607,0.22844830076859834,70.82229630863381,68.39028239680816,79.08418079321962,77.86136496339714,92.3845695350723,92.41007125704769,84.30212818576862,81.00109316200434,79.08418079321962,77.86136496339714,81.01148863137351,79.10346266976279,92.3845695350723,92.41007125704769,92.3845695350723,92.41007125704769,92.3845695350723,92.41007125704769,0.0004191660957535943,16384.0,0,17.210455179214478,1:26:36
301,train/val,0.9355209268953489,0.7606947590475497,0.4370654084436271,0.21465724093001973,69.97166725235434,69.41705237938298,78.41072259620555,78.03643086402109,91.93906460241948,92.84029742446005,83.59029479008825,82.85404891830834,78.41072259620555,78.03643086402109,80.34853763296067,79.89161783543196,91.93906460241948,92.84029742446005,91.93906460241948,92.84029742446005,91.93906460241948,92.84029742446005,0.0004171174241272103,16384.0,0,17.02254891395569,1:26:53
302,train/val,0.9725578725337982,0.7869260835906733,0.46407945818551205,0.2095119189536066,70.00739065155545,70.09222628424006,78.52428500528681,78.78926375730835,91.65300266383419,93.03434945424164,83.70399016513824,83.06869239767477,78.52428500528681,78.78926375730835,80.47535410432609,80.4083514035906,91.65300266383419,93.03434945424164,91.65300266383419,93.03434945424164,91.65300266383419,93.03434945424164,0.00041506763387978837,16384.0,0,17.137237310409546,1:27:11
303,train/val,0.9513174327819244,0.7731141240700431,0.4455082692691813,0.21030699595820085,70.01335330857242,70.10631789064621,78.2687039301755,78.72824317143838,92.13041551966742,93.00809041921855,83.70520232453856,82.8740150434659,78.2687039301755,78.72824317143838,80.32642245834154,80.47113525836515,92.13041551966742,93.00809041921855,92.13041551966742,93.00809041921855,92.13041551966742,93.00809041921855,0.0004130167182556933,16384.0,0,17.308879852294922,1:27:28
304,train/val,0.9434389621019363,0.7648714926579724,0.4464186662403138,0.2141186571572626,70.43474806059284,69.31731395414583,78.80453355305377,77.74272607526595,92.1606284701095,92.86455022116442,83.76967819903567,82.93417933232121,78.80453355305377,77.74272607526595,80.64850470760246,79.81662574599376,92.1606284701095,92.86455022116442,92.1606284701095,92.86455022116442,92.1606284701095,92.86455022116442,0.00041096467042097047,16384.0,0,17.227120399475098,1:27:45
305,train/val,1.0000218875382256,0.8130826988945836,0.46734795686991315,0.2184568317298749,69.1351713189839,68.63525802298275,77.92161312930914,76.9672770666292,91.35012668232127,92.61673752879334,83.24104512775008,83.20430754119951,77.92161312930914,76.9672770666292,79.83622762972257,79.20982623894105,91.35012668232127,92.61673752879334,91.35012668232127,92.61673752879334,91.35012668232127,92.61673752879334,0.0004089114834619968,16384.0,0,17.406256675720215,1:28:02
306,train/val,0.9344749457162359,0.7628615284743516,0.42903352974225645,0.2126026811640245,70.59663917854057,69.12058530441098,78.83260396575645,77.83034559957571,92.41375625049993,92.86969852821734,84.0182003683771,82.39058974534944,78.83260396575645,77.83034559957571,80.74364796637293,79.60816791877257,92.41375625049993,92.86969852821734,92.41375625049993,92.86969852821734,92.41375625049993,92.86969852821734,0.00040685715038410545,16384.0,0,17.214919090270996,1:28:20
307,train/val,0.9603184332018313,0.7890509205019992,0.428168771383555,0.21675139732812207,69.77566447747384,68.97810998033067,78.21704055297499,77.47658712801217,92.02283109678856,92.84881170415413,83.63776285238987,82.48882766737341,78.21704055297499,77.47658712801217,80.1560023259265,79.4338219683165,92.02283109678856,92.84881170415413,92.02283109678856,92.84881170415413,92.02283109678856,92.84881170415412,0.00040480166411017185,16384.0,0,17.370864868164062,1:28:37
308,train/val,0.9472854552061661,0.7718769622885663,0.4385212253293265,0.2091198466235995,70.1028626883708,69.64044904030122,78.15613979398091,77.88433978411248,92.06699360609984,92.99961320970773,84.2442398049185,83.36889160487962,78.15613979398091,77.88433978411248,80.4532594914032,80.02582371559048,92.06699360609984,92.99961320970773,92.06699360609984,92.99961320970773,92.06699360609984,92.99961320970773,0.0004027450174791729,16384.0,0,17.276848793029785,1:28:54
309,train/val,1.0010986577557481,0.8128249859032424,0.4706841661878254,0.21348840218075732,70.15528487370676,69.52506178858322,78.66402165253241,78.21102021400729,91.7983679083599,92.8803421192386,83.76951202866877,82.88553575440997,78.66402165253241,78.21102021400729,80.57016824884833,80.00439960147013,91.7983679083599,92.8803421192386,91.7983679083599,92.8803421192386,91.7983679083599,92.8803421192386,0.0004006872032447099,16384.0,0,17.448441982269287,1:29:12
310,train/val,0.9664186925991721,0.7814193014865336,0.46249847470418265,0.20864817534256,69.82415496850484,69.93762092043318,78.30186948544203,78.38754192679183,91.73384552184956,93.01226897027706,83.59243776621345,83.34174001419744,78.30186948544203,78.38754192679183,80.3058732383596,80.36256303029464,91.73384552184956,93.01226897027706,91.73384552184956,93.01226897027706,91.73384552184956,93.01226897027706,0.0003986282140734971,16384.0,0,17.276387453079224,1:29:29
311,train/val,0.9468230575970982,0.7729555899682252,0.4346686625934165,0.22728090034244694,70.5820429579309,67.6563321309896,78.82510786087813,76.50100924441591,92.12528001798755,92.45633484577209,84.1813335154593,81.78686684470054,78.82510786087813,76.50100924441591,80.84666502779126,78.3747879883083,92.12528001798755,92.45633484577209,92.12528001798755,92.45633484577209,92.12528001798754,92.45633484577209,0.00039656804254381475,16384.0,0,17.273854970932007,1:29:46
312,train/val,0.9661621312084405,0.7829036524762277,0.4581461823342935,0.2190173502776075,69.91835082510195,69.06774882999453,78.36141958952399,77.91317630997389,91.91422882503332,92.72606343049404,83.54779957532273,82.51616613452858,78.36141958952399,77.91317630997389,80.36147053872033,79.60728858956753,91.91422882503332,92.72606343049404,91.91422882503332,92.72606343049404,91.91422882503332,92.72606343049404,0.0003945066811439267,16384.0,0,17.261813163757324,1:30:04
313,train/val,0.9418408206623533,0.7686438774285109,0.43299234844744205,0.2217085962335285,70.47423261692956,68.63971091188724,78.90441915743529,77.4010941897828,92.22823873126411,92.60407731980203,83.91049826670366,82.31408345354552,78.90441915743529,77.4010941897828,80.74742295801816,79.33077992204583,92.22823873126411,92.60407731980203,92.22823873126411,92.60407731980203,92.22823873126411,92.60407731980203,0.0003924441222704585,16384.0,0,17.711700916290283,1:30:21
314,train/val,0.9494098525332367,0.7720510429986145,0.44339700934031734,0.20574965261531256,71.06051183470312,70.44069090162198,79.27719911945167,79.00626977446929,92.44648699933632,93.12819929582963,84.40900630319578,83.33693848023667,79.27719911945167,79.00626977446929,81.18532834999473,80.73361258068434,92.44648699933632,93.12819929582963,92.44648699933632,93.12819929582963,92.44648699933632,93.12819929582963,0.0003903803582267375,16384.0,0,17.16230034828186,1:30:38
315,train/val,0.9386550424539525,0.7658973527343377,0.4318942214645769,0.23904248325947594,70.83479755831252,67.20112573985725,79.2199387530795,76.2386157242567,92.2839244605901,92.11056790112107,84.18325278247676,81.16211061601547,79.2199387530795,76.2386157242567,81.05137588399803,78.1498800658838,92.2839244605901,92.11056790112107,92.2839244605901,92.11056790112107,92.2839244605901,92.11056790112107,0.00038831538122109335,16384.0,0,17.160619020462036,1:30:56
316,train/val,0.9155142747837564,0.7506496958110643,0.41216144435431645,0.22185882755332564,71.2826333365633,68.69701205742405,79.45130412012271,77.54739877527538,92.5024251204093,92.5158621460715,84.4533394770923,82.33668556308984,79.45130412012271,77.54739877527538,81.2337657269966,79.39062901155307,92.5024251204093,92.5158621460715,92.5024251204093,92.5158621460715,92.5024251204093,92.5158621460715,0.00038624918336511673,16384.0,0,17.37091565132141,1:31:13
317,train/val,0.9490199766081312,0.7736000157892704,0.43854989249097265,0.2100031417443701,70.3636573552423,70.01455488798071,78.72159326450257,78.59696027581803,92.09156477156273,92.96673047433747,83.94608073400516,83.16337465412654,78.72159326450257,78.59696027581803,80.69453192922388,80.40403828173778,92.09156477156273,92.96673047433747,92.09156477156273,92.96673047433747,92.09156477156274,92.96673047433747,0.00038418175667187537,16384.0,0,17.446149349212646,1:31:30
318,train/val,0.925964325018551,0.7597105940398963,0.4156343153799357,0.21148121278014587,70.82609949814947,70.04091759786405,78.8509904514607,79.01645513171786,92.59655476055904,92.89580483408535,84.3574028793734,82.66773428716756,78.8509904514607,79.01645513171786,80.91772983772962,80.49817942258947,92.59655476055904,92.89580483408535,92.59655476055904,92.89580483408535,92.59655476055904,92.89580483408535,0.00038211309305408707,16384.0,0,17.221981525421143,1:31:48
319,train/val,0.9758213078198226,0.7881307530662287,0.4692263757890981,0.2086623096242203,69.38054430507974,69.58771693931216,77.66530857838487,77.85516710259809,91.90288094631305,93.00797031182474,83.49615907036437,83.40720287308193,77.66530857838487,77.85516710259809,79.89657485299693,79.97874699762076,91.90288094631305,93.00797031182474,91.90288094631305,93.00797031182474,91.90288094631305,93.00797031182474,0.0003800431843222475,16384.0,0,17.21903681755066,1:32:05
320,train/val,0.9463495472851007,0.7693064523779828,0.44260771637377533,0.20976859174414397,70.61954948499758,69.7697768656049,78.98110922308486,78.34500448044334,92.18400295193834,93.04075221629651,84.09036226299304,82.91142734149084,78.98110922308486,78.34500448044334,80.8837199692973,80.14667010717197,92.18400295193834,93.04075221629651,92.18400295193834,93.04075221629651,92.18400295193833,93.04075221629651,0.000377972022182711,16384.0,0,17.35048532485962,1:32:22
321,train/val,0.9883042369847712,0.8180211234999739,0.425707775046644,0.2270364700957797,70.13886531866204,68.1402496997749,78.47744721130442,76.43674191982642,92.06879521833734,92.3899629068332,83.78170408525456,82.29548295052095,78.47744721130442,76.43674191982642,80.4675155517544,78.86416476857516,92.06879521833734,92.3899629068332,92.06879521833734,92.3899629068332,92.06879521833734,92.3899629068332,0.00037589959823572286,16384.0,0,16.932088375091553,1:32:39
322,train/val,0.9203738748379375,0.754015607840341,0.4158956591525803,0.21864506844416218,70.67680029459574,68.7149299557043,79.02804324324087,77.40573092621385,92.47843863675227,92.67243918617899,84.13105880822975,82.4350188988215,79.02804324324087,77.40573092621385,80.8990110923087,79.3074742748104,92.47843863675227,92.67243918617899,92.47843863675227,92.67243918617899,92.47843863675227,92.67243918617899,0.0003738259039734051,16384.0,0,17.248486280441284,1:32:56
323,train/val,0.9799119042961494,0.7966949321005655,0.458042427573515,0.20719836684620005,70.48199381920661,70.00579057758691,78.96371844944625,78.55301222097908,91.90736943482038,93.09245622511803,84.12677226365697,83.27531258043689,78.96371844944625,78.55301222097908,80.87824986736744,80.34234825089001,91.90736943482038,93.09245622511803,91.90736943482038,93.09245622511803,91.90736943482038,93.09245622511803,0.0003717509307776878,16384.0,0,17.437867641448975,1:33:14
324,train/val,0.9328565305989721,0.7610961169652317,0.4294010290633077,0.21635254416652847,70.60185194735543,68.79789294137714,78.70746435355085,76.64913043636271,92.43299619471921,92.78477666956877,84.30420558036509,83.47438823311184,78.70746435355085,76.64913043636271,80.80964618368444,79.39198599915606,92.43299619471921,92.78477666956877,92.43299619471921,92.78477666956877,92.4329961947192,92.78477666956877,0.0003696746699181888,16384.0,0,17.608195304870605,1:33:31
325,train/val,0.9336138260753258,0.7637784027534982,0.4245885559560164,0.21737306210056415,71.02402302040271,69.545786307712,78.98650229664487,78.33982563373915,92.33751592838205,92.75117032422101,84.68895082643438,82.73245156309812,78.98650229664487,78.33982563373915,81.12927552575682,80.0245897886251,92.33751592838205,92.75117032422101,92.33751592838205,92.75117032422101,92.33751592838205,92.75117032422101,0.00036759711255004095,16384.0,0,17.29578423500061,1:33:49
326,train/val,0.9402542302142018,0.7711940825633381,0.42265035819424235,0.2098882647217375,70.5344015822154,69.50002422808261,78.80770100056081,78.19319120548603,92.43461842668785,92.99230296956634,84.03377800406727,82.95866857147037,78.80770100056081,78.19319120548603,80.79035583278261,79.87571342444859,92.43461842668785,92.99230296956634,92.43461842668785,92.99230296956634,92.43461842668785,92.99230296956634,0.0003655182497116608,16384.0,0,17.16965413093567,1:34:06
327,train/val,0.9591915588016096,0.7778446007034053,0.45336738471751625,0.2055829786419583,70.24069781272489,70.308084546085,78.52333886426614,78.27890401707684,92.18470675680497,93.10620184907556,84.00964601224022,84.0327522235598,78.52333886426614,78.27890401707684,80.59085491844492,80.60782477577388,92.18470675680497,93.10620184907556,92.18470675680497,93.10620184907556,92.18470675680497,93.10620184907556,0.00036343807232246106,16384.0,0,17.33275866508484,1:34:23
328,train/val,0.9388385910702788,0.7648427904300068,0.4349894947979761,0.22949024040310415,70.4133473457685,68.34968443054746,78.69402810913833,77.10502535117978,92.10934469508486,92.39710410693888,83.99449747393284,81.9512967756339,78.69402810913833,77.10502535117978,80.69837634712123,79.05377046990118,92.10934469508486,92.39710410693888,92.10934469508486,92.39710410693888,92.10934469508486,92.39710410693888,0.00036135657118050303,16384.0,0,17.282403230667114,1:34:41
329,train/val,0.9501619413495064,0.7716328854794088,0.4463226297141417,0.2141124728080938,70.90479231844748,69.8394979663419,79.31378959250857,78.42845073311103,92.1846782532275,92.84828085912967,84.17397060456715,82.91557078919779,79.31378959250857,78.42845073311103,81.11141739172832,80.31840951516581,92.1846782532275,92.84828085912967,92.1846782532275,92.84828085912967,92.1846782532275,92.84828085912969,0.0003592737369600873,16384.0,0,17.297334671020508,1:34:58
330,train/val,0.9570181858928307,0.7809687353994536,0.4401236309305481,0.2204002643539642,70.17602019516109,68.84698541729927,78.40847667137001,77.3678789264909,92.07110305687252,92.61484843225377,84.09718793166991,82.77837163769229,78.40847667137001,77.3678789264909,80.49465829671226,79.43724482368488,92.07110305687252,92.61484843225377,92.07110305687252,92.61484843225377,92.07110305687252,92.61484843225377,0.00035718956020928033,16384.0,0,17.220880031585693,1:35:15
331,train/val,0.9216082782849021,0.7472818024132563,0.4358161831193644,0.2072005168589077,71.10862781197135,69.96294752967317,79.34687654794008,78.3454657530724,92.17168962448022,92.99315410097428,84.34349438254391,83.766666946152,79.34687654794008,78.3454657530724,81.26202315503565,80.33233660164787,92.17168962448022,92.99315410097428,92.17168962448022,92.99315410097428,92.17168962448022,92.99315410097428,0.000355104031347376,16384.0,0,17.26485013961792,1:35:32
332,train/val,0.9379322259970333,0.7630756821321404,0.4371413524546053,0.2109195086816145,71.28593759077276,69.79520641665974,79.69075105281117,78.66618693581641,92.21963409973239,92.91229216879775,84.49255165803262,83.08600756043101,79.69075105281117,78.66618693581641,81.49994703692182,80.26124408326454,92.21963409973239,92.91229216879775,92.21963409973239,92.91229216879775,92.21963409973239,92.91229216879775,0.000353017140662289,16384.0,0,17.39653253555298,1:35:50
333,train/val,0.962386034105135,0.7812106525120528,0.4529384455603102,0.21562357523067477,70.58506002977441,68.86749043544779,78.59485923536435,77.27542258227061,91.93781103251585,92.76032221106739,84.43743908322912,82.99400788930514,78.59485923536435,77.27542258227061,80.79697945479715,79.41386886728957,91.93781103251585,92.76032221106739,91.93781103251585,92.76032221106739,91.93781103251585,92.76032221106739,0.0003509288783078774,16384.0,0,17.360220670700073,1:36:07
334,train/val,0.9336546361446381,0.7659712514799574,0.41920845145764557,0.20712671730635965,70.68477534627931,70.40356316846933,78.82990627159035,79.0705032216027,92.19487947118958,93.10554199981331,84.3174270512311,83.26553951665282,78.82990627159035,79.0705032216027,80.9045901683989,80.75477346374917,92.19487947118958,93.10554199981331,92.19487947118958,93.10554199981331,92.19487947118958,93.10554199981331,0.00034883923430119394,16384.0,0,17.302242755889893,1:36:24
335,train/val,0.9464894597945006,0.7728626621158227,0.4340669897425434,0.2039328325650476,70.90073311489519,70.447489239472,79.08876381339999,78.57798736334135,92.23741280517976,93.13027077767092,84.3286038411391,84.08139933662248,79.08876381339999,78.57798736334135,81.08547492108168,80.74312169623767,92.23741280517976,93.13027077767092,92.23741280517976,93.13027077767092,92.23741280517976,93.13027077767092,0.00034674819851966,16384.0,0,17.173676013946533,1:36:42
336,train/val,0.9205555339222369,0.7564672293222469,0.4102207593943762,0.2052247567181181,71.27357117405026,70.2204941014442,79.3943309026307,79.16770595088377,92.65972761153739,93.13195376399149,84.52522685778966,82.74136086333765,79.3943309026307,79.16770595088377,81.29339854728784,80.55585480547037,92.65972761153739,93.13195376399149,92.65972761153739,93.13195376399149,92.65972761153739,93.13195376399149,0.0003446557606981641,16384.0,0,17.30863857269287,1:36:59
337,train/val,0.9435990705438282,0.7719095307199851,0.4292238404083511,0.20547549798972103,70.70112065200505,70.31800218757671,78.95177749736628,78.98316026333138,92.34950655771172,93.11147916036629,84.16808861243791,83.15039904733979,78.95177749736628,78.98316026333138,80.95203941862027,80.62704877862811,92.34950655771172,93.11147916036629,92.34950655771172,93.11147916036629,92.34950655771172,93.11147916036629,0.00034256191042607916,16384.0,0,17.16008687019348,1:37:16
338,train/val,0.9138183723325315,0.7574329641850098,0.39096351559071435,0.2066791272797514,71.59699237234881,70.0886858982702,79.72543473678982,78.24988402713593,92.73934926177321,93.04840201931668,84.66736372745036,83.79823207870466,79.72543473678982,78.24988402713593,81.54760759705238,80.4112256035932,92.73934926177321,93.04840201931668,92.73934926177321,93.04840201931668,92.73934926177321,93.04840201931668,0.0003404666371441969,16384.0,0,17.106476306915283,1:37:33
339,train/val,0.934207871556282,0.7645277568827504,0.4242002881415512,0.23165438171605143,71.32679454314356,67.7348203709787,79.48545685187688,76.77826597777506,92.41063999287957,92.30632071091122,84.76774723994048,81.62685188473095,79.48545685187688,76.77826597777506,81.43019936173317,78.62773086489628,92.41063999287957,92.30632071091122,92.41063999287957,92.30632071091122,92.41063999287957,92.30632071091122,0.0003383699301415752,16384.0,0,17.64350652694702,1:37:51
340,train/val,0.9339807315365127,0.7614372087561566,0.43135879974326363,0.205486593964407,71.06853550338462,70.22851499399046,79.42227954896062,78.43964546041596,92.07647522865365,93.15987650883987,84.37040904827813,83.66838958545422,79.42227954896062,78.43964546041596,81.27796880433166,80.5572644784861,92.07647522865365,93.15987650883987,92.07647522865365,93.15987650883987,92.07647522865365,93.15987650883987,0.0003362717785522978,16384.0,0,17.155938625335693,1:38:08
341,train/val,0.9294301870724428,0.761999555579994,0.4185765752487856,0.21663439120268205,70.75824891799837,68.90863954707235,79.31019283740525,77.23310419818363,92.2929342986101,92.80669849314896,83.81867278657833,83.2343494827305,79.31019283740525,77.23310419818363,80.97142914395015,79.4680496462717,92.2929342986101,92.80669849314896,92.2929342986101,92.80669849314896,92.2929342986101,92.80669849314896,0.00033417217135214177,16384.0,0,17.172914505004883,1:38:25
342,train/val,0.9513187016481939,0.7772764709332715,0.4351055739528459,0.21494335787206473,70.57833950573958,69.19189689164877,78.70723888461953,78.00946659741611,92.31021388391137,92.85931739409364,84.40388517295989,82.47914716666365,78.70723888461953,78.00946659741611,80.89892358493898,79.72892826289807,92.31021388391137,92.85931739409364,92.31021388391137,92.85931739409364,92.31021388391137,92.85931739409364,0.0003320710973551479,16384.0,0,17.52077007293701,1:38:43
343,train/val,0.9349984008332957,0.7630520278344983,0.4298659198634002,0.20549466593889248,71.23077014300002,69.9706918314489,79.42383665297271,78.31024352644887,92.24798741527391,93.11041153908802,84.59514507887053,83.57704101921986,79.42383665297271,78.31024352644887,81.36774881619779,80.30398766390083,92.24798741527391,93.11041153908802,92.24798741527391,93.11041153908802,92.24798741527391,93.11041153908802,0.0003299685452100946,16384.0,0,17.412724256515503,1:39:00
344,train/val,0.9193093805857326,0.7542160017334897,0.41273342882809433,0.20401828449256368,71.66703450922101,70.78855130400466,79.81650917364827,79.80746767740908,92.50438741010666,93.2087794946133,84.7931978159087,82.85340357462316,79.81650917364827,79.80746767740908,81.73625039225598,81.06459207891415,92.50438741010666,93.2087794946133,92.50438741010666,93.2087794946133,92.50438741010665,93.20877949461328,0.00032786450339686654,16384.0,0,17.311721324920654,1:39:17
345,train/val,0.940695685536965,0.7650400681988052,0.4391390341941429,0.21016703168903839,71.02618504711987,69.7537488408181,79.37073684728921,78.67670229445767,92.16866494203916,92.95843565012835,84.37995625659227,82.75978401190291,79.37073684728921,78.67670229445767,81.27511757195282,80.16860939064213,92.16866494203916,92.95843565012835,92.16866494203916,92.95843565012835,92.16866494203914,92.95843565012835,0.00032575896022271996,16384.0,0,17.215848445892334,1:39:35
346,train/val,0.9122115849800732,0.7492672477079474,0.40736083378610405,0.21381858450758082,71.72589531807432,69.40729628622988,79.92841072419381,78.15897599528239,92.7504423082238,92.82899101856185,84.64554540771712,82.8438598243078,79.92841072419381,78.15897599528239,81.68641101740633,79.92030377442572,92.7504423082238,92.82899101856185,92.7504423082238,92.82899101856185,92.7504423082238,92.82899101856185,0.000323651903818436,16384.0,0,17.20516538619995,1:39:52
347,train/val,0.9349896023454873,0.773478668992934,0.40377732374421926,0.20770888883775263,71.36901143922412,69.77930956545113,79.47691275462046,78.24974747929485,92.48299787072412,93.01328765891338,84.7657665395636,83.45417088908876,79.47691275462046,78.24974747929485,81.51210823255795,80.12192350651046,92.48299787072412,93.01328765891338,92.48299787072412,93.01328765891338,92.48299787072412,93.01328765891338,0.00032154332213435953,16384.0,0,17.205389499664307,1:40:09
348,train/val,0.9222569481834121,0.7542598571466362,0.41999270896548807,0.20114470646540697,71.21035323630244,70.7316953173323,79.45414363107622,78.7805848919925,92.46268207959663,93.24930313615974,84.44414301542082,84.09549961194199,79.45414363107622,78.7805848919925,81.33594779518121,80.96128893737091,92.46268207959663,93.24930313615974,92.46268207959663,93.24930313615974,92.46268207959663,93.24930313615974,0.00031943320293632225,16384.0,0,17.26327896118164,1:40:26
349,train/val,0.9457763608383095,0.7717668951853461,0.43502365562902845,0.20272792522252675,70.94369533056253,70.7722287768077,79.18809260156095,79.25729335416702,92.25506350411278,93.21748209083842,84.44624883498099,83.80665202501288,79.18809260156095,79.25729335416702,81.19519893726446,80.9919699812339,92.25506350411278,93.21748209083842,92.25506350411278,93.21748209083842,92.25506350411278,93.21748209083842,0.00031732153380143943,16384.0,0,17.16112446784973,1:40:43
350,train/val,0.9349723215336385,0.7650947365099969,0.4246939500874799,0.2081020900706847,71.68479629976194,69.9688883031537,79.93029998348233,78.36199985803351,92.40892868413718,93.00517225439131,84.52144344511399,83.49099639135548,79.93029998348233,78.36199985803351,81.66330837094475,80.37638685007927,92.40892868413718,93.00517225439131,92.40892868413718,93.00517225439131,92.40892868413718,93.00517225439131,0.00031520830211378194,16384.0,0,17.318691968917847,1:41:01
351,train/val,0.9199467800233675,0.7571205133977144,0.40706565603613853,0.20779452675332885,71.44467321171305,69.49889375919618,79.74284616713352,78.08521276561895,92.51345659698316,93.0757271928107,84.47595298023582,83.00858814007842,79.74284616713352,78.08521276561895,81.54124494042404,79.88238369643989,92.51345659698316,93.0757271928107,92.51345659698316,93.0757271928107,92.51345659698316,93.0757271928107,0.00031309349505991436,16384.0,0,17.090847492218018,1:41:18
352,train/val,0.9534094916737598,0.7846910752679991,0.42179603623631207,0.20245339937380305,70.7483251263047,70.83897830736181,79.23970244365267,79.2803779895459,92.08420130758009,93.22542252409544,83.98065645477637,83.67438765109424,79.23970244365267,79.2803779895459,81.09090892772095,81.09509860708333,92.08420130758009,93.22542252409544,92.08420130758009,93.22542252409544,92.08420130758009,93.22542252409544,0.00031097709962429665,16384.0,0,17.331339120864868,1:41:35
353,train/val,0.9249112482952034,0.7572384457225385,0.4191820006007733,0.2051189682039029,71.14091724835035,70.18600134110285,79.43495893561554,78.6476871024588,92.6319375903956,93.09868698152252,84.27448467147964,83.48350219936006,79.43495893561554,78.6476871024588,81.31705507153886,80.51967354047265,92.6319375903956,93.09868698152252,92.6319375903956,93.09868698152252,92.6319375903956,93.09868698152252,0.00030885910258454235,16384.0,0,17.344365119934082,1:41:52
354,train/val,0.931006771714791,0.767010732513407,0.40999008528888226,0.20183012320683183,71.66244913900654,70.41174240906221,79.580650082907,78.71504269561076,92.64507786239653,93.17726983883145,84.96757484919226,83.91585165015854,79.580650082907,78.71504269561076,81.63178115409949,80.60828283000215,92.64507786239653,93.17726983883145,92.64507786239653,93.17726983883145,92.64507786239653,93.17726983883145,0.0003067394905065291,16384.0,0,17.476346492767334,1:42:10
355,train/val,0.9097365613864815,0.7497529594794563,0.39995899982750416,0.20504234598858728,71.59640257796066,70.32780140124034,79.72723059566816,79.1545638480924,92.69316144746135,93.14145114494598,84.69032368858815,82.95094737597296,79.72723059566816,79.1545638480924,81.59001179412635,80.60747568732324,92.69316144746135,93.14145114494598,92.69316144746135,93.14145114494598,92.69316144746135,93.14145114494598,0.00030461824973935495,16384.0,0,17.10675048828125,1:42:27
356,train/val,0.9462409586362217,0.7742023574917213,0.43009649751626927,0.20732286612996703,71.40899451141826,70.2706830776058,79.646316557758,78.80047870093006,92.39100776820207,93.0490796622669,84.5739002337697,83.53305616700335,79.646316557758,78.80047870093006,81.51839193218865,80.60810762664443,92.39100776820207,93.0490796622669,92.39100776820207,93.0490796622669,92.39100776820207,93.0490796622669,0.0003024953664101345,16384.0,0,17.36048698425293,1:42:44
357,train/val,0.9254832228888635,0.7624800172836884,0.407507998301931,0.20331754247399655,71.68322240418884,70.87296184087116,79.72916679414723,79.2132908172179,92.48273375900378,93.2077000108764,84.94226733325246,83.76160517179152,79.72916679414723,79.2132908172179,81.71037194954815,81.1444556117903,92.48273375900378,93.2077000108764,92.48273375900378,93.2077000108764,92.48273375900378,93.2077000108764,0.00030037082641862884,16384.0,0,17.34649634361267,1:43:02
358,train/val,0.9081693074625471,0.7465289024555165,0.4041010014226903,0.21259157047710958,71.8966612409931,69.69503444601445,79.9883580853756,78.37853230722654,92.7210292103495,92.8237833992157,84.88058452487445,82.7370008856101,79.9883580853756,78.37853230722654,81.88081833141212,80.20259455389632,92.7210292103495,92.8237833992157,92.7210292103495,92.8237833992157,92.7210292103495,92.8237833992157,0.00029824461543170085,16384.0,0,17.309800386428833,1:43:19
359,train/val,0.9176882330490195,0.7538867777456407,0.4095036256248536,0.20127619139352304,71.48348708576827,70.16716170931949,79.47546410385873,77.97989050798442,92.57011056815058,93.1904164086273,84.75300653121757,84.61485809807272,79.47546410385873,77.97989050798442,81.51166146449387,80.40231837879297,92.57011056815058,93.1904164086273,92.57011056815058,93.1904164086273,92.57011056815058,93.1904164086273,0.00029611671887759376,16384.0,0,17.438087224960327,1:43:37
360,train/val,0.945778349171514,0.7724837233190951,0.4332365507826857,0.20403090312502756,71.13598931954571,70.45287865696851,79.33952403765471,78.71764148076113,92.1941551603341,93.16292367790489,84.57225583485297,84.01738385005444,79.33952403765471,78.71764148076113,81.32600963125952,80.67884290377026,92.1941551603341,93.16292367790489,92.1941551603341,93.16292367790489,92.1941551603341,93.16292367790489,0.00029398712194001695,16384.0,0,17.214600801467896,1:43:54
361,train/val,0.8955980319043864,0.7411230303671049,0.38618749833625293,0.2030868248356549,72.03149545868696,70.22340216449227,80.21592759288008,79.0194496300306,92.89149829789486,93.16215410090014,84.92248186348272,83.13107827308983,80.21592759288008,79.0194496300306,81.98380458696516,80.45349699846656,92.89149829789486,93.16215410090014,92.89149829789486,93.16215410090014,92.89149829789486,93.16215410090014,0.00029185580955204215,16384.0,0,17.077916622161865,1:44:11
362,train/val,0.9120248306704604,0.7517050747638163,0.40079937810483185,0.20457151620070804,71.92749976843925,70.14668897220454,79.99725770230147,78.86052114633142,92.74455563323009,93.23362689705736,84.90588373687518,83.31126038959955,79.99725770230147,78.86052114633142,81.85036257081578,80.37045087435871,92.74455563323009,93.23362689705736,92.74455563323009,93.23362689705736,92.74455563323009,93.23362689705736,0.0002897227663897917,16384.0,0,17.22154426574707,1:44:28
363,train/val,0.9262854223665984,0.7633511391670807,0.4073357002242752,0.20051196599103538,71.07669406890395,70.96824920170644,79.36705871950167,79.85359952719953,92.52829931993523,93.26125011482489,84.24801994783509,83.35240788143555,79.36705871950167,79.85359952719953,81.20866369860335,81.20178455556004,92.52829931993523,93.26125011482489,92.52829931993523,93.26125011482489,92.52829931993523,93.2612501148249,0.0002875879768659179,16384.0,0,17.14532232284546,1:44:45
364,train/val,0.9344086326334787,0.7685014796645745,0.4147678756195566,0.19929369270432473,71.07987584892335,70.80283600390932,79.27770294273192,78.95106589588636,92.33440774513052,93.24006228087352,84.58373534521459,84.24576541388556,79.27770294273192,78.95106589588636,81.28274803419345,81.0285040319064,92.33440774513052,93.24006228087352,92.33440774513052,93.24006228087352,92.33440774513052,93.24006228087352,0.00028545142512286116,32768.0,0,17.392685413360596,1:45:03
365,train/val,0.933023764387421,0.7693745801630227,0.4091229433112818,0.20044352811919827,71.13732170670104,70.93747964273864,79.3524526596568,79.0491672322315,92.53798617802394,93.29718446768219,84.48734709274777,84.21522207424363,79.3524526596568,79.0491672322315,81.26022554175897,81.08473260046132,92.53798617802394,93.29718446768219,92.53798617802394,93.29718446768219,92.53798617802396,93.29718446768219,0.0002833130950258754,32768.0,0,17.4161376953125,1:45:20
366,train/val,0.9128823507091273,0.7497742354221966,0.40777027882311656,0.20106161446051132,71.62425296077039,70.90849247495835,79.91983918758486,79.01424092047301,92.67679177663018,93.25228357889488,84.58820440031263,84.20050587606869,79.91983918758486,79.01424092047301,81.64944344670779,81.12971337642136,92.67679177663018,93.25228357889488,92.67679177663018,93.25228357889488,92.67679177663018,93.25228357889488,0.0002811729701558183,32768.0,0,17.151761531829834,1:45:37
367,train/val,0.9066339559529139,0.7515451671636623,0.38772197019146837,0.22044081496406898,72.04485241442954,68.93982621853385,80.05016052729961,77.47245849653979,92.77616221857946,92.63452231992028,85.17293569731687,82.77175145329313,80.05016052729961,77.47245849653979,81.96238776589738,79.50246993366488,92.77616221857946,92.63452231992028,92.77616221857946,92.63452231992028,92.77616221857946,92.63452231992028,0.0002790310338016867,32768.0,0,17.36145567893982,1:45:55
368,train/val,0.9175996466175369,0.7564580699671869,0.40285393158378807,0.20428370700479667,72.14724577098048,70.26607335117568,79.97137275211647,79.14661040996944,92.73971249937046,93.15049182124253,85.21089155284898,82.98420128261992,79.97137275211647,79.14661040996944,82.02516608313505,80.60993914438282,92.73971249937046,93.15049182124253,92.73971249937046,93.15049182124253,92.73971249937044,93.15049182124253,0.0002768872689528936,32768.0,0,17.12762975692749,1:46:12
369,train/val,0.9369707794293113,0.7709894222409829,0.4149533932947594,0.20038378586975805,71.09370948413004,70.94975534967016,79.17412126302578,79.10447048805058,92.39685757881107,93.23232499222082,84.62064574521212,84.06404530903868,79.17412126302578,79.10447048805058,81.24946512274204,81.15527868404716,92.39685757881107,93.23232499222082,92.39685757881107,93.23232499222082,92.39685757881107,93.23232499222082,0.0002747416582912709,32768.0,0,17.3069589138031,1:46:29
370,train/val,0.9062238993204158,0.7521373752666556,0.3852163006592056,0.20381699108050613,71.47733464570625,70.15665795381818,79.5009454883529,78.47611939529213,92.75573229336712,93.0521639015152,84.88970765848403,83.84080825178143,79.5009454883529,78.47611939529213,81.51825042258483,80.47958921269299,92.75573229336712,93.0521639015152,92.75573229336712,93.0521639015152,92.75573229336712,93.0521639015152,0.00027259418418278846,32768.0,0,17.376835107803345,1:46:46
371,train/val,0.9487596157452334,0.7722065720869147,0.441382593596759,0.23165814329705472,70.84543449420795,67.34086131053932,79.1086338532219,76.28679511428786,92.08328181576236,92.37593258386813,84.43084418659957,81.6041821509567,79.1086338532219,76.28679511428786,81.12779287845584,78.18469311793834,92.08328181576236,92.37593258386813,92.08328181576236,92.37593258386813,92.08328181576236,92.37593258386813,0.0002704448286689757,32768.0,0,17.40341019630432,1:47:04
372,train/val,0.8964466365135234,0.7404205624176108,0.39006518135252205,0.20199951118097895,72.36244264922769,70.62431739144415,80.59093093017559,79.14961609173486,92.79891729847276,93.21098442911436,84.95854412861323,83.43192811260305,80.59093093017559,79.14961609173486,82.27203581379077,80.89488218642072,92.79891729847276,93.21098442911436,92.79891729847276,93.21098442911436,92.79891729847276,93.21098442911436,0.0002682935734580302,32768.0,0,17.230981826782227,1:47:21
373,train/val,0.932288463672866,0.7695070372327514,0.4069535580018292,0.20236427037371713,71.77334358636645,71.09417754366812,79.92408346858821,79.55486499552768,92.36310493750678,93.19124381511796,85.04279177288485,83.86873196325104,79.92408346858821,79.55486499552768,81.86996088547559,81.34031939958709,92.36310493750678,93.19124381511796,92.36310493750678,93.19124381511796,92.36310493750678,93.19124381511796,0.00026620988726282744,16384.0,1,17.26744055747986,1:47:38
374,train/val,0.915395919719468,0.7586426028738851,0.39188328676897544,0.20386630328634958,72.49505423859526,70.13403937916318,80.408509533866,78.58861653369942,92.80514795145127,93.11049902472055,85.52762314012028,83.53659139502426,80.408509533866,78.58861653369942,82.33466306150088,80.46605484702968,92.80514795145127,93.11049902472055,92.80514795145127,93.11049902472055,92.80514795145127,93.11049902472055,0.00026405483919663574,16384.0,0,17.253363132476807,1:47:55
375,train/val,0.955409476938455,0.7768999274982058,0.44627386104801425,0.1996131575198646,71.1833095461296,71.17829680733585,79.22499831244802,79.7783109926733,92.20028717715948,93.30838411145254,84.7208277748786,83.70858827006224,79.22499831244802,79.7783109926733,81.36787505253544,81.3647109516257,92.20028717715948,93.30838411145254,92.20028717715948,93.30838411145254,92.20028717715948,93.30838411145254,0.0002618978350939569,16384.0,0,17.115065813064575,1:48:13
376,train/val,0.935471324816994,0.7593090791741143,0.4404056066566187,0.20111712144151264,71.80015375784379,70.67962518679268,80.27476177978934,79.45221582794342,92.29008078668281,93.22038839320699,84.63378376615827,83.46813334662781,80.27476177978934,79.45221582794342,81.91659940578589,80.92577857215981,92.29008078668281,93.22038839320699,92.29008078668281,93.22038839320699,92.29008078668281,93.22038839320699,0.0002597388552462139,16384.0,0,17.094584226608276,1:48:30
377,train/val,0.8959559364163358,0.7439998342939045,0.37989025214767974,0.20365987704404065,72.98209992116153,70.15906138451213,80.86023815072903,78.55807712344671,93.07103384494972,93.10001705969833,85.49298844646266,83.5357213879622,80.86023815072903,78.55807712344671,82.62015081652461,80.48674978548934,93.07103384494972,93.10001705969833,93.07103384494972,93.10001705969833,93.07103384494972,93.10001705969833,0.00025757787956221315,16384.0,0,17.160402059555054,1:48:47
378,train/val,0.931332258750563,0.7663675566082415,0.4124117486340844,0.20608794491355936,72.14172763700178,70.63467358434285,80.21711322552837,79.0078711584241,92.64786021445155,93.04561730714923,85.01232903785589,83.43201604163485,80.21711322552837,79.0078711584241,82.03843934481097,80.95014069095036,92.64786021445155,93.04561730714923,92.64786021445155,93.04561730714923,92.64786021445155,93.04561730714923,0.0002554148875570786,16384.0,0,17.12374758720398,1:49:04
379,train/val,0.9162564643699189,0.7503096432141636,0.41486704746342223,0.19879006930011273,71.96274245565861,71.26026364248371,80.1002532692145,79.65758294077347,92.63004014579177,93.34280896644697,84.96818528262747,83.92607359596514,80.1002532692145,79.65758294077347,81.97269494304703,81.43145225800293,92.63004014579177,93.34280896644697,92.63004014579177,93.34280896644697,92.63004014579177,93.34280896644697,0.0002532498583407562,16384.0,0,17.087188005447388,1:49:21
380,train/val,0.9504548949391946,0.7737813379777514,0.4416838821185672,0.2003690452589126,71.13237616503052,70.43942489743563,79.44262635699441,78.49001576297738,91.9684987287341,93.25514984546552,84.48073359789984,84.21108853821141,79.44262635699441,78.49001576297738,81.38924605521993,80.66645681309166,91.9684987287341,93.25514984546552,91.9684987287341,93.25514984546552,91.9684987287341,93.25514984546552,0.000251082770606071,16384.0,0,17.097785711288452,1:49:38
381,train/val,0.9080296515122703,0.74815076654372,0.3996972018933814,0.20601636377979154,72.13514700048944,70.29300852083301,80.32918677543705,78.72405296985299,92.73198853694565,93.0554112495699,84.79869183943835,83.39074701595983,80.32918677543705,78.72405296985299,82.0137709650925,80.64285318399617,92.73198853694565,93.0554112495699,92.73198853694565,93.0554112495699,92.73198853694564,93.0554112495699,0.00024891360261631386,16384.0,0,17.258115530014038,1:49:55
382,train/val,0.9207817432673081,0.7532533352141795,0.41882101292519464,0.2017027425851478,72.25906202377324,70.68704149069418,80.3251726823419,78.94325590162443,92.68210570278373,93.2007352648431,84.93261433120783,84.01352522419391,80.3251726823419,78.94325590162443,82.12098810592478,80.89578172198455,92.68210570278373,93.2007352648431,92.68210570278373,93.2007352648431,92.68210570278373,93.2007352648431,0.00024674233219233423,16384.0,0,17.13238525390625,1:50:13
383,train/val,0.9005869413199632,0.746844115788522,0.38435705937445164,0.20464445966371117,71.98599959958429,70.27777422134052,80.04173181073632,78.67734862619695,92.76196626011843,93.0880122515473,84.88568922466962,83.56454767707696,80.04173181073632,78.67734862619695,81.91091712178367,80.61490960615785,92.76196626011843,93.0880122515473,92.76196626011843,93.0880122515473,92.76196626011843,93.0880122515473,0.0002445689366991178,16384.0,0,17.29574966430664,1:50:30
384,train/val,0.9169884567027506,0.7498558445469192,0.41783152407278185,0.20021191002293606,72.0481477256207,70.92134788219573,80.1263141289581,79.2831721086427,92.60975575784394,93.2210319315886,85.06542762782968,84.00296580357401,80.1263141289581,79.2831721086427,81.98647261870424,81.18341821419594,92.60975575784394,93.2210319315886,92.60975575784394,93.2210319315886,92.60975575784394,93.2210319315886,0.00024239339303181584,16384.0,0,17.30539059638977,1:50:47
385,train/val,0.9138082068251526,0.7542985943348511,0.39877402004988294,0.21152009222005097,72.02794549754874,69.72095565161656,80.11488096253599,78.52381163373384,92.73578536873302,92.84987191139574,84.95578071848175,82.82339615346675,80.11488096253599,78.52381163373384,81.93019473457187,80.18040361791786,92.73578536873302,92.84987191139574,92.73578536873302,92.84987191139574,92.73578536873302,92.84987191139574,0.00024021567760120613,16384.0,0,17.37806010246277,1:51:05
386,train/val,0.9328184121328851,0.770666712652082,0.405379239388782,0.2020740057415412,72.08637775204309,70.67800020540233,80.45162761594791,79.08114539992852,92.54048774406678,93.2019437528178,84.65794671249174,83.70288019199585,80.45162761594791,79.08114539992852,82.06664992843801,80.89883656393188,92.54048774406678,93.2019437528178,92.54048774406678,93.2019437528178,92.54048774406678,93.2019437528178,0.0002380357663185512,16384.0,0,17.614985466003418,1:51:22
387,train/val,0.9190396148225535,0.7605770648173664,0.39615636391808157,0.2010455194557667,71.91691873433847,70.75454301757998,80.01846855188674,78.94260397610476,92.73488694762318,93.26453305025552,84.87231517433518,84.19287288240166,80.01846855188674,78.94260397610476,81.87807605103184,80.987239594062,92.73488694762318,93.26453305025552,92.73488694762318,93.26453305025552,92.73488694762318,93.26453305025552,0.0002358536345798248,16384.0,0,17.480655670166016,1:51:40
388,train/val,0.9316120983465858,0.7677958951048229,0.4095405013826878,0.20022307347694002,72.18138972352476,70.96492204527185,80.21835789119156,79.38833567516821,92.45421859751403,93.2458467122714,85.2862784651813,84.00931648655184,80.21835789119156,79.38833567516821,82.07595906124443,81.16272610112868,92.45421859751403,93.2458467122714,92.45421859751403,93.2458467122714,92.45421859751403,93.2458467122714,0.00023366925724927236,16384.0,0,17.240774631500244,1:51:57
389,train/val,0.932271578065727,0.7664598203871561,0.41452938828455366,0.20210272030550427,71.65404285051982,70.44971269176767,79.67116891310908,78.44483664823288,92.54081812085569,93.27001795457257,84.95928017201052,84.19904477452167,79.67116891310908,78.44483664823288,81.71379296276417,80.6468075047722,92.54081812085569,93.27001795457257,92.54081812085569,93.27001795457257,92.54081812085569,93.27001795457257,0.0002314826086422711,16384.0,0,17.57263946533203,1:52:14
390,train/val,0.9160774706498436,0.7520004572427791,0.4101925237995127,0.203773693627743,72.26841628008022,70.17907406936126,80.3825284976265,78.83774554277636,92.66512795439755,93.1343766711702,85.09726502706623,83.36670034996828,80.3825284976265,78.83774554277636,82.21858654503724,80.50180428647653,92.66512795439755,93.1343766711702,92.66512795439755,93.1343766711702,92.66512795439755,93.1343766711702,0.0002292936625074516,16384.0,0,17.423755407333374,1:52:32
391,train/val,0.9046675650321919,0.7467120406420334,0.3948888024720161,0.20324776746906437,72.34668265411976,70.88781306839554,80.39962570391599,79.72446469187012,92.8193480251658,93.20513327138659,85.07798201749314,83.29041177872493,80.39962570391599,79.72446469187012,82.12880635766804,81.17242779932585,92.8193480251658,93.20513327138659,92.8193480251658,93.20513327138659,92.8193480251658,93.20513327138659,0.00022710239200803996,16384.0,0,17.301701307296753,1:52:49
392,train/val,0.9128652380212493,0.7551964615350184,0.394171926152447,0.3301016909499227,71.60694833660851,61.5355658712505,79.8917978429015,73.70608359798861,92.78516209278558,89.6149482993275,84.51012206523954,75.37491381121198,79.8917978429015,73.70608359798861,81.64338220667219,73.59395921103729,92.78516209278558,89.6149482993275,92.78516209278558,89.6149482993275,92.78516209278558,89.6149482993275,0.00022490876970238048,16384.0,0,17.522369623184204,1:53:07
393,train/val,0.9188715491605841,0.7585120557442955,0.40089873030133866,0.21370869672616158,72.41519533931664,69.45383783411026,80.286723733537,78.23250481647764,92.71243261189286,92.89737364424145,85.43118449759247,83.11459903431566,80.286723733537,78.23250481647764,82.28655989128791,79.8977433194905,92.71243261189286,92.89737364424145,92.71243261189286,92.89737364424145,92.71243261189286,92.89737364424145,0.00022271276752359076,16384.0,0,17.22338891029358,1:53:24
394,train/val,0.9038888449254243,0.7492718000126921,0.38654260475026525,0.20222281553565413,72.31911087876557,71.12414355976564,80.41573316060634,79.71062332374918,92.90918966970996,93.17009305134985,85.05858392306766,83.7127946313341,80.41573316060634,79.71062332374918,82.2302155677416,81.37013414417933,92.90918966970996,93.17009305134985,92.90918966970996,93.17009305134985,92.90918966970996,93.17009305134985,0.00022051435675830226,16384.0,0,17.27947235107422,1:53:41
395,train/val,0.9131703678032626,0.7528048825004826,0.40091370945067506,0.2127359811409891,72.72337431324473,69.70451996607594,80.52804107720041,78.90506846323878,92.8561950401491,92.96512311119075,85.61175914206146,82.10141109740164,80.52804107720041,78.90506846323878,82.46477287392688,80.10459065427487,92.8561950401491,92.96512311119075,92.8561950401491,92.96512311119075,92.8561950401491,92.96512311119076,0.0002183135080244339,16384.0,0,17.491215229034424,1:53:59
396,train/val,0.9017301652094591,0.7461933367278265,0.3888420623767635,0.1996258409093049,72.09901293311273,70.71458049944678,80.15929732694104,79.01034006561449,92.75318202246234,93.27190556830482,85.00644469186372,84.08769468818068,80.15929732694104,79.01034006561449,81.99407341739185,80.92654925076825,92.75318202246234,93.27190556830482,92.75318202246234,93.27190556830482,92.75318202246235,93.27190556830482,0.00021611019124794453,16384.0,0,17.33309531211853,1:54:16
397,train/val,0.9206450643098872,0.7561809859522011,0.4111601893344651,0.21047096120167894,72.16351897162306,70.00896739660516,80.49291286703425,78.31145242779768,92.61644463790181,92.96491700097175,84.74021899339132,83.81198805060492,80.49291286703425,78.31145242779768,82.16753230059372,80.42790556665959,92.61644463790181,92.96491700097175,92.61644463790181,92.96491700097175,92.61644463790181,92.96491700097175,0.00021390437563850273,16384.0,0,17.2262122631073,1:54:33
398,train/val,0.915322089648765,0.7611674112470254,0.38538669041641377,0.19628440166296102,71.8674939339297,71.0153195927402,79.90064744351668,79.32329522072486,92.8408387173461,93.34119270645627,84.87121955744038,84.17826164015875,79.90064744351668,79.32329522072486,81.83249992160431,81.19532576390966,92.8408387173461,93.34119270645627,92.8408387173461,93.34119270645627,92.8408387173461,93.34119270645627,0.00021169602966401431,16384.0,0,17.200764179229736,1:54:50
399,train/val,0.9262603336702222,0.7666347817234371,0.3990638716875211,0.20856839590607276,71.81580959741815,69.63128803818324,79.8338524541299,78.2372394887189,92.4913830567841,92.96604393454325,85.2328682021951,83.41112464741654,79.8338524541299,78.2372394887189,81.84069561685328,80.05598627962418,92.4913830567841,92.96604393454325,92.4913830567841,92.96604393454325,92.4913830567841,92.96604393454325,0.00020948512102393543,16384.0,0,17.332520961761475,1:55:08
400,train/val,0.9290819449917129,0.7642120595859444,0.4121747026624887,0.19733219213083047,71.69443537233197,70.94522732920674,80.10999489072505,78.85535821153906,92.32954131216904,93.36680078906109,84.64874579807588,84.59864816360295,80.10999489072505,78.85535821153906,81.81366331690431,81.07446962808281,92.32954131216904,93.36680078906109,92.32954131216904,93.36680078906109,92.32954131216904,93.36680078906109,0.00020727161662130274,16384.0,0,17.291589736938477,1:55:25
401,train/val,0.8881460454152977,0.7374618443781915,0.37671049044508,0.2014729336296736,72.42325279793401,70.79263688668874,80.43534160528336,79.38195067533908,93.02311237087181,93.26615672428288,85.25490831452132,83.58581989257394,80.43534160528336,79.38195067533908,82.24758292899392,81.04156594430016,93.02311237087181,93.26615672428288,93.02311237087181,93.26615672428288,93.02311237087181,93.26615672428288,0.00020505548253340106,16384.0,0,17.296770095825195,1:55:42
402,train/val,0.9751085885193037,0.8005742106748663,0.4363359317345464,0.20201886117950354,71.66263377017462,70.57330991949816,79.63294135774632,79.47169155142728,92.37930180307211,93.22048329287617,84.98891552931931,83.19585915187005,79.63294135774632,79.47169155142728,81.72557975052236,80.8518566244699,92.37930180307211,93.22048329287617,92.37930180307211,93.22048329287617,92.3793018030721,93.22048329287617,0.00020283668398098285,16384.0,0,17.213787078857422,1:56:00
403,train/val,0.923412436052509,0.7561683622391328,0.41811017586809135,0.19941898407364836,71.96656869204587,70.56235256418574,80.209542920146,78.2454579024994,92.32850047907218,93.25034851532804,84.78833255515603,84.69803112131191,80.209542920146,78.2454579024994,81.9210215468908,80.78573161131219,92.32850047907218,93.25034851532804,92.32850047907218,93.25034851532804,92.32850047907218,93.25034851532804,0.00020061518529595503,16384.0,0,17.288596153259277,1:56:17
404,train/val,0.9220705333611239,0.7593802903657374,0.4067255946119194,0.20203131421250808,71.78595615103929,70.6914434356682,79.75218633433897,79.55179131475856,92.66547561490489,93.29004475038384,85.18806472127714,83.14227170061731,79.75218633433897,79.55179131475856,81.9183043343526,80.93521054616029,92.66547561490489,93.29004475038384,92.66547561490489,93.29004475038384,92.66547561490489,93.29004475038384,0.00019839094988743038,16384.0,0,17.386877059936523,1:56:34
405,train/val,0.9229501848635466,0.7561326289306516,0.41704388837451517,0.19736081407725753,72.61585992033388,71.42641782292532,80.75228146897626,79.58137746947357,92.604386454133,93.34894482318226,85.3377040073934,84.31962436862077,80.75228146897626,79.58137746947357,82.52307669926793,81.57020513653825,92.604386454133,93.34894482318226,92.604386454133,93.34894482318226,92.604386454133,93.34894482318226,0.00019616394020604527,16384.0,0,17.73417901992798,1:56:52
406,train/val,0.9200718571310458,0.7570773606067118,0.40748622300832166,0.21603344785177916,72.27294163451036,69.33594212517185,80.49784628885513,78.6017124941998,92.69933012590042,92.78522151176804,84.99025590647814,82.11064045864859,80.49784628885513,78.6017124941998,82.23601927481424,79.915063402191,92.69933012590042,92.78522151176804,92.69933012590042,92.78522151176804,92.69933012590042,92.78522151176804,0.0001939341177064278,16384.0,0,17.744736194610596,1:57:10
407,train/val,0.9141865359700244,0.7575479350660158,0.39159649027430493,0.19788618256136653,71.63024793858884,70.8755040682192,79.72555167932984,79.2621823049802,92.62868676449744,93.34703051891806,84.85915697143514,83.9079060398381,79.72555167932984,79.2621823049802,81.65697205747428,81.04173031552489,92.62868676449744,93.34703051891806,92.62868676449744,93.34703051891806,92.62868676449744,93.34703051891806,0.00019170144280769742,16384.0,0,17.50993824005127,1:57:27
408,train/val,0.930329666837402,0.7645983263526274,0.41432834497612453,0.19912426094102365,71.67507943252302,71.1191288648776,79.92358113742036,79.97081396638717,92.35720172780562,93.30362726553498,84.79387529797009,83.5284351054509,79.92358113742036,79.97081396638717,81.86372542882965,81.27512890825594,92.35720172780562,93.30362726553498,92.35720172780562,93.30362726553498,92.35720172780562,93.30362726553498,0.00018946587485186702,16384.0,0,17.103976488113403,1:57:44
409,train/val,0.9012824731028598,0.7481388686143834,0.38285900490439456,0.20035400692815777,72.62407171296505,71.41159274106671,80.6911898570989,79.7861394436574,93.09707530294185,93.30730314490832,85.21526914931633,83.95138339929645,80.6911898570989,79.7861394436574,82.38668483586935,81.58424850719139,93.09707530294185,93.30730314490832,93.09707530294185,93.30730314490832,93.09707530294185,93.30730314490832,0.0001872273720600036,16384.0,0,17.63352108001709,1:58:02
410,train/val,0.9223217905863471,0.7564979308973188,0.4145596443634966,0.20618386957330515,71.87370220256356,70.0484388149494,79.8502533964079,78.7378836415322,92.65544447378106,93.05382761134048,84.92107565378845,83.4510256758715,79.8502533964079,78.7378836415322,81.79922200239565,80.42196666151071,92.65544447378106,93.05382761134048,92.65544447378106,93.05382761134048,92.65544447378106,93.05382761134048,0.0001849858914860006,16384.0,0,17.41736602783203,1:58:19
411,train/val,0.9312265204346698,0.7624446592577125,0.42195464565378166,0.2120158469565639,71.63888422635549,69.67008034595854,79.57954433150411,78.66228200625673,92.43232209628887,92.90533187118645,85.15536301800182,82.65788274728,79.57954433150411,78.66228200625673,81.76566059886771,80.20523388725753,92.43232209628887,92.90533187118645,92.43232209628887,92.90533187118645,92.43232209628887,92.90533187118645,0.00018274138896779148,16384.0,0,17.45366358757019,1:58:37
412,train/val,0.911831821112529,0.7544365126801573,0.393488266221855,0.19970205940715582,71.735965217576,71.15244897686365,79.87665861203848,79.39154164264312,92.60977983654513,93.29883928066347,84.66353456994665,84.06315126481292,79.87665861203848,79.39154164264312,81.73254256645043,81.32934511341443,92.60977983654513,93.29883928066347,92.60977983654513,93.29883928066347,92.60977983654513,93.29883928066347,0.00018049381907583227,16384.0,0,17.443622827529907,1:58:54
413,train/val,0.9363218818021857,0.7676956216278283,0.42156564752044884,0.24984368870676885,72.22291141286004,66.6606813590025,80.3573475755297,75.77758353677191,92.55119044769319,91.75120806166758,85.18673766841682,81.60346801654967,80.3573475755297,75.77758353677191,82.18343308229676,77.84161492652842,92.55119044769319,91.75120806166758,92.55119044769319,91.75120806166758,92.55119044769319,91.75120806166758,0.00017824313505865474,16384.0,0,17.715229988098145,1:59:12
414,train/val,0.9132677138499592,0.7527986142946326,0.40117273690259975,0.19565528613121408,72.38372791897739,71.60028967098864,80.4758746880257,79.87190897705669,92.75562121757963,93.45431311211676,85.21438029648706,84.53394485388188,80.4758746880257,79.87190897705669,82.31448014937756,81.62556441731958,92.75562121757963,93.45431311211676,92.75562121757963,93.45431311211676,92.75562121757963,93.45431311211676,0.0001759892887852853,16384.0,0,17.253731966018677,1:59:29
415,train/val,0.9133873108936392,0.7540859959047773,0.3982532822891422,0.21659274157748754,72.63434435314504,69.34673472670322,80.68085456536106,78.15683792459895,92.69500140659127,92.8252988283079,85.42043152660764,82.54262619329789,80.68085456536106,78.15683792459895,82.51578574509668,79.83963048032456,92.69500140659127,92.8252988283079,92.69500140659127,92.8252988283079,92.69500140659127,92.8252988283079,0.00017373223068429663,16384.0,0,17.54054093360901,1:59:47
416,train/val,0.9331961594845938,0.7702863783292149,0.40727444365620613,0.19609509721155116,71.99755438927036,71.3816529157755,79.91325417868184,79.58134587373596,92.52788836591074,93.41020700805883,85.42197737809919,84.3330053163371,79.91325417868184,79.58134587373596,82.07199784533636,81.53321915759307,92.52788836591074,93.41020700805883,92.52788836591074,93.41020700805883,92.52788836591074,93.41020700805882,0.00017147190967924802,16384.0,0,17.28393268585205,2:00:04
417,train/val,0.9027252265292665,0.7485332142399704,0.3854800214100143,0.20666792542335446,72.76954216976954,69.70216908313103,80.99788974849544,78.21575986464141,92.80403142204091,93.03924716685565,85.18202426707447,83.5545909766369,80.99788974849544,78.21575986464141,82.5820369419274,80.09630442181634,92.80403142204091,93.03924716685565,92.80403142204091,93.03924716685565,92.80403142204091,93.03924716685565,0.0001692082731202421,16384.0,0,17.3523211479187,2:00:21
418,train/val,0.9012432179373243,0.7425214065157849,0.39680451996948407,0.31251676730727157,72.40526350063686,63.298682195633035,80.46625563128312,74.04677401115865,92.58936641287605,90.27274535623667,85.31726504909194,77.89328941690641,80.46625563128312,74.04677401115865,82.32603812711955,75.08620801905212,92.58936641287605,90.27274535623667,92.58936641287605,90.27274535623667,92.58936641287605,90.27274535623667,0.00016694126671130296,16384.0,0,17.258577823638916,2:00:39
419,train/val,0.9081354627142781,0.7494226133693819,0.3967821116194777,0.20187155765119685,72.26163639969572,71.32928393028133,80.24960322183733,80.43647692984625,92.92224635673337,93.2089767079883,85.05245548469598,83.21046900766011,80.24960322183733,80.43647692984625,82.1460983812988,81.5511761504585,92.92224635673337,93.2089767079883,92.92224635673337,93.2089767079883,92.92224635673337,93.20897670798828,0.00016467083443325538,16384.0,0,17.250745058059692,2:00:56
420,train/val,0.9280292605576308,0.7721791108665259,0.3896253704214873,0.19427723757433407,72.56326398502254,71.66346992751728,80.72438550446095,80.13592138548304,92.87894409409967,93.44173742314331,85.10909123650802,84.12984026731397,80.72438550446095,80.13592138548304,82.4415120338751,81.72862798853122,92.87894409409967,93.44173742314331,92.87894409409967,93.44173742314331,92.87894409409965,93.44173742314331,0.0001624703255721687,8192.0,1,17.19280433654785,2:01:13
421,train/val,0.9257182699182759,0.7615144074611042,0.4105096519317316,0.19701212782092048,71.76050997118062,71.09978847468862,79.87041479528163,79.26068469795821,92.54283821862296,93.3989080161973,84.89057201919758,84.28462457692835,79.87041479528163,79.26068469795821,81.75207478772516,81.20529159222455,92.54283821862296,93.3989080161973,92.54283821862296,93.3989080161973,92.54283821862296,93.3989080161973,0.000160192981446199,8192.0,0,16.993670225143433,2:01:30
422,train/val,0.9060764737103296,0.7501356598475705,0.3898520289069932,0.20098627110859643,72.67263094176126,70.71582976879729,80.68896367734659,79.2099107869548,92.9539129721901,93.23120695549332,85.32675916169055,83.68239471013557,80.68896367734659,79.2099107869548,82.46796213472221,80.91709558401445,92.9539129721901,93.23120695549332,92.9539129721901,93.23120695549332,92.9539129721901,93.23120695549332,0.00015791203423041447,8192.0,0,17.332870483398438,2:01:47
423,train/val,0.9058234140924786,0.7473879492153291,0.3960886542563853,0.1985323285407641,72.33359052015189,71.36408770938829,80.26123244383015,79.67981070699899,92.73617151913405,93.3230416619186,85.38895328595252,84.1327650355911,80.26123244383015,79.67981070699899,82.19090899324173,81.50199700328685,92.73617151913405,93.3230416619186,92.73617151913405,93.3230416619186,92.73617151913405,93.32304166191858,0.00015562742020741003,8192.0,0,17.542684078216553,2:02:05
424,train/val,0.9164830935390099,0.7549805676807527,0.40375630857179995,0.1982855487974655,71.98746897071841,71.01814851224589,80.24686885826618,78.93986334913312,92.61876620629839,93.30710000030398,84.72577329579816,84.55212858461853,80.24686885826618,78.93986334913312,82.024772649062,81.22850853181279,92.61876620629839,93.30710000030398,92.61876620629839,93.30710000030398,92.61876620629839,93.30710000030398,0.00015333907347340597,8192.0,0,17.57085871696472,2:02:23
425,train/val,0.9166185207988905,0.7573476411078287,0.3981771925869195,0.2075741960644959,72.24464388551785,69.94883705555644,80.13572657789584,78.3717916535112,92.78247835170652,93.07164057580671,85.1753354397285,83.38209840655468,80.13572657789584,78.3717916535112,82.09503140251469,80.34170804196975,92.78247835170652,93.07164057580671,92.78247835170652,93.07164057580671,92.78247835170652,93.07164057580671,0.00015104692582565508,8192.0,0,17.380964756011963,2:02:40
426,train/val,0.9213369339704514,0.762700157644956,0.3965919361166332,0.21023048472174638,71.97320946161132,70.18628615144317,79.99141143129359,79.11115126443488,92.84754608916113,92.95714115932846,85.00239397037993,82.86816528826819,79.99141143129359,79.11115126443488,81.96150063940611,80.6494380170589,92.84754608916113,92.95714115932846,92.84754608916113,92.95714115932846,92.84754608916111,92.95714115932846,0.00014875090664205265,8192.0,0,17.249993562698364,2:02:57
427,train/val,0.9441694756564887,0.7734134333289188,0.4268900965056989,0.19685368377578574,71.77866545515803,70.98423605593163,79.66010027708639,78.61352650123135,92.58657143716044,93.32442956958033,85.1924696994589,84.88685535114814,79.66010027708639,78.61352650123135,81.75527454725838,81.13875687988785,92.58657143716044,93.32442956958033,92.58657143716044,93.32442956958033,92.58657143716044,93.32442956958033,0.00014645094275226418,8192.0,0,17.36393928527832,2:03:15
428,train/val,0.8941365370283956,0.7463481727501621,0.3694709050266639,0.19462595551409337,73.02243788643366,71.75417686974184,80.79813876276835,80.1673310835772,93.08524736198761,93.44449692758614,85.70853047255113,84.26086958386458,80.79813876276835,80.1673310835772,82.67256233401199,81.81944653356013,93.08524736198761,93.44449692758614,93.08524736198761,93.44449692758614,93.08524736198761,93.44449692758614,0.00014414695829961428,8192.0,0,17.2961003780365,2:03:32
429,train/val,0.9093132712270903,0.7484426809393842,0.40217646073711955,0.20240788720927802,72.53387638611838,71.08812965438524,80.68166509936162,79.58806003674925,92.64012055715295,93.15472078775029,85.14023488702685,83.68899009327181,80.68166509936162,79.58806003674925,82.35694978572425,81.3267925708112,92.64012055715295,93.15472078775029,92.64012055715295,93.15472078775029,92.64012055715295,93.15472078775029,0.00014183887459289993,8192.0,0,17.180188179016113,2:03:49
430,train/val,0.9350770187118779,0.7731543471631797,0.4048066660761833,0.1992236646953917,72.00803562103665,70.90407195514446,79.97830342162634,78.93603863596518,92.42564587656864,93.34467433806924,85.25261087573469,84.25196207708949,79.97830342162634,78.93603863596518,81.96287952337914,81.05211030224534,92.42564587656864,93.34467433806924,92.42564587656864,93.34467433806924,92.42564587656864,93.34467433806924,0.00013952660994719502,8192.0,0,17.444931507110596,2:04:06
431,train/val,0.9143682705319446,0.7575645164951034,0.39200937642675376,0.19787518528604353,72.57436760457726,71.41233489264458,80.35717635049731,79.59124561439172,92.78845711360981,93.35344959185358,85.69207816311287,84.31777207473027,80.35717635049731,79.59124561439172,82.45084845295861,81.56644267766576,92.78845711360981,93.35344959185358,92.78845711360981,93.35344959185358,92.78845711360981,93.35344959185358,0.00013721007951261177,8192.0,0,17.21319341659546,2:04:24
432,train/val,0.9113519033012183,0.7491145179323528,0.4055934550807528,0.19673446502378164,72.39578287186052,71.28803425592895,80.53939426705114,79.46708024197534,92.76742744675592,93.39832379010892,85.05552764495306,84.21539715662382,80.53939426705114,79.46708024197534,82.26550071996986,81.39194851645928,92.76742744675592,93.39832379010892,92.76742744675592,93.39832379010892,92.76742744675592,93.39832379010892,0.00013488919508986211,8192.0,0,17.19960045814514,2:04:41
433,train/val,0.979239972713201,0.8056563206988832,0.43395912817314913,0.19577760308170736,71.30136644172362,71.36612158041939,79.92831743632333,79.43440773327659,91.85357340433866,93.45870963585293,84.36759888174517,84.47933369327849,79.92831743632333,79.43440773327659,81.62899531527228,81.41459740711284,91.85357340433866,93.45870963585293,91.85357340433866,93.45870963585293,91.85357340433866,93.45870963585293,0.00013256386493133243,8192.0,0,17.245084285736084,2:04:58
434,train/val,0.9247686205350835,0.7592281017290509,0.41385128397656523,0.19612170230831955,71.5846245342779,71.40538020409402,79.75574820949628,79.54326326837298,92.60864621266887,93.38473237811378,84.73435239785864,84.39502487684156,79.75574820949628,79.54326326837298,81.71463873969755,81.51480813122282,92.60864621266887,93.38473237811378,92.60864621266887,93.38473237811378,92.60864621266887,93.38473237811378,0.00013023399352622594,8192.0,0,17.24624252319336,2:05:15
435,train/val,0.9146559821522754,0.755449782571067,0.3980154906116102,0.19891070691338159,73.11920491748651,71.20691744399286,81.07555733263773,79.48056856133022,92.99415436224753,93.31215933891704,85.60685479301863,84.1766485976208,81.07555733263773,79.48056856133022,82.77941328186581,81.41211613447918,92.99415436224753,93.31215933891704,92.99415436224753,93.31215933891704,92.99415436224753,93.31215933891704,0.00012789948136815308,8192.0,0,17.32106852531433,2:05:33
436,train/val,0.910280207576959,0.747969603570907,0.4057765013497809,0.19555654796040223,72.91348366866316,71.3071634663316,80.92102246045076,79.6597818999101,92.9101405653892,93.43077206293124,85.377425020443,84.15942532493355,80.92102246045076,79.6597818999101,82.65127807760302,81.40602368908483,92.9101405653892,93.43077206293124,92.9101405653892,93.43077206293124,92.9101405653892,93.43077206293124,0.00012556022470335367,8192.0,0,17.62085795402527,2:05:50
437,train/val,0.8986944552996884,0.7449875856223314,0.3842671722497629,0.19528110653607386,72.75104403651294,70.954277640372,80.72949909667403,79.060732914439,92.98068096082122,93.41314889780337,85.34776742553227,84.35544208820713,80.72949909667403,79.060732914439,82.50967320997368,81.05001748090172,92.98068096082122,93.41314889780337,92.98068096082122,93.41314889780337,92.98068096082122,93.41314889780337,0.0001232161152574964,8192.0,0,17.178803205490112,2:06:08
438,train/val,0.9321413743107215,0.7694542035460472,0.40671792124276573,0.1975473394812873,72.3015230744849,71.15119399093061,80.39672403834692,79.42876913146857,92.56706487476669,93.34055509930398,85.23222055307961,84.13065333628697,80.39672403834692,79.42876913146857,82.26299459935963,81.29110283696853,92.56706487476669,93.34055509930398,92.56706487476669,93.34055509930398,92.56706487476669,93.34055509930398,0.00012086703993874463,8192.0,0,17.28723406791687,2:06:25
439,train/val,0.894900395170502,0.7417805269360542,0.38279965528003546,0.19867175714577828,73.35198065370973,70.66237673010171,81.20745704918731,79.01508772679917,93.06994491305409,93.24991701839474,85.8444796447121,84.10409187898614,81.20745704918731,79.01508772679917,82.98038474803,80.88406397278102,93.06994491305409,93.24991701839474,93.06994491305409,93.24991701839474,93.06994491305409,93.24991701839475,0.00011851288051446477,8192.0,0,17.290894031524658,2:06:42
440,train/val,0.9063390146778977,0.7501558314846909,0.3904579457543466,0.19477930298824972,72.91980994146478,71.3913402735596,80.79060797441883,79.46433065441131,92.90193307991348,93.38422970642861,85.71325041298455,84.56869769813754,80.79060797441883,79.46433065441131,82.71310331305098,81.52138400463329,92.90193307991348,93.38422970642861,92.90193307991348,93.38422970642861,92.90193307991348,93.3842297064286,0.00011615351325860413,8192.0,0,17.225417375564575,2:06:59
441,train/val,0.9008575305342674,0.7452664692764697,0.3889776498241269,0.19693762242891402,72.83653198638682,71.1629811144537,80.57745516461104,79.139665250721,92.89411726226766,93.4118410617375,85.67096329723553,84.64513144427485,80.57745516461104,79.139665250721,82.53369777098428,81.25939902976069,92.89411726226766,93.4118410617375,92.89411726226766,93.4118410617375,92.89411726226766,93.4118410617375,0.00011378880856635207,8192.0,0,17.022917985916138,2:07:16
442,train/val,0.8977832298563874,0.7472851969625639,0.37624507478397823,0.19510764976177958,72.28679508028087,71.6487026171412,80.53298924236323,79.70752751463598,92.78990265376909,93.46214530043864,84.83349032670294,84.52428816716441,80.53298924236323,79.70752751463598,82.1888328359437,81.7068009595726,92.78990265376909,93.46214530043864,92.78990265376909,93.46214530043864,92.78990265376909,93.46214530043864,0.00011141863053222226,8192.0,0,17.509665727615356,2:07:34
443,train/val,0.9227141877231391,0.7594631246250608,0.40812764746015484,0.2016854271025411,72.31074739107544,70.63225414444925,80.16347073343248,78.89603244590309,92.83947174480961,93.19230847078154,85.55143726151098,84.06121925368043,80.16347073343248,78.89603244590309,82.24085863238125,80.88593613946276,92.83947174480961,93.19230847078154,92.83947174480961,93.19230847078154,92.83947174480961,93.19230847078154,0.00010904283648713214,8192.0,0,17.351362705230713,2:07:51
444,train/val,0.9010699835160504,0.7489801499506702,0.3802245780015769,0.20462152891717106,72.74361529660925,70.70569646728661,80.7783850284703,79.04234020112753,92.92086084673159,93.15807638074014,85.28749281587544,83.6989233791014,80.7783850284703,79.04234020112753,82.56403560639669,81.00495283632348,92.92086084673159,93.15807638074014,92.92086084673159,93.15807638074014,92.92086084673159,93.15807638074014,0.00010666127648940308,8192.0,0,17.168664693832397,2:08:08
445,train/val,0.9232895361340564,0.7619213695111482,0.40342040287087794,0.1957257601407896,72.07515874891783,71.97505050054009,80.2389637421194,80.55768080111766,92.44063416110761,93.46306908940579,84.94377191633926,84.01250643774051,80.2389637421194,80.55768080111766,82.0592052497,82.04195892066245,92.44063416110761,93.46306908940579,92.44063416110761,93.46306908940579,92.44063416110761,93.46306908940579,0.00010427379276383457,8192.0,0,17.47750234603882,2:08:26
446,train/val,0.9077151566743851,0.7528001283821852,0.38728755858281383,0.19998157102176323,72.92481458051992,70.86271939876792,80.78338482288288,79.08604792039039,92.78453810987443,93.26914458105466,85.54450077873891,84.14294427166371,80.78338482288288,79.08604792039039,82.63121809812681,81.08419266297908,92.78453810987443,93.26914458105466,92.78453810987443,93.26914458105466,92.78453810987443,93.26914458105466,0.00010188021908209084,8192.0,0,17.233010292053223,2:08:43
447,train/val,0.928653768223265,0.7679684741989425,0.4017132260715184,0.19474954721551396,72.78378390061508,71.67209301994237,80.82053493308898,79.72041622307307,92.78521226653807,93.46432651002242,85.43864604203075,84.61040061431706,80.82053493308898,79.72041622307307,82.61892894809233,81.73875450997623,92.78521226653807,93.46432651002242,92.78521226653807,93.46432651002242,92.78521226653807,93.46432651002242,9.948038007656591e-05,8192.0,0,17.251808643341064,2:09:00
448,train/val,0.9672715168284333,0.7997376994918222,0.4188345353240552,0.19605240058536785,72.17356328726328,71.34779159035571,80.47335192250412,79.91573916092808,92.01519056470157,93.42535388494409,85.11598748849569,83.66213698942502,80.47335192250412,79.91573916092808,82.24601153894208,81.49751721293858,92.01519056470157,93.42535388494409,92.01519056470157,93.42535388494409,92.01519056470157,93.42535388494409,9.707409047859856e-05,8192.0,0,17.54654312133789,2:09:18
449,train/val,0.9020858452371929,0.7498378837886064,0.3806198945511942,0.1946433852192023,72.19085425038665,71.0801478387702,80.30911508418797,79.00461333520083,92.66235849642605,93.40609370052289,85.09493266518038,84.69777199042284,80.30911508418797,79.00461333520083,82.15685700872655,81.21596098420194,92.66235849642605,93.40609370052289,92.66235849642605,93.40609370052289,92.66235849642605,93.40609370052289,9.466115427037834e-05,8192.0,0,17.256906270980835,2:09:35
450,train/val,0.9016288020040678,0.7427315472260765,0.3972431293324284,0.19982345371554075,72.66226649570874,70.67974200381407,80.85629015871288,78.9068813790151,92.80032969177809,93.24718272167655,85.15342781824683,84.1136164588023,80.85629015871288,78.9068813790151,82.52894663707916,80.90324035606831,92.80032969177809,93.24718272167655,92.80032969177809,93.24718272167655,92.80032969177809,93.24718272167655,9.224136373802855e-05,8192.0,0,17.477320432662964,2:09:53
451,train/val,0.9571316864179528,0.7864488781146382,0.4267070136316444,0.19874022386285173,71.10983354070626,71.35280329721063,79.32849373443798,80.17567276423992,92.26874196585739,93.30350567533385,84.42128443454328,83.614335805724,79.32849373443798,80.17567276423992,81.30016002493538,81.51486722542376,92.26874196585739,93.30350567533385,92.26874196585739,93.30350567533385,92.26874196585739,93.30350567533385,8.981449841112231e-05,8192.0,0,17.056406497955322,2:10:10
452,train/val,0.8989293364726979,0.7440456598997116,0.3872091843868079,0.2013009674242799,72.79978114549505,70.71628782549398,80.77216399167884,79.21300829483447,92.92049577269067,93.22712626971865,85.26475045825327,83.46094103695904,80.77216399167884,79.21300829483447,82.57768866191513,81.0105651257225,92.92049577269067,93.22712626971865,92.92049577269067,93.22712626971865,92.92049577269067,93.22712626971865,8.738032387117849e-05,8192.0,0,17.26672673225403,2:10:27
453,train/val,0.9121033908880275,0.7501545729844467,0.40487203358308127,0.21264891034698508,72.36795907096888,69.81389531450957,80.49646159469881,78.99147780026152,92.76230811886572,92.86955321309891,85.31311218859989,82.61837986427668,80.49646159469881,78.99147780026152,82.33739261734534,80.29339205668246,92.76230811886572,92.86955321309891,92.76230811886572,92.86955321309891,92.76230811886572,92.86955321309891,8.493859040836805e-05,8192.0,0,17.356595754623413,2:10:44
454,train/val,0.890155923107396,0.7401207737300707,0.3750878678553778,0.19816186158240082,73.01569321006802,70.8895635016333,80.99725695526826,79.30067175144747,92.9936410392647,93.25621301832179,85.5472517872546,83.98973971785821,80.99725695526826,79.30067175144747,82.70384698669487,81.11994718499382,92.9936410392647,93.25621301832179,92.9936410392647,93.25621301832179,92.9936410392647,93.25621301832179,8.248903150160902e-05,8192.0,0,17.477823495864868,2:11:02
455,train/val,0.8959070359883101,0.7393738452507101,0.39133296542517515,0.1946348338229872,72.74771791661524,71.69371096336403,80.78096926938781,79.88265359200511,92.9371971306211,93.45030211828666,85.30605405466723,84.43878771917025,80.78096926938781,79.88265359200511,82.51765379953109,81.76950183322992,92.9371971306211,93.45030211828666,92.9371971306211,93.45030211828666,92.9371971306211,93.45030211828666,8.003136209219739e-05,8192.0,0,17.507917165756226,2:11:19
456,train/val,0.9058061465620995,0.7487361353376637,0.3926750272512436,0.26607778008395505,72.52632373002706,65.14935156641101,80.56527075123292,76.79064626082382,92.87738793709231,91.34370739940876,85.34852757899183,77.68535940039364,80.56527075123292,76.79064626082382,82.42289364673692,76.59944021271446,92.87738793709231,91.34370739940876,92.87738793709231,91.34370739940876,92.87738793709231,91.34370739940876,7.756527661489126e-05,8192.0,0,17.38359022140503,2:11:37
457,train/val,0.8922266859723174,0.7414221214535444,0.37701140109287656,0.19767414864292732,72.77953582641963,71.54659840654138,80.84233696201326,80.04196278694884,93.0907211022726,93.347675540107,85.19465889481403,83.93760893303438,80.84233696201326,80.04196278694884,82.56537507806802,81.71990813899131,93.0907211022726,93.347675540107,93.0907211022726,93.347675540107,93.0907211022726,93.347675540107,7.509044674254201e-05,8192.0,0,17.246570110321045,2:11:54
458,train/val,0.962663817340913,0.7888484815864459,0.43453832667159,0.19349117267882637,71.64669647095961,71.87084406509095,80.40302330356481,79.79664263506396,92.16954165670728,93.49993612807422,84.31286620778728,84.94330648421223,80.40302330356481,79.79664263506396,81.88676641880487,81.89394732198333,92.16954165670728,93.49993612807422,92.16954165670728,93.49993612807422,92.16954165670728,93.49993612807422,7.260651879051867e-05,8192.0,0,17.335675477981567,2:12:11
459,train/val,0.9088384884855021,0.7479674602332322,0.40217754868385586,0.19745301625345893,72.3896054688283,71.19445976027721,80.45781609261022,79.06254881370923,92.70936608321793,93.37081326569854,85.28201393611829,84.70006071243176,80.45781609261022,79.06254881370923,82.27320637539509,81.32912386103392,92.70936608321793,93.37081326569854,92.70936608321793,93.37081326569854,92.70936608321793,93.37081326569854,7.011311071463361e-05,8192.0,0,17.681660890579224,2:12:29
460,train/val,1.0033212890443595,0.8252223203687564,0.4452474053301241,0.20241376729333319,71.00150904834854,70.76257775528423,79.6224807144668,79.01341621204146,91.44573854564702,93.14160239129373,84.37073106931973,83.91692175337934,79.6224807144668,79.01341621204146,81.45159618362027,81.03230683516519,91.44573854564702,93.14160239129373,91.44573854564702,93.14160239129373,91.44573854564702,93.14160239129373,6.7609808620215e-05,8192.0,0,17.252795696258545,2:12:46
461,train/val,0.9578245363157728,0.787137032850929,0.42671875218334404,0.22164989675675933,71.26463073689439,69.26201611965908,79.42583143146433,77.8243021741689,92.01533487872658,92.68429423078962,84.86225881678354,83.0358428280979,79.42583143146433,77.8243021741689,81.49436941530638,79.8067269763524,92.01533487872658,92.68429423078962,92.01533487872658,92.68429423078962,92.01533487872658,92.68429423078962,6.509616267918546e-05,8192.0,0,17.349627256393433,2:13:04
462,train/val,0.9118469581007957,0.7518093177805776,0.4000940827409858,0.19539822560972853,72.28934704178026,71.44954260018672,80.23715486523749,79.81642467135829,92.61574274299683,93.42141999709519,85.24466350103002,84.12621440961261,80.23715486523749,79.81642467135829,82.15914740755935,81.56687409078933,92.61574274299683,93.42141999709519,92.61574274299683,93.42141999709519,92.61574274299683,93.42141999709519,6.257168232483983e-05,8192.0,0,17.196850538253784,2:13:21
463,train/val,0.9436365511754284,0.7762638187926748,0.41843181524587714,0.24446274621274325,72.21020680525586,66.76948408058509,80.32035862887797,76.2746000362134,92.54325284187016,91.96032244831656,85.11070066927732,80.93572045327764,80.32035862887797,76.2746000362134,82.20108484389581,77.82056120924352,92.54325284187016,91.96032244831656,92.54325284187016,91.96032244831656,92.54325284187016,91.96032244831656,6.0035830558159185e-05,8192.0,0,17.501479387283325,2:13:38
464,train/val,0.9237898996342783,0.7615530532987221,0.40559210822634073,0.19876773746872112,72.0423911710729,71.1014588705776,80.37145679480926,79.4745840277929,92.71317786241632,93.37829106306832,84.69754092433814,84.0508803805729,80.37145679480926,79.4745840277929,82.06507078554573,81.2411472084975,92.71317786241632,93.37829106306832,92.71317786241632,93.37829106306832,92.71317786241632,93.37829106306832,5.7488017151591395e-05,8192.0,0,17.37470245361328,2:13:56
465,train/val,0.8867176774403323,0.7338055446743965,0.3822803236544132,0.19423640818486662,73.02603544703504,71.18400511286383,81.11360683232877,79.51337390048508,93.11364361962545,93.44798745604311,85.13260419016343,84.29506185951958,81.11360683232877,79.51337390048508,82.68165508150145,81.23500791768545,93.11364361962545,93.44798745604311,93.11364361962545,93.44798745604311,93.11364361962545,93.44798745604311,5.492759047146216e-05,8192.0,0,17.27550745010376,2:14:13
466,train/val,0.8886121741455534,0.7387972600434137,0.3745372800723366,0.1958907078599687,73.42539085410259,71.44003268731815,81.12756384199716,79.55909754163314,93.18860535756302,93.39916899028754,85.98479415802026,84.3710638295154,81.12756384199716,79.55909754163314,83.01843774600383,81.56662041870119,93.18860535756302,93.39916899028754,93.18860535756302,93.39916899028754,93.18860535756302,93.39916899028754,5.235382755138385e-05,8192.0,0,17.708873510360718,2:14:31
467,train/val,0.8939313606723495,0.737268760152485,0.39165649214840453,0.20137937723333954,73.26499231002235,71.04807201718143,81.22963182318433,80.09100759682997,93.05279618728184,93.2127667635261,85.61206662658584,83.12329714534992,81.22963182318433,80.09100759682997,82.92654264221771,81.31077326009272,93.05279618728184,93.2127667635261,93.05279618728184,93.2127667635261,93.05279618728184,93.2127667635261,4.976592192551486e-05,8192.0,0,17.26091980934143,2:14:48
468,train/val,0.9001910479172416,0.7472204141642736,0.38242657336851826,0.2001775831490698,73.11029669677875,70.75240310348968,81.1232675108427,79.17236411144995,93.10575185831608,93.29327282194325,85.70830051643821,83.80100589334721,81.1232675108427,79.17236411144995,82.92160778847418,80.99525382950434,93.10575185831608,93.29327282194325,93.10575185831608,93.29327282194325,93.10575185831608,93.29327282194325,4.71629685558393e-05,8192.0,0,17.275469541549683,2:15:05
469,train/val,0.9089557832997778,0.7531963823282201,0.38939848696084123,0.20007565045521444,72.91309890850798,70.87212977100269,80.8035145097734,79.29162693911789,92.88235799630995,93.25655109839323,85.68529890539874,83.82311017961118,80.8035145097734,79.29162693911789,82.66965251506299,81.05891972241042,92.88235799630995,93.25655109839323,92.88235799630995,93.25655109839323,92.88235799630995,93.25655109839323,4.4543944936137065e-05,8192.0,0,17.17902159690857,2:15:22
470,train/val,0.9357201214069906,0.7677137320456298,0.4200159697590963,0.21277513003478887,71.5224895508136,70.23852228988677,79.73324502839935,79.83719862634334,92.5728197625767,92.90513020938945,84.5756906037567,81.86465044560532,79.73324502839935,79.83719862634334,81.6136679325902,80.6502205291339,92.5728197625767,92.90513020938945,92.5728197625767,92.90513020938945,92.5728197625767,92.90513020938945,4.190768708585649e-05,8192.0,0,17.264983892440796,2:15:40
471,train/val,0.9017948893749196,0.7462326391883518,0.38890561866371526,0.19308317343418696,73.21726029272374,71.56184527130198,81.30850482619839,79.89049298191972,93.0940962041565,93.47743304402032,85.49028808933993,84.27228304798734,81.30850482619839,79.89049298191972,82.86958524545996,81.62184133749786,93.0940962041565,93.47743304402032,93.0940962041565,93.47743304402032,93.0940962041565,93.47743304402032,3.925285859205181e-05,8192.0,0,17.345938205718994,2:15:57
472,train/val,0.8998734756656315,0.7459383801273678,0.384837727183881,0.19735892917428244,72.37326505209826,71.40478060535857,80.47191884257796,80.23307727764792,92.90564831497076,93.38204701403751,85.1396149123758,83.4857554212757,80.47191884257796,80.23307727764792,82.263872977752,81.56534667067777,92.90564831497076,93.38204701403751,92.90564831497076,93.38204701403751,92.90564831497076,93.38204701403751,3.657791000237622e-05,8192.0,0,17.183431148529053,2:16:14
473,train/val,0.892597101304842,0.7424916741640671,0.3752635616971099,0.19538706441468887,73.06879067302187,71.45104560153374,80.96383189097563,79.55650452009093,93.17575095705295,93.46064025099776,85.54069436636203,84.36100641603879,80.96383189097563,79.55650452009093,82.72404871413535,81.53786129065472,93.17575095705295,93.46064025099776,93.17575095705295,93.46064025099776,93.17575095705295,93.46064025099776,3.3881024516160216e-05,8192.0,0,17.190757274627686,2:16:31
474,train/val,0.8977069203620371,0.7429621404279833,0.38686194278947683,0.20135819440386288,72.9543317140242,70.86975448454368,80.9334940772694,79.35995701989879,93.0677904006116,93.27464134783034,85.43561722258066,83.86335738105582,80.9334940772694,79.35995701989879,82.69905367022669,81.09239012174932,93.0677904006116,93.27464134783034,93.0677904006116,93.27464134783034,93.0677904006116,93.27464134783034,3.116004369881958e-05,8192.0,0,17.352840662002563,2:16:49
475,train/val,0.9349354434272517,0.7705507035488668,0.41096183754827664,0.2153256544472098,72.27550294103939,69.23121716227725,80.23825247689882,78.02555594816205,92.45045015126809,92.89883717507706,85.54091515604237,82.56552335282919,80.23825247689882,78.02555594816205,82.22172475556813,79.71190721585444,92.45045015126809,92.89883717507706,92.45045015126809,92.89883717507706,92.45045015126809,92.89883717507706,2.8412363163045878e-05,8192.0,0,17.480104207992554,2:17:06
476,train/val,0.9167388217604678,0.7592551164005114,0.3937092571640792,0.20509921338739254,72.6986575143673,70.53709958300418,80.84704358194205,79.5329927404774,92.64961595415711,93.1535508527662,85.2730383251225,82.90937801025163,80.84704358194205,79.5329927404774,82.52662823354893,80.84165617249465,92.64961595415711,93.1535508527662,92.64961595415711,93.1535508527662,92.64961595415711,93.1535508527662,2.5634781429141327e-05,8192.0,0,17.374682426452637,2:17:23
477,train/val,0.898042422597823,0.7456896486489669,0.3808819285553435,0.1952507526011777,72.48631190129599,71.5361603027178,80.51790860847491,80.19145928062511,92.91485454845132,93.42051993304533,85.30600057266594,83.79125662940285,80.51790860847491,80.19145928062511,82.37575236067394,81.64846652252976,92.91485454845132,93.42051993304533,92.91485454845132,93.42051993304533,92.91485454845132,93.42051993304533,2.282327254163251e-05,8192.0,0,17.791682720184326,2:17:41
478,train/val,0.9100639194897984,0.7462646695582763,0.4094981184310239,0.194193856827464,72.76420110639562,71.1461970460253,80.83054473128838,79.00178142905439,92.90829971024522,93.40689441648158,85.3418604320744,84.84247341377615,80.83054473128838,79.00178142905439,82.54557242773916,81.25353625667614,92.90829971024522,93.40689441648158,92.90829971024522,93.40689441648158,92.90829971024522,93.40689441648158,1.9972627718224223e-05,8192.0,0,17.30957818031311,2:17:59
479,train/val,0.8913388524366461,0.7407278878533322,0.37652740052536776,0.1941487387653249,72.90368811729462,71.7226722477756,80.84850434680952,80.43943443685016,93.14120546634582,93.45630897078418,85.43754510412109,83.73326943492827,80.84850434680952,80.43943443685016,82.63005686043368,81.81848300394343,93.14120546634582,93.45630897078418,93.14120546634582,93.45630897078418,93.14120546634582,93.45630897078418,1.707585640392501e-05,8192.0,0,17.259729623794556,2:18:16
480,train/val,0.8891100766866104,0.7410915889169859,0.3700462167515703,0.19464884768447402,73.20862950431834,71.71484601957732,81.11093734641113,80.35648635804992,93.19366213317338,93.44389935623178,85.6603446396043,84.03940879125426,81.11093734641113,80.35648635804992,82.83424155225121,81.7850191601762,93.19366213317338,93.44389935623178,93.19366213317338,93.44389935623178,93.19366213317338,93.44389935623178,1.4123105006891734e-05,8192.0,0,17.231964349746704,2:18:33
481,train/val,0.9084605516298957,0.7536274159084195,0.3870828300714493,0.19611505000600907,72.67865630115628,71.39921928862769,80.73321826514893,79.74769642966034,92.64839462670895,93.37900874181648,85.3799390166504,84.27183400619278,80.73321826514893,79.74769642966034,82.52889625633591,81.49615870956737,92.64839462670895,93.37900874181648,92.64839462670895,93.37900874181648,92.64839462670895,93.37900874181648,1.1099486478586291e-05,8192.0,0,16.99735403060913,2:18:50
482,train/val,0.8970954061850257,0.7478528803457384,0.37310630544696166,0.19468497553210357,72.78096308541504,71.5035695970221,80.71047039961326,79.2844527288823,92.96462754542424,93.49749987562953,85.57499943945533,85.0068695110044,80.71047039961326,79.2844527288823,82.55833446796852,81.5795088208062,92.96462754542424,93.49749987562953,92.96462754542424,93.49749987562953,92.96462754542424,93.49749987562953,7.97998152858176e-06,8192.0,0,17.086597681045532,2:19:07
483,train/val,0.9440610930323601,0.7762284278869629,0.4195816529833752,0.1998003898059517,71.6364928445529,71.35975181257557,80.21627125257822,80.5427510324949,92.413052955781,93.27179880617699,84.30609834415743,83.15509959877538,80.21627125257822,80.5427510324949,81.76816521003379,81.53806676237707,92.413052955781,93.27179880617699,92.413052955781,93.27179880617699,92.413052955781,93.27179880617699,4.713806993479312e-06,8192.0,0,17.190921306610107,2:19:24
484,train/val,0.9252508133649826,0.760083259285792,0.41291887831428775,0.19870471120649805,72.04146462668226,71.18442315024987,80.18399370648677,79.61982375575867,92.45891145396443,93.3007120663224,85.06409244747978,83.80255273840696,80.18399370648677,79.61982375575867,82.06239487002894,81.36839002287944,92.45891145396443,93.3007120663224,92.45891145396443,93.3007120663224,92.45891145396443,93.3007120663224,1.1329079864238404e-06,16384.0,0,17.378464698791504,2:19:42
