epoch,phase,train_total_loss,train_main_loss,train_aux_loss,train_miou,train_macc,train_aacc,val_total_loss,val_miou,val_macc,val_aacc,learning_rate,epoch_time_sec,total_training_time_str,train_Precision_Macro,train_Recall_Macro,train_F1_Macro,train_Precision_Micro,train_Recall_Micro,train_F1_Micro,val_Precision_Macro,val_Recall_Macro,val_F1_Macro,val_Precision_Micro,val_Recall_Micro,val_F1_Micro
1,train/val,8.455069303512573,5.607300239801407,7.119422376155853,4.929472851968033,9.34104752030669,20.172770637889816,1.7810940245624005,13.308460166172598,18.90862488629846,59.16495360902697,0.0009991366173723974,8.543254375457764,0:00:08,15.29663419511597,9.34104752030669,8.820361803514237,20.172770637889816,20.172770637889816,20.172770637889816,22.090278395230502,18.90862488629846,24.020589813605227,59.16495360902697,59.16495360902697,59.16495360902697
2,train/val,4.86524972319603,3.2160635203123094,4.1229654312133786,16.835831035426466,22.203510352291502,65.85507674899765,1.0043488702654395,21.214234871902686,25.84075700407327,77.53191990313158,0.000998206727977706,7.194746017456055,0:00:15,23.09335080423198,22.203510352291502,24.936054061020073,65.85507674899765,65.85507674899765,65.85507674899765,28.999053433642636,25.84075700407327,41.39309904935038,77.53191990313158,77.53191990313158,77.53191990313158
3,train/val,3.0037845253944395,2.1308504909276964,2.1823350131511687,20.659706276354626,26.49884918862016,73.30988860240024,0.7812059698093909,23.446993131153267,29.31056672299455,78.68234346950842,0.0009972767423232901,7.18748664855957,0:00:22,28.837704580482026,26.49884918862016,28.25891458567668,73.30988860240024,73.30988860240024,73.30988860240025,31.011259761827404,29.31056672299455,39.35304701171414,78.68234346950842,78.68234346950842,78.68234346950842
4,train/val,2.333592513203621,1.61997549533844,1.784042540192604,21.232235737594028,26.88950231542546,74.37052990420287,0.6659707559265119,23.771552792519245,28.549524273795825,80.69737525210435,0.0009963466602994253,7.244225740432739,0:00:30,30.0168127724358,26.88950231542546,37.238614211993365,74.37052990420287,74.37052990420287,74.37052990420287,31.940009074851066,28.549524273795825,45.640590954447276,80.69737525210435,80.69737525210435,80.69737525210435
5,train/val,2.1033547848463057,1.5172874093055726,1.4651684254407882,22.938289454382023,28.905491005332497,76.85003977531021,0.6085145046720233,25.076514489378397,30.100894902062603,81.63522507341636,0.00099541648179615,7.287911891937256,0:00:37,30.447511080017303,28.905491005332497,39.31004377841642,76.85003977531021,76.85003977531021,76.85003977531021,33.87510784375953,30.100894902062603,44.720880245728075,81.63522507341636,81.63522507341636,81.63522507341636
6,train/val,2.0827484011650084,1.5045698583126068,1.445446352660656,23.843552040567605,29.24919176150033,77.56864979297953,0.6065738367902203,25.80770556808238,30.864674539684643,81.590288169822,0.0009944862067032608,7.541450023651123,0:00:44,37.91812631301535,29.24919176150033,35.910408671279804,77.56864979297953,77.56864979297953,77.56864979297953,35.6873957710637,30.864674539684643,50.15594201489259,81.590288169822,81.590288169822,81.59028816982202
7,train/val,1.8737902969121933,1.347751136124134,1.3150978729128837,26.612318687354446,33.08859827493654,78.61059506656083,0.5734946586318188,26.72636464624031,31.701297803550943,82.74538850283218,0.0009935558349103144,7.609285593032837,0:00:52,38.02712448827184,33.08859827493654,46.46582597156847,78.61059506656083,78.61059506656083,78.61059506656083,36.124713632967556,31.701297803550943,47.65348500188958,82.74538850283218,82.74538850283218,82.7453885028322
8,train/val,1.8008373737335206,1.2975262716412543,1.258277752995491,27.604435407937487,33.984210031145615,79.73870536168135,0.5309104364204117,27.983716248331277,33.01546572151633,83.74892941988011,0.0009926253663066268,7.614745140075684,0:01:00,38.93466959986356,33.984210031145615,44.68716410118558,79.73870536168135,79.73870536168135,79.73870536168135,44.379824019609536,33.01546572151633,50.09722595158901,83.74892941988011,83.74892941988011,83.74892941988013
9,train/val,1.6372896403074264,1.2211901009082795,1.0402488455176353,28.148077723063057,33.57159582114305,81.50185328737435,0.5060851151104555,27.714071221760424,32.216599034880105,84.26071082192703,0.0009916948007812714,7.645295143127441,0:01:07,46.76873391680012,33.57159582114305,45.31427666762966,81.50185328737435,81.50185328737435,81.50185328737435,48.79404567462304,32.216599034880105,53.19956604788049,84.26071082192703,84.26071082192703,84.26071082192703
10,train/val,1.6759091526269914,1.2503835558891296,1.0638139605522157,27.748172996456432,33.95105731520717,80.24973866025155,0.5250281810036563,28.134031486963966,33.440965695071974,83.76905671447768,0.0009907641382230791,7.497840404510498,0:01:15,41.94734963978449,33.95105731520717,41.9828586657085,80.24973866025155,80.24973866025155,80.24973866025155,46.573301582945525,33.440965695071974,54.3345095761653,83.76905671447768,83.76905671447768,83.76905671447768
11,train/val,1.5980584532022477,1.2158991321921349,0.9553982704877854,28.487241656577478,34.02170388924397,81.96258369530204,0.4910006014332986,28.43992035980611,32.83417852047473,84.50477923386906,0.0009898333785206364,7.597254991531372,0:01:22,47.83595734126969,34.02170388924397,42.527602268352084,81.96258369530204,81.96258369530204,81.96258369530204,51.25134062465225,32.83417852047473,50.5723037029727,84.50477923386906,84.50477923386906,84.50477923386907
12,train/val,1.5786288186907769,1.1643105655908585,1.0357956022024155,30.10592578234838,35.874847449080356,82.31668474652696,0.4584098251779696,30.290742486105167,35.0577642774034,85.48781006047398,0.000988902521562286,7.562750339508057,0:01:30,52.015397938777994,35.874847449080356,45.82860047289781,82.31668474652696,82.31668474652696,82.31668474652697,61.63487676118302,35.0577642774034,54.01069626438709,85.48781006047398,85.48781006047398,85.48781006047396
13,train/val,1.5420585066080092,1.1457958772778511,0.9906565129756928,30.19433008712048,36.263894128920334,81.70050876103356,0.4533170090438015,31.27872438184818,36.438115076954695,85.66830662324467,0.0009879715672361249,7.528242826461792,0:01:38,49.93358592546486,36.263894128920334,45.775224169838864,81.70050876103356,81.70050876103356,81.70050876103356,55.79597937065306,36.438115076954695,56.03843495205587,85.66830662324467,85.66830662324467,85.66830662324467
14,train/val,1.5630793452262879,1.1634475886821747,0.9990793466567993,33.83003074699214,40.008236342617565,82.51318355969505,0.47182869409849193,31.091129597434957,36.91381158607553,85.33758210832191,0.0009870405154300036,7.645652532577515,0:01:45,56.8958928877298,40.008236342617565,48.761213278798046,82.51318355969505,82.51318355969505,82.51318355969505,51.82374573389759,36.91381158607553,51.70270768005213,85.33758210832191,85.33758210832191,85.33758210832191
15,train/val,1.500579860806465,1.1324218705296516,0.9203949689865112,31.871552813935743,38.48907268609901,82.16912765184169,0.4777031375674234,31.368737059106742,36.99918996584973,85.45395759309956,0.0009861093660315265,7.693112850189209,0:01:53,54.775724996892784,38.48907268609901,48.880520827116605,82.16912765184169,82.16912765184169,82.16912765184169,57.5834557360295,36.99918996584973,52.144344452195625,85.45395759309956,85.45395759309956,85.45395759309956
16,train/val,1.511052393913269,1.1277068942785262,0.9583637356758118,33.45679960883485,39.2543244867706,83.31101951837702,0.44607355292490974,31.371784448854108,36.97277445925414,85.7806932643576,0.0009851781189280512,7.398777961730957,0:02:00,55.81411742571506,39.2543244867706,51.014912078309216,83.31101951837702,83.31101951837702,83.31101951837702,51.7823912795135,36.97277445925414,55.80025636735459,85.7806932643576,85.7806932643576,85.7806932643576
17,train/val,1.406932106614113,1.0680370002985,0.8472377583384514,37.46977396075411,44.80306776067589,84.39927047547685,0.4488183217943039,33.16913291349516,38.726467406362666,86.29019453462953,0.0009842467740066847,7.730523347854614,0:02:08,56.44565185168041,44.80306776067589,53.103659650722555,84.39927047547685,84.39927047547685,84.39927047547685,56.29647636221452,38.726467406362666,51.8735572811033,86.29019453462953,86.29019453462953,86.29019453462953
18,train/val,1.424222281575203,1.089203527569771,0.8375468671321868,36.95585445608946,43.31631152363207,84.24619783219957,0.4501839871477127,33.200838558275045,38.86163405935494,86.19296438988944,0.000983315331154286,7.500356912612915,0:02:16,58.03906276453908,43.31631152363207,56.34624309769831,84.24619783219957,84.24619783219957,84.24619783219957,59.5960642875295,38.86163405935494,55.36546823547654,86.19296438988944,86.19296438988944,86.19296438988944
19,train/val,1.3585319176316262,1.0253963008522988,0.8328390114009381,38.49141152838924,45.11680798243447,85.04127325951944,0.4090559394894635,33.162161909080595,38.49906021766046,86.81256662173347,0.000982383790257464,7.132629871368408,0:02:23,64.93264782399122,45.11680798243447,51.51497422934761,85.04127325951944,85.04127325951944,85.04127325951944,56.503302311662495,38.49906021766046,51.28082025934278,86.81256662173347,86.81256662173347,86.81256662173347
20,train/val,1.3194844752550126,1.009026873111725,0.7761439763009548,37.91137304227385,44.53919362252823,85.7698281377379,0.42028043295971534,34.48151005650397,39.784619017299725,86.89042396803511,0.0009814521512025763,7.6362364292144775,0:02:30,62.101216761471804,44.53919362252823,50.79401388115943,85.7698281377379,85.7698281377379,85.7698281377379,61.7349240701498,39.784619017299725,57.765029198936716,86.89042396803511,86.89042396803511,86.89042396803511
21,train/val,1.3844369992613792,1.0473343804478645,0.8427565336227417,38.36225062580454,44.873886423473984,84.56019944524489,0.4149835483256732,35.12469057830969,40.71887531339441,86.79446426168057,0.000980520413875729,7.418752670288086,0:02:38,64.6164064901615,44.873886423473984,54.925301849413465,84.56019944524489,84.56019944524489,84.56019944524489,60.65367507476292,40.71887531339441,59.03556155613563,86.79446426168057,86.79446426168057,86.79446426168057
22,train/val,1.3802562788128854,1.0470828711986542,0.8329335018992424,41.10725830123555,48.797808852380044,85.30971108559548,0.4248284194771464,35.12205200246745,40.885307260064884,86.70513968331355,0.0009795885781627752,7.556429386138916,0:02:45,64.57389606959346,48.797808852380044,55.12485787112069,85.30971108559548,85.30971108559548,85.30971108559548,60.736463802238895,40.885307260064884,55.217902955991946,86.70513968331355,86.70513968331355,86.70513968331355
23,train/val,1.3628514945507049,1.0604805007576943,0.7559274688363076,39.77814046050679,46.612835824134,85.0206444047456,0.42003063743302876,36.05011397737526,41.67037957146416,87.14020103106338,0.0009786566439493158,7.5105860233306885,0:02:53,60.441913701386255,46.612835824134,56.61972554764102,85.0206444047456,85.0206444047456,85.0206444047456,61.38836135632593,41.67037957146416,56.61207442189291,87.14020103106338,87.14020103106338,87.14020103106338
24,train/val,1.3082422330975532,1.0012775123119355,0.7674117811024189,42.16222503036748,49.00991848188424,86.34390377458053,0.4271004541144562,35.99746494696202,42.5271269825938,87.0021504250088,0.0009777246111206967,7.57496452331543,0:03:00,61.41727712244274,49.00991848188424,58.95265053844629,86.34390377458053,86.34390377458053,86.34390377458053,59.43376490972822,42.5271269825938,56.50935700282053,87.0021504250088,87.0021504250088,87.0021504250088
25,train/val,1.2649108454585076,0.956864270567894,0.7701164223253727,44.63508471146142,51.71024802935771,86.51123929705575,0.38051760683360486,37.238157763612826,43.341981844069124,87.67336352279582,0.0009767924795620077,7.515016555786133,0:03:08,68.5130592772183,51.71024802935771,58.84370226808219,86.51123929705575,86.51123929705575,86.51123929705574,59.584921937474775,43.341981844069124,58.08603722763686,87.67336352279582,87.67336352279582,87.67336352279582
26,train/val,1.3273220092058182,1.0157503306865692,0.7789291784167289,40.110287369107986,46.29624051515074,85.62067946475645,0.366417537709829,37.337184463960284,42.85486480688305,88.11921527517418,0.0009758602491580844,7.535327196121216,0:03:15,64.94642303651484,46.29624051515074,53.5654025017532,85.62067946475645,85.62067946475645,85.62067946475645,62.2933675596854,42.85486480688305,58.31955233904365,88.11921527517418,88.11921527517418,88.11921527517418
27,train/val,1.3201187536120416,1.0148868396878243,0.7630797639489174,43.35763949212465,50.79486473968986,86.70646033086523,0.34903726836205096,38.26210359984228,43.868781738421106,88.71325340186229,0.0009749279197935052,7.476345539093018,0:03:23,65.12604408158545,50.79486473968986,57.343158095007276,86.70646033086523,86.70646033086523,86.70646033086523,62.56932118098915,43.868781738421106,59.36097777202806,88.71325340186229,88.71325340186229,88.71325340186229
28,train/val,1.3256097421050073,1.0261036992073058,0.7487651042640209,43.42972535964802,50.821291527310706,86.42361836430972,0.3739217019842528,36.63190849316247,42.465187949436825,87.74468005312984,0.0009739954913525902,7.5760462284088135,0:03:30,67.16948906876101,50.821291527310706,57.997439610391254,86.42361836430972,86.42361836430972,86.42361836430972,56.723941714589245,42.465187949436825,57.20583162693309,87.74468005312984,87.74468005312984,87.74468005312984
29,train/val,1.2814179807901382,0.993440480530262,0.7199437342584133,42.596754559136464,50.09449540525202,86.64558162405288,0.3629736294161187,37.75550621022957,43.50038098404238,88.20277017703032,0.0009730629637194016,7.444680452346802,0:03:38,64.70998011267558,50.09449540525202,56.53602181046522,86.64558162405288,86.64558162405288,86.64558162405288,60.42902453207737,43.50038098404238,58.82939384257341,88.20277017703032,88.20277017703032,88.20277017703032
30,train/val,1.2818285197019577,0.9914040923118591,0.7260610528290272,43.90935657655361,51.59235109592418,87.09150721727312,0.3734390641232416,38.55778605324029,44.30193290464713,87.85483649236066,0.0009721303367777427,7.521113157272339,0:03:45,66.01917310790192,51.59235109592418,58.38003129315863,87.09150721727312,87.09150721727312,87.09150721727312,58.35147041569196,44.30193290464713,60.406833154177164,87.85483649236066,87.85483649236066,87.85483649236066
31,train/val,1.205130286514759,0.9434987813234329,0.6540787443518639,45.46195093686191,52.57212055477156,88.11139686437149,0.35421864634346195,38.50628038341397,44.35661696804086,88.24830623933927,0.0009711976104111563,7.51951003074646,0:03:53,66.34469014939968,52.57212055477156,66.97234972258369,88.11139686437149,88.11139686437149,88.11139686437149,58.82956012294932,44.35661696804086,60.02373391800357,88.24830623933927,88.24830623933927,88.24830623933927
32,train/val,1.2276486784219742,0.9522679448127747,0.6884518079459667,47.95508342536522,56.14053698967032,87.83647021376693,0.34303252260894895,39.229956136188335,45.14042600586901,88.7689307801923,0.0009702647845029241,7.6512932777404785,0:04:01,67.97069339822451,56.14053698967032,66.76575991272126,87.83647021376693,87.83647021376693,87.83647021376693,59.31203799922491,45.14042600586901,60.943047317787645,88.7689307801923,88.7689307801923,88.7689307801923
33,train/val,1.237104344367981,0.9630141645669937,0.6852254115045071,44.25025832808201,51.24254903561546,87.60252355455451,0.3428178717456667,39.11331097854937,44.87198201223069,88.86966711296594,0.0009693318589360663,7.560275554656982,0:04:08,66.09752813088988,51.24254903561546,58.42345644086628,87.60252355455451,87.60252355455451,87.60252355455451,58.44344531964727,44.87198201223069,60.687732650469314,88.86966711296594,88.86966711296594,88.86966711296594
34,train/val,1.2530199319124222,0.9821969717741013,0.6770573861896991,48.67074868272987,55.582212790170004,88.09647409385704,0.3382479308116204,39.32782666489757,45.086948897173315,89.08367772939263,0.0009683988335933395,7.254438400268555,0:04:15,69.47365161197371,55.582212790170004,63.5302679844441,88.09647409385704,88.09647409385704,88.09647409385704,58.09640107626108,45.086948897173315,60.94072450721543,89.08367772939263,89.08367772939263,89.08367772939263
35,train/val,1.1790802851319313,0.9233658790588379,0.6392859995365143,46.87687733862537,55.16940368110384,87.71684300330055,0.34053596251851703,39.71021304402019,45.51654811825368,88.72268460385123,0.0009674657083572379,7.367724895477295,0:04:23,67.37481526236179,55.16940368110384,60.67564696623875,87.71684300330055,87.71684300330055,87.71684300330055,58.23654164846408,45.51654811825368,61.693047674513934,88.72268460385123,88.72268460385123,88.72268460385123
36,train/val,1.3138371601700782,1.0303290441632271,0.7087702713906765,45.955953568329925,52.899929707380124,87.32719308652635,0.3522885465222332,38.522773246090516,44.41316149106683,88.4542004742896,0.0009665324831099906,7.461621522903442,0:04:30,67.75353578436476,52.899929707380124,60.792393778770496,87.32719308652635,87.32719308652635,87.32719308652634,61.48195804680007,44.41316149106683,59.79521795443159,88.4542004742896,88.4542004742896,88.4542004742896
37,train/val,1.1938336059451102,0.9370159268379211,0.6420442037284374,47.85608625587513,54.738126873301226,88.42368149771073,0.3354053322920362,40.336258293634216,46.53443881161217,89.02797261223324,0.0009655991577335607,7.6575329303741455,0:04:38,72.41141624278048,54.738126873301226,62.57732693911184,88.42368149771073,88.42368149771073,88.42368149771073,58.75186610513471,46.53443881161217,62.48387390804655,89.02797261223324,89.02797261223324,89.02797261223324
38,train/val,1.2010320574045181,0.9470059007406235,0.6350653760135174,46.59947518615931,54.57604303348217,88.63831035496027,0.3436962490833704,39.68701534065291,45.43308625726663,88.46916834662264,0.0009646657321096462,7.698283433914185,0:04:46,70.0285132480402,54.57604303348217,61.316570859063916,88.63831035496027,88.63831035496027,88.63831035496027,59.51665146384389,45.43308625726663,62.01220281834093,88.46916834662264,88.46916834662264,88.46916834662264
39,train/val,1.2055393531918526,0.9437289714813233,0.6545259550213813,49.66532008280421,57.092856164042125,88.58586587138741,0.33607088259448925,40.80083013666261,47.26819996515119,89.02378404899697,0.0009637322061196774,7.543448448181152,0:04:53,71.45458764435486,57.092856164042125,65.35906501630443,88.58586587138741,88.58586587138741,88.5858658713874,58.77676685063663,47.26819996515119,63.05979583069129,89.02378404899697,89.02378404899697,89.02378404899697
40,train/val,1.1545727208256722,0.9066651701927185,0.619768849760294,50.02111939145442,57.51507578787704,89.20015074984609,0.32240008312425655,41.443586872069595,47.54298984256469,89.38303517605335,0.0009627985796448168,7.545431613922119,0:05:01,66.06233318598201,57.51507578787704,68.10222438847137,89.20015074984609,89.20015074984609,89.20015074984609,59.50007869090073,47.54298984256469,64.0110516209531,89.38303517605335,89.38303517605335,89.38303517605337
41,train/val,1.210968679189682,0.956217522919178,0.636877878010273,49.58007369312517,57.78804201893127,88.08573386146134,0.3237835806441833,41.20690645282751,47.362950920267096,89.2827648556133,0.0009618648525659578,7.45784330368042,0:05:08,70.85848991981659,57.78804201893127,65.45858804419228,88.08573386146134,88.08573386146134,88.08573386146134,62.940945032715135,47.362950920267096,63.691040992712935,89.2827648556133,89.2827648556133,89.2827648556133
42,train/val,1.2192453786730766,0.9575479358434678,0.654243602603674,51.381619870007924,59.38637502887041,88.26785942942756,0.33867100083679724,41.17898630370388,47.55758929276019,88.82026980560738,0.0009609310247637238,7.41434645652771,0:05:16,69.12738146260175,59.38637502887041,66.70292324040912,88.26785942942756,88.26785942942756,88.26785942942756,62.82537782987323,47.55758929276019,63.93788269523887,88.82026980560738,88.82026980560738,88.82026980560738
43,train/val,1.1632993161678313,0.9201628565788269,0.6078411430120468,49.733446163392045,57.64153585421429,89.27444116453267,0.3380998834781929,41.20412377291894,47.90622330635962,88.77671984348198,0.0009599970961184678,7.7369232177734375,0:05:23,69.10682784284798,57.64153585421429,65.10363753115507,89.27444116453267,89.27444116453267,89.27444116453267,58.1296750487474,47.90622330635962,64.01252777947623,88.77671984348198,88.77671984348198,88.77671984348198
44,train/val,1.1854128420352936,0.9335474207997322,0.6296635396778584,51.001576416574345,58.90837100512163,89.20937876803931,0.3382141301811834,40.505325400383676,47.12518221325263,88.47643037215413,0.0009590630665102712,7.610486268997192,0:05:31,70.35051031310611,58.90837100512163,66.03520238619667,89.20937876803931,89.20937876803931,89.20937876803931,61.93601263476547,47.12518221325263,63.049606532511746,88.47643037215413,88.47643037215413,88.47643037215413
45,train/val,1.1765755623579026,0.9350366145372391,0.6038473837077618,51.87935599680558,59.393701851602685,89.23489691248189,0.32503823563583556,42.06591075952201,48.79490752902177,89.05881819050295,0.0009581289358189428,7.504820823669434,0:05:38,73.15591662791194,59.393701851602685,66.63731982124392,89.23489691248189,89.23489691248189,89.23489691248189,59.230023535869634,48.79490752902177,65.08855577820837,89.05881819050295,89.05881819050295,89.05881819050295
46,train/val,1.1673819214105605,0.9155099093914032,0.6296800188720226,51.99132219371657,60.04023897656874,89.08701489725307,0.3155956260533127,41.80981330292702,47.895765075591775,89.53249753651457,0.0009571947039240178,7.290101766586304,0:05:46,74.72747458513116,60.04023897656874,67.0221832661878,89.08701489725307,89.08701489725307,89.08701489725308,60.438776542703074,47.895765075591775,64.38639809100893,89.53249753651457,89.53249753651457,89.53249753651457
47,train/val,1.1387899860739708,0.9127046003937721,0.5652134649455547,48.79115435961198,56.95332009917298,89.3479373690069,0.3021187387706284,42.169739273498294,48.524073904072786,89.73640012351545,0.0009562603707047575,7.433454275131226,0:05:53,68.18026562528514,56.95332009917298,64.27769578581855,89.3479373690069,89.3479373690069,89.3479373690069,62.729536376807985,48.524073904072786,64.69452102521133,89.73640012351545,89.73640012351545,89.73640012351545
48,train/val,1.205867090821266,0.9398317545652389,0.6650883264839649,52.45113933337344,60.18637693594921,88.37839908639093,0.31073801872235063,41.74508026023254,48.473195149425194,89.66682004390059,0.0009553259360401469,7.544478893280029,0:06:01,73.06488719843469,60.18637693594921,68.66515214049952,88.37839908639093,88.37839908639093,88.37839908639093,60.42029610039052,48.473195149425194,64.26235468241786,89.66682004390059,89.66682004390059,89.66682004390059
49,train/val,1.1578936532139779,0.9263102799654007,0.578958411514759,48.625010118652476,56.467361189524134,89.1230014459004,0.3186408775256343,41.779257606754896,48.31856667791571,89.07655439800804,0.0009543913998088963,7.75884485244751,0:06:08,68.72393543509769,56.467361189524134,63.41861280875351,89.1230014459004,89.1230014459004,89.1230014459004,60.321556462699874,48.31856667791571,64.73758755213197,89.07655439800804,89.07655439800804,89.07655439800804
50,train/val,1.1431688040494918,0.9079423457384109,0.5880661383271217,53.749527428358626,61.30366975207323,89.61213770523584,0.30990750473474077,41.93068102206137,48.0936615114534,89.59433293496676,0.000953456761889437,7.725613594055176,0:06:16,75.80400901785845,61.30366975207323,68.45319242251195,89.61213770523584,89.61213770523584,89.61213770523584,61.568496567373344,48.0936615114534,64.5910765325747,89.59433293496676,89.59433293496676,89.59433293496676
51,train/val,1.1556666135787963,0.9184893518686295,0.5929431341588497,51.09553181531928,58.45981491354427,89.46615576158251,0.29934300990029333,43.04034042890959,49.261694860200755,89.98607732675798,0.0009525220221599238,7.440783500671387,0:06:24,73.35380790504168,58.45981491354427,66.73461761249764,89.46615576158251,89.46615576158251,89.46615576158251,61.37902300307555,49.261694860200755,66.09349341220063,89.98607732675798,89.98607732675798,89.98607732675798
52,train/val,1.1208938732743263,0.8808561161160469,0.6000944055616856,53.48592829034145,61.174828475459634,89.86946413993567,0.3157267037244482,42.26819310734619,49.265953459809396,89.52995665974342,0.0009515871804982319,7.432842969894409,0:06:31,73.14225851310742,61.174828475459634,69.39372773302836,89.86946413993567,89.86946413993567,89.86946413993567,59.194305564508845,49.265953459809396,65.11280044010779,89.52995665974342,89.52995665974342,89.52995665974342
53,train/val,1.153945180773735,0.9206355705857276,0.583273996412754,51.09481269567936,59.096421791651075,89.53110664241129,0.31202814690916764,42.75924335390278,49.57934589054705,89.431400598959,0.0009506522367819562,7.418792247772217,0:06:38,70.40475931473595,59.096421791651075,66.58512997323689,89.53110664241129,89.53110664241129,89.53110664241129,60.058626568747954,49.57934589054705,65.94102774408984,89.431400598959,89.431400598959,89.431400598959
54,train/val,1.1342796400189399,0.9052598223090171,0.5725495405495167,54.996759152780704,63.217520207177955,90.01097460396508,0.3076056699262935,42.56266785464664,49.435486284378136,89.58814162824932,0.0009497171908884106,7.406680345535278,0:06:46,72.35057049591154,63.217520207177955,70.27155880733388,90.01097460396508,90.01097460396508,90.01097460396507,59.91256073559964,49.435486284378136,65.43838978025084,89.58814162824932,89.58814162824932,89.58814162824932
55,train/val,1.1345588266849518,0.9152283564209938,0.5483261801302433,50.37679337411488,57.833151023699735,90.00476410220021,0.3146804462237301,42.68148909204608,49.23885059554025,89.49125544499351,0.0009487820426946283,7.757134437561035,0:06:54,74.51431678710262,57.833151023699735,65.78971504714374,90.00476410220021,90.00476410220021,90.00476410220021,61.013202274204005,49.23885059554025,65.81089621767916,89.49125544499351,89.49125544499351,89.49125544499351
56,train/val,1.178684262931347,0.9371051847934723,0.6039476655423641,54.42616114144454,61.72291158673121,89.58135909332404,0.29286480047057817,42.65440995042873,49.19790027411694,90.20454279918297,0.0009478467920773586,7.743284225463867,0:07:01,73.18095517593912,61.72291158673121,69.6389422256256,89.58135909332404,89.58135909332404,89.58135909332404,60.954907602489136,49.19790027411694,65.55982606713518,90.20454279918297,90.20454279918297,90.20454279918297
57,train/val,1.1003217846155167,0.876853746175766,0.558670061826706,52.707646733647415,61.163689074726726,89.88379734569693,0.30465326204958104,42.36479503525243,48.85739791103315,89.6052121038493,0.0009469114389130667,7.562841415405273,0:07:09,72.37883641479196,61.163689074726726,68.72898036069408,89.88379734569693,89.88379734569693,89.88379734569693,61.663101721459725,48.85739791103315,65.24799208554286,89.6052121038493,89.6052121038493,89.6052121038493
58,train/val,1.1479669973254203,0.9073812007904053,0.6014644756913186,54.79711474713618,62.96698860665789,89.66531016984402,0.3046884004284068,43.9704771877029,51.11348276689084,89.78838823753803,0.0009459759830779346,7.549730062484741,0:07:16,78.07353836389112,62.96698860665789,70.42945972977509,89.66531016984402,89.66531016984402,89.66531016984402,60.88300677516125,51.11348276689084,67.59143802883148,89.78838823753803,89.78838823753803,89.78838823753803
59,train/val,1.1414538964629173,0.9096273839473724,0.5795662760734558,53.55287447024539,61.352518276302185,90.09715363449331,0.2897876190051258,43.87812645643782,50.65019728431647,90.22583512461448,0.0009450404244478567,7.572264671325684,0:07:24,73.75622978368678,61.352518276302185,68.08799841801553,90.09715363449331,90.09715363449331,90.09715363449331,64.34087039520712,50.65019728431647,67.32388262299588,90.22583512461448,90.22583512461448,90.22583512461449
60,train/val,1.0913604170084,0.8818672284483909,0.5237329602241516,54.10675178264736,62.47458836429152,90.13597261512015,0.3214749571906646,42.45483338146928,50.38342818258901,89.45339749065673,0.000944104762898442,7.675671100616455,0:07:32,76.23113293977757,62.47458836429152,69.65784258448461,90.13597261512015,90.13597261512015,90.13597261512015,58.79853302912055,50.38342818258901,66.0366264147754,89.45339749065673,89.45339749065673,89.45339749065673
61,train/val,1.1550943940877914,0.923032708466053,0.5801541924476623,50.38327846309959,57.50616669068984,89.4743458352608,0.2882124641610857,43.724784300326576,49.57524278228364,90.43320506528777,0.0009431689983050109,7.407169818878174,0:07:39,73.61231735171575,57.50616669068984,65.24150620533483,89.4743458352608,89.4743458352608,89.4743458352608,62.04495016067288,49.57524278228364,66.74352618811832,90.43320506528777,90.43320506528777,90.43320506528777
62,train/val,1.1723634123802185,0.9301293760538101,0.6055850699543953,52.57951644915666,60.62231370268588,89.79141356957288,0.2983069602887867,44.13989357330966,50.80925104324345,90.18443214788302,0.0009422331305425963,7.700251340866089,0:07:47,71.3218588880279,60.62231370268588,68.09886860465333,89.79141356957288,89.79141356957288,89.79141356957288,61.61156296753323,50.80925104324345,68.101279427297,90.18443214788302,90.18443214788302,90.18443214788302
63,train/val,1.119939649105072,0.8994638592004776,0.5511894732713699,52.90489380573216,60.76991368898235,89.94739822382222,0.3011748401508349,43.97005739813961,50.77040266715089,90.20933052113382,0.0009412971594859397,7.483438491821289,0:07:54,71.97731171837039,60.76991368898235,68.37050298990141,89.94739822382222,89.94739822382222,89.94739822382222,64.89627539745425,50.77040266715089,67.619533789409,90.20933052113382,90.20933052113382,90.20933052113382
64,train/val,1.0810715496540069,0.8696308970451355,0.5286016277968884,55.90944410976269,63.6344478011155,90.65532488440012,0.28650704495705587,43.74874843420001,49.821723290757184,90.37504783561127,0.0009403610850094943,7.5079872608184814,0:08:02,74.53534188706541,63.6344478011155,71.80678988719636,90.65532488440012,90.65532488440012,90.6553248844001,61.76923827725342,49.821723290757184,67.07684937148764,90.37504783561127,90.37504783561127,90.37504783561127
65,train/val,1.1534875929355621,0.9272329121828079,0.565636682510376,52.96560449596575,60.17768676042885,90.22480627742682,0.2844110472155652,44.1523437235449,50.36020705691049,90.49222774644092,0.0009394249069874194,7.65487003326416,0:08:09,72.3499733379256,60.17768676042885,67.61390285392372,90.22480627742682,90.22480627742682,90.22480627742682,65.77412664179307,50.36020705691049,67.45358128148375,90.49222774644092,90.49222774644092,90.49222774644092
66,train/val,1.0639181032776832,0.8646399825811386,0.498195294290781,54.98170108438518,63.92337301033605,90.80545465488545,0.2814526388666131,44.288827364302136,50.56376689948108,90.53181105596508,0.0009384886252935831,7.645244359970093,0:08:17,76.1944873122236,63.92337301033605,71.14114997231593,90.80545465488545,90.80545465488545,90.80545465488545,65.06390872113238,50.56376689948108,67.66281911464701,90.53181105596508,90.53181105596508,90.53181105596508
67,train/val,1.1059756234288216,0.8972225621342659,0.5218826606869698,56.82193215281958,64.6049214033319,90.55337093367747,0.28120573489617967,44.2527129319538,50.70092918499138,90.5530090693767,0.0009375522398015594,7.577059507369995,0:08:25,79.08852395286614,64.6049214033319,72.66832288348071,90.55337093367747,90.55337093367747,90.55337093367747,61.647329971828015,50.70092918499138,67.67337548410967,90.5530090693767,90.5530090693767,90.5530090693767
68,train/val,1.0709351658821107,0.8608500450849533,0.5252127930521965,58.51530807380371,66.4772793327488,90.88068195829287,0.28663032476649175,44.23412350493911,51.16686938463675,90.25818414743654,0.0009366157503846271,7.4476752281188965,0:08:32,79.09037545372863,66.4772793327488,73.94469920169287,90.88068195829287,90.88068195829287,90.88068195829287,61.323037395329436,51.16686938463675,67.93123583163492,90.25818414743654,90.25818414743654,90.25818414743654
69,train/val,1.101521261036396,0.8990506157279015,0.5061765953898429,56.499583262648336,64.50490849306799,90.83121589407575,0.2891264527379723,43.84376883294204,50.49779464927984,90.23511098915888,0.0009356791569157703,7.546667575836182,0:08:40,77.65551316168664,64.50490849306799,72.03809245552615,90.83121589407575,90.83121589407575,90.83121589407575,64.40130136187508,50.49779464927984,67.02160008877041,90.23511098915888,90.23511098915888,90.23511098915888
70,train/val,1.0857195228338241,0.8725910112261772,0.5328212678432465,58.89426373958136,66.85550968275568,90.78518915214386,0.2772635986525087,44.43652319351069,51.10069572743188,90.65286330737608,0.0009347424592676759,7.507199048995972,0:08:47,80.0379245313348,66.85550968275568,74.42853666408605,90.78518915214386,90.78518915214386,90.78518915214387,60.86901505939797,51.10069572743188,67.67390369547972,90.65286330737608,90.65286330737608,90.65286330737608
71,train/val,1.0804441079497338,0.8533771321177482,0.5676674343645572,58.73885969628111,66.66261611702149,90.98870026738106,0.2749692060853,44.44154868873157,51.37253630098218,90.79127451821259,0.000933805657312733,7.676776170730591,0:08:55,80.18415987881933,66.66261611702149,70.1167292540524,90.98870026738106,90.98870026738106,90.98870026738106,60.80817355525047,51.37253630098218,67.71352364711079,90.79127451821259,90.79127451821259,90.79127451821259
72,train/val,1.0952042102813722,0.8933299154043197,0.5046857222914696,50.43957680173745,58.37461216101948,90.52572239046549,0.28410011184157313,43.515162184268455,50.78744952115548,90.34598863795358,0.0009328687509230323,7.51918625831604,0:09:02,73.15644186714248,58.37461216101948,64.97908483867718,90.52572239046549,90.52572239046549,90.52572239046549,59.672028417881826,50.78744952115548,66.77466236482927,90.34598863795358,90.34598863795358,90.34598863795358
73,train/val,1.0971556648612022,0.878746123611927,0.546023839712143,56.7018264942198,64.54079032990781,90.56106663082217,0.2865148016439306,44.21199474182028,50.990143998756295,90.22685036576975,0.000931931739970364,7.413605213165283,0:09:10,79.12224025605164,64.54079032990781,68.28178283523005,90.56106663082217,90.56106663082217,90.56106663082217,65.4257992562117,50.990143998756295,67.98469362725147,90.22685036576975,90.22685036576975,90.22685036576975
74,train/val,1.0464954301714897,0.8529808253049851,0.48378650546073915,58.17269713609529,66.73043021374973,91.3311635865159,0.29432062612127285,43.37152038876867,51.0138130932933,90.01711707683334,0.0009309946243262185,7.650384426116943,0:09:17,79.44103833597437,66.73043021374973,74.2049042980503,91.3311635865159,91.3311635865159,91.3311635865159,67.58095781005245,51.0138130932933,62.53481774859837,90.01711707683334,90.01711707683334,90.01711707683334
75,train/val,1.0897522866725922,0.8820851802825928,0.5191677711904049,57.20041036360517,65.49649144539802,90.91109457284126,0.2732974306139535,44.05002059633168,50.89384352271375,90.78168243101325,0.0009300574038617836,7.398244380950928,0:09:25,74.07853788832853,65.49649144539802,72.98862109814576,90.91109457284126,90.91109457284126,90.91109457284126,68.85650559559873,50.89384352271375,62.946331150910886,90.78168243101325,90.78168243101325,90.78168243101325
76,train/val,1.0691609993577003,0.8673887595534324,0.5044305942952633,58.7102249848848,66.75799384808316,90.9646942951894,0.2626885462843727,45.527165056835024,52.020901971532375,91.09881491954019,0.0009291200784479445,7.641462326049805,0:09:32,80.32365578677624,66.75799384808316,70.24593521317071,90.9646942951894,90.9646942951894,90.9646942951894,62.53791607482554,52.020901971532375,69.26890021862987,91.09881491954019,91.09881491954019,91.09881491954019
77,train/val,1.0766193836927413,0.8684315174818039,0.5204696640372276,58.7948054171716,67.35199131526383,91.08123133638563,0.2707167737609703,45.59383237845442,52.57909269943659,90.9754437019931,0.0009281826479552821,7.450933456420898,0:09:40,75.8192232000759,67.35199131526383,74.7174894598684,91.08123133638563,91.08123133638563,91.08123133638563,61.88015354130925,52.57909269943659,69.77229600361954,90.9754437019931,90.9754437019931,90.9754437019931
78,train/val,1.0690986320376397,0.8695058792829513,0.4989818625152111,58.86148247061187,67.08961838626405,91.05672547754963,0.26720317425895995,44.74859154511138,51.02282439810957,91.02764817888482,0.000927245112254073,7.622636795043945,0:09:48,79.83310014458465,67.08961838626405,74.404956195197,91.05672547754963,91.05672547754963,91.05672547754963,66.66596961333246,51.02282439810957,68.10829988032253,91.02764817888482,91.02764817888482,91.02764817888482
79,train/val,1.0282253608107568,0.843989884853363,0.46058867424726485,56.73452737028993,64.8333606998944,91.36092199926614,0.2712684232289617,44.646429643247785,50.79264974419816,91.02964537460014,0.0009263074712142871,7.6452226638793945,0:09:55,77.4185946331533,64.8333606998944,68.0391620034751,91.36092199926614,91.36092199926614,91.36092199926614,65.99785429828256,50.79264974419816,68.07378676789344,91.02964537460014,91.02964537460014,91.02964537460014
80,train/val,1.0702306404709816,0.8578579276800156,0.5309317663311959,60.68960777696425,68.46754558452656,91.10391906200334,0.2705006425543795,45.21527844291716,51.319792111981776,90.9463623132719,0.0009253697247055869,7.928200721740723,0:10:03,82.75833827232076,68.46754558452656,72.34499852372727,91.10391906200334,91.10391906200334,91.10391906200334,63.406311807038115,51.319792111981776,64.72789399647961,90.9463623132719,90.9463623132719,90.9463623132719
81,train/val,1.0783774539828301,0.8722970306873321,0.515201036632061,57.820529640936755,66.45201862088724,91.28652022823638,0.266594180178967,45.88025087236598,52.2349719852822,91.19291057656045,0.0009244318725973275,7.7508556842803955,0:10:11,77.03543982643201,66.45201862088724,69.94153330348955,91.28652022823638,91.28652022823638,91.28652022823638,63.5009845771892,52.2349719852822,69.95066261741704,91.19291057656045,91.19291057656045,91.19291057656045
82,train/val,1.0665657967329025,0.8748623833060265,0.4792585052549839,58.33679731867769,66.5713817030613,91.50421340008363,0.2766438741964477,45.12938123948905,51.61121499534721,90.69431066623453,0.0009234939147585542,7.666780233383179,0:10:19,80.36504797329198,66.5713817030613,70.12764707305193,91.50421340008363,91.50421340008363,91.50421340008363,62.681842861981075,51.61121499534721,64.75882408167077,90.69431066623453,90.69431066623453,90.69431066623453
83,train/val,1.0375730007886887,0.8494087904691696,0.4704105332493782,58.36412393033649,66.14839823299509,91.84890513075995,0.26982233889170004,45.78431494183739,52.902125617304065,91.03005036150907,0.0009225558510580019,7.62160587310791,0:10:26,78.52424049076642,66.14839823299509,73.0310183829851,91.84890513075995,91.84890513075995,91.84890513075995,62.306988566897445,52.902125617304065,69.97480921394327,91.03005036150907,91.03005036150907,91.03005036150907
84,train/val,1.0516668409109116,0.856616772711277,0.48762517124414445,62.805281074446064,71.55654118135543,91.93990074026412,0.2608037953316965,45.84202248544999,52.112959899097646,91.27998276198187,0.0009216176813640937,7.528214693069458,0:10:34,81.59349552591159,71.55654118135543,74.6255119968454,91.93990074026412,91.93990074026412,91.93990074026412,63.56966925529963,52.112959899097646,65.53540633526883,91.27998276198187,91.27998276198187,91.27998276198187
85,train/val,1.0673853084445,0.8684854745864868,0.49724957197904585,59.02966014774873,66.84325038144311,91.52349366817944,0.26964253905030794,45.649696817872346,52.464790687098564,90.9330643184675,0.0009206794055449411,7.546517372131348,0:10:41,79.99277671063571,66.84325038144311,70.79453638911146,91.52349366817944,91.52349366817944,91.52349366817944,70.1291941129784,52.464790687098564,65.44417571400714,90.9330643184675,90.9330643184675,90.9330643184675
86,train/val,1.0372369319200516,0.836423996090889,0.502032320201397,63.06309993615198,71.76477890581407,91.7609005393284,0.26392702867165846,46.12068426912816,52.63372820627662,91.26123131332152,0.000919741023468341,7.678173065185547,0:10:49,82.08512351873269,71.76477890581407,74.92563552331842,91.7609005393284,91.7609005393284,91.7609005393284,62.93000807111999,52.63372820627662,65.80165914942643,91.26123131332152,91.26123131332152,91.26123131332152
87,train/val,1.059263363480568,0.861946827173233,0.4932913318276405,61.2602504337527,68.79781514714892,91.54634237767571,0.2559100300032194,46.39641013178359,52.703472628013124,91.41895984493772,0.0009188025350017766,7.5438737869262695,0:10:56,80.74269351831174,68.79781514714892,72.95287427847839,91.54634237767571,91.54634237767571,91.54634237767571,63.73574433642081,52.703472628013124,66.02428780296945,91.41895984493772,91.41895984493772,91.41895984493772
88,train/val,1.0712145015597343,0.8668117627501488,0.5110068425536156,60.60947309058202,69.68127993281638,91.26606407379809,0.27168745378711023,45.34871047053722,52.18603393340793,90.9433110420402,0.0009178639400124137,7.605709791183472,0:11:04,80.12512139496465,69.68127993281638,76.27990227207394,91.26606407379809,91.26606407379809,91.26606407379809,61.99646483261391,52.18603393340793,69.17558738348536,90.9433110420402,90.9433110420402,90.9433110420402
89,train/val,1.0534177228808403,0.8571119993925095,0.49076431393623354,59.908835288681715,68.22236654819287,91.51039398621089,0.27031499718811486,45.110625783792415,51.67176442052153,91.06776962169896,0.0009169252383671028,7.670561790466309,0:11:12,80.70677771378423,68.22236654819287,71.42102274270331,91.51039398621089,91.51039398621089,91.51039398621089,62.478619377901104,51.67176442052153,64.57176267702094,91.06776962169896,91.06776962169896,91.06776962169896
90,train/val,1.0529197201132774,0.8580197557806969,0.4872499041259289,63.321412260114606,71.3114490099828,91.57483601696379,0.2630955256214136,45.5824938372326,52.32605435402604,91.32442591441328,0.0009159864299323751,7.494137763977051,0:11:19,82.76749785909165,71.3114490099828,75.5151805681018,91.57483601696379,91.57483601696379,91.57483601696379,62.621276653967115,52.32605435402604,69.37614472999543,91.32442591441328,91.32442591441328,91.32442591441328
91,train/val,1.0728357687592507,0.8602958306670189,0.5313498444855214,60.560973311761714,68.99853905205904,90.95898587068737,0.2665628073462295,46.20227169465462,53.674900219037134,90.97271974894807,0.0009150475145744431,7.61303448677063,0:11:27,76.63077777511354,68.99853905205904,76.29129741034252,90.95898587068737,90.95898587068737,90.95898587068737,62.113772229389895,53.674900219037134,70.51701930318805,90.97271974894807,90.97271974894807,90.97271974894807
92,train/val,1.0389077082276343,0.8434725150465965,0.48858798667788506,60.413159225118996,68.91470360516577,91.70304025605245,0.2740530341591479,45.621591063017405,52.29131917545955,90.89455727552324,0.0009141084921591984,7.570461750030518,0:11:34,80.0255128506916,68.91470360516577,72.25332279236495,91.70304025605245,91.70304025605245,91.70304025605246,62.75177961341618,52.29131917545955,69.78885003356883,90.89455727552324,90.89455727552324,90.89455727552324
93,train/val,1.0338850051164628,0.8551122158765793,0.4469319649040699,59.811312410991626,68.2833206688943,91.77820930644288,0.258427934906149,46.547440498101736,53.31896750442509,91.23910127524275,0.0009131693625522126,7.449870824813843,0:11:42,76.54852343096913,68.2833206688943,75.76698638427843,91.77820930644288,91.77820930644288,91.77820930644288,63.321214790996805,53.31896750442509,70.7891370101399,91.23910127524275,91.23910127524275,91.23910127524275
94,train/val,1.0404036298394204,0.8558314070105553,0.4614305481314659,60.32012130917042,68.25179350777229,91.67367200384263,0.2570686783058749,47.09010049002752,54.15060750032631,91.36664441272848,0.0009122301256187324,7.382606029510498,0:11:49,80.83898778194389,68.25179350777229,71.85253392294881,91.67367200384263,91.67367200384263,91.67367200384263,63.35144375218563,54.15060750032631,71.54749771280919,91.36664441272848,91.36664441272848,91.36664441272848
95,train/val,1.0274817228317261,0.8370824724435806,0.47599814385175704,61.6357492724235,70.26013550265375,91.60334865791391,0.2715004275472456,46.09333647821863,52.96176785358844,90.99229781472393,0.0009112907812236824,7.603381872177124,0:11:57,80.80530179990531,70.26013550265375,73.87052697695445,91.60334865791391,91.60334865791391,91.60334865791391,63.401667194950704,52.96176785358844,66.01166022884135,90.99229781472393,90.99229781472393,90.99229781472393
96,train/val,1.1061506882309913,0.8960683435201645,0.5252058349549771,60.511204597182676,68.8710173728609,91.06876093776177,0.2626912811595818,46.77005200058691,53.74820835169955,91.20056649346911,0.0009103513292316619,7.516500234603882,0:12:04,79.87064891500987,68.8710173728609,72.49519053651822,91.06876093776177,91.06876093776177,91.06876093776177,63.62515698180915,53.74820835169955,71.21403401241099,91.20056649346911,91.20056649346911,91.20056649346911
97,train/val,1.0597692266106606,0.8633468091487885,0.4910560391843319,60.71274458623381,69.06703918182185,91.37389563647251,0.2679221944056856,46.22298183368825,53.92563652624878,91.06568920949552,0.0009094117695069437,7.684743165969849,0:12:12,80.24302482383273,69.06703918182185,73.19262393929652,91.37389563647251,91.37389563647251,91.37389563647251,65.59175131909934,53.92563652624878,70.7026026637971,91.06568920949552,91.06568920949552,91.06568920949552
98,train/val,1.0524662852287292,0.8587660536170005,0.48425054624676706,61.258611461466806,69.9609256966481,91.36281025272022,0.27169628860426753,46.44225790371728,53.29741847912699,91.05549796358157,0.0009084721019134737,7.68467378616333,0:12:20,80.4178072638058,69.9609256966481,74.21425542952443,91.36281025272022,91.36281025272022,91.36281025272022,63.7657314817688,53.29741847912699,71.10727009108267,91.05549796358157,91.05549796358157,91.05549796358157
99,train/val,0.991816708445549,0.8080747529864312,0.4593548871576786,63.47776388296015,71.03204458306222,92.15642294423179,0.25532548076661693,46.822028119537094,53.287995499899075,91.46465679245708,0.0009075323263148696,7.468653202056885,0:12:27,82.45311767810732,71.03204458306222,74.91905641076079,92.15642294423179,92.15642294423179,92.15642294423179,64.6938406077412,53.287995499899075,71.11177258734679,91.46465679245708,91.46465679245708,91.46465679245708
100,train/val,1.0060901582241057,0.8334052592515946,0.4317122481763363,59.86398977225322,68.1308282894984,92.10091337612296,0.2595486813491018,46.97890187554592,54.15439524394387,91.21134580256589,0.0009065924425744197,7.595904111862183,0:12:35,79.6666274744357,68.1308282894984,72.63298592261611,92.10091337612296,92.10091337612296,92.10091337612296,63.46784212051665,54.15439524394387,67.26672866796218,91.21134580256589,91.21134580256589,91.2113458025659
101,train/val,1.0209156677126885,0.8305337071418762,0.4759548991918564,63.8673178165463,72.36260293260847,92.156449218744,0.25926032234828994,47.0871017793325,53.156153969230516,91.31124997045814,0.000905652450555081,7.70654821395874,0:12:43,81.31669905840191,72.36260293260847,75.75911647934839,92.156449218744,92.156449218744,92.156449218744,69.18640668967065,53.156153969230516,67.15395627887297,91.31124997045814,91.31124997045814,91.31124997045814
102,train/val,1.034332962334156,0.8491663321852684,0.46291656494140626,58.9696250508674,67.28267918808353,91.78013754894756,0.25757806008247086,46.96631177357266,53.82158094913514,91.34189582915633,0.0009047123501194792,7.6135032176971436,0:12:50,79.08224196901065,67.28267918808353,71.82116499300027,91.78013754894756,91.78013754894756,91.78013754894756,64.3760800375247,53.82158094913514,67.08587443813624,91.34189582915633,91.34189582915633,91.34189582915633
103,train/val,1.0512168765068055,0.8628745958209038,0.47085568085312846,62.857142810111135,70.94188129920622,92.09431950340432,0.25732256314279883,47.01565186363798,54.010529629441976,91.47434319167631,0.0009037721411299057,7.694489479064941,0:12:58,81.70845668041927,70.94188129920622,74.6052625909509,92.09431950340432,92.09431950340432,92.09431950340434,67.86726538518785,54.010529629441976,67.24868105620693,91.47434319167631,91.47434319167631,91.47434319167631
104,train/val,1.0196858465671539,0.8319144576787949,0.4694284714758396,61.499390329451856,70.24582021565182,91.85965393006495,0.25466173392149266,47.11789303721895,53.98556528112242,91.48306427963314,0.0009028318234483183,7.527866840362549,0:13:05,80.34786952624539,70.24582021565182,74.27035503183184,91.85965393006495,91.85965393006495,91.85965393006495,63.867243643814085,53.98556528112242,67.08242567826153,91.48306427963314,91.48306427963314,91.48306427963314
105,train/val,1.0288617253303527,0.8405441358685494,0.47079395279288294,62.9932716937854,71.19001479618939,91.857529849987,0.252052570653711,47.26688182284689,53.72831177373715,91.50644811279984,0.00090189139693634,7.541881561279297,0:13:13,80.73188206728618,71.19001479618939,74.77017939000476,91.857529849987,91.857529849987,91.857529849987,68.45938873107106,53.72831177373715,67.35341179496885,91.50644811279984,91.50644811279984,91.50644811279984
106,train/val,1.0179467976093293,0.8445788070559501,0.4334199793636799,60.71766287829487,68.53788054505678,92.35631472057105,0.25436329597368396,47.00718572699964,54.27071909242564,91.47176348054404,0.0009009508614552562,7.660381555557251,0:13:21,78.98218423077202,68.53788054505678,72.26704334378407,92.35631472057105,92.35631472057105,92.35631472057105,66.58813430580064,54.27071909242564,66.8170421744611,91.47176348054404,91.47176348054404,91.47176348054404
107,train/val,1.0575515255331993,0.8636664658784866,0.48471265360713006,60.06633565117716,68.92546841777279,91.75934417407805,0.2742925557001935,45.50473698396889,53.89322428754353,90.79801505375174,0.0009000102168660145,7.623955488204956,0:13:28,76.28987777850327,68.92546841777279,71.85177834046726,91.75934417407805,91.75934417407805,91.75934417407805,61.38493794305949,53.89322428754353,65.2543820870631,90.79801505375174,90.79801505375174,90.79801505375174
108,train/val,1.0422706425189971,0.8501150250434876,0.4803890511393547,63.07961505311845,71.38131308032773,91.80724648704002,0.2550424101302843,47.27243056398194,54.096510472749024,91.42911225649053,0.0008990694630292233,7.629212856292725,0:13:36,81.41766648362761,71.38131308032773,75.57340754137599,91.80724648704002,91.80724648704002,91.80724648704002,67.23121102017457,54.096510472749024,67.09429701113878,91.42911225649053,91.42911225649053,91.42911225649053
109,train/val,1.0264775246381759,0.8424088463187218,0.4601716920733452,62.008133237656715,70.09759921705196,91.9057192963691,0.2526398697184853,47.45017054198304,54.628925858055254,91.54481091383133,0.0008981285998051506,7.635073184967041,0:13:43,80.1016564724929,70.09759921705196,73.27956187536998,91.9057192963691,91.9057192963691,91.9057192963691,63.53360453080516,54.628925858055254,67.326783367187,91.54481091383133,91.54481091383133,91.54481091383133
110,train/val,1.0347330957651137,0.8367382049560547,0.4949872173368931,61.58406568391017,70.34502536715542,91.63069426864155,0.2562840166032289,47.57647068005377,54.78339122889155,91.48933880283873,0.0008971876270537236,7.408506631851196,0:13:51,80.34754346345214,70.34502536715542,74.2355883245281,91.63069426864155,91.63069426864155,91.63069426864155,63.47277378393195,54.78339122889155,67.48750235166237,91.48933880283873,91.48933880283873,91.48933880283873
111,train/val,1.0598354026675225,0.8666337162256241,0.48300420343875883,61.23606191114711,69.62548839521826,91.73138510558731,0.2554277471125404,48.272771904799654,55.52768658836836,91.34749352492506,0.0008962465446345255,7.567295074462891,0:13:58,81.10621782226556,69.62548839521826,73.93301314079812,91.73138510558731,91.73138510558731,91.73138510558731,68.27621404355465,55.52768658836836,68.54007681012557,91.34749352492506,91.34749352492506,91.34749352492506
112,train/val,0.984195026755333,0.8110166594386101,0.43294589668512345,66.0141741990047,74.91974355546898,92.21508908776971,0.26574076865454305,47.38117210318231,54.59658441706142,91.23004177356749,0.0008953053524067967,7.684392929077148,0:14:06,81.48588074297871,74.91974355546898,77.85157523223984,92.21508908776971,92.21508908776971,92.21508908776971,72.02160488366857,54.59658441706142,67.5947867734474,91.23004177356749,91.23004177356749,91.23004177356749
113,train/val,1.038171261548996,0.8470333516597748,0.47784478291869165,64.81898771666539,72.56921562894665,92.16392426888356,0.25576417858821454,47.698571134284414,54.38611468272829,91.52267532798669,0.0008943640502294313,7.5630223751068115,0:14:14,83.94771012807531,72.56921562894665,76.72702261302693,92.16392426888356,92.16392426888356,92.16392426888356,64.51366278459851,54.38611468272829,72.12052285093809,91.52267532798669,91.52267532798669,91.52267532798669
114,train/val,1.0003560870885848,0.8220408380031585,0.44578811526298523,61.39538636052082,69.25373717959448,92.37611495524904,0.24316055776392081,48.88099272149682,55.84983099448705,92.02130852490787,0.0008934226379609764,7.548435211181641,0:14:21,75.96658510261966,69.25373717959448,75.90056583255678,92.37611495524904,92.37611495524904,92.37611495524904,64.94304727404682,55.84983099448705,68.98596151043282,92.02130852490787,92.02130852490787,92.02130852490787
115,train/val,1.020438200235367,0.8420845299959183,0.44588417932391167,64.2575996242474,72.39669307191231,92.1142562786858,0.26111710410927735,47.60958949690881,54.17418195605119,91.35048377073214,0.0008924811154596326,7.711682319641113,0:14:29,82.48023534391088,72.39669307191231,76.2716397971468,92.1142562786858,92.1142562786858,92.11425627868579,64.78944088194297,54.17418195605119,72.19968691377923,91.35048377073214,91.35048377073214,91.35048377073214
116,train/val,1.0340350463986396,0.8433839112520218,0.4766278207302094,63.49823212875688,71.83706782453915,91.6006068931653,0.2550112156495513,47.40181941390224,54.17761794017245,91.61309836399712,0.0008915394825832508,7.604820251464844,0:14:37,81.49112658366128,71.83706782453915,75.70406761394904,91.6006068931653,91.6006068931653,91.6006068931653,63.86279307501225,54.17761794017245,67.30655827598243,91.61309836399712,91.61309836399712,91.61309836399712
117,train/val,1.024767342209816,0.8359445348381996,0.47205699533224105,64.50268508981829,73.1711764929351,91.79715286157197,0.24964682575698988,47.44592848144669,53.62905308727305,91.86123883609203,0.0008905977391893318,7.533629655838013,0:14:44,81.2943173349159,73.1711764929351,75.93186628878375,91.79715286157197,91.79715286157197,91.79715286157197,68.8903873696964,53.62905308727305,67.24049465058977,91.86123883609203,91.86123883609203,91.86123883609203
118,train/val,1.0415833979845046,0.8451758950948716,0.4910187430679798,64.46180006662937,73.03192784247182,91.79506878861413,0.24600746663753906,48.0915472800236,54.38546657583373,91.94036662077924,0.0008896558851350237,7.660259962081909,0:14:52,81.64140500716208,73.03192784247182,76.25833550353158,91.79506878861413,91.79506878861413,91.79506878861413,68.7786925251475,54.38546657583373,72.40908791989844,91.94036662077924,91.94036662077924,91.94036662077924
119,train/val,0.9914669498801232,0.8142364114522934,0.4430763408541679,64.93668126701813,72.78629324251003,92.61590383090146,0.24439554939289687,47.89833482683332,54.821264385183945,91.88657548284704,0.0008887139202771232,7.5629448890686035,0:14:59,82.99738118631487,72.78629324251003,76.44036317656318,92.61590383090146,92.61590383090146,92.61590383090147,64.14777285364445,54.821264385183945,72.28973154660608,91.88657548284704,91.88657548284704,91.88657548284704
120,train/val,0.9952717155218125,0.8213397592306138,0.43482987880706786,64.34255777351406,72.78992000156708,92.53754725899614,0.2551321521780335,47.921844087719215,55.03083868570947,91.47864825799597,0.0008877718444720718,7.625964879989624,0:15:07,81.61424097569828,72.78992000156708,76.58696366334493,92.53754725899614,92.53754725899614,92.53754725899614,65.2081389630541,55.03083868570947,67.98882255458427,91.47864825799597,91.47864825799597,91.47864825799597
121,train/val,0.99793082177639,0.8151428744196891,0.45696984604001045,67.9463244151262,76.9337298794522,92.74006240254327,0.2418545506142514,48.68919035106618,55.53035663058431,91.93201168537021,0.0008868296575759555,7.56179666519165,0:15:14,83.02887948464414,76.9337298794522,79.64896491489073,92.74006240254327,92.74006240254327,92.74006240254327,68.49326732088544,55.53035663058431,68.72177777180482,91.93201168537021,91.93201168537021,91.93201168537021
122,train/val,0.9959090277552605,0.8218292504549026,0.43519944325089455,66.21509533021035,75.82850857198153,92.63811551557188,0.24794646585538727,47.49056729023313,54.475176272268286,91.69178232741427,0.0008858873594445045,7.572113275527954,0:15:22,81.35492758535086,75.82850857198153,78.16153608284344,92.63811551557188,92.63811551557188,92.63811551557188,64.39184094207833,54.475176272268286,67.28848823834667,91.69178232741427,91.69178232741427,91.69178232741427
123,train/val,0.9873578190803528,0.8184619277715683,0.4222397066652775,65.53361213149043,73.42407705310796,92.96293354399762,0.2383618510199207,48.11129677871106,54.86517165945194,92.07794566673438,0.0008849449499330895,7.389836311340332,0:15:29,81.40302730146956,73.42407705310796,76.64123492996927,92.96293354399762,92.96293354399762,92.96293354399762,64.66621793678932,54.86517165945194,67.9934210282721,92.07794566673438,92.07794566673438,92.07794566673438
124,train/val,0.9918598368763923,0.8301562398672104,0.4042589981108904,64.79029706198772,73.75102922389152,92.83813029733281,0.2479657319893584,48.23487279898935,55.40147610104492,91.66288401496698,0.0008840024288967224,7.441856145858765,0:15:37,81.18061809426543,73.75102922389152,76.9015172479893,92.83813029733281,92.83813029733281,92.83813029733281,69.37938275924326,55.40147610104492,68.42268319106496,91.66288401496698,91.66288401496698,91.66288401496698
125,train/val,0.963811756670475,0.8074071258306503,0.3910115722566843,61.0262506750501,68.47417775154898,92.9477997876993,0.24995340721831746,48.08538117457529,55.0065845434118,91.72215634558454,0.0008830597961900546,7.647869110107422,0:15:45,79.64460333574482,68.47417775154898,72.33981656324654,92.9477997876993,92.9477997876993,92.94779978769931,65.19793380834156,55.0065845434118,68.3787755343318,91.72215634558454,91.72215634558454,91.72215634558454
126,train/val,1.0267796233296393,0.8506880283355713,0.44022897630929947,64.94773121612751,73.41782098456994,92.05708571459546,0.24844494128771635,48.79192194941406,55.94818558889336,91.69010690211977,0.000882117051667376,7.601635932922363,0:15:52,82.33103884909725,73.41782098456994,77.25253914976292,92.05708571459546,92.05708571459546,92.05708571459546,67.40830243712557,55.94818558889336,69.1846866875327,91.69010690211977,91.69010690211977,91.69010690211977
127,train/val,0.9780599877238274,0.8003006517887116,0.4443983413279057,67.30248174676487,76.31988878041086,92.6191318471038,0.24597028186991776,48.886045048066926,55.7628051299805,91.95906259178085,0.0008811741951826112,7.516515731811523,0:16:00,82.31087100728,76.31988878041086,78.84406955907693,92.6191318471038,92.6191318471038,92.6191318471038,65.19804407483788,55.7628051299805,73.90611577733299,91.95906259178085,91.95906259178085,91.95906259178084
128,train/val,1.0274401500821113,0.8520578145980835,0.43845584988594055,66.90751337283467,75.14197192848101,92.45618191966228,0.24514877433347199,48.068160148989406,54.50588708219788,92.04797663547306,0.000880231226589321,7.63752293586731,0:16:07,83.56326873225983,75.14197192848101,78.75466162886842,92.45618191966228,92.45618191966228,92.4561819196623,65.15095353524039,54.50588708219788,72.71524302858067,92.04797663547306,92.04797663547306,92.04797663547306
129,train/val,0.9687742680311203,0.8013752922415733,0.41849744096398356,68.90090644467728,77.4976089101174,92.93376643118643,0.23814689091203273,48.68263081382757,55.32396167374255,92.04833724025498,0.0008792881457407014,7.650327205657959,0:16:15,83.94940511817177,77.4976089101174,80.31902182943269,92.93376643118643,92.93376643118643,92.93376643118643,65.19911385928798,55.32396167374255,73.50012179262836,92.04833724025498,92.04833724025498,92.04833724025498
130,train/val,0.990103705227375,0.8083815321326255,0.45430542416870595,68.65763200986144,77.17900337830723,92.3596511949336,0.23626823816762785,49.10761161034045,55.94224550016742,92.14160628015973,0.0008783449524895794,7.638022184371948,0:16:23,83.62947044568614,77.17900337830723,80.08395142182864,92.3596511949336,92.3596511949336,92.3596511949336,65.25390497816362,55.94224550016742,69.3609822572622,92.14160628015973,92.14160628015973,92.14160628015973
131,train/val,0.9944730207324028,0.8213414713740349,0.4328288592398167,64.0714874944607,72.92741443721009,92.41577681006567,0.24275456358874212,49.041742546936526,56.25982971480433,91.98892621549054,0.0008774016466884135,7.64218807220459,0:16:30,81.7676139308511,72.92741443721009,75.63774467475353,92.41577681006567,92.41577681006567,92.41577681006565,64.86098658972752,56.25982971480433,74.00433165987904,91.98892621549054,91.98892621549054,91.98892621549054
132,train/val,0.9824566304683685,0.8240637823939323,0.3959821242839098,61.270249922675504,69.85581157497033,92.58633607577647,0.24830213832671835,48.665932095762024,55.751509316584134,91.69842855093354,0.0008764582281892924,7.728295564651489,0:16:38,81.88635536658634,69.85581157497033,73.05927650465577,92.58633607577647,92.58633607577647,92.58633607577647,64.83671371296244,55.751509316584134,73.49216625220626,91.69842855093354,91.69842855093354,91.69842855093356
133,train/val,1.0102814376354217,0.828724880516529,0.4538913734257221,67.20153250084851,75.47982377980583,92.5218093526235,0.24603646324946296,48.51579667315603,55.3163219834893,91.78877946598759,0.0008755146968439328,7.542925596237183,0:16:45,83.11271365706783,75.47982377980583,78.67090815162531,92.5218093526235,92.5218093526235,92.52180935262352,65.91060044337591,55.3163219834893,68.64735118013286,91.78877946598759,91.78877946598759,91.78877946598759
134,train/val,1.017052413523197,0.8405336707830429,0.44129685312509537,64.20745685906495,73.14343640833332,92.44877709823025,0.2397775078117398,49.044824495595975,56.559961711075246,91.97370869369308,0.000874571052503679,7.7463648319244385,0:16:53,80.97453937925805,73.14343640833332,76.54487213102644,92.44877709823025,92.44877709823025,92.44877709823025,64.53743343811055,56.559961711075246,69.38653812974214,91.97370869369308,91.97370869369308,91.97370869369308
135,train/val,0.9763564139604568,0.8091495186090469,0.41801722794771196,64.71843940667831,72.54898614115993,92.95523470224123,0.24618132711879998,48.96569690971073,55.47218209684024,91.87741057362014,0.0008736272950195003,7.6787872314453125,0:17:01,80.18601313341058,72.54898614115993,75.72640600831895,92.95523470224123,92.95523470224123,92.95523470224123,74.18463061079323,55.47218209684024,69.22159300424907,91.87741057362014,91.87741057362014,91.87741057362014
136,train/val,0.9795404672622681,0.8133046105504036,0.4155896224081516,66.44064566013296,74.9268276424931,92.56113090929492,0.24122219783940593,49.24660638712808,55.99662047355092,91.88734662230377,0.0008726834242419913,7.603139162063599,0:17:09,82.56837432474852,74.9268276424931,78.25029593295585,92.56113090929492,92.56113090929492,92.56113090929492,67.47955758129685,55.99662047355092,69.47276265400752,91.88734662230377,91.88734662230377,91.88734662230377
137,train/val,1.0124467253684997,0.8389012515544891,0.43386365920305253,65.6439154939735,73.46862199228538,92.62728897036654,0.2353654170700817,49.436864855955584,56.09061377669512,92.17589702103834,0.0008717394400213688,7.632206201553345,0:17:16,82.26591226691782,73.46862199228538,76.791501605117,92.62728897036654,92.62728897036654,92.62728897036655,66.36311339175921,56.09061377669512,69.72822103815889,92.17589702103834,92.17589702103834,92.17589702103834
138,train/val,0.9717982366681099,0.8017783522605896,0.42504970356822014,63.15658724449374,72.47925819909496,92.58412753614155,0.2605303138786545,47.751646087031425,54.99503654561087,91.18321862957534,0.0008707953422074707,7.548464298248291,0:17:24,80.17947769010738,72.47925819909496,74.99273174139405,92.58412753614155,92.58412753614155,92.58412753614155,67.45312765845732,54.99503654561087,72.51431947405123,91.18321862957534,91.18321862957534,91.18321862957534
139,train/val,0.9568129941821099,0.8040455251932144,0.3819186560809612,66.44418051915463,74.7746847784426,93.00066441111149,0.24432835619620816,48.671423662882816,55.7060328498173,91.73056121088645,0.0008698511306497561,7.643791675567627,0:17:31,82.74945337542599,74.7746847784426,78.23387712111244,93.00066441111149,93.00066441111149,93.00066441111149,64.86792130560244,55.7060328498173,68.72556574648453,91.73056121088645,91.73056121088645,91.73056121088645
140,train/val,0.9764201670885087,0.8206333681941033,0.38946697637438776,63.41014376765677,71.68148603945666,93.10812126620115,0.24412898726081778,48.89104405163103,56.66301413627435,91.82358060132678,0.0008689068051973019,7.678096294403076,0:17:39,78.62880475792278,71.68148603945666,78.79693216177328,93.10812126620115,93.10812126620115,93.10812126620115,63.832497872320324,56.66301413627435,69.226197809127,91.82358060132678,91.82358060132678,91.82358060132678
141,train/val,0.9778304561972618,0.8199025169014931,0.3948198460042477,62.35765001647579,69.94499470765972,92.87792278599348,0.23930752860885776,49.399521311701804,56.2539044852706,91.98749489189457,0.0008679623656988024,7.439697980880737,0:17:46,80.15432926098934,69.94499470765972,73.51435635315025,92.87792278599348,92.87792278599348,92.87792278599348,70.91937885234046,56.2539044852706,69.62938259639195,91.98749489189457,91.98749489189457,91.98749489189457
142,train/val,0.9746950179338455,0.8194052070379257,0.38822450712323187,66.77973779684638,74.70727050385598,93.12666412476955,0.24029710592922193,49.01949402646642,55.74580407485089,91.99174448055547,0.000867017812002568,7.558488130569458,0:17:54,83.01304946622959,74.70727050385598,78.24963166165982,93.12666412476955,93.12666412476955,93.12666412476955,65.48947891649539,55.74580407485089,69.23740576165783,91.99174448055547,91.99174448055547,91.99174448055547
143,train/val,1.029702278971672,0.8481656104326248,0.4538416910916567,64.58705552794838,71.95331213623334,92.54237526488689,0.24168239152009563,48.99173268048788,56.190693301174036,91.98924243814545,0.0008660731439565235,7.622815847396851,0:18:02,83.82814797965594,71.95331213623334,76.61583572523851,92.54237526488689,92.54237526488689,92.5423752648869,69.71177353092553,56.190693301174036,69.26574751472474,91.98924243814545,91.98924243814545,91.98924243814545
144,train/val,0.9488556891679764,0.7895449668169021,0.3982768043875694,66.59439532134293,75.30361888299288,93.00419072175272,0.2527781024906334,47.423465169295795,54.50424585453636,91.67179372696359,0.0008651283614082057,7.782884359359741,0:18:09,83.12458932903583,75.30361888299288,77.94270036557471,93.00419072175272,93.00419072175272,93.00419072175272,63.424197590902466,54.50424585453636,71.88163216414901,91.67179372696359,91.67179372696359,91.67179372696359
145,train/val,0.997248588502407,0.8125644668936729,0.46171031072735785,66.84352233677355,75.75734335482734,92.17884806468942,0.251034363827493,47.688154528433415,55.25119357816454,91.66570782779779,0.000864183464204764,7.56250262260437,0:18:17,82.78995434323866,75.75734335482734,78.68949573305136,92.17884806468942,92.17884806468942,92.17884806468942,63.05127142342914,55.25119357816454,72.26520799457023,91.66570782779779,91.66570782779779,91.66570782779779
146,train/val,0.9451552554965019,0.7904874324798584,0.3866695359349251,65.65275841360759,73.69295790877382,93.29381255960514,0.239760172560345,49.078719703504916,56.59855313430644,91.97518439941607,0.000863238452192957,7.7468483448028564,0:18:25,78.68096662308004,73.69295790877382,80.15316270219239,93.29381255960514,93.29381255960514,93.29381255960514,67.82678183723651,56.59855313430644,69.30276118750297,91.97518439941607,91.97518439941607,91.97518439941607
147,train/val,0.9875374093651772,0.8158588215708733,0.4291964635252953,64.07761125432681,71.5961776437381,92.5712216691398,0.2376720786515506,48.58851701418811,55.478971951229774,92.00181367562014,0.0008622933252191526,7.60989236831665,0:18:32,78.69112918843804,71.5961776437381,74.45300386830368,92.5712216691398,92.5712216691398,92.5712216691398,64.82060738788546,55.478971951229774,73.18820194767099,92.00181367562014,92.00181367562014,92.00181367562014
148,train/val,0.9615650475025177,0.8017147272825241,0.39962578751146793,67.34721774378258,75.39538617884526,92.98295921378093,0.2482236981182644,48.80988076116577,56.31348885350147,91.6332034675312,0.0008613480831293251,7.753765821456909,0:18:40,83.51974042953574,75.39538617884526,78.68495003178812,92.98295921378093,92.98295921378093,92.98295921378093,64.19239015124172,56.31348885350147,73.67836930798535,91.6332034675312,91.6332034675312,91.6332034675312
149,train/val,0.9848067909479141,0.8166466802358627,0.420400283485651,65.04014287863077,73.42284299921029,92.48937835918865,0.25026472010044065,48.1684650686929,54.58918570993973,91.59763674050114,0.0008604027257690544,7.5971949100494385,0:18:48,83.37549201830409,73.42284299921029,77.15181515798145,92.48937835918865,92.48937835918865,92.48937835918865,65.44679026479986,54.58918570993973,72.78430110392917,91.59763674050114,91.59763674050114,91.59763674050114
150,train/val,0.9592425137758255,0.7930314689874649,0.4155276227742434,66.51357559950235,75.12778856201618,92.60672540077303,0.23845534214382816,49.35485416462499,56.604806980606746,92.22230408258982,0.0008594572529835244,7.495175838470459,0:18:55,82.27474275525721,75.12778856201618,78.17733729612404,92.60672540077303,92.60672540077303,92.60672540077303,64.88899131942267,56.604806980606746,74.23763563588003,92.22230408258982,92.22230408258982,92.22230408258982
151,train/val,0.9816666960716247,0.8256119176745415,0.3901369273662567,65.67185788365856,74.20559971044443,92.99329727887134,0.2464264599216356,48.78555020944781,56.28318979382462,91.74891876816963,0.0008585116646175221,7.6933629512786865,0:19:03,82.53318348797475,74.20559971044443,77.78092361538638,92.99329727887134,92.99329727887134,92.99329727887134,63.962859584449625,56.28318979382462,73.59698624827811,91.74891876816963,91.74891876816963,91.74891876816963
152,train/val,0.9832904979586601,0.8249202638864517,0.39592558071017264,67.24820483459615,75.2243064669056,93.12923870412294,0.23940784651872699,49.18180287248271,56.060346041512524,91.92212001881359,0.0008575659605154351,7.420621395111084,0:19:10,83.9455502846836,75.2243064669056,78.87534495128466,93.12923870412294,93.12923870412294,93.12923870412294,69.22012911654882,56.060346041512524,73.99207869808674,91.92212001881359,91.92212001881359,91.92212001881359
153,train/val,0.9563376650214195,0.791143761575222,0.4129847355186939,66.18957964650217,74.91069184366116,92.74538645534656,0.23509570094641835,49.637795262532734,56.40673688574805,92.17985257810783,0.000856620140521251,7.541717529296875,0:19:18,81.90704553578345,74.91069184366116,77.81414845591156,92.74538645534656,92.74538645534656,92.74538645534656,67.09044684422409,56.40673688574805,69.89569544843724,92.17985257810783,92.17985257810783,92.17985257810783
154,train/val,0.9540897101163864,0.8009152054786682,0.38293626457452773,65.39001195864034,73.1872845741648,93.10142286967114,0.23297962484335882,49.328567188379694,56.088566826701495,92.21718904245229,0.0008556742044785542,7.750227451324463,0:19:26,82.76880756438088,73.1872845741648,77.04171596126763,93.10142286967114,93.10142286967114,93.10142286967113,69.88084267213544,56.088566826701495,69.49934564665092,92.21718904245229,92.21718904245229,92.21718904245229
155,train/val,0.9503866612911225,0.7851433411240578,0.41310828030109403,68.73687724163253,78.07836099265482,92.66291838619297,0.23611040141123513,49.01286170207052,55.514528145767414,92.24765737264244,0.0008547281522305269,7.864346742630005,0:19:33,83.05701466229274,78.07836099265482,80.3047553787836,92.66291838619297,92.66291838619297,92.66291838619297,69.3803553758322,55.514528145767414,73.76566263463364,92.24765737264244,92.24765737264244,92.24765737264244
156,train/val,0.974193912744522,0.8155959963798523,0.3964947868138552,66.67406760975284,75.03833996608374,93.01400618079512,0.2577729342439538,47.77665186853465,54.844210387687966,91.34702196482561,0.0008537819836199459,7.722843408584595,0:19:41,82.37047099094885,75.03833996608374,77.97589522851433,93.01400618079512,93.01400618079512,93.01400618079512,64.3555015574294,54.844210387687966,72.60478889952037,91.34702196482561,91.34702196482561,91.3470219648256
157,train/val,0.949372424185276,0.7986015200614929,0.3769272617995739,63.707913919421735,71.57681636789451,93.12638601788827,0.2329863859663104,49.844682557270424,56.79827802679981,92.27683307338351,0.0008528356984891815,7.713640928268433,0:19:49,80.97762633915646,71.57681636789451,75.38612170940569,93.12638601788827,93.12638601788827,93.12638601788827,69.31506229169479,56.79827802679981,74.83512576638842,92.27683307338351,92.27683307338351,92.27683307338351
158,train/val,0.9766154065728188,0.814515882730484,0.4052488163113594,65.67779027680155,73.00371453137437,92.90141804893332,0.22933006281901736,49.69635865067447,56.274415333647575,92.44197896797574,0.0008518892966801949,7.618075132369995,0:19:57,80.69672435917022,73.00371453137437,75.70939180203506,92.90141804893332,92.90141804893332,92.90141804893332,66.10050915921548,56.274415333647575,74.62257798959774,92.44197896797574,92.44197896797574,92.44197896797574
159,train/val,0.9376438722014427,0.7816583648324013,0.38996375203132627,67.36115219789336,75.39332878419984,93.2043000920317,0.23581568133340164,49.720407112388706,56.142381355285394,92.20305333500062,0.0008509427780345387,7.635019302368164,0:20:04,84.60271131761185,75.39332878419984,79.19425892267094,93.2043000920317,93.2043000920317,93.2043000920317,76.4546975298196,56.142381355285394,70.04731716019204,92.20305333500062,92.20305333500062,92.20305333500062
160,train/val,0.9753979504108429,0.8108542874455452,0.4113591659814119,67.76890007531769,76.45864449677366,92.62258507141651,0.23194025415716288,50.04785481476285,56.985351746058875,92.23453690634605,0.0008499961423933539,7.635761260986328,0:20:12,83.25856277743085,76.45864449677366,79.38974289812258,92.62258507141651,92.62258507141651,92.62258507141651,66.7979260115947,56.985351746058875,70.38310149082658,92.23453690634605,92.23453690634605,92.23453690634605
161,train/val,1.006459254026413,0.8342281058430672,0.4305778630077839,64.92776380329337,74.23069905980103,92.67318947682412,0.2333926523287524,49.708106616026285,56.461630143617036,92.34436047962433,0.0008491170186857195,7.709153413772583,0:20:19,80.52294101225917,74.23069905980103,77.02366936194531,92.67318947682412,92.67318947682412,92.67318947682412,65.98638893392874,56.461630143617036,74.71111921162307,92.34436047962433,92.34436047962433,92.34436047962433
162,train/val,0.994738607108593,0.8180903404951095,0.44162067100405694,67.01560557844569,74.57087073689353,92.57707583948593,0.23594926785162879,49.5475123933771,55.728864362782424,92.28140998023109,0.000848170156960158,7.69655442237854,0:20:27,84.54009710749465,74.57087073689353,78.53416057991858,92.57707583948593,92.57707583948593,92.57707583948593,66.84092554279114,55.728864362782424,69.8573648546954,92.28140998023109,92.28140998023109,92.28140998023109
163,train/val,0.9278015524148941,0.7671923622488975,0.40152295902371404,69.78353132848724,78.20415868327537,93.2239827716011,0.2302813811422506,49.401300659560015,56.008360609546855,92.38062067738888,0.0008472231777714564,7.450572729110718,0:20:35,84.49807310102928,78.20415868327537,80.92043874638495,93.2239827716011,93.2239827716011,93.2239827716011,65.71409567683511,56.008360609546855,74.10133457299824,92.38062067738888,92.38062067738888,92.38062067738888
164,train/val,0.9488664522767067,0.797721166908741,0.377863197401166,68.71746709703717,77.03280515598492,93.16517507829704,0.2338951715623019,49.8506763702497,56.40097200069015,92.28644735164636,0.0008462760809591251,7.5697877407073975,0:20:42,83.79630489640807,77.03280515598492,79.97528323139888,93.16517507829704,93.16517507829704,93.16517507829704,70.27386268744536,56.40097200069015,70.15749335453006,92.28644735164636,92.28644735164636,92.28644735164636
165,train/val,0.962885656952858,0.8042955756187439,0.39647521264851093,66.9924014263189,75.72577385949255,93.04731464976474,0.23667929099510499,49.54076802240655,56.01098864433203,92.27096353708687,0.0008453288663622543,7.784675121307373,0:20:50,82.8841293104086,75.72577385949255,78.84024183757717,93.04731464976474,93.04731464976474,93.04731464976474,70.14849176099864,56.01098864433203,74.45005957108268,92.27096353708687,92.27096353708687,92.27096353708686
166,train/val,0.913358497619629,0.7687094926834106,0.3616225216537714,68.19508664606388,75.92056463504926,93.63643503846487,0.23213693047571704,49.558316128340074,56.056757577954784,92.28003968205975,0.0008443815338195143,7.794034481048584,0:20:58,85.39261258392528,75.92056463504926,82.50882034196229,93.63643503846487,93.63643503846487,93.63643503846487,70.1581616918947,56.056757577954784,74.51801739792904,92.28003968205975,92.28003968205975,92.28003968205975
167,train/val,0.9282546162605285,0.7858797535300255,0.3559371564537287,66.63715017085647,74.26699971295506,93.65334652606974,0.22959182049916413,49.7182114285269,56.357050209976336,92.28296335467633,0.0008434340831691523,7.793120384216309,0:21:06,83.47045517940079,74.26699971295506,78.30756027974245,93.65334652606974,93.65334652606974,93.65334652606974,73.14539180561876,56.357050209976336,69.94936186768018,92.28296335467633,92.28296335467633,92.28296335467633
168,train/val,0.9790952920913696,0.8290221095085144,0.3751829475164413,68.02157301183833,76.27902307735427,93.171867447772,0.2305210064871968,49.69767400055371,56.68232481515395,92.29827518849368,0.0008424865142489914,7.738659381866455,0:21:13,83.8583697799394,76.27902307735427,79.23093587957074,93.171867447772,93.171867447772,93.171867447772,69.99381069720988,56.68232481515395,70.04597461422391,92.29827518849368,92.29827518849368,92.29827518849366
169,train/val,0.9629189088940621,0.8075019478797912,0.38854239918291567,66.88466539039894,74.71877036696043,93.18817611437291,0.22816350960011758,49.601194223009074,56.07553836783284,92.42223446922361,0.0008415388268964303,7.701959848403931,0:21:21,84.83257916738802,74.71877036696043,77.7906530917343,93.18817611437291,93.18817611437291,93.18817611437291,66.63099269181309,56.07553836783284,74.57884851319183,92.42223446922361,92.42223446922361,92.42223446922361
170,train/val,0.9562320381402969,0.8095911756157875,0.3666021518409252,68.37707364268684,76.46902122975321,93.32858754144782,0.2294658298692852,49.54855033959114,56.562463378914785,92.3122777495643,0.000840591020948439,7.456533193588257,0:21:28,83.66201870803584,76.46902122975321,79.64670775216682,93.32858754144782,93.32858754144782,93.32858754144782,74.08063341399784,56.562463378914785,69.77601429668961,92.3122777495643,92.3122777495643,92.3122777495643
171,train/val,0.9893870711326599,0.8216203138232231,0.41941687017679213,69.44336594917027,77.95589224599354,92.75834326239108,0.23249930685866413,49.413924066483986,55.46595668154812,92.42052020956797,0.0008396430962415592,7.508586406707764,0:21:36,84.60797364466325,77.95589224599354,80.90985966378783,92.75834326239108,92.75834326239108,92.75834326239108,67.24245460849119,55.46595668154812,74.38174009980483,92.42052020956797,92.42052020956797,92.42052020956797
172,train/val,0.9505817115306854,0.7984995171427727,0.38020548038184643,69.30103625826129,78.33231047162317,92.93840153867502,0.24591410467255587,48.76296394424851,55.66660390318101,91.81116470129663,0.0008386950526119016,7.9681079387664795,0:21:44,84.13296244842661,78.33231047162317,80.8779332331418,92.93840153867502,92.93840153867502,92.93840153867502,65.08813542327219,55.66660390318101,73.4784167582694,91.81116470129663,91.81116470129663,91.81116470129663
173,train/val,0.9255018919706345,0.776814529299736,0.37171839773654936,71.4215676555996,79.54870679022184,93.47586963796701,0.2278283528103373,49.865667503617026,55.99694030684225,92.41779070875705,0.0008377468898951443,7.740667104721069,0:21:52,85.17680778707572,79.54870679022184,82.13852203176974,93.47586963796701,93.47586963796701,93.47586963796701,70.86581088229698,55.99694030684225,74.6893752854479,92.41779070875705,92.41779070875705,92.41779070875705
174,train/val,0.9305571854114533,0.7837621316313743,0.36698761209845543,68.00216395182606,77.2582992628995,93.26868460471475,0.23058845843515333,49.463293153639576,55.95028584741988,92.26492202004806,0.000836798607926533,7.715919017791748,0:21:59,81.51321192316355,77.2582992628995,79.18970278862653,93.26868460471475,93.26868460471475,93.26868460471475,66.09606761490522,55.95028584741988,74.3892772167023,92.26492202004806,92.26492202004806,92.26492202004806
175,train/val,0.9461925610899925,0.7969983845949173,0.3729854226112366,69.99300087875933,78.60818759298144,93.17096090686857,0.2247252364062538,49.79020522662492,56.019081173760284,92.53276260876811,0.0008358502065408762,7.700611591339111,0:22:07,84.34946052689003,78.60818759298144,81.18493378242268,93.17096090686857,93.17096090686857,93.17096090686857,66.8111235346485,56.019081173760284,74.58473533969294,92.53276260876811,92.53276260876811,92.53276260876811
176,train/val,0.9704715967178345,0.8060539796948433,0.411044043302536,70.47683958963601,78.75019321856598,93.20702549605919,0.22800170727467167,50.19387058416037,57.204702912963526,92.2999672570858,0.0008349016855725447,7.810942649841309,0:22:15,84.73746113705361,78.75019321856598,81.42628680525054,93.20702549605919,93.20702549605919,93.20702549605919,74.11279684288606,57.204702912963526,75.22544721184865,92.2999672570858,92.2999672570858,92.2999672570858
177,train/val,0.9564401909708977,0.7983504652976989,0.395224304497242,70.84201359229594,78.94908371787966,93.11351518463823,0.23147287525282556,49.80510294565546,55.82206532830203,92.33459086391697,0.000833953044855471,7.787723779678345,0:22:23,85.28911690554368,78.94908371787966,81.77564407644599,93.11351518463823,93.11351518463823,93.11351518463823,66.8094590858783,55.82206532830203,69.87304809744953,92.33459086391697,92.33459086391697,92.33459086391697
178,train/val,0.9427650839090347,0.7806504637002945,0.40528655126690866,68.19246281407338,75.62348437994746,93.26357428701478,0.22465995805563066,49.847266044560115,56.569942584699504,92.5402077105735,0.0008330042842231471,7.5807976722717285,0:22:30,84.46954065154809,75.62348437994746,79.10311135044917,93.26357428701478,93.26357428701478,93.26357428701478,65.55103279497665,56.569942584699504,69.98337646172446,92.5402077105735,92.5402077105735,92.5402077105735
179,train/val,0.9774383336305619,0.8195940956473351,0.3946106117218733,69.50037503957014,78.56414297738861,93.20387948087827,0.22527625828323053,50.17841427720724,57.076392239826475,92.54591081389387,0.0008320554035086214,7.647802114486694,0:22:38,83.49487712881563,78.56414297738861,80.75010202692596,93.20387948087827,93.20387948087827,93.20387948087827,69.86424102059614,57.076392239826475,70.43573425053272,92.54591081389387,92.54591081389387,92.54591081389387
180,train/val,0.969850766658783,0.8068183943629265,0.4075809150934219,69.34735211382879,77.26527337403296,93.11298603783759,0.22694414099995094,49.825742567628126,56.31306662254275,92.49213077149341,0.0008311064025444994,7.823735475540161,0:22:46,85.57072186326481,77.26527337403296,80.80667917086815,93.11298603783759,93.11298603783759,93.11298603783759,66.26818359982461,56.31306662254275,70.01536725070018,92.49213077149341,92.49213077149341,92.49213077149341
181,train/val,0.9264927610754967,0.772822679579258,0.38417519368231295,67.96031958922637,75.3755244547763,93.39955631456894,0.22213705886315516,50.51416105270897,57.05161499470455,92.61141883335587,0.0008301572811629388,7.6807544231414795,0:22:53,85.99088630758305,75.3755244547763,82.28412799719868,93.39955631456894,93.39955631456894,93.39955631456894,66.72649022147677,57.05161499470455,70.78501829451915,92.61141883335587,92.61141883335587,92.61141883335587
182,train/val,0.9407271042466163,0.7832686901092529,0.3936460245400667,68.60026750980856,77.4957201799703,93.27517292934668,0.24043990000512613,49.129201511984824,56.122608101315684,92.08762651818773,0.0008292080391956506,7.759186506271362,0:23:01,83.97729440388906,77.4957201799703,79.39486887885202,93.27517292934668,93.27517292934668,93.27517292934668,65.30585354551984,56.122608101315684,74.11221815079924,92.08762651818773,92.08762651818773,92.08762651818773
183,train/val,0.9393325120210647,0.7962831765413284,0.35762332156300547,70.34800013922424,79.1914427621728,93.47886252469254,0.24324740933896483,49.576076139600794,56.18057574178955,91.99626590974428,0.0008282586764738958,7.682235956192017,0:23:09,84.62075256005053,79.1914427621728,81.48926343112912,93.47886252469254,93.47886252469254,93.47886252469254,70.04546661656984,56.18057574178955,69.89499606396102,91.99626590974428,91.99626590974428,91.99626590974428
184,train/val,0.9230379402637482,0.7766371488571167,0.366001982614398,69.46543091687948,77.3880805732567,93.50261933273111,0.2276787531860126,50.69669499793724,57.29090968244701,92.47034469489896,0.0008273091928284844,7.616198301315308,0:23:17,85.16480119322043,77.3880805732567,80.6321483371521,93.50261933273111,93.50261933273111,93.50261933273111,66.74652879440148,57.29090968244701,75.83328407694412,92.47034469489896,92.47034469489896,92.47034469489896
185,train/val,0.9471596285700798,0.7827488079667091,0.4110270652920008,71.1205586285617,79.56151992985106,93.06109202709007,0.23557747890371875,50.07645961174095,57.12788642144214,92.20281478106797,0.000826359588089774,7.75150203704834,0:23:24,85.34934045350475,79.56151992985106,82.0960613033822,93.06109202709007,93.06109202709007,93.06109202709007,65.83328516267497,57.12788642144214,75.21469361978623,92.20281478106797,92.20281478106797,92.20281478106797
186,train/val,0.9378867819905281,0.7828354194760323,0.38762838393449783,67.49812653031677,75.65935574099558,93.20451341766143,0.22800704526565033,50.256358840671425,56.56060825694059,92.54988301426098,0.0008254098620876653,7.601637363433838,0:23:32,83.6476406228941,75.65935574099558,78.87465617972934,93.20451341766143,93.20451341766143,93.20451341766143,67.08865513544153,56.56060825694059,75.29681084751928,92.54988301426098,92.54988301426098,92.54988301426097
187,train/val,0.9380132094025612,0.7836767792701721,0.3858410604298115,69.5610817640852,77.8649237807673,93.32708880716967,0.22177695251331547,50.8126810663033,57.25311148218888,92.68824429520461,0.0008244600146516034,7.60511326789856,0:23:39,83.95403194519571,77.8649237807673,80.50255261765469,93.32708880716967,93.32708880716967,93.32708880716967,67.0042630506798,57.25311148218888,75.95525715211284,92.68824429520461,92.68824429520461,92.68824429520461
188,train/val,0.9351377338171005,0.7924688890576362,0.35667210482060907,68.54568274292465,76.37192360474583,93.70475669347941,0.22302142692116636,50.01146223165107,56.230160822495954,92.56348613618856,0.0008235100456105752,7.6094489097595215,0:23:47,85.66498812260062,76.37192360474583,79.28973339948824,93.70475669347941,93.70475669347941,93.70475669347941,67.01988316403728,56.230160822495954,74.90399623008197,92.56348613618856,92.56348613618856,92.56348613618856
189,train/val,0.9357136473059654,0.7902052998542786,0.36377087198197844,70.59649238186608,79.24231442024065,93.53665871185775,0.2224068907097473,50.38419523716466,57.42705437201353,92.59746620217813,0.0008225599547931062,7.636973857879639,0:23:55,84.58426533241588,79.24231442024065,81.67748891283398,93.53665871185775,93.53665871185775,93.53665871185775,65.9553416914245,57.42705437201353,75.36276271102724,92.59746620217813,92.59746620217813,92.59746620217813
190,train/val,0.9259207591414451,0.7836966454982758,0.3555602639913559,70.99718889230515,78.7250020187428,93.90737360266009,0.22402473972968456,49.89181393360173,56.54386280677702,92.47422813101205,0.0008216097420272613,7.453778982162476,0:24:02,85.92184624833665,78.7250020187428,81.90233412671043,93.90737360266009,93.90737360266009,93.90737360266009,65.98169975756244,56.54386280677702,74.72862161317323,92.47422813101205,92.47422813101205,92.47422813101205
191,train/val,0.9378919750452042,0.7897169381380081,0.37043760232627393,68.3035648897328,76.6889231386272,93.22429420574147,0.22446886244281225,50.853167742447525,57.936689172925625,92.58591020585874,0.0008206594071406396,7.537228345870972,0:24:10,83.81422395928027,76.6889231386272,79.84309126381808,93.22429420574147,93.22429420574147,93.22429420574147,69.97552190738855,57.936689172925625,75.9611593202551,92.58591020585874,92.58591020585874,92.58591020585874
192,train/val,0.9263605982065201,0.7799510076642037,0.3660239655524492,70.27090139209439,79.05311556612162,93.45798191101781,0.22586540306370656,50.44686342628464,57.70750198833251,92.5161803365652,0.0008197089499603756,7.373203277587891,0:24:17,84.23869913573927,79.05311556612162,81.3642363823665,93.45798191101781,93.45798191101781,93.45798191101781,65.50803363570836,57.70750198833251,75.50244538889622,92.5161803365652,92.5161803365652,92.5161803365652
193,train/val,0.9230317786335945,0.7813167288899422,0.3542876161634922,70.63084448075739,78.48008172660921,93.6594910248124,0.21970423458438135,50.67164266825732,57.1800790243302,92.76600732948637,0.0008187583703131352,7.524843692779541,0:24:25,85.19237214440774,78.48008172660921,81.24470686006661,93.6594910248124,93.6594910248124,93.6594910248124,70.76274815606705,57.1800790243302,75.71655313908187,92.76600732948637,92.76600732948637,92.76600732948637
194,train/val,0.9701825648546218,0.8143758267164231,0.3895168397575617,69.48317496567616,77.81392410300016,92.86892942968925,0.2212747745973931,50.704895850206064,57.58073441458821,92.64464995095221,0.0008178076680251148,7.494625091552734,0:24:32,84.07824619042655,77.81392410300016,80.62654356087748,92.86892942968925,92.86892942968925,92.86892942968925,69.98574056680536,57.58073441458821,75.7242411884241,92.64464995095221,92.64464995095221,92.64464995095221
195,train/val,0.9435516595840454,0.793765376508236,0.3744656935334206,70.92692105510979,78.849843177054,93.52425856452619,0.22362443374820543,50.05515485246187,56.310487846802715,92.62590405005771,0.0008168568429220402,7.448786735534668,0:24:40,85.4322815612587,78.849843177054,81.7242583929535,93.52425856452619,93.52425856452619,93.52425856452619,66.56540746683326,56.310487846802715,74.78147658915918,92.62590405005771,92.62590405005771,92.62590405005771
196,train/val,0.9153793379664421,0.7699013963341713,0.36369484700262544,70.0694870032763,78.2763871981597,93.66200073206173,0.22342603068752243,50.97926841663995,57.27056599890328,92.70497080932029,0.000815905894829163,7.694639682769775,0:24:47,84.66190262851508,78.2763871981597,81.0940014695082,93.66200073206173,93.66200073206173,93.66200073206173,67.26527842781792,57.27056599890328,71.1918538682799,92.70497080932029,92.70497080932029,92.70497080932029
197,train/val,0.9115245833992958,0.774337361752987,0.3429680407047272,69.44182958973553,77.90904725704766,93.91976251810063,0.22194124894959988,50.80271928498703,57.11861121060322,92.7501296235497,0.0008149548235712595,7.6499550342559814,0:24:55,84.26732959897404,77.90904725704766,80.65395294797743,93.91976251810063,93.91976251810063,93.91976251810063,72.7260886707603,57.11861121060322,70.98742338872628,92.7501296235497,92.7501296235497,92.7501296235497
198,train/val,0.9134635969996452,0.7698802590370178,0.35895832888782025,70.27721497877569,78.344917033109,93.87340220909307,0.2239956445148906,50.41996173902735,56.95170650105488,92.68467153398056,0.0008140036289726289,7.70273494720459,0:25:03,85.16288819065338,78.344917033109,80.96347412143865,93.87340220909307,93.87340220909307,93.87340220909307,70.41732039866956,56.95170650105488,75.40333838437455,92.68467153398056,92.68467153398056,92.68467153398056
199,train/val,0.9206428408622742,0.7774897873401642,0.35788261629641055,68.80864208211112,77.10504857274871,93.77902907194283,0.22323339513625423,50.57096801880257,56.99353641142465,92.68711255096594,0.000813052310857091,7.790531396865845,0:25:10,84.18404503957598,77.10504857274871,80.23538480688345,93.77902907194283,93.77902907194283,93.77902907194283,66.88959416155899,56.99353641142465,75.66530085407113,92.68711255096594,92.68711255096594,92.68711255096594
200,train/val,0.9137605220079422,0.7778431594371795,0.33979339003562925,68.81695961967492,77.88360183139943,93.6019887410203,0.21727954233351737,50.50364096822212,56.79228336746608,92.7519881251181,0.0008121008690479857,7.704322576522827,0:25:18,83.33818926575881,77.88360183139943,80.35449864228298,93.6019887410203,93.6019887410203,93.6019887410203,70.87111045252296,56.79228336746608,75.3706810957611,92.7519881251181,92.7519881251181,92.7519881251181
201,train/val,0.9409056439995765,0.7955945611000061,0.36327770389616487,72.0095225256362,80.56427977862445,93.54129143521486,0.22047944904852765,50.42500669854585,57.07081586867295,92.74829886081066,0.0008111493033681683,7.599782943725586,0:25:26,85.14630705839657,80.56427977862445,82.67828889373952,93.54129143521486,93.54129143521486,93.54129143521486,71.22176675971454,57.07081586867295,70.713499029633,92.74829886081066,92.74829886081066,92.74829886081065
202,train/val,0.8973699420690536,0.7644964799284935,0.33218365386128423,70.18827733455102,78.86899641618194,93.78723393682037,0.2203026278806497,50.36642514183054,56.85268567829947,92.74978011429951,0.0008101976136400101,7.693576335906982,0:25:33,84.25449158916963,78.86899641618194,81.22952710355008,93.78723393682037,93.78723393682037,93.78723393682037,70.4181677625728,56.85268567829947,75.22411335810469,92.74978011429951,92.74978011429951,92.74978011429951
203,train/val,0.9232560157775879,0.784795007109642,0.3461525224149227,68.77304845731649,76.40668186397569,93.6752523904522,0.21929469070588054,50.07614789905788,56.58276363857281,92.70472115985588,0.0008092457996853952,7.64915132522583,0:25:41,84.81419812983168,76.40668186397569,79.87008468252506,93.6752523904522,93.6752523904522,93.6752523904522,72.57011247107155,56.58276363857281,70.23831670004166,92.70472115985588,92.70472115985588,92.70472115985588
204,train/val,0.9783846914768219,0.8099366530776024,0.4211200777441263,70.1308592902173,78.53270925246376,93.04411306368655,0.21887296969799183,50.751574319917424,57.5935224500496,92.84236677900152,0.0008082938613257193,7.6040709018707275,0:25:49,84.9965894717618,78.53270925246376,81.39130615387514,93.04411306368655,93.04411306368655,93.04411306368655,69.05317935639845,57.5935224500496,71.13997699158831,92.84236677900152,92.84236677900152,92.84236677900152
205,train/val,0.9346827358007431,0.7859053120017052,0.37194355577230453,71.39032910233087,79.82416318092139,93.66992937767117,0.22030869466602837,50.51348256654392,57.51752056278537,92.69983357811927,0.0008073417983818864,7.632911920547485,0:25:56,84.66888818516699,79.82416318092139,82.07033402091841,93.66992937767117,93.66992937767117,93.66992937767117,70.22992375360249,57.51752056278537,70.74710175423998,92.69983357811927,92.69983357811927,92.69983357811927
206,train/val,0.9263870969414711,0.7887136220932007,0.3441836919635534,66.8249083284099,74.3454477471053,93.92850423378934,0.21963301969085186,50.313297365631335,56.83121594307512,92.66554283724065,0.0008063896106743082,7.528716802597046,0:26:04,83.76507099910366,74.3454477471053,77.57408935078077,93.92850423378934,93.92850423378934,93.92850423378934,66.31950889554335,56.83121594307512,70.51242471666743,92.66554283724065,92.66554283724065,92.66554283724065
207,train/val,0.9494850888848305,0.7909924015402794,0.39623169489204885,70.59236077311206,79.04359888465312,93.29760426622731,0.2230433804709432,50.63938315891501,56.83757026119706,92.75326411126954,0.0008054372980229014,7.649943113327026,0:26:11,84.5830339757509,79.04359888465312,81.55097829751664,93.29760426622731,93.29760426622731,93.29760426622731,67.20695935689996,56.83757026119706,75.70471356850865,92.75326411126954,92.75326411126954,92.75326411126954
208,train/val,0.9306511119008064,0.7822685435414314,0.3709564205259085,70.3565092915659,78.29940644496084,93.65630487782968,0.21755273707975256,51.08991250244412,57.610099338899666,92.8703497100793,0.0008044848602470856,7.786736965179443,0:26:19,85.57100985862365,78.29940644496084,81.54355712754133,93.65630487782968,93.65630487782968,93.65630487782968,67.26581893636295,57.610099338899666,71.36299003001524,92.8703497100793,92.8703497100793,92.8703497100793
209,train/val,0.8942960187792778,0.7621740728616715,0.3303048614412546,70.34691000400164,79.49086303542225,93.78935959058443,0.21843710297066773,50.19090948005024,56.464933592860454,92.6938308954416,0.0008035322971657822,7.7872092723846436,0:26:27,84.25391237739743,79.49086303542225,81.61023015603628,93.78935959058443,93.78935959058443,93.78935959058443,70.66263412278282,56.464933592860454,75.05609282828163,92.6938308954416,92.6938308954416,92.6938308954416
210,train/val,0.9290845662355423,0.7806627154350281,0.37105461321771144,71.79290620358124,80.61084181050698,93.7109787292972,0.2130276814724148,51.14261594486011,57.47586746957993,92.91286223998593,0.0008025796085974107,7.682913064956665,0:26:35,84.78313386186586,80.61084181050698,82.56684202254382,93.7109787292972,93.7109787292972,93.7109787292972,67.21029179177759,57.47586746957993,76.13346209451869,92.91286223998593,92.91286223998593,92.91286223998593
211,train/val,0.9246875628829002,0.7765864267945289,0.37025283426046374,68.71309664528607,77.40436553860316,93.46205826944124,0.21893757689896975,51.337883727944124,57.73670273055289,92.85276884001874,0.0008016267943598883,7.699927806854248,0:26:42,84.54368981988978,77.40436553860316,79.70283962294609,93.46205826944124,93.46205826944124,93.46205826944124,67.30944247945678,57.73670273055289,76.4582972766491,92.85276884001874,92.85276884001874,92.85276884001874
212,train/val,0.887290595471859,0.7567104786634445,0.3264502875506878,70.5240275475763,78.56471021099135,94.14520462214116,0.21725630087856085,50.833590014998755,57.720638148616175,92.79253119813879,0.0008006738542706269,7.6855432987213135,0:26:50,84.86051255663506,78.56471021099135,81.12008896585398,94.14520462214116,94.14520462214116,94.14520462214116,66.32068837426121,57.720638148616175,75.83997503263902,92.79253119813879,92.79253119813879,92.79253119813879
213,train/val,0.9066669955849648,0.761800366640091,0.3621665667742491,72.15957086295676,80.5218206009373,93.6840449583257,0.22047321778055912,50.64840331745293,56.902264682450934,92.76306701357217,0.0007997207881465311,7.746819257736206,0:26:58,85.86036672390615,80.5218206009373,83.00802813974938,93.6840449583257,93.6840449583257,93.6840449583257,67.18608996435866,56.902264682450934,75.66062882617285,92.76306701357217,92.76306701357217,92.76306701357217
214,train/val,0.929021243751049,0.7797436714172363,0.37319391816854475,69.78349473704225,77.80262275033951,93.65307043868958,0.22055088563598257,50.554913912394106,57.10659958110471,92.74763867667143,0.0007987675958039966,7.753772497177124,0:27:06,85.39734226829484,77.80262275033951,80.93033035073339,93.65307043868958,93.65307043868958,93.65307043868958,70.65370174446505,57.10659958110471,75.52769332950679,92.74763867667143,92.74763867667143,92.74763867667143
215,train/val,0.9212217465043068,0.7891136512160302,0.3302702456712723,69.54265831521916,78.34707107400952,93.83077446602638,0.2255494606143019,49.845707314739435,56.52045747269058,92.62155460161104,0.0007978142770589075,7.703420162200928,0:27:13,83.84409748372391,78.34707107400952,80.76075840743746,93.83077446602638,93.83077446602638,93.83077446602638,70.16262208033261,56.52045747269058,74.75308154874838,92.62155460161104,92.62155460161104,92.62155460161104
216,train/val,0.9166028156876564,0.7715267077088356,0.36269026026129725,70.4837224077718,78.55539679268408,93.66081581300999,0.2174028130411499,50.703030336476814,57.038302338837056,92.86560637025545,0.0007968608317266351,7.593482971191406,0:27:21,85.18511245151157,78.55539679268408,81.46032622205475,93.66081581300999,93.66081581300999,93.66081581300999,67.21465761457787,57.038302338837056,75.64275289754474,92.86560637025545,92.86560637025545,92.86560637025545
217,train/val,0.8668215066194535,0.7417269825935364,0.312736289575696,70.23212029451736,77.84557525243147,94.44345988526614,0.21792814702844462,50.861353033242175,57.270866088658714,92.80464751881165,0.0007959072596220342,7.637570858001709,0:27:29,85.34090869715915,77.84557525243147,81.03469579862175,94.44345988526614,94.44345988526614,94.44345988526614,71.81016152760878,57.270866088658714,71.15543481515057,92.80464751881165,92.80464751881165,92.80464751881165
218,train/val,0.9248378589749336,0.7880318313837051,0.34201506450772284,71.82186724924503,80.0739759687181,93.73667217449461,0.21912204899943546,50.584814403551384,57.316702708101694,92.72031592973289,0.0007949535605594431,7.655850410461426,0:27:36,85.14590689715553,80.0739759687181,82.15276861529814,93.73667217449461,93.73667217449461,93.73667217449461,66.39259858768185,57.316702708101694,70.81885005474203,92.72031592973289,92.72031592973289,92.72031592973289
219,train/val,0.9449967816472054,0.8099741548299789,0.33755657374858855,68.47389270282376,76.71430290189619,93.78950708922841,0.21537880688041136,51.1369179695133,57.82114489172601,92.85127649099813,0.0007939997343526788,7.730469703674316,0:27:44,83.06333084575756,76.71430290189619,78.6132546504345,93.78950708922841,93.78950708922841,93.78950708922841,68.01253117855724,57.82114489172601,71.50818995866094,92.85127649099813,92.85127649099813,92.85127649099813
220,train/val,0.9088567689061164,0.772619192302227,0.34059391990303994,72.4407974328287,80.27032601034163,93.93921899073591,0.21200740441934474,51.10499475563921,57.72126745436117,92.94176610019909,0.0007930457808150381,7.67498254776001,0:27:52,85.71340972090037,80.27032601034163,82.760403100673,93.93921899073591,93.93921899073591,93.93921899073591,72.03345446456767,57.72126745436117,71.42362747663088,92.94176610019909,92.94176610019909,92.94176610019909
221,train/val,0.9197234511375427,0.7819087758660317,0.34453668259084225,68.4880081021156,75.57852832814267,93.84327504205072,0.21343591989225794,50.63783622984291,56.64458610434413,92.94755796777348,0.0007920916997592925,7.384980201721191,0:27:59,84.00198894892806,75.57852832814267,78.24977629545602,93.84327504205072,93.84327504205072,93.84327504205072,77.89490953200617,56.64458610434413,70.75761765758794,92.94755796777348,92.94755796777348,92.94755796777348
222,train/val,0.9041181907057763,0.7632956802845001,0.3520562708377838,72.66138083463717,80.75813085167239,93.94534300113578,0.21527929773078622,50.98690297878545,57.35965186646402,92.86769787799065,0.0007911374909976871,7.571099281311035,0:28:07,85.98140034761404,80.75813085167239,83.1563345966343,93.94534300113578,93.94534300113578,93.94534300113578,67.24497135755719,57.35965186646402,71.22733226411977,92.86769787799065,92.86769787799065,92.86769787799065
223,train/val,0.9182498171925545,0.7778904393315316,0.3508984327316284,72.23295799674266,81.1357980548923,93.54611408725674,0.21568510791951068,50.93182046235603,57.305888137349726,92.8129025944349,0.0007901831543419398,7.718526363372803,0:28:14,85.13904194506362,81.1357980548923,82.96096343930049,93.54611408725674,93.54611408725674,93.54611408725674,67.366326739257,57.305888137349726,71.24381016497038,92.8129025944349,92.8129025944349,92.8129025944349
224,train/val,0.9123762369155883,0.7864083513617516,0.3149196930229664,70.95240120680577,79.49143186017704,94.08457331013935,0.21667591680055737,50.93713771196761,57.85792334326767,92.88966148309314,0.0007892286896032367,7.6989734172821045,0:28:22,83.63094402661183,79.49143186017704,80.91332130424759,94.08457331013935,94.08457331013935,94.08457331013935,67.21219847653614,57.85792334326767,71.29272830260727,92.88966148309314,92.88966148309314,92.88966148309314
225,train/val,0.8958680093288421,0.7623887047171592,0.3336982481181622,71.68570929059128,79.8049570370327,94.21911429096127,0.21228359907663538,51.03405237501859,57.244498884313145,92.95053157028292,0.0007882740965922313,7.679414510726929,0:28:30,85.47119722862743,79.8049570370327,82.30054403795583,94.21911429096127,94.21911429096127,94.21911429096126,69.95023762237975,57.244498884313145,71.25439545132734,92.95053157028292,92.95053157028292,92.95053157028292
226,train/val,0.9197491481900215,0.7787679940462112,0.35245286896824835,71.80621268013977,79.5118420720376,93.95375814714167,0.21579421253700498,51.51928307570288,57.56170654699828,92.97390985568374,0.0007873193751190421,7.902513265609741,0:28:38,86.64103003541086,79.5118420720376,82.64074435351132,93.95375814714167,93.95375814714167,93.95375814714167,68.41316240794116,57.56170654699828,71.86900856627206,92.97390985568374,92.97390985568374,92.97390985568374
227,train/val,0.9134130761027336,0.7680827885866165,0.3633257061243057,66.82315482243155,75.36802457061508,93.5640163590351,0.21666416203818872,51.42745505876597,57.69110239969702,92.91174713904488,0.0007863645249932499,7.833564281463623,0:28:45,83.62102332913138,75.36802457061508,78.70328042013529,93.5640163590351,93.5640163590351,93.5640163590351,67.64136998033985,57.69110239969702,76.56506201135667,92.91174713904488,92.91174713904488,92.91174713904488
228,train/val,0.9010059833526611,0.760621203482151,0.35096193552017213,70.8515960911775,78.88377932264731,93.99689244003258,0.2174085363418054,51.22111924820819,57.86979510511523,92.82370409459519,0.0007854095460238967,7.635242462158203,0:28:53,85.54446366268053,78.88377932264731,81.81934066020918,93.99689244003258,93.99689244003258,93.99689244003258,67.8181344673984,57.86979510511523,71.66685169009214,92.82370409459519,92.82370409459519,92.82370409459519
229,train/val,0.9207899436354637,0.7719686552882195,0.3720532234758139,72.65407029927336,80.68367254407698,93.80107992029245,0.21731181776175773,51.404997990879345,58.094733490668524,92.88145078959687,0.0007844544380194821,7.927712917327881,0:29:01,86.15810265631411,80.68367254407698,83.18041762866352,93.80107992029245,93.80107992029245,93.80107992029245,68.42594668137457,58.094733490668524,71.84905501508257,92.88145078959687,92.88145078959687,92.88145078959687
230,train/val,0.9226338937878609,0.7818676739931106,0.35191553086042404,70.45702857923635,78.0639996517927,94.105450709674,0.21743897580627622,51.74212431978157,58.914315524695446,92.85959259204604,0.0007834992007879618,7.630890369415283,0:29:09,84.5333776912108,78.0639996517927,80.3441121011241,94.105450709674,94.105450709674,94.105450709674,67.93790305662337,58.914315524695446,72.15247412076238,92.85959259204604,92.85959259204604,92.85959259204604
231,train/val,0.8725630655884743,0.7384664192795753,0.33524162471294405,72.78703781751695,81.71653449132225,94.0961216003111,0.21938982600555754,51.56837233795367,58.36425803353281,92.85933739481574,0.0007825438341367444,7.72741174697876,0:29:16,85.28641437331403,81.71653449132225,83.3607215881014,94.0961216003111,94.0961216003111,94.0961216003111,66.94601215041824,58.36425803353281,71.96810339138433,92.85933739481574,92.85933739481574,92.85933739481574
232,train/val,0.9306092515587807,0.7862349718809127,0.3609357014298439,70.43530240457532,78.65794734181732,93.57590190900143,0.21383444387065906,51.79999759896388,58.358038733415086,92.91837117150064,0.0007815883378726914,7.789029598236084,0:29:24,85.21531015955715,78.65794734181732,81.53789946371352,93.57590190900143,93.57590190900143,93.57590190900143,71.43703891803871,58.358038733415086,72.12910108074081,92.91837117150064,92.91837117150064,92.91837117150064
233,train/val,0.9247142344713211,0.7800314441323281,0.3617069683969021,71.42316257128469,79.8753999935925,93.60785377019201,0.21307274146706454,51.45150949137896,57.92505609506482,92.95761051954051,0.0007806327118021114,7.7683265209198,0:29:32,85.24371237489457,79.8753999935925,82.32649433508367,93.60785377019201,93.60785377019201,93.60785377019201,71.23002339253006,57.92505609506482,76.55747537186035,92.95761051954051,92.95761051954051,92.95761051954051
234,train/val,0.8970588237047196,0.7598755240440369,0.3429582417011261,73.4912389787692,81.87846614810177,93.89221634748091,0.21394324596154543,50.83338854681637,57.160588229953035,93.01853608438905,0.0007796769557307604,7.574586391448975,0:29:39,85.99921066536069,81.87846614810177,83.77412079848665,93.89221634748091,93.89221634748091,93.89221634748091,75.17193404448133,57.160588229953035,75.75698091098515,93.01853608438905,93.01853608438905,93.01853608438905
235,train/val,0.9194030463695526,0.773247854411602,0.36538795977830885,69.57057871659934,77.71729123113096,93.56796311474925,0.21554486104829806,51.11706038908706,57.27407419992764,92.97507488651767,0.0007787210694638395,7.728141784667969,0:29:47,85.03611278426338,77.71729123113096,80.81206231086836,93.56796311474925,93.56796311474925,93.56796311474925,67.66372220715304,57.27407419992764,71.4014324743338,92.97507488651767,92.97507488651767,92.97507488651767
236,train/val,0.8929928466677666,0.7461337506771087,0.36714772433042525,74.29718423893233,82.33638142004494,93.98300106593803,0.21331398931681983,51.12486022479885,57.325280172883474,92.97529124938684,0.0007777650528059913,7.784337043762207,0:29:55,87.01287018652283,82.33638142004494,84.51290664736266,93.98300106593803,93.98300106593803,93.98300106593803,67.63430767128045,57.325280172883474,71.40670385876882,92.97529124938684,92.97529124938684,92.97529124938683
237,train/val,0.9369670137763023,0.7949342653155327,0.3550818577408791,72.9175513725614,81.76253981104131,93.79217687742785,0.2107907589920686,51.37370536973472,57.510495275852904,92.94901703019882,0.0007768089055612975,7.609323978424072,0:30:03,85.17897374553822,81.76253981104131,83.2665676992274,93.79217687742785,93.79217687742785,93.79217687742785,69.09874312764404,57.510495275852904,71.69202163797614,92.94901703019882,92.94901703019882,92.94901703019882
238,train/val,0.8869218528270721,0.759227067232132,0.31923694871366026,72.4856257421616,80.85309162081154,94.0576164496652,0.21545990611571286,50.97453459124102,57.036450727304825,92.85390058425742,0.0007758526275332776,7.727667570114136,0:30:10,86.10920967321789,80.85309162081154,83.19337357632895,94.0576164496652,94.0576164496652,94.05761644966519,67.55370188406634,57.036450727304825,75.99003489056508,92.85390058425742,92.85390058425742,92.85390058425742
239,train/val,0.893761295080185,0.7667795553803444,0.31745436489582063,73.1063123695778,80.98662226609378,94.32801392974606,0.2109789002028485,51.273591042831626,57.801053868920945,92.96933849660205,0.0007748962185248855,7.6126933097839355,0:30:18,86.58558949117578,80.98662226609378,83.5352476788655,94.32801392974606,94.32801392974606,94.32801392974606,68.94006960027347,57.801053868920945,71.66372229040957,92.96933849660205,92.96933849660205,92.96933849660205
240,train/val,0.9183503940701485,0.7781420320272445,0.3505208816379309,71.77539152084329,79.77018177997167,93.6672134926353,0.21176440902333857,51.402030842804876,57.71335840070475,92.96258686553114,0.0007739396783385082,7.730337858200073,0:30:26,86.25057148145912,79.77018177997167,82.55493637512889,93.6672134926353,93.6672134926353,93.6672134926353,71.61383676932913,57.71335840070475,71.68551726547715,92.96258686553114,92.96258686553114,92.96258686553114
241,train/val,0.9134354546666146,0.7776172578334808,0.3395454868674278,72.7593918113309,81.13774085180899,93.98977335090515,0.21140182524929996,51.49338360925814,58.060804173132176,92.98760728963121,0.0007729830067759618,7.612136602401733,0:30:33,85.94551336457593,81.13774085180899,83.36312775948717,93.98977335090515,93.98977335090515,93.98977335090515,68.321506381291,58.060804173132176,71.78138497158474,92.98760728963121,92.98760728963121,92.98760728963121
242,train/val,0.8890682145953178,0.7586236223578453,0.3261114738881588,68.65384732884775,76.64233315503175,94.08609672415984,0.2118005095928084,51.32547689669874,57.63313073368494,93.00402312885785,0.0007720262036384911,7.717262506484985,0:30:41,83.92541844504345,76.64233315503175,78.9228587232285,94.08609672415984,94.08609672415984,94.08609672415984,67.30579477088169,57.63313073368494,71.5983066280743,93.00402312885785,93.00402312885785,93.00402312885785
243,train/val,0.9133111119270325,0.7771446481347084,0.34041615277528764,72.00724084950423,80.15340219136242,93.89096806839119,0.2162143732357411,51.43109604423414,58.51861003193655,92.9570834817823,0.000771069268726765,7.88473916053772,0:30:49,85.33981569488382,80.15340219136242,82.54293404183714,93.89096806839119,93.89096806839119,93.89096806839119,66.38256533376499,58.51861003193655,76.56825583566352,92.9570834817823,92.9570834817823,92.9570834817823
244,train/val,0.8988084048032761,0.7645113632082939,0.3357425928115845,71.82896092905511,78.7491504075473,94.3699057754681,0.21223145614527136,51.51899176062153,58.03795037798023,92.9931495077412,0.0007701122018408762,7.487222194671631,0:30:56,86.70042300976107,78.7491504075473,81.42143000698874,94.3699057754681,94.3699057754681,94.3699057754681,72.85704523669312,58.03795037798023,71.81113168725535,92.9931495077412,92.9931495077412,92.9931495077412
245,train/val,0.8871358826756477,0.7560318350791931,0.32776009738445283,74.05170687795938,81.86186372269427,94.2004078745177,0.21353069090308974,51.84180097529397,58.40663548178843,93.02936532337873,0.0007691550027803368,7.814997434616089,0:31:04,87.25124686378271,81.86186372269427,84.2630472452533,94.2004078745177,94.2004078745177,94.2004078745177,67.44623581145616,58.40663548178843,77.02674061008811,93.02936532337873,93.02936532337873,93.02936532337873
246,train/val,0.9147579997777939,0.7746440067887306,0.35028496123850345,72.03887992431392,80.0405254763688,93.77434463229572,0.20892026796478932,51.61008698248061,58.19078868377774,93.13928320867689,0.0007681976713440771,7.502614498138428,0:31:12,85.70852656964712,80.0405254763688,82.40306683618047,93.77434463229572,93.77434463229572,93.77434463229572,73.08563821604226,58.19078868377774,71.88986730324072,93.13928320867689,93.13928320867689,93.13928320867689
247,train/val,0.9513578817248345,0.8069069221615791,0.3611273944377899,69.69663239115519,77.60494003697801,93.42952175502923,0.21633021968903218,50.695515235368504,57.060050273195486,92.89119266647486,0.0007672402073304425,7.71109938621521,0:31:19,85.40050782698133,77.60494003697801,80.68906590551741,93.42952175502923,93.42952175502923,93.42952175502923,67.2439151199971,57.060050273195486,70.9808883437254,92.89119266647486,92.89119266647486,92.89119266647486
248,train/val,0.868540196120739,0.7433899715542793,0.3128755513578653,73.82452963702987,82.02222830006394,94.38021642381025,0.21428629856576661,51.7378352028227,58.3351112979288,92.9947084299523,0.0007662826105371908,7.963643550872803,0:31:27,86.47857633782652,82.02222830006394,83.90553563577754,94.38021642381025,94.38021642381025,94.38021642381025,67.3624754337,58.3351112979288,72.07818136598524,92.9947084299523,92.9947084299523,92.9947084299523
249,train/val,0.8716545969247818,0.7529631733894349,0.2967285457998514,71.0381501049362,79.43708595124419,94.46473679304603,0.21157268755318226,51.42790918844376,57.7681368148035,93.0629514979911,0.0007653248807614901,7.642813205718994,0:31:35,84.51106613048842,79.43708595124419,81.72512108789604,94.46473679304603,94.46473679304603,94.46473679304603,68.16000698746564,57.7681368148035,71.68084956015998,93.0629514979911,93.0629514979911,93.0629514979911
250,train/val,0.8984524637460709,0.7736804082989692,0.31193013712763784,71.59853515033772,79.41015794409341,94.05994190960055,0.21065578249843803,51.599072299517864,58.113469021479624,92.98899977886606,0.0007643670177999164,7.626296043395996,0:31:43,85.36953282283382,79.41015794409341,81.90803714234566,94.05994190960055,94.05994190960055,94.05994190960055,72.14110193502846,58.113469021479624,71.9552878747324,92.98899977886606,92.98899977886606,92.98899977886606
251,train/val,0.8986092612147332,0.7677143096923829,0.3272373523563147,72.55972130102381,80.57389553297065,94.10890043848238,0.2072793881316312,51.96906829421668,58.516765144411806,93.07389169229828,0.0007634090214484511,7.579791784286499,0:31:50,85.49942097293082,80.57389553297065,82.77435842243747,94.10890043848238,94.10890043848238,94.10890043848238,69.71805122711572,58.516765144411806,72.3399336460591,93.07389169229828,93.07389169229828,93.07389169229828
252,train/val,0.9199876546859741,0.7711535602807998,0.37208522856235504,68.48049446907265,76.7188389247417,93.71265683608479,0.20687488600207962,51.981423099277634,58.36356709071225,93.16670026763532,0.0007624508915024773,7.703221082687378,0:31:58,83.62802987102911,76.7188389247417,79.59682285429334,93.71265683608479,93.71265683608479,93.71265683608479,72.52797116734955,58.36356709071225,72.29228596328336,93.16670026763532,93.16670026763532,93.16670026763532
253,train/val,0.8950365036725998,0.7562853097915649,0.346877970919013,72.90526301565363,80.82592172083648,93.90123326924237,0.22239810378541264,51.34338677864305,57.80681198368157,92.51447717244132,0.0007614926277567789,7.793582201004028,0:32:06,86.36983942316515,80.82592172083648,83.3637309096153,93.90123326924237,93.90123326924237,93.90123326924237,67.66370790509752,57.80681198368157,71.80644981864523,92.51447717244132,92.51447717244132,92.51447717244132
254,train/val,0.8935412868857384,0.760123810172081,0.33354367725551126,70.32439196167066,79.40398654953637,94.05898352639626,0.21390853233354457,51.67964077876367,58.555128432053074,92.8805021216321,0.0007605342300055371,7.653736114501953,0:32:13,84.03997842219786,79.40398654953637,81.42461514167202,94.05898352639626,94.05898352639626,94.05898352639626,68.6719354438601,58.555128432053074,72.15605748397853,92.8805021216321,92.8805021216321,92.8805021216321
255,train/val,0.876829993724823,0.7528964951634407,0.30983374640345573,73.69625606583539,81.85249298205547,94.41171962081486,0.21239265688485512,52.03766403770065,58.58430816716865,92.97975165315101,0.0007595756980423268,7.765912294387817,0:32:21,86.35027402145226,81.85249298205547,83.89262534187786,94.41171962081486,94.41171962081486,94.41171962081486,71.6033062622475,58.58430816716865,72.66975617461793,92.97975165315101,92.97975165315101,92.97975165315101
256,train/val,0.9409300804138183,0.8022341758012772,0.3467397551983595,69.7369852103686,77.63402281626519,93.8333818656082,0.20857310351253192,52.03505321277498,58.55025082654719,93.12520297888398,0.0007586170316601162,7.760606288909912,0:32:29,85.17467230069968,77.63402281626519,80.7937102532704,93.8333818656082,93.8333818656082,93.8333818656082,71.73503501161909,58.55025082654719,72.38685753696738,93.12520297888398,93.12520297888398,93.12520297888398
257,train/val,0.922785721719265,0.778926108777523,0.3596490278840065,71.65466602906491,79.93632550299272,93.85895595953468,0.21091752652587972,51.49958011709307,58.083196749475675,92.95981298259322,0.0007576582306512619,7.751986503601074,0:32:37,85.6075213042914,79.93632550299272,82.48060719870661,93.85895595953468,93.85895595953468,93.85895595953468,70.16517317985354,58.083196749475675,71.8536080192065,92.95981298259322,92.95981298259322,92.95981298259322
258,train/val,0.9058849200606346,0.7711503610014916,0.3368363957852125,73.16455736610615,80.89969363912537,94.15172800784305,0.2092968338425119,51.54227985476678,57.82101860032001,93.10580798938201,0.000756699294807508,7.631434917449951,0:32:44,86.68679209579719,80.89969363912537,83.53988798091235,94.15172800784305,94.15172800784305,94.15172800784305,71.1715818371069,57.82101860032001,71.96061416885547,93.10580798938201,93.10580798938201,93.10580798938201
259,train/val,0.8739840939640999,0.7374173611402511,0.34141682609915736,73.24770801209812,81.20523058561538,94.41078318328042,0.21073461148392253,50.96660530025359,56.96633243285998,93.04532624580352,0.0007557402239199829,7.6612913608551025,0:32:52,85.95572028184071,81.20523058561538,83.32766433346127,94.41078318328042,94.41078318328042,94.41078318328042,67.63556392614439,56.96633243285998,71.07121885073413,93.04532624580352,93.04532624580352,93.04532624580352
260,train/val,0.9163595199584961,0.7812449932098389,0.33778632543981074,71.13429058476785,79.54725607388198,94.10350157973481,0.21466852208113452,51.53811641473218,57.75226324047554,92.96900563064949,0.0007547810177791959,7.630014419555664,0:33:00,85.47997297001787,79.54725607388198,82.08594127243542,94.10350157973481,94.10350157973481,94.10350157973481,68.44299462926398,57.75226324047554,71.92554803986214,92.96900563064949,92.96900563064949,92.96900563064949
261,train/val,0.9005815863609314,0.7605064928531646,0.3501877341419458,73.1481974296627,81.91702276028919,94.00954273036805,0.20847733737119614,51.61057440618235,57.86204944518545,93.11371355575511,0.0007538216761750351,7.584901332855225,0:33:07,85.50699583604366,81.91702276028919,83.58021735470562,94.00954273036805,94.00954273036805,94.00954273036805,69.24734454638366,57.86204944518545,71.88500871486761,93.11371355575511,93.11371355575511,93.11371355575511
262,train/val,0.887046779692173,0.7582733437418938,0.32193359062075616,68.29083873508259,75.55219725948803,94.31714391581457,0.21273845151570234,51.59564771238936,57.66402896305222,93.04712926971318,0.0007528621988967645,7.7317140102386475,0:33:15,81.48878665275959,75.55219725948803,77.94404716644632,94.31714391581457,94.31714391581457,94.31714391581457,72.54322625847367,57.66402896305222,72.02925573899475,93.04712926971318,93.04712926971318,93.04712926971318
263,train/val,0.9052892550826073,0.7741023913025856,0.3279671497642994,74.13502563714978,82.18620006129663,94.13810474693341,0.21204589767955817,51.569819086162525,57.5894716101493,92.9876128373971,0.0007519025857330216,7.593091726303101,0:33:22,86.65740233169903,82.18620006129663,84.24287667981591,94.13810474693341,94.13810474693341,94.13810474693341,68.225291666529,57.5894716101493,71.92116874654613,92.9876128373971,92.9876128373971,92.98761283739708
264,train/val,0.8998774349689483,0.7685671374201775,0.328275728225708,71.68950530679943,80.03252331569082,93.97735829412493,0.2082467954093236,51.258123757216836,57.274337801696404,93.15646463959439,0.0007509428364718142,7.535876035690308,0:33:30,85.272583111875,80.03252331569082,82.31234919677934,93.97735829412493,93.97735829412493,93.97735829412493,70.08413582547907,57.274337801696404,71.47635777673047,93.15646463959439,93.15646463959439,93.15646463959439
265,train/val,0.890885828435421,0.7664607554674149,0.31106268651783464,73.36930722169168,81.16109607731691,94.38393426842894,0.20915474970727213,51.992131921719555,58.41929069261877,93.06606934241333,0.0007499829509005185,7.753719806671143,0:33:38,86.68767597774178,81.16109607731691,83.654298363185,94.38393426842894,94.38393426842894,94.38393426842894,71.17445173110278,58.41929069261877,72.57691613942913,93.06606934241333,93.06606934241333,93.06606934241333
266,train/val,0.903186209499836,0.7672023788094521,0.3399595718830824,72.27577327888861,80.59267006850813,94.02942154234407,0.21181383333271384,51.7863334143001,58.053595934384916,93.0506853876396,0.0007490229288058747,7.769906044006348,0:33:45,85.323414585563,80.59267006850813,82.72115463147408,94.02942154234407,94.02942154234407,94.02942154234407,69.16392152921269,58.053595934384916,72.15197112395069,93.0506853876396,93.0506853876396,93.0506853876396
267,train/val,0.8807359039783478,0.7467874437570572,0.3348711345344782,73.6221498325076,81.57129516059685,94.23993711843988,0.2101150762153463,51.58101278350195,57.92195721734479,93.0836224736445,0.0007480627699739849,7.9254701137542725,0:33:53,86.96156344245442,81.57129516059685,83.94295347259687,94.23993711843988,94.23993711843988,94.23993711843988,68.86283732616289,57.92195721734479,72.01017937324801,93.0836224736445,93.0836224736445,93.0836224736445
268,train/val,0.8650803759694099,0.7349766433238983,0.32525931783020495,70.87635027211834,79.35843308037055,94.27621151811721,0.20792580254258547,51.788689835238486,57.90376170531777,93.13196570548664,0.0007471024741903118,7.738541603088379,0:34:01,84.37004393511714,79.35843308037055,81.55767198231773,94.27621151811721,94.27621151811721,94.27621151811721,73.51544673476485,57.90376170531777,72.10420198835565,93.13196570548664,93.13196570548664,93.13196570548664
269,train/val,0.9225108876824379,0.7870418801903725,0.3386725168675184,74.18370340674066,81.85347680310574,94.16199619899427,0.2077757294077749,52.02403116073231,58.43306814976913,93.16198466664085,0.0007461420412396738,7.6504905223846436,0:34:09,87.3749250766358,81.85347680310574,84.3390812349502,94.16199619899427,94.16199619899427,94.16199619899427,67.74933578394624,58.43306814976913,77.1929415890498,93.16198466664085,93.16198466664085,93.16198466664085
270,train/val,0.8751318693161011,0.7481386840343476,0.31748294830322266,73.30751735498853,82.17876153633603,94.48038446038004,0.21490627418825922,51.39224860572998,57.15860531488528,92.99498581824609,0.0007451814709062423,7.899963617324829,0:34:17,85.4683438657423,82.17876153633603,83.65748965372876,94.48038446038004,94.48038446038004,94.48038446038004,72.63296463410724,57.15860531488528,76.50009783558198,92.99498581824609,92.99498581824609,92.99498581824609
271,train/val,0.8897499874234199,0.7638592258095741,0.3147269066423178,71.47231008206906,80.58262104883462,94.13373411048985,0.20998852409088206,52.06529812434984,58.08405049662465,93.14044269174494,0.0007442207629735409,7.6929967403411865,0:34:24,84.4886158541159,80.58262104883462,82.31491149763708,94.13373411048985,94.13373411048985,94.13373411048985,77.00880462485792,58.08405049662465,72.3912154375813,93.14044269174494,93.14044269174494,93.14044269174494
272,train/val,0.8842128694057465,0.7550709128379822,0.3228548765182495,73.99458968044277,82.17213104871487,94.27641104266776,0.20732139078718026,52.02414129539894,58.8468259413659,93.08434923097424,0.00074325991722444,7.53821325302124,0:34:32,86.26477252645462,82.17213104871487,84.05570665469747,94.27641104266776,94.27641104266776,94.27641104266776,70.65741562800686,58.8468259413659,72.46121719891985,93.08434923097424,93.08434923097424,93.08434923097424
273,train/val,0.9139691710472106,0.7774778619408608,0.34122826494276526,71.30443182464214,79.15010051713564,93.68351363337469,0.20839073761271257,51.75964360126733,58.22341301482972,93.01082468982163,0.0007422989334411553,7.673454523086548,0:34:40,85.22564384896273,79.15010051713564,81.85946264569118,93.68351363337469,93.68351363337469,93.68351363337469,73.70080934459406,58.22341301482972,72.14109500463096,93.01082468982163,93.01082468982163,93.01082468982163
274,train/val,0.8965976879000663,0.7598709180951119,0.34181692004203795,72.79880513363814,81.07828178200278,94.1330378617551,0.20942988573814467,52.07572224031314,58.61550550671638,93.02772873244535,0.0007413378114052442,7.778623580932617,0:34:47,85.87529290471907,81.07828178200278,83.2517022293963,94.1330378617551,94.1330378617551,94.1330378617551,71.95788164505736,58.61550550671638,72.50784348759962,93.02772873244535,93.02772873244535,93.02772873244535
275,train/val,0.9006104871630669,0.7670965805649758,0.3337847698479891,68.76149780963799,76.78910355258508,94.0275618475582,0.21152433400596296,51.18036427760896,57.50019826873714,93.02620309682949,0.000740376550897604,7.7214038372039795,0:34:55,84.21659796146336,76.78910355258508,79.80364236816193,94.0275618475582,94.0275618475582,94.0275618475582,67.7566278727728,57.50019826873714,76.34057378033532,93.02620309682949,93.02620309682949,93.02620309682949
276,train/val,0.8912492528557777,0.7553134620189667,0.3398394752293825,70.99539149520365,79.46771665759687,94.08990529228426,0.20669199479817893,52.08420814947306,59.16138411823364,93.23082689339424,0.0007394151516984667,7.689789533615112,0:35:03,84.95826679780393,79.46771665759687,81.84386072019404,94.08990529228426,94.08990529228426,94.08990529228426,73.16092967861945,59.16138411823364,72.74515972405442,93.23082689339424,93.23082689339424,93.23082689339424
277,train/val,0.8744666963815689,0.751038734614849,0.3085698999464512,69.9862180813733,78.48873295882942,94.20109546472571,0.20839318058008438,51.49109057268939,57.8471521197439,93.12595192727721,0.0007384536135873991,7.583252906799316,0:35:10,84.47504955890884,78.48873295882942,81.10038071370312,94.20109546472571,94.20109546472571,94.20109546472571,68.3050339008084,57.8471521197439,71.8299403092449,93.12595192727721,93.12595192727721,93.12595192727721
278,train/val,0.898174287378788,0.7657665386795998,0.3310193683952093,71.43365342318121,80.40962551206353,94.1407162039592,0.20699917307775736,51.60222524311795,58.13229979862017,93.2114929293169,0.0007374919363432972,7.918973207473755,0:35:18,84.37404364695213,80.40962551206353,82.22898577977631,94.1407162039592,94.1407162039592,94.1407162039592,69.70012284760024,58.13229979862017,72.082513685109,93.2114929293169,93.2114929293169,93.2114929293169
279,train/val,0.8655265659093857,0.7401647612452507,0.3134045138955116,75.5075689833629,83.7026684487165,94.45470556261677,0.2049256390204526,51.58380114402677,57.63088755717581,93.2204803100358,0.0007365301197443844,7.753734827041626,0:35:26,87.02468824914969,83.7026684487165,85.21973384191867,94.45470556261677,94.45470556261677,94.45470556261677,72.5453083713386,57.63088755717581,71.77679835353086,93.2204803100358,93.2204803100358,93.2204803100358
280,train/val,0.8829948991537094,0.7590082943439483,0.3099665161222219,70.35530261810973,77.9358392119234,94.28808511592023,0.21330907932731008,51.21492876686791,57.748384959865795,93.13762442668,0.0007355681635682083,7.938385486602783,0:35:34,86.5813153155995,77.9358392119234,80.07968485603612,94.28808511592023,94.28808511592023,94.28808511592023,67.15195703796839,57.748384959865795,76.37858898944867,93.13762442668,93.13762442668,93.13762442668
281,train/val,0.8912054628133774,0.7640520825982093,0.3178834605962038,70.33032592005155,78.1752055813483,94.10720865076323,0.20720901883897855,51.98356497312477,58.198658328231836,93.2105331658204,0.0007346060675916376,7.787698984146118,0:35:42,85.53861604485358,78.1752055813483,81.28738651339211,94.10720865076323,94.10720865076323,94.10720865076323,68.17772830403163,58.198658328231836,72.38285437814658,93.2105331658204,93.2105331658204,93.2105331658204
282,train/val,0.8909464716911316,0.7632353588938713,0.31927777752280234,71.61588425071945,79.70438304905815,94.13034850652355,0.20785733509342216,51.63170019241902,57.98653228769698,93.09404117795935,0.0007336438315908589,7.63301420211792,0:35:49,85.5116233729514,79.70438304905815,82.2123328917457,94.13034850652355,94.13034850652355,94.13034850652355,73.46614985800386,57.98653228769698,72.06921258827454,93.09404117795935,93.09404117795935,93.09404117795935
283,train/val,0.8648322582244873,0.7399607554078103,0.31217875704169273,74.66643767161096,82.87726781922873,94.28761017125065,0.20923527921302335,51.94729200269248,58.389971234331824,93.1415799837495,0.0007326814553413739,7.801333665847778,0:35:57,86.55370837687597,82.87726781922873,84.59578912042811,94.28761017125065,94.28761017125065,94.28761017125065,68.03202227195833,58.389971234331824,72.32514325105987,93.1415799837495,93.1415799837495,93.1415799837495
284,train/val,0.8757029101252556,0.7456361085176468,0.3251670081168413,74.85141256084826,83.3915099649026,94.2472226904639,0.20708887156687605,51.55154041364624,57.49575392961776,93.2364190413971,0.000731718938617996,7.935254096984863,0:36:05,86.8081218052416,83.3915099649026,84.95520398797287,94.2472226904639,94.2472226904639,94.2472226904639,68.47161989088181,57.49575392961776,71.83329560123816,93.2364190413971,93.2364190413971,93.2364190413971
285,train/val,0.888541792333126,0.7581670925021171,0.3259367514401674,73.3631238016146,82.35446481898565,94.13680091523892,0.21139928064512362,51.48048300235084,57.79285647646562,93.1282320590522,0.0007307562811948474,7.719756126403809,0:36:13,85.5915116650437,82.35446481898565,83.83389099061942,94.13680091523892,94.13680091523892,94.13680091523892,67.88391071234942,57.79285647646562,76.73812615370568,93.1282320590522,93.1282320590522,93.1282320590522
286,train/val,0.8774274483323097,0.745998764038086,0.3285717073827982,71.54957173074622,79.57891902929424,94.19214933498083,0.20868837590208061,51.5858119615246,58.010873716695386,93.1063627659696,0.0007297934828453558,7.689992189407349,0:36:21,85.34157837843986,79.57891902929424,82.09061741448785,94.19214933498083,94.19214933498083,94.19214933498081,67.56840647486686,58.010873716695386,76.74739743306428,93.1063627659696,93.1063627659696,93.1063627659696
287,train/val,0.8666488215327263,0.7487109780311585,0.2948445964604616,71.6292484777274,79.56894327998452,94.70134053817765,0.20839616575488673,51.361470927085016,57.47586098559721,93.10373867271032,0.0007288305433422513,7.672634601593018,0:36:28,86.10972685124383,79.56894327998452,82.1308375403435,94.70134053817765,94.70134053817765,94.70134053817765,68.05715731160936,57.47586098559721,76.5154640175094,93.10373867271032,93.10373867271032,93.10373867271032
288,train/val,0.9320563063025474,0.7854974150657654,0.3663972087204456,73.72496470585442,81.4323070380701,93.8683888855036,0.21100177390160615,51.34868559276497,57.47849085533364,93.10563046087398,0.0007278674624575637,7.70522928237915,0:36:36,87.07240058903602,81.4323070380701,83.94780010565034,93.8683888855036,93.8683888855036,93.8683888855036,67.96358487623642,57.47849085533364,76.50528934553917,93.10563046087398,93.10563046087398,93.10563046087398
289,train/val,0.9292382091283798,0.7951017484068871,0.3353411443531513,70.73778179305566,81.13633178061745,93.90232567723338,0.20789670776121072,51.77602032783756,58.5898358034149,93.11163869131754,0.0007269042399626184,7.6398584842681885,0:36:44,82.63878079224042,81.13633178061745,81.50235879078636,93.90232567723338,93.90232567723338,93.90232567723339,68.40777333833536,58.5898358034149,72.21446124901844,93.11163869131754,93.11163869131754,93.11163869131754
290,train/val,0.8819753259420395,0.7594639599323273,0.3062784045934677,73.57251382110871,82.04713330166096,94.39236814909655,0.21042057716258572,51.47354929443847,58.06271246767085,93.06363387319382,0.0007259408756280338,7.715918779373169,0:36:51,86.08297165692264,82.04713330166096,83.79588409064105,94.39236814909655,94.39236814909655,94.39236814909655,67.25676308409896,58.06271246767085,76.6818211041588,93.06363387319382,93.06363387319382,93.06363387319382
291,train/val,0.8985364869236946,0.7676431506872177,0.3272333428263664,70.86833724355688,79.6159977006179,94.3308648942615,0.21099945965973943,51.41906048675181,57.577487090401256,93.0774422624588,0.0007249773692237179,7.727946758270264,0:36:59,84.47542167215788,79.6159977006179,81.73689931343587,94.3308648942615,94.3308648942615,94.3308648942615,68.07876510257647,57.577487090401256,76.59745198465372,93.0774422624588,93.0774422624588,93.0774422624588
292,train/val,0.8773123785853386,0.7545005664229393,0.30702951177954674,74.07426450235425,82.83061414225931,94.32025613158721,0.21269011292144574,51.14123029130974,57.72760788593203,93.02444445504683,0.0007240137205188655,7.928282022476196,0:37:07,86.00315825226575,82.83061414225931,84.19071026135619,94.32025613158721,94.32025613158721,94.32025613158721,67.24433047575198,57.72760788593203,71.49067285163378,93.02444445504683,93.02444445504683,93.02444445504683
293,train/val,0.9087997704744339,0.7771895825862885,0.3290254656225443,71.15738074482941,79.24466810958026,93.84776236062295,0.208021326619293,51.281666935307435,57.305045564095494,93.15449518270846,0.0007230499292819537,7.710068225860596,0:37:15,85.1053789098041,79.24466810958026,81.80818569785437,93.84776236062295,93.84776236062295,93.84776236062295,68.18700100042574,57.305045564095494,71.58773172601676,93.15449518270846,93.15449518270846,93.15449518270846
294,train/val,0.858074800670147,0.7362599402666092,0.30453715063631537,73.01366263331516,80.9477221981432,94.54588036584789,0.20756640895063508,52.24127359609444,58.55571251985368,93.23264101283564,0.0007220859952807401,7.810987710952759,0:37:22,86.09556733279211,80.9477221981432,83.31550062710272,94.54588036584789,94.54588036584789,94.54588036584789,68.28735873051141,58.55571251985368,72.65143299583005,93.23264101283564,93.23264101283564,93.23264101283564
295,train/val,0.8853186741471291,0.7614560797810555,0.3096564918756485,75.87730859389647,83.96527255668316,94.59620340730713,0.2075217145450882,52.07464517458176,58.5279612891744,93.24089054069303,0.0007211219182822582,7.585728406906128,0:37:30,87.17045308933872,83.96527255668316,85.41974432920446,94.59620340730713,94.59620340730713,94.59620340730713,69.26555395012592,58.5279612891744,72.47236358863563,93.24089054069303,93.24089054069303,93.24089054069303
296,train/val,0.8917504966259002,0.7645125463604927,0.3180948723107576,73.40563401375705,81.59315174681107,94.28702435234062,0.21089479650558987,50.99083825884979,57.43472121765316,93.06990284863353,0.0007201576980528149,7.756760835647583,0:37:38,86.09313362664179,81.59315174681107,83.66588139656737,94.28702435234062,94.28702435234062,94.28702435234062,67.62499822835993,57.43472121765316,71.27023498540098,93.06990284863353,93.06990284863353,93.06990284863353
297,train/val,0.8901579067111015,0.7666574388742446,0.30875116735696795,74.24115760834638,82.47460947976955,94.37276111388158,0.21201232697801153,51.20525115443589,57.4121016032747,93.04856614107503,0.0007191933343579873,7.642662286758423,0:37:45,86.24081164332038,82.47460947976955,84.21786264788788,94.37276111388158,94.37276111388158,94.37276111388158,68.0158455017888,57.4121016032747,71.5748545340258,93.04856614107503,93.04856614107503,93.04856614107503
298,train/val,0.8773257106542587,0.7546770572662354,0.30662163235247136,73.20913886280975,81.24773712487998,94.38918060719107,0.21193114170899705,51.320965489959214,58.26999363303518,93.02699642734973,0.0007182288269626187,7.730013847351074,0:37:53,86.52173399473897,81.24773712487998,83.63486831979547,94.38918060719107,94.38918060719107,94.38918060719107,66.95136630469196,58.26999363303518,76.5265781589521,93.02699642734973,93.02699642734973,93.02699642734973
299,train/val,0.9103757932782173,0.7703479632735253,0.3500695627182722,72.47499730836779,81.03260050573017,93.97805590304456,0.20720451929745978,51.31011698943411,57.88629417368182,93.21638605881941,0.0007172641756308151,7.785986423492432,0:38:01,85.74376097044781,81.03260050573017,83.14524454044833,93.97805590304456,93.97805590304456,93.97805590304456,67.51540602894546,57.88629417368182,71.61482971912478,93.21638605881941,93.21638605881941,93.21638605881941
300,train/val,0.8814881220459938,0.754351370036602,0.3178418692201376,75.63774156155381,83.25961058785607,94.38771471731813,0.20991217339643492,51.39558570670416,57.57073376231515,93.1961533566702,0.0007162993801259422,7.67753005027771,0:38:09,87.7553100636709,83.25961058785607,85.28614353257294,94.38771471731813,94.38771471731813,94.38771471731813,67.80802152054474,57.57073376231515,71.70600801469836,93.1961533566702,93.1961533566702,93.1961533566702
301,train/val,0.8526544272899628,0.7381465122103691,0.28626978360116484,73.44993219540676,82.21556393503012,94.7069980788987,0.2121993103093745,51.2872823710939,57.51215929183906,93.0411543258649,0.0007153344402106225,7.778700590133667,0:38:16,85.66674635761797,82.21556393503012,83.76169595429887,94.7069980788987,94.7069980788987,94.7069980788987,68.34940948812654,57.51215929183906,71.58181681863115,93.0411543258649,93.0411543258649,93.0411543258649
302,train/val,0.897203552722931,0.7729197680950165,0.3107094530016184,71.7707107072707,79.10822049138126,94.53492653483578,0.21113053082958683,51.64963041898102,58.12362939361647,93.09730881206022,0.0007143693556467307,7.653449296951294,0:38:24,87.5187690849332,79.10822049138126,81.74035567498976,94.53492653483578,94.53492653483578,94.53492653483578,73.16328280199545,58.12362939361647,72.14352727338975,93.09730881206022,93.09730881206022,93.09730881206022
303,train/val,0.8422369584441185,0.7179668173193932,0.31067534908652306,74.5966486074118,81.76633325705065,94.78415264710446,0.2066712292504541,51.72046947605241,58.05944169585303,93.15077817957163,0.0007134041261953908,7.830497741699219,0:38:32,87.14694589905379,81.76633325705065,84.13118338521731,94.78415264710446,94.78415264710446,94.78415264710446,68.59940188604526,58.05944169585303,72.04285973700999,93.15077817957163,93.15077817957163,93.15077817957163
304,train/val,0.8788121342658997,0.7466640993952751,0.3303700819611549,73.28440143061125,80.66277418704834,94.53339191087923,0.20477274627697753,51.58760827487674,57.83628694931963,93.24021371325617,0.0007124387516169725,7.901920795440674,0:38:40,86.96177737991103,80.66277418704834,83.36815720590367,94.53339191087923,94.53339191087923,94.53339191087923,68.76336681800146,57.83628694931963,71.8993098857566,93.24021371325617,93.24021371325617,93.24021371325617
305,train/val,0.9118997380137444,0.7811747744679451,0.3268124110996723,74.40964240385829,82.79447438692307,94.04254966096278,0.20673543077105236,52.08572143861288,58.437541188218404,93.22978391340958,0.0007114732316710879,7.755939483642578,0:38:48,86.59785453252834,82.79447438692307,84.55434243638678,94.04254966096278,94.04254966096278,94.04254966096278,75.49055743401667,58.437541188218404,72.6093178014817,93.22978391340958,93.22978391340958,93.22978391340958
306,train/val,0.8661663234233856,0.7475416779518127,0.29656159356236456,74.27272278673826,82.25829862265105,94.64131459510051,0.20900654114189887,52.17777337810489,58.135770955189074,93.0907236139656,0.0007105075661165878,7.877835988998413,0:38:55,87.25085316510103,82.25829862265105,84.32886796358294,94.64131459510051,94.64131459510051,94.64131459510051,73.64777745576819,58.135770955189074,72.50562366040394,93.0907236139656,93.0907236139656,93.0907236139656
307,train/val,0.8933778688311577,0.7653072327375412,0.3201765943318605,73.49443962664593,81.13738779749158,94.57414571046382,0.2140094071870974,50.97342558375356,57.29783267313163,92.9776656931817,0.0007095417547115585,7.652181386947632,0:39:03,86.3682836415849,81.13738779749158,83.49762678555057,94.57414571046382,94.57414571046382,94.57414571046382,67.53625084984742,57.29783267313163,75.90784212037597,92.9776656931817,92.9776656931817,92.97766569318169
308,train/val,0.8664755120873451,0.746412193775177,0.3001582883298397,74.11671205029033,82.23606613982055,94.71988698805036,0.20670071497595544,52.06568898355308,58.42042179377424,93.15027333287694,0.0007085757972133169,7.848009347915649,0:39:11,86.29194785873894,82.23606613982055,84.12025864056586,94.71988698805036,94.71988698805036,94.71988698805036,68.2301664612057,58.42042179377424,72.46481539930895,93.15027333287694,93.15027333287694,93.15027333287694
309,train/val,0.8697052374482155,0.7527136161923409,0.29247904717922213,73.36776925475363,81.35284665512202,94.78142968405902,0.20690743773506579,52.0805960048221,58.33703057685161,93.22573404432022,0.0007076096933784085,7.75639271736145,0:39:19,86.412190367797,81.35284665512202,83.64466646286999,94.78142968405902,94.78142968405902,94.78142968405902,74.7068271869412,58.33703057685161,72.43118106476902,93.22573404432022,93.22573404432022,93.22573404432022
310,train/val,0.8666227281093597,0.7547495380043984,0.27968297004699705,75.37178854222857,83.15959503992173,94.69726166009218,0.2050103638074378,51.80581118936834,58.07590938325031,93.30861766650538,0.0007066434429626031,7.832241058349609,0:39:27,87.23034312416075,83.15959503992173,85.06721083980656,94.69726166009218,94.69726166009218,94.69726166009218,74.46615464972831,58.07590938325031,72.08254090372395,93.30861766650538,93.30861766650538,93.30861766650538
311,train/val,0.8853643074631691,0.758068923652172,0.31823845729231837,72.16342807302118,79.56376626019261,94.65264561013336,0.20844592162995693,51.72432014975229,58.1859632174761,93.12596302280897,0.0007056770457208911,7.752708673477173,0:39:34,86.87110233823253,79.56376626019261,82.1921669445951,94.65264561013336,94.65264561013336,94.65264561013336,71.54080478253697,58.1859632174761,72.0213269412821,93.12596302280897,93.12596302280897,93.12596302280897
312,train/val,0.8899374574422836,0.767397303879261,0.3063503887504339,73.1852266516077,80.50408594999213,94.3203669616163,0.20587762307559096,51.70934817004185,57.67298739665324,93.27030479536677,0.0007047105014074794,7.556053400039673,0:39:42,87.65401276865337,80.50408594999213,83.31272642593328,94.3203669616163,94.3203669616163,94.3203669616163,72.52223631126962,57.67298739665324,72.05710046239855,93.27030479536677,93.27030479536677,93.27030479536677
313,train/val,0.916591240465641,0.7838418155908584,0.33187355659902096,72.21456835212096,79.69615207611284,93.96312429195324,0.21080753599952212,51.253758936777274,57.652070382404695,93.111394589619,0.0007037438097757892,7.824592113494873,0:39:50,85.97110400149944,79.69615207611284,82.44745360772993,93.96312429195324,93.96312429195324,93.96312429195324,67.52668617526415,57.652070382404695,76.34969578556782,93.111394589619,93.111394589619,93.111394589619
314,train/val,0.8835470736026764,0.7561531871557235,0.3184847094118595,75.6714286467895,84.70118467979397,94.19999607192776,0.20624648926106476,51.65921853650728,57.91727874176625,93.24700417868821,0.0007027769705784504,7.5938451290130615,0:39:57,86.44672222471179,84.70118467979397,85.47332569392721,94.19999607192776,94.19999607192776,94.19999607192776,72.38930310129196,57.91727874176625,72.02240290773496,93.24700417868821,93.24700417868821,93.24700417868821
315,train/val,0.8586302027106285,0.7376737937331199,0.3023910213261843,76.87380529830664,84.29242848806821,94.66865338937048,0.20505876134670686,52.13875577454195,58.17403045630277,93.2410125915423,0.0007018099835672989,7.616992712020874,0:40:05,88.31781029741776,84.29242848806821,86.16698927214698,94.66865338937048,94.66865338937048,94.66865338937048,69.16983085489615,58.17403045630277,72.70814178444851,93.2410125915423,93.2410125915423,93.2410125915423
316,train/val,0.8936893016099929,0.7634592026472091,0.32557524628937246,73.09598931550028,81.45500240174847,94.22625126487551,0.20673351094066586,51.951015885249895,57.91367597202315,93.30424047922932,0.0007008428484933727,7.526092052459717,0:40:12,85.9949481226924,81.45500240174847,83.49287695889028,94.22625126487551,94.22625126487551,94.22625126487551,69.5568068176224,57.91367597202315,72.19301104191351,93.30424047922932,93.30424047922932,93.30424047922932
317,train/val,0.8918545454740524,0.7603030070662499,0.3288788452744484,74.39008931110614,82.34467486732305,94.26639050376822,0.21411330318924696,50.89669646393698,56.81677418176956,92.95171879218036,0.0006998755651069078,7.64158296585083,0:40:20,86.87086458958323,82.34467486732305,84.2237139754983,94.26639050376822,94.26639050376822,94.26639050376822,72.1359183892344,56.81677418176956,75.89618093113727,92.95171879218036,92.95171879218036,92.95171879218036
318,train/val,0.8612868145108223,0.7429801985621453,0.2957665342837572,75.3209803505805,83.42328681329492,94.22694650521929,0.20785238111186272,51.5705900630435,57.97053538994233,93.16210671749012,0.0006989081331573351,7.725056409835815,0:40:28,87.3350220290225,83.42328681329492,85.18586513037813,94.22694650521929,94.22694650521929,94.22694650521929,65.26495619359738,57.97053538994233,71.94002829444793,93.16210671749012,93.16210671749012,93.16210671749012
319,train/val,0.8662647411227227,0.7449170261621475,0.30336929149925707,75.03791733389602,83.11544525627113,94.583295279846,0.2061294177483793,52.17480781396788,58.560797305384284,93.20894095701402,0.0006979405523932757,7.531006574630737,0:40:35,86.89461104063501,83.11544525627113,84.8324288302642,94.583295279846,94.583295279846,94.583295279846,68.74821826796453,58.560797305384284,72.81167027511086,93.20894095701402,93.20894095701402,93.20894095701402
320,train/val,0.8820404767990112,0.7599660769104958,0.30518601052463057,74.70603905832928,82.57671243367358,94.62921857992981,0.20414344455665417,51.22075438223905,57.13640748092196,93.21033899401473,0.0006969728225625379,7.605344772338867,0:40:43,86.83009873476563,82.57671243367358,84.51450777532511,94.62921857992981,94.62921857992981,94.62921857992981,64.39195228155747,57.13640748092196,76.03249494858699,93.21033899401473,93.21033899401473,93.21033899401473
321,train/val,0.8609403684735298,0.7426112577319145,0.29582277610898017,75.07496188829006,82.70038016872533,94.797701275465,0.2088231495555213,51.748331800038514,58.32158730673677,93.06684602963594,0.0006960049434121114,7.7490739822387695,0:40:51,87.43595656725539,82.70038016872533,84.90858005236372,94.797701275465,94.797701275465,94.797701275465,66.58370998785672,58.32158730673677,72.284359873226,93.06684602963594,93.06684602963594,93.06684602963594
322,train/val,0.8687149867415428,0.7464084088802337,0.3057664234191179,75.76670966406789,83.007865388038,94.78235902322254,0.205973325504303,51.760160269297664,58.16037191185286,93.09194967022415,0.0006950369146881669,7.719679355621338,0:40:58,88.2823247168871,83.007865388038,85.34620997740676,94.78235902322254,94.78235902322254,94.78235902322254,70.51891521422206,58.16037191185286,72.13575705273993,93.09194967022415,93.09194967022415,93.09194967022414
323,train/val,0.8661127269268036,0.7426427319645882,0.3086749956011772,73.22802758240778,81.66240844368627,94.3977003346467,0.20994261806193626,51.65969047174922,57.77412589965588,93.11436264436259,0.000694068736136049,7.878421783447266,0:41:06,86.21950670897547,81.66240844368627,83.61287005907833,94.3977003346467,94.3977003346467,94.3977003346467,69.14271133508433,57.77412589965588,72.03877284588101,93.11436264436259,93.11436264436259,93.11436264436259
324,train/val,0.8716832965612411,0.752663542330265,0.29754937924444674,74.40356559048222,82.09731723558139,94.75670154647166,0.20479876161487198,52.34352767505271,58.36223333371302,93.2369016970283,0.0006931004075002731,7.743361949920654,0:41:14,86.80943716103252,82.09731723558139,84.28832943635977,94.75670154647166,94.75670154647166,94.75670154647166,68.98955793696567,58.36223333371302,72.97045742712909,93.2369016970283,93.2369016970283,93.2369016970283
325,train/val,0.8614106059074402,0.745423001050949,0.2899689983576536,75.98493523484082,83.49816474028452,94.66542886258739,0.20402653145868963,52.105824774085804,57.89859155126229,93.22507940794686,0.0006921319285245216,7.7915754318237305,0:41:22,88.29426819972166,83.49816474028452,85.66078744117803,94.66542886258739,94.66542886258739,94.66542886258739,72.50908990100332,57.89859155126229,72.59633258152402,93.22507940794686,93.22507940794686,93.22507940794686
326,train/val,0.8714946404099464,0.7485739290714264,0.30730179138481617,75.23432690620702,83.00979460427301,94.59602445664933,0.20729208883142358,51.72759539527358,57.81478220306142,93.13272574941163,0.0006911632989516406,7.687103748321533,0:41:29,87.40903835842614,83.00979460427301,84.97001324980835,94.59602445664933,94.59602445664933,94.59602445664933,68.78659153378513,57.81478220306142,72.20665073456185,93.13272574941163,93.13272574941163,93.13272574941163
327,train/val,0.8774103507399559,0.7634104549884796,0.2849997378885746,74.50703984910277,82.65949363234402,94.80268903187792,0.20225332592378345,51.88526225765685,58.11560472150956,93.30722517727054,0.0006901945185236344,7.605801105499268,0:41:37,86.46195522043708,82.65949363234402,84.4218914570351,94.80268903187792,94.80268903187792,94.80268903187792,67.60985457993628,58.11560472150956,72.2321388204785,93.30722517727054,93.30722517727054,93.30722517727054
328,train/val,0.8701396301388741,0.7546428442001343,0.2887419704347849,74.04712858198612,81.8407154739001,94.70401738723933,0.20502996172381346,51.92234257071413,57.80651491028986,93.25281268956023,0.0006892255869816633,7.682833433151245,0:41:45,86.7923935714856,81.8407154739001,84.12312664499686,94.70401738723933,94.70401738723933,94.70401738723933,69.76505862305656,57.80651491028986,72.31718174721607,93.25281268956023,93.25281268956023,93.25281268956023
329,train/val,0.8607623249292373,0.7417699724435807,0.29748087339103224,72.85751961061732,81.24795469767818,94.42785920750055,0.20793466639882976,51.63239607940414,57.78606170968165,93.20735984373941,0.0006882565040660368,7.7241904735565186,0:41:52,85.53737618871855,81.24795469767818,83.25150453911381,94.42785920750055,94.42785920750055,94.42785920750055,68.10188606403248,57.78606170968165,76.59766597242918,93.20735984373941,93.20735984373941,93.20735984373941
330,train/val,0.8677434653043747,0.7447255164384842,0.30754486918449403,75.58585965184396,83.10672229882663,94.5543792784875,0.20524405586012173,52.25512899502449,58.41003748800573,93.22231107277481,0.0006872872695162122,7.696169137954712,0:42:00,87.91800178273773,83.10672229882663,85.3237597175533,94.5543792784875,94.5543792784875,94.5543792784875,68.42117379189327,58.41003748800573,77.44274292552748,93.22231107277481,93.22231107277481,93.22231107277481
331,train/val,0.8888118967413903,0.7624033018946648,0.3160214811563492,74.36220773801858,82.75014176326178,94.38462331983852,0.2042276095827309,52.01989058944042,58.07947780786399,93.22400314136695,0.0006863178830707892,7.7609405517578125,0:42:08,86.28087895426854,82.75014176326178,84.25346616731126,94.38462331983852,94.38462331983852,94.38462331983852,69.01196193575514,58.07947780786399,72.31605191235226,93.22400314136695,93.22400314136695,93.22400314136695
332,train/val,0.8823805510997772,0.750521419942379,0.32964783199131487,74.81773253519776,82.66280171153687,94.1554144707665,0.2064037666899682,51.52081566625838,57.60099899780435,93.19562631891199,0.0006853483444675055,7.718865394592285,0:42:16,87.39813149628519,82.66280171153687,84.77730040650272,94.1554144707665,94.1554144707665,94.1554144707665,68.04844071108967,57.60099899780435,76.5600298365099,93.19562631891199,93.19562631891199,93.19562631891199
333,train/val,0.8638164103031158,0.7493449062108993,0.2861787587404251,73.74595406401333,82.47070044467088,94.7112165782119,0.20685308263205873,51.51527145101586,57.77948904506244,93.17704130322791,0.0006843786534432337,7.800588846206665,0:42:23,85.54655532240058,82.47070044467088,83.81522976486353,94.7112165782119,94.7112165782119,94.7112165782119,67.89444396192513,57.77948904506244,76.57990050658636,93.17704130322791,93.17704130322791,93.1770413032279
334,train/val,0.8569800540804863,0.72723368704319,0.32436592504382133,74.39407405365635,82.8220681027092,94.22508675467219,0.2119264319591619,50.60581465108631,56.78109874020232,93.04479366027945,0.000683408809733975,7.819969177246094,0:42:31,86.5433046820593,82.8220681027092,84.50631392787959,94.22508675467219,94.22508675467219,94.22508675467219,71.30426203770318,56.78109874020232,70.90260628209042,93.04479366027945,93.04479366027945,93.04479366027945
335,train/val,0.8596119999885559,0.7373663946986199,0.305614023283124,74.62511286526026,82.43393062212778,94.69860898799787,0.21114935921015682,50.679880305941694,57.04814103018493,93.05834130454826,0.0006824388130748577,7.770127058029175,0:42:39,87.15548150382322,82.43393062212778,84.63582785410452,94.69860898799787,94.69860898799787,94.69860898799787,69.7401572795139,57.04814103018493,71.01291097648279,93.05834130454826,93.05834130454826,93.05834130454826
336,train/val,0.8721241220831871,0.7442380130290985,0.3197152730077505,74.59754517076371,82.61103321246316,94.41928263316834,0.21172418533693302,50.63499979587285,56.87102521884656,93.07527308600136,0.000681468663200131,7.8818042278289795,0:42:47,86.88778456888943,82.61103321246316,84.58170139753207,94.41928263316834,94.41928263316834,94.41928263316834,71.87867598467722,56.87102521884656,70.8934071061327,93.07527308600136,93.07527308600136,93.07527308600136
337,train/val,0.8575407117605209,0.7348496854305268,0.3067275773733854,75.3883327799173,82.88488950984477,94.92873610625429,0.20806611074261616,51.24024607402242,57.58057782583252,93.23336777016537,0.0006804983598431607,7.80859899520874,0:42:55,87.08355492940797,82.88488950984477,84.80591156579976,94.92873610625429,94.92873610625429,94.92873610625429,71.6613420135876,57.58057782583252,76.2518957182246,93.23336777016537,93.23336777016537,93.23336777016537
338,train/val,0.8980306267738343,0.7708802863955497,0.31787583939731123,75.82543768452217,83.55390625034381,94.46391316373082,0.20605427174262372,51.61117876898346,57.56621375573263,93.25996930754008,0.0006795279027364257,7.668963670730591,0:43:02,87.59231609724068,83.55390625034381,85.34997576048191,94.46391316373082,94.46391316373082,94.46391316373082,75.82326466100832,57.56621375573263,71.88955548537896,93.25996930754008,93.25996930754008,93.25996930754006
339,train/val,0.8544729113578796,0.7342068761587143,0.3006650771945715,72.93488631733138,80.421994168652,94.91260296606828,0.21087027147964574,51.11710328957619,57.37673703484846,93.01582877464165,0.000678557291611514,7.729453802108765,0:43:10,86.59623875896033,80.421994168652,82.68972494206412,94.91260296606828,94.91260296606828,94.91260296606828,70.1537517345004,57.37673703484846,71.47713333119681,93.01582877464165,93.01582877464165,93.01582877464165
340,train/val,0.8998393237590789,0.7723697975277901,0.3186738085001707,73.39225127464651,81.52083976507942,93.99809001913557,0.20864726522326374,51.09470418101455,57.33529475638659,93.21731253572068,0.0006775865261991167,7.913840055465698,0:43:18,86.63947821632813,81.52083976507942,83.8277654365892,93.99809001913557,93.99809001913557,93.99809001913557,69.06285752986902,57.33529475638659,71.31978587019172,93.21731253572068,93.21731253572068,93.21731253572068
341,train/val,0.8765620544552803,0.7524587452411652,0.3102582775056362,75.85055913718715,83.79342888130111,94.75743979755617,0.21157862344595982,50.68707937262336,56.83373488822831,93.0638724271265,0.0006766156062290242,7.855401039123535,0:43:26,87.57243215839708,83.79342888130111,85.51434792326597,94.75743979755617,94.75743979755617,94.75743979755616,68.16189503915177,56.83373488822831,70.89383226146451,93.0638724271265,93.0638724271265,93.0638724271265
342,train/val,0.8862226009368896,0.7666988998651505,0.2988092493265867,69.12867926362536,77.52298890955736,94.31220861179672,0.20526075203489277,51.45823893201331,57.66057933952013,93.21565930148967,0.0006756445314301233,7.743576526641846,0:43:34,84.08828888716002,77.52298890955736,80.4257779144567,94.31220861179672,94.31220861179672,94.31220861179672,67.75182278894852,57.66057933952013,71.53074283519399,93.21565930148967,93.21565930148967,93.21565930148968
343,train/val,0.8690624490380288,0.7411619395017623,0.31975128278136256,76.81342919542122,84.72794284552477,94.52338898692543,0.20534665377174016,51.87584670163095,58.15119289846675,93.18222846432181,0.0006746733015303905,7.731578826904297,0:43:41,87.90223866953734,84.72794284552477,86.19239461621483,94.52338898692543,94.52338898692543,94.52338898692543,72.24419048597571,58.15119289846675,72.33160192358952,93.18222846432181,93.18222846432181,93.18222846432181
344,train/val,0.8895958572626114,0.7554807290434837,0.335287819057703,76.2829718816524,83.91958993068768,94.00987878036135,0.20755833803483376,51.178187473386814,57.52931204531766,93.23310702516922,0.0006737019162568887,7.701970338821411,0:43:49,87.88923040201318,83.91958993068768,85.77696071374353,94.00987878036135,94.00987878036135,94.00987878036135,70.43150706975577,57.52931204531766,71.44527396553633,93.23310702516922,93.23310702516922,93.23310702516922
345,train/val,0.8428640007972718,0.723517832159996,0.29836540631949904,76.39694994756863,83.70561650496654,94.81732443930227,0.20441039048144288,51.886018317027634,57.97149235684537,93.30375227583225,0.0006727303753357621,7.829274892807007,0:43:57,88.03661324302246,83.70561650496654,85.67103712756715,94.81732443930227,94.81732443930227,94.81732443930227,72.21398260956042,57.97149235684537,72.31307114598087,93.30375227583225,93.30375227583225,93.30375227583225
346,train/val,0.8536340832710266,0.7291257455945015,0.31127081662416456,77.44970779341175,85.1592196552911,94.7489064763865,0.20677297375964993,51.19117691638556,57.46958026835971,93.19097174334216,0.0006717586784922325,7.8444435596466064,0:44:05,88.0815344735453,85.1592196552911,86.53013533220219,94.7489064763865,94.7489064763865,94.7489064763865,67.70043421285344,57.46958026835971,76.20889224671014,93.19097174334216,93.19097174334216,93.19097174334216
347,train/val,0.8875318393111229,0.7650308802723884,0.30625239200890064,74.93997762810409,82.8662777297053,94.45342055781416,0.20383260735211292,51.754267322442715,57.903046169693354,93.24937862248308,0.0006707868254505936,7.6390910148620605,0:44:12,87.1617806164107,82.8662777297053,84.8325980466749,94.45342055781416,94.45342055781416,94.45342055781417,64.42406703460179,57.903046169693354,76.69898749198325,93.24937862248308,93.24937862248308,93.24937862248306
348,train/val,0.8792864888906479,0.7524071350693703,0.3171983823180199,74.7218192165082,82.96755864208683,94.33183847152948,0.20141217647891232,51.66022426608892,57.75264366768514,93.39507959768045,0.0006698148159342068,7.9434850215911865,0:44:20,86.76654661233705,82.96755864208683,84.72838280556611,94.33183847152948,94.33183847152948,94.33183847152948,64.58125890738043,57.75264366768514,76.631015806552,93.39507959768045,93.39507959768045,93.39507959768045
349,train/val,0.8622892156243325,0.7476475760340691,0.2866040948778391,74.9619577253695,82.92501343641241,94.76636992064262,0.20670445213308547,51.780005797320975,58.05893532491111,93.15612067811007,0.0006688426496654973,7.784866571426392,0:44:28,87.00962167129835,82.92501343641241,84.82550365483125,94.76636992064262,94.76636992064262,94.76636992064262,67.8675294514704,58.05893532491111,76.85502372771623,93.15612067811007,93.15612067811007,93.15612067811007
350,train/val,0.874143186211586,0.7512412890791893,0.3072547562420368,74.35878507723203,82.68677647959083,94.32115702995421,0.20681488669742273,51.397609684227696,57.725477730278364,93.0791898087097,0.0006678703263659481,7.897465944290161,0:44:36,86.57830300105924,82.68677647959083,84.50640803556716,94.32115702995421,94.32115702995421,94.32115702995421,69.80354358018829,57.725477730278364,71.67883535891475,93.0791898087097,93.0791898087097,93.0791898087097
351,train/val,0.8611815631389618,0.7419419258832931,0.29809910655021665,73.57168146057107,80.99198901262433,94.67292863828236,0.2037712321581769,51.68934574040237,58.01172262035429,93.2903044913492,0.0006668978457560966,7.741937160491943,0:44:44,87.09226291950932,80.99198901262433,83.76512328911618,94.67292863828236,94.67292863828236,94.67292863828236,71.20600229708265,58.01172262035429,72.00630660168174,93.2903044913492,93.2903044913492,93.2903044913492
352,train/val,0.8679255813360214,0.7492034688591958,0.2968052763491869,73.6754876960727,81.76065562125774,94.54018134568216,0.20335479106309284,51.62726093049752,57.686331883884456,93.26567241086045,0.0006659252075555292,7.741668224334717,0:44:52,85.61360720644912,81.76065562125774,83.43582398915228,94.54018134568216,94.54018134568216,94.54018134568216,68.3801402499384,57.686331883884456,71.8458320469449,93.26567241086045,93.26567241086045,93.26567241086045
353,train/val,0.8709842935204506,0.7461337521672249,0.31212635040283204,77.81679383739682,85.188589154084,94.82836228670809,0.2024433351713544,51.79367255834908,58.06097836808741,93.27619097496105,0.0006649524114828755,7.663525342941284,0:44:59,88.88735467031364,85.188589154084,86.92371115266279,94.82836228670809,94.82836228670809,94.82836228670809,67.82875519116274,58.06097836808741,76.84946962451154,93.27619097496105,93.27619097496105,93.27619097496105
354,train/val,0.8535832956433296,0.7309885725378991,0.306486789137125,76.90694039563107,84.70717841393099,94.55019960285766,0.2045821824695286,51.78022138653105,57.97824327527735,93.32543849264094,0.0006639794572558048,7.762209892272949,0:45:07,88.00571250435928,84.70717841393099,86.26447547309279,94.55019960285766,94.55019960285766,94.55019960285767,68.45753958474758,57.97824327527735,72.03736055611726,93.32543849264094,93.32543849264094,93.32543849264094
355,train/val,0.921059736609459,0.7835140854120255,0.34386413246393205,76.00088344059654,83.42063723267746,94.18693440581093,0.2114733340010532,50.8621899132765,56.77124172319742,92.97048688413835,0.0006630063445910218,7.874504089355469,0:45:15,88.27730906018807,83.42063723267746,85.66225243542783,94.18693440581093,94.18693440581093,94.18693440581093,68.60431711219097,56.77124172319742,71.04605924760412,92.97048688413835,92.97048688413835,92.97048688413835
356,train/val,0.8227054223418235,0.71673763692379,0.26491945907473563,74.91006247385444,83.44816793751113,94.99538992760402,0.20373271831055106,51.81232516902898,57.93842954449309,93.25219133978213,0.0006620330732042595,7.925044059753418,0:45:23,86.10427064415524,83.44816793751113,84.68577746923988,94.99538992760402,94.99538992760402,94.99538992760402,70.14589932955367,57.93842954449309,72.10726877457579,93.25219133978213,93.25219133978213,93.25219133978213
357,train/val,0.8761117115616799,0.7459020167589188,0.3255242358893156,76.99471874442926,84.7597171656157,94.42060125264672,0.20766588451027151,51.58819480879917,57.74243807531519,93.20537929132173,0.0006610596428102766,8.014369249343872,0:45:31,88.15868929032706,84.7597171656157,86.38016292111281,94.42060125264672,94.42060125264672,94.42060125264672,68.7676975052743,57.74243807531519,71.94076253939315,93.20537929132173,93.20537929132173,93.20537929132173
358,train/val,0.872270256280899,0.7534293919801712,0.29710215516388416,74.45888293246085,83.10251498345733,94.63646335822291,0.20630234182743906,52.52424288475774,59.15520005158415,93.2405521269746,0.0006600860531228517,7.7776710987091064,0:45:39,86.31364074140816,83.10251498345733,84.60493207961125,94.63646335822291,94.63646335822291,94.63646335822291,70.56359443750125,59.15520005158415,73.04898581980312,93.2405521269746,93.2405521269746,93.2405521269746
359,train/val,0.8439762115478515,0.7353053510189056,0.27167714536190035,69.22419552375717,76.9396049131136,94.9023802516346,0.20371280464828162,51.64975544645917,57.32869706164703,93.32026242707879,0.0006591818626722792,7.904555559158325,0:45:46,80.42234837592622,76.9396049131136,78.47180140923915,94.9023802516346,94.9023802516346,94.9023802516346,71.09356985120536,57.32869706164703,71.93517172541601,93.32026242707879,93.32026242707879,93.32026242707879
360,train/val,0.8824447467923164,0.7531485468149185,0.3232405010610819,73.56186105508108,81.118462279525,94.27531601448253,0.2045053532802747,51.86226918057413,58.09089324028262,93.29548055691137,0.0006582079649641403,7.913562774658203,0:45:54,86.9328922853775,81.118462279525,83.56919967090765,94.27531601448253,94.27531601448253,94.27531601448253,68.52275605427032,58.09089324028262,72.133080572308,93.29548055691137,93.29548055691137,93.29548055691137
361,train/val,0.8665507048368454,0.7474369987845421,0.29778427071869373,72.54703180214739,79.37716747652107,94.8748442601358,0.20285265475541453,51.8915706760214,58.0766878775438,93.31715013042243,0.0006572339071186522,7.932884216308594,0:46:02,88.34194541123264,79.37716747652107,85.8744736531336,94.8748442601358,94.8748442601358,94.8748442601358,70.40962864504839,58.0766878775438,72.34217818664075,93.31715013042243,93.31715013042243,93.31715013042243
362,train/val,0.8668459624052047,0.7486668780446053,0.2954477027058601,73.12610018287577,81.35177498369096,94.44899961345983,0.20707390993577962,52.05711688634837,58.384514056906234,93.20667746853668,0.0006562596888456933,7.645723342895508,0:46:10,86.10570321165821,81.35177498369096,83.5244537323627,94.44899961345983,94.44899961345983,94.44899961345983,71.11114430977631,58.384514056906234,72.5987260554171,93.20667746853668,93.20667746853668,93.20667746853668
363,train/val,0.8655224353075027,0.7505306452512741,0.2874794751405716,75.70662220029841,83.05847287563672,94.94778941255842,0.20861084240661196,51.347263002687846,57.73701218696872,93.11204922599234,0.0006552853098541378,7.453761100769043,0:46:17,88.21156727855464,83.05847287563672,85.0996751912743,94.94778941255842,94.94778941255842,94.94778941255842,71.54317318666398,57.73701218696872,71.94593429523012,93.11204922599234,93.11204922599234,93.11204922599234
364,train/val,0.8460347086191178,0.7329183667898178,0.28279085233807566,74.44085311364522,81.89974551139305,94.73510683362973,0.20665466331815538,51.85091235661287,57.91246231600296,93.25212476659162,0.0006543107698518486,7.841008424758911,0:46:25,86.84786955999645,81.89974551139305,83.9704521341671,94.73510683362973,94.73510683362973,94.73510683362973,70.78731162826534,57.91246231600296,72.30042169581083,93.25212476659162,93.25212476659162,93.25212476659162
365,train/val,0.8474688246846199,0.732082724571228,0.28846525996923444,75.58195660877108,83.45093786469897,94.80082162448745,0.20037547110414244,51.96861425982362,58.04656099812531,93.41867979371631,0.000653336068545674,7.853689193725586,0:46:33,87.5729968958538,83.45093786469897,85.34029245235445,94.80082162448745,94.80082162448745,94.80082162448745,72.01538031308888,58.04656099812531,72.40911680926385,93.41867979371631,93.41867979371631,93.41867979371631
366,train/val,0.8469158813357354,0.7338280022144318,0.2827196817845106,78.29550267589669,85.33420654821863,94.87082678163546,0.20297609341299055,51.60621866025553,58.037703579555235,93.31909184847898,0.0006523612056414413,7.720245361328125,0:46:41,89.41925064360751,85.33420654821863,87.21041483625515,94.87082678163546,94.87082678163546,94.87082678163546,69.80693971847025,58.037703579555235,72.1502248530682,93.31909184847898,93.31909184847898,93.31909184847898
367,train/val,0.8443743467330933,0.7315826073288918,0.28197934478521347,77.71711431011339,85.0796898461159,94.98635205534984,0.20607660041672599,51.75290073601574,57.96031181385759,93.17941019925688,0.0006513861808439522,7.756328821182251,0:46:49,88.809395673738,85.0796898461159,86.84522576805405,94.98635205534984,94.98635205534984,94.98635205534984,71.68871793506841,57.96031181385759,72.40432986786873,93.17941019925688,93.17941019925688,93.17941019925688
368,train/val,0.8750415399670601,0.7607227206230164,0.2857970491051674,74.83119436556953,82.68155393509848,94.70459612124098,0.2007129542715273,52.4764896101094,58.75677572884278,93.4282607853839,0.0006504109938569768,7.672679901123047,0:46:56,87.04345745448293,82.68155393509848,84.69885267914415,94.70459612124098,94.70459612124098,94.70459612124098,69.83601862590922,58.75677572884278,72.8971658696119,93.4282607853839,93.4282607853839,93.4282607853839
369,train/val,0.8452864602208138,0.7320653781294822,0.28305270448327063,75.37231516069028,83.5867092890166,94.89861722717737,0.20250477841210623,52.279618231373426,58.42765853043953,93.37015903336615,0.0006494356443832487,7.837163925170898,0:47:04,86.66752187564913,83.5867092890166,85.01474133031004,94.89861722717737,94.89861722717737,94.89861722717737,69.94782475761797,58.42765853043953,72.67290855920417,93.37015903336615,93.37015903336615,93.37015903336615
370,train/val,0.8795581147074699,0.7664035424590111,0.2828864321112633,73.9032746875586,81.85384081439744,94.70690457596342,0.20200672751389243,52.097857840207965,58.25479900602113,93.275924682199,0.0006484601321244596,7.963541030883789,0:47:12,85.39015495534315,81.85384081439744,83.11041798931873,94.70690457596342,94.70690457596342,94.70690457596343,71.16694159938038,58.25479900602113,72.64843384149084,93.275924682199,93.275924682199,93.275924682199
371,train/val,0.8617707893252373,0.7473345533013344,0.28609058260917664,75.66364028124443,83.30061493290938,94.57624006819853,0.200551882040739,52.33590166441991,58.30204003362963,93.3878785975736,0.0006474844567812542,7.8893468379974365,0:47:20,87.91177968975337,83.30061493290938,85.45818240403938,94.57624006819853,94.57624006819853,94.57624006819853,76.17304818865257,58.30204003362963,72.73182575324847,93.3878785975736,93.3878785975736,93.3878785975736
372,train/val,0.8541248843073845,0.7398360356688499,0.28572213314473627,71.30394347188403,79.8151079462685,94.6995855692495,0.20067872173884846,52.19309051363115,58.2959907030576,93.43329815679917,0.0006465086180532247,7.806826829910278,0:47:28,84.48192959022869,79.8151079462685,81.91994020361705,94.6995855692495,94.6995855692495,94.6995855692495,69.9152950566009,58.2959907030576,72.53575179630481,93.43329815679917,93.43329815679917,93.43329815679917
373,train/val,0.8390415370464325,0.7282449871301651,0.2769913662225008,77.56619469853077,85.01663907107118,94.97046097605934,0.20030419899927734,51.92377239627925,58.01588622654323,93.39950116708351,0.0006455326156389038,7.68030047416687,0:47:35,88.64291917728326,85.01663907107118,86.73021530229731,94.97046097605934,94.97046097605934,94.97046097605934,70.75844083425132,58.01588622654323,72.33973382453041,93.39950116708351,93.39950116708351,93.39950116708351
374,train/val,0.8686690583825112,0.7517389774322509,0.2923251949250698,76.11187953747537,84.44004856341564,94.50177183924272,0.20180345065420366,51.93507167581991,58.05044078402939,93.4156729046116,0.000644556449235763,7.877530813217163,0:47:43,87.11577794416463,84.44004856341564,85.6307351535277,94.50177183924272,94.50177183924272,94.50177183924272,72.70669011169544,58.05044078402939,72.19955186294264,93.4156729046116,93.4156729046116,93.4156729046116
375,train/val,0.8696895271539689,0.756322555243969,0.28341742269694803,76.75986381124147,84.30336794029685,94.8224937402431,0.20371212136289857,51.91518573772345,57.98192885669978,93.28657084491476,0.0006435801185402012,7.837763786315918,0:47:51,88.24575680681211,84.30336794029685,86.13768017844086,94.8224937402431,94.8224937402431,94.8224937402431,71.44004041402619,57.98192885669978,72.50108025597483,93.28657084491476,93.28657084491476,93.28657084491476
376,train/val,0.8486805036664009,0.7362831026315689,0.2809934992343187,74.79579131385886,83.15022514938431,94.80316628689825,0.20222640018884042,52.24804453549552,58.45571148234102,93.35974587681719,0.0006426036232475456,7.784749984741211,0:47:59,86.6142163847944,83.15022514938431,84.76959841358422,94.80316628689825,94.80316628689825,94.80316628689825,70.98347527584349,58.45571148234102,72.72531454094664,93.35974587681719,93.35974587681719,93.35974587681719
377,train/val,0.8555828675627708,0.7375636368989944,0.2950480833649635,78.57740472726252,86.11029040668244,94.99380856161766,0.20160572784496925,51.98601308551544,58.06317981277619,93.4180861827676,0.0006416269630520406,7.869197130203247,0:48:07,88.9539014211899,86.11029040668244,87.45173073814391,94.99380856161766,94.99380856161766,94.99380856161766,73.98146130083039,58.06317981277619,72.36896039869094,93.4180861827676,93.4180861827676,93.4180861827676
378,train/val,0.8277492001652718,0.719632351398468,0.2702921211719513,76.82971164865606,84.31993702163369,94.99850268837466,0.20264721296677654,52.04229868880633,57.983421321822995,93.37964571301384,0.000640650137646846,7.875487327575684,0:48:15,88.18506816271213,84.31993702163369,85.99545632056878,94.99850268837466,94.99850268837466,94.99850268837466,70.42021907308839,57.983421321822995,72.36638286988155,93.37964571301384,93.37964571301384,93.37964571301384
379,train/val,0.858517861366272,0.740500271320343,0.295043970271945,76.3697216163515,84.04290561167421,94.87345472653213,0.20098854084166765,51.70509023490059,57.61270392766961,93.38270253201144,0.0006396731467240293,7.993215560913086,0:48:23,87.95178718919348,84.04290561167421,85.88738632863974,94.87345472653213,94.87345472653213,94.87345472653213,69.09895375700074,57.61270392766961,72.01534243336785,93.38270253201144,93.38270253201144,93.38270253201144
380,train/val,0.8689519822597503,0.7526624321937561,0.29072387218475343,75.43707335975421,83.64866252162584,94.65577202625539,0.2043950372560911,52.02452504763097,58.486165880092,93.29824334431754,0.0006386959899745599,7.916510343551636,0:48:31,87.14341981278272,83.64866252162584,85.26102296204625,94.65577202625539,94.65577202625539,94.65577202625539,69.88628850710366,58.486165880092,72.54248202306847,93.29824334431754,93.29824334431754,93.29824334431754
381,train/val,0.8667152091860771,0.7554725259542465,0.27810669876635075,76.23240992197688,84.25892869334585,94.76750735249556,0.20268037928820112,51.89992284185987,58.10032780024077,93.31734430222808,0.0006377186670883046,7.623523473739624,0:48:38,87.3490295103372,84.25892869334585,85.715935984469,94.76750735249556,94.76750735249556,94.76750735249556,75.72209868292026,58.10032780024077,72.491974324154,93.31734430222808,93.31734430222808,93.31734430222808
382,train/val,0.8756967157125473,0.7543126076459885,0.30346025675535204,76.46335788198262,83.79234790583808,94.56542410498156,0.20175539313230412,52.01128110039984,58.0036327845489,93.41194480594304,0.0006367411777540204,7.658431529998779,0:48:46,88.42731633131822,83.79234790583808,85.96832193701385,94.56542410498156,94.56542410498156,94.56542410498156,72.12207302112502,58.0036327845489,72.4888244287338,93.41194480594304,93.41194480594304,93.41194480594304
383,train/val,0.8415837317705155,0.7269296392798423,0.2866352297365665,75.90634691710692,84.01662383030755,94.76237920396363,0.2048488581574405,52.13714017070814,58.37028546846972,93.34771277263248,0.0006357635216593491,7.658538103103638,0:48:53,87.15516544624464,84.01662383030755,85.48279372309828,94.76237920396363,94.76237920396363,94.76237920396363,68.9494474245015,58.37028546846972,72.44903281909544,93.34771277263248,93.34771277263248,93.34771277263248
384,train/val,0.8413225755095481,0.7246610447764397,0.29165381789207456,77.6726659431212,85.48660357445952,94.86281802134893,0.20702735399472985,51.598996662007934,57.72938037710137,93.18931296134527,0.0006347856984908125,7.93026328086853,0:49:01,88.26325838328273,85.48660357445952,86.80714652056972,94.86281802134893,94.86281802134893,94.86281802134893,68.06012513410751,57.72938037710137,76.66893077920955,93.18931296134527,93.18931296134527,93.18931296134527
385,train/val,0.8607806503772736,0.7483421012759208,0.28109636418521405,76.39448996675426,84.15416716687932,94.96123226798251,0.20744958773754285,51.48068790398908,57.70189287602206,93.2000367927833,0.0006338077079338047,7.8364174365997314,0:49:09,87.9256536651624,84.15416716687932,85.92420237897936,94.96123226798251,94.96123226798251,94.96123226798251,67.93214718504946,57.70189287602206,71.7523392842659,93.2000367927833,93.2000367927833,93.20003679278331
386,train/val,0.8574319809675217,0.7384337276220322,0.29749564118683336,77.4439315338432,85.45283031980088,94.83961712487783,0.20160567713492178,52.32984210569484,58.443406052453405,93.36858346785742,0.0006328295496725868,7.650603771209717,0:49:17,88.05602801960794,85.45283031980088,86.65623694641461,94.83961712487783,94.83961712487783,94.83961712487783,71.31753556294714,58.443406052453405,72.87187747373093,93.36858346785742,93.36858346785742,93.36858346785742
387,train/val,0.8628815710544586,0.7443777233362198,0.2962596207857132,75.14332277937011,83.05171915912585,94.70324268876698,0.20416251651881964,51.90361279493835,58.17460622449385,93.30056231045364,0.0006318512233902814,7.584231376647949,0:49:24,87.2632221962171,83.05171915912585,84.97136568010525,94.70324268876698,94.70324268876698,94.70324268876698,74.52394219983933,58.17460622449385,72.33634393260618,93.30056231045364,93.30056231045364,93.30056231045364
388,train/val,0.8359510585665703,0.7332296833395958,0.2568034317344427,73.69415694277266,82.09368513195962,95.05789613356124,0.20423341024871522,52.517068164665034,58.82055215542561,93.34266985345133,0.0006308727287688659,7.770707130432129,0:49:32,86.33631738432749,82.09368513195962,84.04524712016278,95.05789613356124,95.05789613356124,95.05789613356124,73.01709672189595,58.82055215542561,73.27101552943111,93.34266985345133,93.34266985345133,93.34266985345133
389,train/val,0.8584931045770645,0.7324362799525261,0.31514206267893313,77.08119600741054,84.6278957125412,94.70644832593693,0.20574356283016834,52.055411786481756,58.35105660974644,93.33185170999342,0.0006298940654891668,7.817197322845459,0:49:40,88.45155753819105,84.6278957125412,86.39036074589367,94.70644832593693,94.70644832593693,94.70644832593693,73.78732955960443,58.35105660974644,72.41459800818077,93.33185170999342,93.33185170999342,93.33185170999342
390,train/val,0.8507851988077164,0.7333901315927506,0.29348764680325984,77.37802625509023,85.48653135959103,94.73900389776185,0.20486705591306129,51.7574157657852,57.89027828188481,93.3627527659219,0.0006289152332308527,7.872215270996094,0:49:48,87.82581751920121,85.48653135959103,86.59088750546057,94.73900389776185,94.73900389776185,94.73900389776185,68.21569501090364,57.89027828188481,71.97647848109669,93.3627527659219,93.3627527659219,93.3627527659219
391,train/val,0.8787791639566421,0.7530487671494484,0.3143259983509779,75.66135641193763,83.55306855126982,94.37401514987383,0.20459470590086454,52.211199413432574,58.36481432080437,93.3468140345606,0.0006279362316724291,7.63809871673584,0:49:56,87.7199687014602,83.55306855126982,85.43269064646466,94.37401514987383,94.37401514987383,94.37401514987383,72.26307209573379,58.36481432080437,72.75338233166185,93.3468140345606,93.3468140345606,93.3468140345606
392,train/val,0.8573025479912758,0.7375461608171463,0.2993909664452076,76.5263766087704,84.53978056057608,94.65699761832528,0.20264794327814378,52.172523487358404,58.03704941862103,93.41532894312729,0.0006269570604912317,7.619586944580078,0:50:03,87.53774828655658,84.53978056057608,85.92453670227913,94.65699761832528,94.65699761832528,94.65699761832528,72.80012613409414,58.03704941862103,72.67598291589898,93.41532894312729,93.41532894312729,93.41532894312729
393,train/val,0.8677766069769859,0.7525031611323356,0.2881836052983999,73.75626410977421,82.01531162283644,94.83894667419162,0.20805805304610073,51.632284173664644,57.67195079361467,93.28574422779926,0.0006259777193634207,7.790353298187256,0:50:11,86.2211516046628,82.01531162283644,83.98663434731495,94.83894667419162,94.83894667419162,94.83894667419162,69.9772199975191,57.67195079361467,72.02487646968622,93.28574422779926,93.28574422779926,93.28574422779926
394,train/val,0.8334068566560745,0.7257345542311668,0.2691807471215725,76.35856618910786,84.22340304449139,95.13666939621388,0.20633037473175164,51.83007783278567,58.05850618642285,93.26086804561196,0.0006249982079639723,7.982821226119995,0:50:19,87.83112620875677,84.22340304449139,85.82499797234874,95.13666939621388,95.13666939621388,95.13666939621386,70.58536704946926,58.05850618642285,72.3950432514444,93.26086804561196,93.26086804561196,93.26086804561196
395,train/val,0.8358499825000762,0.7253116756677628,0.27634576670825484,76.12379352661198,83.53527511050918,95.00339478302928,0.20554698966538595,51.57730628098559,57.96672262012081,93.3091169654342,0.000624018525966676,7.74933123588562,0:50:27,88.09726660738674,83.53527511050918,85.59885088414104,95.00339478302928,95.00339478302928,95.00339478302928,68.1783077169101,57.96672262012081,71.97914687386606,93.3091169654342,93.3091169654342,93.3091169654342
396,train/val,0.8567175671458245,0.7456646844744682,0.2776322074234486,73.8921777103702,82.4928088689324,94.82652265432358,0.20343356652130504,52.01750060136764,58.280078292175176,93.41521798780978,0.0006230386730441247,7.781707286834717,0:50:35,86.21669196819356,82.4928088689324,84.11390678437411,94.82652265432358,94.82652265432358,94.82652265432358,69.18651233395472,58.280078292175176,72.44870665730538,93.41521798780978,93.41521798780978,93.41521798780978
397,train/val,0.849718825519085,0.7396559923887253,0.27515707090497016,76.50054880453048,84.00580611411408,94.87949290098328,0.202120507857814,52.36681730117304,58.44237927560165,93.46877611957521,0.0006220586488677104,7.839442491531372,0:50:42,88.0329058873811,84.00580611411408,85.89715047832811,94.87949290098328,94.87949290098328,94.87949290098328,74.86945501211136,58.44237927560165,72.68181010973971,93.46877611957521,93.46877611957521,93.46877611957521
398,train/val,0.8471632212400436,0.7322364822030067,0.2873168498277664,77.5503569774836,85.31384792212229,94.84688215138559,0.2003867861627235,51.93307280700351,57.953748112985906,93.4347627669904,0.0006210784531076162,7.706749200820923,0:50:50,88.2262293599567,85.31384792212229,86.71039098662095,94.84688215138559,94.84688215138559,94.84688215138559,73.38323891692919,57.953748112985906,72.1137709643309,93.4347627669904,93.4347627669904,93.4347627669904
399,train/val,0.8403124064207077,0.7309838950634002,0.2733212895691395,74.95397842329335,82.70498556751504,94.99975023687585,0.20255147109691649,51.547590773468485,57.492269060632225,93.38548196271525,0.0006200980854328103,7.860877990722656,0:50:58,86.94903901514864,82.70498556751504,84.55055230575637,94.99975023687585,94.99975023687585,94.99975023687584,69.15995209096573,57.492269060632225,71.83570179479844,93.38548196271525,93.38548196271525,93.38548196271525
400,train/val,0.8441354602575302,0.7317414656281471,0.28098497427999974,76.94017926003758,85.1315922042533,94.95096828895198,0.20044662315188663,51.93951567191404,57.95745023738462,93.41333729517787,0.0006191175455110408,7.894041299819946,0:51:06,87.56160963476685,85.1315922042533,86.22722384818941,94.95096828895198,94.95096828895198,94.95096828895198,68.21639442917787,57.95745023738462,76.92378898549872,93.41333729517787,93.41333729517787,93.41333729517787
401,train/val,0.8422152057290078,0.7354950100183487,0.26680048890411856,75.83300163550203,83.50276927350336,95.00988388398088,0.20235217562608201,52.08061312646134,58.334311122034634,93.44315098899467,0.0006181368330088267,7.715008020401001,0:51:14,87.9470397275529,83.50276927350336,85.57566765010584,95.00988388398088,95.00988388398088,95.00988388398088,68.71848799011214,58.334311122034634,72.31947217474097,93.44315098899467,93.44315098899467,93.44315098899467
402,train/val,0.8475944623351097,0.7326225802302361,0.2874297000467777,74.9270468010674,82.48605136294167,94.78041311467656,0.20067059989629007,52.287630509748325,58.19626680395381,93.51734126205238,0.0006171559475914522,7.868481397628784,0:51:21,87.98979528598873,82.48605136294167,84.60020911354306,94.78041311467656,94.78041311467656,94.78041311467656,70.21745661371673,58.19626680395381,72.50917753034537,93.51734126205238,93.51734126205238,93.51734126205238
403,train/val,0.8437936007976532,0.7282806649804116,0.28878232538700105,78.18962560509442,85.69900880647452,94.90542805683718,0.20405659124793332,51.62240821496955,57.89212812777079,93.35106362322149,0.0006161748889229603,7.6580822467803955,0:51:29,88.76907858169338,85.69900880647452,87.12262987865729,94.90542805683718,94.90542805683718,94.90542805683718,68.6634659057287,57.89212812777079,71.9193142222906,93.35106362322149,93.35106362322149,93.35106362322149
404,train/val,0.8568624496459961,0.7423384368419648,0.2863100294023752,76.88686042130566,84.7797855654975,94.84409706126755,0.20316596093248013,51.9497043021011,57.81681304711083,93.42767826996695,0.0006151936566661461,7.856127500534058,0:51:37,87.75672236929918,84.7797855654975,86.16617495836086,94.84409706126755,94.84409706126755,94.84409706126755,70.04768139811765,57.81681304711083,72.20753615432629,93.42767826996695,93.42767826996695,93.42767826996695
405,train/val,0.8540394991636276,0.7460012525320053,0.2700956117361784,77.98618107590399,85.5362142549609,94.95705847363473,0.20229938386616203,52.38457699057485,58.07056196162556,93.45763065793064,0.0006142122504825488,7.821189641952515,0:51:45,88.59706974764701,85.5362142549609,86.98093564286069,94.95705847363473,94.95705847363473,94.95705847363473,72.25919024047626,58.07056196162556,72.85820576646985,93.45763065793064,93.45763065793064,93.45763065793064
406,train/val,0.832415571808815,0.7230913385748863,0.2733105842024088,77.87667508930491,85.82583532050567,95.09146724361868,0.20206060563905992,52.536791690091924,58.42955703613109,93.47234888079926,0.0006132306700324457,7.852813482284546,0:51:53,88.14841094088408,85.82583532050567,86.94686613468808,95.09146724361868,95.09146724361868,95.09146724361868,72.77402553358495,58.42955703613109,72.97799433335672,93.47234888079926,93.47234888079926,93.47234888079926
407,train/val,0.8540503859519959,0.7443890318274498,0.27415339313447473,73.5388855517514,80.85661318608713,95.10203282645129,0.202136139338298,51.8608151000692,57.87202538816748,93.43915659756406,0.0006122489149748453,7.952289342880249,0:52:01,87.57781721125761,80.85661318608713,83.59636286442854,95.10203282645129,95.10203282645129,95.10203282645129,68.64414294884412,57.87202538816748,72.03139241104162,93.43915659756406,93.43915659756406,93.43915659756406
408,train/val,0.833982466161251,0.7289388671517372,0.26260899789631365,76.12400399339785,84.46229715806014,94.82896402058938,0.20095602183183178,52.3393125632029,58.22970625506569,93.418247067978,0.0006112669849674793,7.843514919281006,0:52:08,87.03724606497482,84.46229715806014,85.67001121871752,94.82896402058938,94.82896402058938,94.82896402058938,73.28739498377196,58.22970625506569,72.86270182759876,93.418247067978,93.418247067978,93.418247067978
409,train/val,0.8653951495885849,0.7493024170398712,0.29023182168602946,75.23300356680377,83.48636788592681,94.70233133949783,0.2009215145113744,52.18795175849248,58.10794005616082,93.40744556781773,0.0006102848796667972,7.856734752655029,0:52:16,86.60889995530849,83.48636788592681,84.9810826808311,94.70233133949783,94.70233133949783,94.70233133949783,77.06326290900917,58.10794005616082,72.62481938336207,93.40744556781773,93.40744556781773,93.40744556781773
410,train/val,0.8742487013339997,0.7523568421602249,0.3047296617180109,74.803556015678,82.37741385590228,94.66331200318798,0.20681558125170524,51.64062042321559,57.80545711356939,93.286515367256,0.000609302598727958,7.803366661071777,0:52:24,87.67438904786667,82.37741385590228,84.74818546705973,94.66331200318798,94.66331200318798,94.66331200318797,71.9561775596265,57.80545711356939,72.2488653260443,93.286515367256,93.286515367256,93.286515367256
411,train/val,0.8513729259371757,0.7444691643118858,0.2672594003379345,75.26072879055603,82.89989332321815,95.05615865858039,0.20119286570900394,52.12607735756083,58.13778474113212,93.46327273582638,0.0006083201418048229,8.072646141052246,0:52:32,87.45991559538948,82.89989332321815,85.00049369277669,95.05615865858039,95.05615865858039,95.05615865858039,72.55597299251289,58.13778474113212,77.11054908263716,93.46327273582638,93.46327273582638,93.46327273582638
412,train/val,0.8245056614279747,0.7155153661966324,0.27247574292123317,77.57045403820896,85.04997023237749,94.91945816469229,0.20087716077332582,51.77635023171761,57.825986936751065,93.41148988914121,0.0006073375085499489,7.931166172027588,0:52:40,88.43427368389577,85.04997023237749,86.52352962252175,94.91945816469229,94.91945816469229,94.91945816469229,72.33558079136996,57.825986936751065,71.96033874460257,93.41148988914121,93.41148988914121,93.41148988914121
413,train/val,0.8672655209898948,0.7394293025135994,0.3195905365049839,77.84544456006867,84.99168459639343,94.74656731843668,0.20176590073089873,52.04802293607385,58.28289089653239,93.36837265275413,0.0006063546986145805,7.931510925292969,0:52:48,89.03895243726537,84.99168459639343,86.91738068274461,94.74656731843668,94.74656731843668,94.74656731843668,73.57575039106055,58.28289089653239,72.34236917511016,93.36837265275413,93.36837265275413,93.36837265275413
414,train/val,0.8470361873507499,0.7293801635503769,0.2941400516778231,76.27696144803934,84.27375173762512,94.7692302335243,0.2100556845644205,51.59909994423706,57.66558700106581,93.13871733655755,0.0006053717116486435,7.655341863632202,0:52:56,87.45678967675623,84.27375173762512,85.75297468523453,94.7692302335243,94.7692302335243,94.7692302335243,71.47201141507816,57.66558700106581,71.89708010643355,93.13871733655755,93.13871733655755,93.13871733655755
415,train/val,0.8255497872829437,0.718345782160759,0.2680100090801716,76.3270034580851,83.43403557653568,95.03176096834414,0.20568632743980758,51.67782288553467,57.783421069410466,93.26628266510679,0.0006043885473007373,7.857808828353882,0:53:03,88.31412910806785,83.43403557653568,85.60554669447859,95.03176096834414,95.03176096834414,95.03176096834414,68.39427164437626,57.783421069410466,71.8808142773504,93.26628266510679,93.26628266510679,93.26628266510679
416,train/val,0.8409318804740906,0.7356020137667656,0.26332466714084146,74.55161561110275,82.17255315255494,95.19278033545953,0.2002991297282083,52.257442895966136,58.429600817828586,93.39767040434448,0.000603405205218127,7.901040077209473,0:53:11,86.49388688900099,82.17255315255494,83.98812148541089,95.19278033545953,95.19278033545953,95.19278033545953,71.76900850742736,58.429600817828586,72.69323843558712,93.39767040434448,93.39767040434448,93.39767040434448
417,train/val,0.8184867620468139,0.7159725040197372,0.25628563277423383,78.04513384236694,85.61509119965892,95.32855536666504,0.20237316720192436,51.984325005031074,57.92028684223294,93.36096638530988,0.0006024216850467357,7.489668369293213,0:53:19,88.68253644840725,85.61509119965892,87.05222910029214,95.32855536666504,95.32855536666504,95.32855536666504,77.12124364840163,57.92028684223294,72.53011129565594,93.36096638530988,93.36096638530988,93.36096638530988
418,train/val,0.8469006225466729,0.7374311253428459,0.27367375120520593,76.58449633102889,83.89663668983357,95.09011173244602,0.20403588074444803,51.915820887355665,57.840528579888385,93.3015830993748,0.0006014379864311383,7.7900002002716064,0:53:27,88.24734765378324,83.89663668983357,85.7949935102037,95.09011173244602,95.09011173244602,95.09011173244602,76.41144734962086,57.840528579888385,72.41785805923675,93.3015830993748,93.3015830993748,93.3015830993748
419,train/val,0.8424562022089959,0.7293278008699418,0.28282099328935145,77.25596966089262,85.28314883837635,95.14447162367865,0.20206652311152107,51.84592992056359,57.750487931532156,93.33756590884555,0.0006004541090145521,7.7390220165252686,0:53:34,87.66166108510699,85.28314883837635,86.33091012748608,95.14447162367865,95.14447162367865,95.14447162367865,76.42819452881344,57.750487931532156,72.31718889216971,93.33756590884555,93.33756590884555,93.33756590884555
420,train/val,0.8546852260828018,0.7451419353485107,0.27385822460055353,76.09745300145147,83.34593902066506,95.09735678879497,0.20208263200326387,52.1670441283461,58.29161530357888,93.41277142305854,0.0005994700524388311,7.745559453964233,0:53:42,88.07963223940607,83.34593902066506,85.54058338227394,95.09735678879497,95.09735678879497,95.09735678879497,72.59401984220533,58.29161530357888,72.67744426410951,93.41277142305854,93.41277142305854,93.41277142305854
421,train/val,0.8315601453185082,0.7212020665407181,0.2758952036499977,77.93324069271564,85.65992938553065,95.09947136204802,0.203648642785541,51.650359982589436,57.48422235858587,93.32147184003972,0.0005984858163444561,8.229156494140625,0:53:50,88.3851004130521,85.65992938553065,86.94214053159801,95.09947136204802,95.09947136204802,95.09947136204802,75.27245145562944,57.48422235858587,72.07286021887454,93.32147184003972,93.32147184003972,93.32147184003972
422,train/val,0.8194232478737831,0.7187041610479354,0.2517977185547352,74.65337183724398,82.03057790580087,95.17476257767774,0.20416183128305013,52.10760727232356,58.13821049662084,93.33363254283957,0.0005975014003705292,7.811704874038696,0:53:58,87.03014221677276,82.03057790580087,84.24537576344365,95.17476257767774,95.17476257767774,95.17476257767774,71.3135423430932,58.13821049662084,72.69555415208433,93.33363254283957,93.33363254283957,93.33363254283957
423,train/val,0.834367573261261,0.7230578228831291,0.2782743651419878,76.00938879864584,83.61617837685591,94.92794210340153,0.20230574906066615,52.11550417296724,58.0781808253702,93.43171704352456,0.0005965168041547639,7.835265874862671,0:54:06,87.66134788848584,83.61617837685591,85.4093815770144,94.92794210340153,94.92794210340153,94.92794210340153,70.76464733694901,58.0781808253702,72.45407189467484,93.43171704352456,93.43171704352456,93.43171704352456
424,train/val,0.8450878202915192,0.7351852059364319,0.2747565399855375,75.77473204606214,83.34425147783404,95.05884944630598,0.20117369752777406,51.81271866769123,57.448012532618996,93.42337320364727,0.0005955320273334783,7.98195481300354,0:54:14,87.92096494711774,83.34425147783404,85.47911403262388,95.05884944630598,95.05884944630598,95.05884944630598,67.07125259882973,57.448012532618996,72.01891989558014,93.42337320364727,93.42337320364727,93.42337320364727
425,train/val,0.8405723661184311,0.7266797438263893,0.28473155237734316,76.9124772230178,84.92803276047105,94.72898694737381,0.20224103458843398,52.32142877194049,58.16163713391015,93.41242746157423,0.0005945470695415878,7.849427700042725,0:54:22,87.99231318983522,84.92803276047105,86.36285670112166,94.72898694737381,94.72898694737381,94.72898694737383,68.23663782400025,58.16163713391015,72.76744507477494,93.41242746157423,93.41242746157423,93.41242746157423
426,train/val,0.824527095258236,0.7144274681806564,0.2752490688115358,77.28655292179724,84.8575641971831,95.07930250007955,0.20499888534981492,51.83911283323896,57.958983441732414,93.29789383506736,0.0005935619304125958,8.043877601623535,0:54:30,88.34561312938796,84.8575641971831,86.45862207455008,95.07930250007955,95.07930250007955,95.07930250007955,71.85929221160995,57.958983441732414,72.43098904552755,93.29789383506736,93.29789383506736,93.29789383506736
427,train/val,0.8858682498335838,0.7625876486301422,0.30820150710642336,76.42903829908755,84.22872074357505,94.55019051815657,0.20196133855406304,51.83289294219513,57.67460988408099,93.367529392341,0.0005925766095785858,7.858738422393799,0:54:38,88.0786228048905,84.22872074357505,86.00149082625178,94.55019051815657,94.55019051815657,94.55019051815657,67.47588838512821,57.67460988408099,72.20605846337685,93.367529392341,93.367529392341,93.367529392341
428,train/val,0.8263410121202469,0.7214126646518707,0.2623208612203598,77.34764435324789,85.54178743062822,95.02541901986538,0.2019167186966201,52.223648047484005,58.01573088201869,93.38301320690049,0.0005915911066702137,7.9330925941467285,0:54:46,87.87299422731826,85.54178743062822,86.65315023203843,95.02541901986538,95.02541901986538,95.0254190198654,67.26732831319674,58.01573088201869,72.40629538642867,93.38301320690049,93.38301320690049,93.38301320690049
429,train/val,0.8219568699598312,0.711361040174961,0.27648956291377547,78.81407960588585,85.85429598150289,95.16623051326857,0.2008061929287455,52.04780584201188,57.86169306977346,93.40772850387738,0.0005906054213167002,8.00920820236206,0:54:54,89.45104119711992,85.85429598150289,87.52003440854975,95.16623051326857,95.16623051326857,95.16623051326857,71.07660548285696,57.86169306977346,72.46853206548744,93.40772850387738,93.40772850387738,93.40772850387738
430,train/val,0.8524093836545944,0.7357800364494324,0.2915733676403761,75.65030967846124,82.67817489128004,95.0326018148856,0.19925895591621798,52.34305411387362,58.300207735183406,93.5474489874606,0.0005896195531458207,7.858451843261719,0:55:02,88.1888565922538,82.67817489128004,84.9919391083372,95.0326018148856,95.0326018148856,95.0326018148856,71.773911908258,58.300207735183406,72.78541867951454,93.5474489874606,93.5474489874606,93.5474489874606
431,train/val,0.8290363878011704,0.7198035836219787,0.27308201119303704,76.95113153797446,85.12124644443998,95.28299406361617,0.2014854067717639,51.8535544984276,57.721816334041435,93.41819713808512,0.0005886335017838995,7.902478456497192,0:55:09,87.67070590476193,85.12124644443998,86.31144717909297,95.28299406361617,95.28299406361617,95.28299406361617,70.9099471793413,57.721816334041435,72.13425612189033,93.41819713808512,93.41819713808512,93.41819713808512
432,train/val,0.9306315675377845,0.8106102988123893,0.30005317367613316,75.89406975040549,84.25675931509593,94.3414516542188,0.20498119057718622,51.768358858568185,57.730791439901665,93.41332065188024,0.0005876472668557985,7.615210056304932,0:55:17,86.88785129812251,84.25675931509593,85.50928668496773,94.3414516542188,94.3414516542188,94.3414516542188,68.23731170418614,57.730791439901665,76.76157035750768,93.41332065188024,93.41332065188024,93.41332065188024
433,train/val,0.8492359623312951,0.736972451210022,0.28065878264606,76.62740814247793,84.9326046109093,94.92282088782694,0.20308900063391547,51.05428715916863,57.01253479388896,93.3935761531281,0.000586660847984911,7.687231779098511,0:55:25,87.52293488514692,84.9326046109093,86.10943172882423,94.92282088782694,94.92282088782694,94.92282088782694,68.00123675810667,57.01253479388896,71.15077576918756,93.3935761531281,93.3935761531281,93.3935761531281
434,train/val,0.8621142387390137,0.7514850229024888,0.2765730481594801,73.92967096050755,82.0621346604328,94.90333167126543,0.20686214022668947,51.78198912427061,57.68284651562793,93.21044440156638,0.0005856742447931531,7.694183588027954,0:55:32,86.51198246961076,82.0621346604328,84.05499179213814,94.90333167126543,94.90333167126543,94.90333167126543,70.61408254402241,57.68284651562793,72.30076934278621,93.21044440156638,93.21044440156638,93.21044440156638
435,train/val,0.8366007015109063,0.7261619120836258,0.27609696201980116,76.2087985306936,84.34362869591159,95.04989906274245,0.2045005213062226,51.7989934817721,57.4421534876369,93.34597077414746,0.0005846874569009536,7.6616034507751465,0:55:40,87.25778095056255,84.34362869591159,85.7358468923481,95.04989906274245,95.04989906274245,95.04989906274245,67.71359570465656,57.4421534876369,72.11665568653551,93.34597077414746,93.34597077414746,93.34597077414746
436,train/val,0.8395280852913857,0.731097835302353,0.27107563205063345,75.32509318913596,83.11774942641492,94.86889914830458,0.2029369656270551,51.74981142042725,57.60707737342242,93.39878550528552,0.0005837004839272465,7.700362682342529,0:55:48,87.30814694384826,83.11774942641492,85.00130909795985,94.86889914830458,94.86889914830458,94.86889914830458,70.91335668910341,57.60707737342242,72.01287010178184,93.39878550528552,93.39878550528552,93.39878550528552
437,train/val,0.8279789745807647,0.7208593428134918,0.2677990924566984,77.61486356465505,84.61111914384416,95.07511176781858,0.20303896173610175,51.61425626802727,57.279199104333,93.41337058177312,0.0005827133254894629,7.620039701461792,0:55:55,89.18067930705155,84.61111914384416,86.73493365290413,95.07511176781858,95.07511176781858,95.07511176781858,68.8429033477124,57.279199104333,76.51698574481884,93.41337058177312,93.41337058177312,93.41337058177312
438,train/val,0.8580759018659592,0.7439968571066856,0.2851976092904806,78.23541674702066,85.38283024555228,95.07254510638198,0.20289415247758508,51.809554426225844,57.87293068230297,93.3492883381412,0.0005817259812035198,7.646551609039307,0:56:03,89.05892309346474,85.38283024555228,87.1286918677022,95.07254510638198,95.07254510638198,95.07254510638198,66.30795078773637,57.87293068230297,72.04644524577661,93.3492883381412,93.3492883381412,93.3492883381412
439,train/val,0.8462314754724503,0.7328715547919273,0.2833997827023268,78.14150037106502,86.08900411550941,95.07948975649846,0.20252349453710108,51.80002607893177,57.77437938458979,93.41831918893439,0.0005807384506838143,7.759989976882935,0:56:11,88.45929744964556,86.08900411550941,87.16047440803999,95.07948975649846,95.07948975649846,95.07948975649846,69.32634425912516,57.77437938458979,72.26887669084864,93.41831918893439,93.41831918893439,93.41831918893439
440,train/val,0.8599763378500939,0.7433650583028794,0.29152819886803627,76.104753354864,84.25312694844098,94.93381798298623,0.2020305933092196,51.78272040206642,57.91106586502899,93.41933997785554,0.0005797507335432123,7.936627388000488,0:56:19,87.18654973503452,84.25312694844098,85.54871768473144,94.93381798298623,94.93381798298623,94.93381798298623,68.3608951568672,57.91106586502899,72.23984223812026,93.41933997785554,93.41933997785554,93.41933997785554
441,train/val,0.8371873363852501,0.7185151547193527,0.29668044336140154,77.44667849516365,85.66202441404191,94.64764973950456,0.20407818462634741,51.796747276124435,57.8247612309227,93.33038155203633,0.0005787628293930406,7.743865489959717,0:56:27,87.78022903652094,85.66202441404191,86.64383464048028,94.64764973950456,94.64764973950456,94.64764973950456,70.30361104401584,57.8247612309227,72.13710641115449,93.33038155203633,93.33038155203633,93.33038155203633
442,train/val,0.8425647556781769,0.7259125590324402,0.29163047596812247,75.28869947921692,82.5121572973219,95.00930725061093,0.20929071374657052,51.57480904150474,57.54953847725391,93.29859285356773,0.000577774737843078,7.700364351272583,0:56:34,87.67424750906787,82.5121572973219,84.75135428773565,95.00930725061093,95.00930725061093,95.00930725061093,76.1468725940696,57.54953847725391,72.18302642823822,93.29859285356773,93.29859285356773,93.29859285356773
443,train/val,0.8423444032669067,0.7254517778754235,0.2922315660864115,77.32016755951577,84.49025826808192,94.75776275738143,0.20459680928428606,52.01223044938934,58.03156683073028,93.36172088146898,0.0005767864585015458,7.922167778015137,0:56:42,88.69417805273038,84.49025826808192,86.4851917306915,94.75776275738143,94.75776275738143,94.75776275738143,71.5147220395415,58.03156683073028,72.45446308121765,93.36172088146898,93.36172088146898,93.36172088146898
444,train/val,0.8288708686828613,0.7216845035552979,0.2679659128189087,78.42411499737453,86.0219310025728,95.07560237334708,0.20388133082262716,51.96867345565836,57.91053994583022,93.33052024618323,0.0005757979909750981,7.78918194770813,0:56:50,88.51300090655346,86.0219310025728,87.17180821985386,95.07560237334708,95.07560237334708,95.07560237334708,72.0565985604472,57.91053994583022,72.49394020835463,93.33052024618323,93.33052024618323,93.33052024618323
445,train/val,0.836230206489563,0.728172367811203,0.2701446026563644,77.86420118127695,85.61371454976457,95.22628970565215,0.20405580589232652,51.72071801213091,57.84554865371927,93.39082446125369,0.0005748093348688137,7.8990678787231445,0:56:58,87.85059528518401,85.61371454976457,86.65341834358979,95.22628970565215,95.22628970565215,95.22628970565215,71.34456415739406,57.84554865371927,72.21889056415284,93.39082446125369,93.39082446125369,93.39082446125369
446,train/val,0.8399724170565606,0.7274165779352189,0.2813895929604769,76.77707792732431,84.5199325571264,94.91951030017766,0.21085620225870075,50.91743870415838,56.85684076855705,93.17068911130005,0.0005738204897861865,8.044511079788208,0:57:06,88.01472986003233,84.5199325571264,86.13621174623465,94.91951030017766,94.91951030017766,94.91951030017766,65.2675596702036,56.85684076855705,71.23441031268491,93.17068911130005,93.17068911130005,93.17068911130005
447,train/val,0.8179746314883232,0.7204226329922676,0.2438799887895584,75.90502810142986,84.31389688605604,95.04897492821561,0.2004319499612738,52.02340105447111,57.851874237072565,93.4341636082758,0.000572831455329115,7.807393312454224,0:57:14,86.98115910317784,84.31389688605604,85.50390095548322,95.04897492821561,95.04897492821561,95.04897492821561,72.41286950243348,57.851874237072565,72.45545473002952,93.4341636082758,93.4341636082758,93.4341636082758
448,train/val,0.8580316573381424,0.7402018323540688,0.2945745553821325,77.82003727907835,84.98752969638149,94.80823375491204,0.20384373539030531,51.65658239740052,57.499252348534654,93.27262930926875,0.0005718422310978941,8.023130893707275,0:57:22,89.02924138850506,84.98752969638149,86.87178108416781,94.80823375491204,94.80823375491204,94.80823375491204,66.7278001153227,57.499252348534654,72.06774915295681,93.27262930926875,93.27262930926875,93.27262930926875
449,train/val,0.8337823286652565,0.7273602694272995,0.26605513580143453,76.93115939006067,84.59936960068369,95.039037083409,0.20126037595184407,51.8979127322861,57.78655344431179,93.43304295956888,0.0005708528166912043,7.750803232192993,0:57:29,88.17744845155838,84.59936960068369,86.18374081183167,95.039037083409,95.039037083409,95.039037083409,76.18806299611094,57.78655344431179,72.40259965751572,93.43304295956888,93.43304295956888,93.43304295956888
450,train/val,0.8227711543440819,0.7171704307198524,0.26400181986391547,75.14539403783263,82.11910689338043,95.23062003786886,0.20307811769428583,51.58592764362545,57.62225193082438,93.31932485464576,0.0005698632117061039,7.786161422729492,0:57:37,87.52099501142779,82.11910689338043,84.44191926961366,95.23062003786886,95.23062003786886,95.23062003786886,69.97659582322021,57.62225193082438,71.94755002802458,93.31932485464576,93.31932485464576,93.31932485464576
451,train/val,0.8153287008404732,0.7110560178756714,0.2606817066669464,77.70260059797116,85.76174044408687,95.22756219144655,0.20459553178116738,51.77332458592419,57.815655003868315,93.36154335296096,0.0005688734157380169,8.006076574325562,0:57:45,87.99523808705902,85.76174044408687,86.79402523667139,95.22756219144655,95.22756219144655,95.22756219144655,74.62431730816962,57.815655003868315,72.26625973985566,93.36154335296096,93.36154335296096,93.36154335296096
452,train/val,0.830309596657753,0.7239591717720032,0.2658760577440262,79.33118101354316,86.96672253054399,95.14647561450084,0.20289428553728225,51.68871811309075,57.54393194892443,93.37008136464388,0.0005678834283807257,7.932546854019165,0:57:53,88.9816623406249,86.96672253054399,87.93239352036008,95.14647561450084,95.14647561450084,95.14647561450084,68.25623695159283,57.54393194892443,72.00988133987389,93.37008136464388,93.37008136464388,93.37008136464388
453,train/val,0.8353168055415153,0.724026395380497,0.27822602055966855,78.34307143636124,85.89773025692769,94.91475831699749,0.20228247921675144,51.88255360748417,57.71099412918165,93.45520628424289,0.000566893249226359,8.024691104888916,0:58:01,88.61259948050048,85.89773025692769,87.18240852970685,94.91475831699749,94.91475831699749,94.91475831699749,74.91401030922576,57.71099412918165,72.26436497404846,93.45520628424289,93.45520628424289,93.45520628424289
454,train/val,0.8457027524709702,0.7330889701843262,0.2815344616770744,78.54766196356086,86.2774647658546,94.92854783429287,0.20229410547032461,51.91446270577511,57.812739714752624,93.44471545897166,0.0005659028778653831,7.915954113006592,0:58:09,88.703247616004,86.2774647658546,87.42507577588945,94.92854783429287,94.92854783429287,94.92854783429287,71.61244675793604,57.812739714752624,72.41208837887146,93.44471545897166,93.44471545897166,93.44471545897166
455,train/val,0.8258671805262565,0.7145055159926414,0.2784041691571474,77.85153557579353,85.00366720247816,95.27414998493659,0.20135604327360015,51.89443012358619,57.786814393993126,93.4662518861017,0.0005649123138865919,7.789668083190918,0:58:17,88.68157471395321,85.00366720247816,86.74899086856222,95.27414998493659,95.27414998493659,95.27414998493659,71.05173340883617,57.786814393993126,72.3884412907322,93.4662518861017,93.4662518861017,93.4662518861017
456,train/val,0.8323503121733665,0.7235229507088661,0.27206841073930266,76.0909880138926,83.59704925617294,95.01097053524562,0.20398287292505235,51.75885104424819,57.69782267116555,93.41022499852151,0.0005639215568770971,7.715741157531738,0:58:25,87.9930488010238,83.59704925617294,85.62697361956492,95.01097053524562,95.01097053524562,95.01097053524562,70.15448652970478,57.69782267116555,72.12701046419735,93.41022499852151,93.41022499852151,93.41022499852151
457,train/val,0.8465180277824402,0.7321103289723396,0.28601923398673534,77.37191218600593,84.93733117727051,94.87704183651596,0.2033493193622882,51.696786016413164,57.408437531710256,93.418247067978,0.0005629306064223161,7.859186172485352,0:58:33,88.44360579279859,84.93733117727051,86.58680731827125,94.87704183651596,94.87704183651596,94.87704183651596,68.20812366195888,57.408437531710256,72.18206919830158,93.418247067978,93.418247067978,93.418247067978
458,train/val,0.8647932156920433,0.7445713296532631,0.30055471509695053,75.54252228296893,83.00435413096963,94.82574954678319,0.20427298228933996,51.98624144426967,57.98368852944197,93.39490761693831,0.0005619394621059639,7.940553188323975,0:58:40,87.92707593599651,83.00435413096963,84.94174518829463,94.82574954678319,94.82574954678319,94.82574954678319,70.83086195359273,57.98368852944197,72.4174518216441,93.39490761693831,93.39490761693831,93.39490761693831
459,train/val,0.8568600311875343,0.7418427348136902,0.28754322677850724,76.79397003673571,84.53416245839357,95.06197875413967,0.20158801638570098,52.217074341053745,58.33221806014976,93.43702070770186,0.0005609481235100421,7.911991596221924,0:58:48,87.8847222264089,84.53416245839357,86.06486566444893,95.06197875413967,95.06197875413967,95.06197875413967,71.03101508057644,58.33221806014976,72.71737769687354,93.43702070770186,93.43702070770186,93.43702070770186
460,train/val,0.8225661918520928,0.716700303554535,0.26466470770537853,77.72181011038026,85.8243247191536,95.13390250218646,0.2018483296963336,51.90715101845181,57.87507017748871,93.3866414457833,0.0005599565902148279,7.851836204528809,0:58:56,87.70489625772345,85.8243247191536,86.719407469825,95.13390250218646,95.13390250218646,95.13390250218646,70.99699066340003,57.87507017748871,72.34281621705436,93.3866414457833,93.3866414457833,93.3866414457833
461,train/val,0.8688877686858177,0.7494773298501969,0.29852609559893606,72.67095921087508,79.98543552672238,94.89084516367343,0.2036626105863911,51.383485711971645,57.19381085369004,93.34771277263248,0.0005589648617988638,7.892529487609863,0:59:04,86.77097227397279,79.98543552672238,82.32767843466554,94.89084516367343,94.89084516367343,94.89084516367343,65.9708690187205,57.19381085369004,71.64177520980675,93.34771277263248,93.34771277263248,93.34771277263248
462,train/val,0.864770632982254,0.7510633051395417,0.28426832519471645,76.43558491852228,83.94121986880442,94.86970668969047,0.20492761801256115,51.75427602010739,57.67305588231629,93.38613659908859,0.000557972937838948,7.843122959136963,0:59:12,88.33053759675413,83.94121986880442,85.94757610477093,94.86970668969047,94.86970668969047,94.86970668969047,70.59399197568223,57.67305588231629,72.23980439111544,93.38613659908859,93.38613659908859,93.38613659908859
463,train/val,0.8195785164833069,0.7124774530529976,0.2677526522427797,77.60412170527458,85.85966107794103,95.25921525422407,0.20228826883054593,51.86780800900897,57.99791025022451,93.41773112575154,0.0005569808179101217,7.900262117385864,0:59:20,87.64434522539112,85.85966107794103,86.71701060172235,95.25921525422407,95.25921525422407,95.25921525422407,70.3948326414466,57.99791025022451,72.48305939582276,93.41773112575154,93.41773112575154,93.41773112575154
464,train/val,0.8144900277256966,0.7133559748530388,0.2528351258486509,76.63082826445014,84.05582520196072,95.22753611676248,0.20218149774207317,52.04651058492047,57.71642860154406,93.47596047638443,0.0005559885015856607,7.938781976699829,0:59:28,88.14165520781519,84.05582520196072,85.90721255233763,95.22753611676248,95.22753611676248,95.22753611676248,72.28454544425816,57.71642860154406,72.6770785554431,93.47596047638443,93.47596047638443,93.47596047638443
465,train/val,0.8409932851791382,0.7334897145628929,0.26875891499221327,76.88336024529812,84.84944245352297,94.88728845491396,0.20095021163062488,51.8882742629755,57.58674057530519,93.43173923458805,0.0005549959884370627,7.853515386581421,0:59:36,87.93495613525857,84.84944245352297,86.25268692352303,94.88728845491396,94.88728845491396,94.88728845491396,75.45959952843101,57.58674057530519,72.40207522752591,93.43173923458805,93.43173923458805,93.43173923458805
466,train/val,0.8117571845650673,0.7123265087604522,0.24857670105993748,78.00591318856084,85.8192452537566,95.41406384170713,0.19711260136392378,52.415361479388025,58.276215723372395,93.52413172748442,0.0005540032780340374,7.92470645904541,0:59:44,88.3213159027545,85.8192452537566,86.9853010107084,95.41406384170713,95.41406384170713,95.41406384170713,76.67685018348988,58.276215723372395,73.0811941978856,93.52413172748442,93.52413172748442,93.52413172748442
467,train/val,0.8392869338393212,0.733436381816864,0.26462637782096865,76.18898544126604,83.07701456443503,95.1990354057633,0.20135821752106237,52.27234529378505,58.11650170685929,93.41698772512417,0.0005530103699444947,7.896686553955078,0:59:51,88.47322049496915,83.07701456443503,85.48354606276274,95.1990354057633,95.1990354057633,95.1990354057633,68.07706863758271,58.11650170685929,72.87646767984647,93.41698772512417,93.41698772512417,93.41698772512417
468,train/val,0.8284292861819267,0.7200931668281555,0.270840285718441,76.84569284175512,84.43393297124679,95.19357542921882,0.19752553588089702,52.01148643155131,57.917462312992605,93.55112160847042,0.0005520172637345337,7.960228204727173,0:59:59,87.32608224567481,84.43393297124679,85.76447643358867,95.19357542921882,95.19357542921882,95.19357542921882,66.32176514830823,57.917462312992605,72.33910665109005,93.55112160847042,93.55112160847042,93.55112160847042
469,train/val,0.8078656435012818,0.7066861063241958,0.25294882617890835,76.24502955337383,83.91618309540272,95.32059075947478,0.19905473095200937,52.63958023986874,58.6933570903191,93.53892761907531,0.0005510239589684322,7.924128770828247,1:00:07,88.1786014613547,83.91618309540272,85.70542219360595,95.32059075947478,95.32059075947478,95.32059075947478,67.97676331909865,58.6933570903191,73.3425206293876,93.53892761907531,93.53892761907531,93.53892761907531
470,train/val,0.8401198804378509,0.7325917586684227,0.26882028952240944,74.59003332678967,81.5874531047095,95.1819393768842,0.20146974993625616,51.96443310915328,57.795351199189135,93.466551465459,0.0005500304552086351,7.816403865814209,1:00:15,87.21581150578135,81.5874531047095,83.7300704927743,95.1819393768842,95.1819393768842,95.18193937688422,71.26093148956234,57.795351199189135,72.58526562495453,93.466551465459,93.466551465459,93.466551465459
471,train/val,0.8296572059392929,0.7275697976350785,0.25521852225065234,77.08017108501316,84.27644902152757,95.19033292172266,0.20137929881468097,52.45775114557241,58.45438154496433,93.38551524931049,0.0005490367520157419,7.915096282958984,1:00:23,88.81225416466154,84.27644902152757,86.37326645453226,95.19033292172266,95.19033292172266,95.19033292172266,71.37725712069073,58.45438154496433,73.2499063739946,93.38551524931049,93.38551524931049,93.38551524931049
472,train/val,0.8102271735668183,0.7151604503393173,0.2376668032258749,75.83575843340284,83.6869063523504,95.38639188895709,0.20202389069786122,51.805392346083025,57.52774313156224,93.45601625806077,0.0005480428489484967,7.820935487747192,1:00:31,87.43603856407243,83.6869063523504,85.41594981916658,95.38639188895709,95.38639188895709,95.38639188895709,70.33835023176435,57.52774313156224,72.17835549356334,93.45601625806077,93.45601625806077,93.45601625806077
473,train/val,0.8585249662399292,0.7381027951836586,0.301055409386754,78.68422197378526,86.04639708391294,94.94995664571694,0.20239671031665038,52.10166538216344,58.11116202575456,93.42457706884234,0.0005470487455637766,7.9731059074401855,1:00:39,89.09066949344651,86.04639708391294,87.4952875108721,94.94995664571694,94.94995664571694,94.94995664571694,66.45762883639125,58.11116202575456,72.55995421368951,93.42457706884234,93.42457706884234,93.42457706884234
474,train/val,0.819186045229435,0.7113996535539627,0.26946598552167417,78.04991381145337,86.19520005515385,95.15570060390529,0.2016727565590681,52.10576853738726,58.139109322895436,93.44138679944616,0.0005460544414165783,7.961196184158325,1:00:47,87.84345354721866,86.19520005515385,86.9811340734621,95.15570060390529,95.15570060390529,95.15570060390529,70.45406637895604,58.139109322895436,72.60605037352322,93.44138679944616,93.44138679944616,93.44138679944616
475,train/val,0.8315317615866661,0.7241322249174118,0.2684988405555487,76.48018167360489,84.36139744491396,95.09891760766584,0.20226737997505614,52.16678271200049,57.73420990240851,93.43839655363907,0.000545059936060008,7.928967714309692,1:00:55,87.88939334382083,84.36139744491396,85.9704563418723,95.09891760766584,95.09891760766584,95.09891760766584,69.31808996500686,57.73420990240851,72.69106832494244,93.43839655363907,93.43839655363907,93.43839655363907
476,train/val,0.8614688202738762,0.7467100739479064,0.28689686544239523,76.52719018838413,84.2798400513348,94.79325591565035,0.20349133285019688,51.85305721206146,57.60163711639243,93.3884777562882,0.0005440652290452687,7.880640029907227,1:01:03,87.49797626306656,84.2798400513348,85.79134880567759,94.79325591565035,94.79325591565035,94.79325591565035,71.01220189828148,57.60163711639243,72.18824469456446,93.3884777562882,93.3884777562882,93.3884777562882
477,train/val,0.8499100834131241,0.7366051197052002,0.2832624100148678,78.12922474183408,85.59426264729375,94.80258591666298,0.20076866532652984,51.95757258321932,57.84259841058395,93.48646239718742,0.0005430703199216487,7.949122905731201,1:01:11,88.82259339476921,85.59426264729375,87.13321885517112,94.80258591666298,94.80258591666298,94.80258591666298,69.92063739493982,57.84259841058395,72.31649352099556,93.48646239718742,93.48646239718742,93.48646239718742
478,train/val,0.8140238538384438,0.7164717718958855,0.24388020746409894,74.98638270638803,82.97159739582519,95.22318973194179,0.20256311295358118,52.36320492812655,58.48193604670615,93.4578692118633,0.0005420752082365089,7.815151214599609,1:01:18,86.85642274082535,82.97159739582519,84.63099868069641,95.22318973194179,95.22318973194179,95.22318973194179,67.19353575401777,58.48193604670615,72.90442604580116,93.4578692118633,93.4578692118633,93.4578692118633
479,train/val,0.8219379246234894,0.7136458188295365,0.270730259642005,76.12604457437486,83.86064592990671,95.032790790281,0.20043128119543427,52.37816168414178,58.391694743848774,93.53504973072809,0.0005410798935352714,7.980560541152954,1:01:26,87.87117329525506,83.86064592990671,85.71460887906704,95.032790790281,95.032790790281,95.032790790281,69.74157394720852,58.391694743848774,72.72682066989485,93.53504973072809,93.53504973072809,93.53504973072809
480,train/val,0.8322342202067375,0.7285257384181023,0.25927120000123977,77.00597993734422,84.70769948986758,95.06281831943943,0.2028065127297094,51.87048982398377,57.89308591127126,93.40198656619589,0.0005400843753614057,7.887470006942749,1:01:34,87.53115110659057,84.70769948986758,86.03479106637964,95.06281831943943,95.06281831943943,95.06281831943943,72.9324275828142,57.89308591127126,72.0843741189705,93.40198656619589,93.40198656619589,93.40198656619589
481,train/val,0.8380716800689697,0.7344228088855743,0.25912217758595946,76.92743812004936,84.26635553455594,95.04090357810138,0.20231839796686307,52.31791443201307,58.61043668815865,93.46884269276572,0.0005390886532564191,7.656450033187866,1:01:42,88.55290684081517,84.26635553455594,86.12483027632007,95.04090357810138,95.04090357810138,95.04090357810138,70.69378277360946,58.61043668815865,72.8613281700215,93.46884269276572,93.46884269276572,93.4688426927657
482,train/val,0.8284240305423737,0.7167126029729843,0.27927856966853143,77.28648885388284,84.9349861199865,95.00989171120999,0.2013538761775549,52.629481819729726,58.81014938775691,93.44593596746435,0.0005380927267598414,7.908392429351807,1:01:50,88.42317301956038,84.9349861199865,86.57522889234156,95.00989171120999,95.00989171120999,95.00989171120999,67.39113788106734,58.81014938775691,73.1608052366652,93.44593596746435,93.44593596746435,93.44593596746435
483,train/val,0.82962566614151,0.72322898209095,0.26599170863628385,77.7251249241128,85.46885283453463,95.19319531987155,0.20353607796579126,52.5013522064112,58.685833875079965,93.38231973616601,0.0005370965954092131,7.699439764022827,1:01:58,88.15984340715086,85.46885283453463,86.71735383463319,95.19319531987155,95.19319531987155,95.19319531987155,71.42637395249118,58.685833875079965,73.12804017098964,93.38231973616601,93.38231973616601,93.38231973616601
484,train/val,0.8393067061901093,0.7333717331290245,0.2648374367505312,77.53459779790307,85.3447178612059,94.83260856732043,0.2051931189177069,51.906316104957426,58.16459673806934,93.43031345875796,0.0005361002587400736,7.626481056213379,1:02:05,88.29917928791325,85.3447178612059,86.7355898126028,94.83260856732043,94.83260856732043,94.83260856732043,67.09833367276708,58.16459673806934,72.52095208615222,93.43031345875796,93.43031345875796,93.43031345875796
485,train/val,0.807344277203083,0.7041129499673844,0.258078321069479,77.71519072270901,84.55497219945248,95.49941474247149,0.20124095140315204,52.300602752335614,58.3337227469068,93.45890664408209,0.0005351037162859478,7.9852519035339355,1:02:13,88.24656073779626,84.55497219945248,86.26706055242366,95.49941474247149,95.49941474247149,95.49941474247149,70.78747801136728,58.3337227469068,72.76863770049265,93.45890664408209,93.45890664408209,93.45890664408209
486,train/val,0.8302582576870918,0.7300617337226868,0.250491301715374,76.31348506110974,84.32317272629865,95.18975108793074,0.20332736602922097,52.22809150558696,58.40406597208128,93.42601394020417,0.0005341069675783329,7.620042324066162,1:02:21,87.63811958566379,84.32317272629865,85.8916151331249,95.18975108793074,95.18975108793074,95.18975108793074,67.17031537815706,58.40406597208128,72.77722580188694,93.42601394020417,93.42601394020417,93.42601394020419
487,train/val,0.8191799148917198,0.7195548638701439,0.24906262382864952,79.51175630866169,87.05333202246051,95.26723355170358,0.20188494451769498,52.302269731165076,58.153132112302295,93.5371856205903,0.0005331100121466858,7.746178150177002,1:02:29,88.99287386801123,87.05333202246051,87.9857156585366,95.26723355170358,95.26723355170358,95.26723355170358,67.7626980135036,58.153132112302295,72.80519659681177,93.5371856205903,93.5371856205903,93.5371856205903
488,train/val,0.8285201340913773,0.7190877243876457,0.27358103469014167,76.7108515691505,83.46978521361606,95.23198259285344,0.19918171671239226,52.82635477097885,58.935651713508804,93.52924121985608,0.0005321128495184093,7.964287996292114,1:02:36,89.05790240505522,83.46978521361606,85.81982959603769,95.23198259285344,95.23198259285344,95.23198259285344,71.17055374833208,58.935651713508804,73.43985979009229,93.52924121985608,93.52924121985608,93.52924121985608
489,train/val,0.8276600077748298,0.7237068489193916,0.25988288074731825,79.11571013675571,86.73626773076668,95.3937659988104,0.19997992731622277,52.59421972187116,58.744212010632324,93.46536979132745,0.0005311154792188394,7.826264381408691,1:02:44,88.81730430736532,86.73626773076668,87.70507828586969,95.3937659988104,95.3937659988104,95.39376599881041,67.85673130461673,58.744212010632324,73.30871553712143,93.46536979132745,93.46536979132745,93.46536979132745
490,train/val,0.8336838707327843,0.7245479539036751,0.27283979542553427,77.2167712690574,85.40334119385884,95.03600249964705,0.20106850950296234,52.49553725370926,58.56522411509568,93.42514294096166,0.0005301179007712323,8.005077600479126,1:02:52,87.71575476072563,85.40334119385884,86.48226539685207,95.03600249964705,95.03600249964705,95.03600249964705,67.00677445640562,58.56522411509568,73.01591706851784,93.42514294096166,93.42514294096166,93.42514294096166
491,train/val,0.812643900513649,0.713085575401783,0.24889580979943277,76.88123045704792,85.2727952056592,95.27862942135067,0.20159182960790223,52.46001989241561,58.305173560303835,93.52447568896872,0.0005291201136967499,7.948803186416626,1:03:00,87.11514314787199,85.2727952056592,86.14662197345439,95.27862942135067,95.27862942135067,95.27862942135067,67.36626548809558,58.305173560303835,73.02174492326667,93.52447568896872,93.52447568896872,93.52447568896872
492,train/val,0.8112847790122032,0.7094566613435745,0.25457028299570084,78.06819930282195,84.97767841614608,95.49175702853758,0.19993778141562507,52.20108798593011,57.98036155017691,93.535321571256,0.0005281221175144474,8.020530939102173,1:03:08,89.22589070519147,84.97767841614608,86.92918517944483,95.49175702853758,95.49175702853758,95.49175702853758,71.64241393160631,57.98036155017691,72.7946536244093,93.535321571256,93.535321571256,93.535321571256
493,train/val,0.8394609451293945,0.7222288936376572,0.2930801223963499,79.80097222763025,87.15409626858658,95.1395485985495,0.2029014133328847,52.51801469573418,58.355419205713254,93.41075203627972,0.0005271239117412582,7.968172788619995,1:03:16,89.55525880056922,87.15409626858658,88.30872392497436,95.1395485985495,95.1395485985495,95.1395485985495,68.40751098391425,58.355419205713254,73.18363340334373,93.41075203627972,93.41075203627972,93.41075203627972
494,train/val,0.852137379348278,0.7411052614450455,0.2775802969932556,76.38056640130792,84.62338960526759,95.05186843279562,0.20029196270816743,52.1408596518423,57.80750807431383,93.50747178655925,0.0005261254958919809,7.9213643074035645,1:03:24,86.94492295403919,84.62338960526759,85.71625836818386,95.05186843279562,95.05186843279562,95.05186843279562,75.225304109659,57.80750807431383,72.5207462927455,93.50747178655925,93.50747178655925,93.50747178655925
495,train/val,0.8461146533489228,0.7377618908882141,0.2708819068968296,79.01280053582872,86.43858060832486,95.09668772848815,0.20046030554618754,52.86097576604959,58.92390321701103,93.52187378677294,0.0005251268694792654,8.012377500534058,1:03:32,89.12890026032161,86.43858060832486,87.71223620869665,95.09668772848815,95.09668772848815,95.09668772848815,71.87481390420875,58.92390321701103,73.53104971904334,93.52187378677294,93.52187378677294,93.52187378677294
496,train/val,0.8049330800771713,0.7043013706803322,0.25157926641404627,77.80416041092447,85.63235213143531,95.38186092905899,0.20352895298741366,52.31011054667236,58.12219481069755,93.4652865748393,0.0005241280320135987,7.944354057312012,1:03:40,88.01296633418531,85.63235213143531,86.72378752681385,95.38186092905899,95.38186092905899,95.38186092905899,68.89200452526607,58.12219481069755,72.93602991682152,93.4652865748393,93.4652865748393,93.4652865748393
497,train/val,0.8097896873950958,0.7108047887682915,0.2474622443318367,79.22576817333866,86.74650460058022,95.37312204426918,0.20215315385947807,52.061330088586686,58.01265938305181,93.4279390149631,0.0005231289830032905,8.022400140762329,1:03:48,89.08847402998431,86.74650460058022,87.86151429466666,95.37312204426918,95.37312204426918,95.37312204426918,67.15491920133448,58.01265938305181,72.53225544458502,93.4279390149631,93.4279390149631,93.4279390149631
498,train/val,0.8265053659677506,0.7170835852622985,0.2735544487833977,78.21898373723418,85.67997473681878,95.10614829241413,0.20338315856703482,52.6202079423058,58.60344921750323,93.4885317138591,0.0005221297219544588,7.99800705909729,1:03:56,88.78274122839986,85.67997473681878,87.15939994209548,95.10614829241413,95.10614829241413,95.10614829241413,68.32681724545077,58.60344921750323,73.3537528530499,93.4885317138591,93.4885317138591,93.4885317138591
499,train/val,0.852485403418541,0.7462404668331146,0.26561234295368197,73.79617212184145,80.97785929058551,95.09437664117003,0.20604883276496935,51.83756998870721,57.584957284218405,93.39818634657094,0.0005211302483710159,8.072967290878296,1:04:04,87.32053710486865,80.97785929058551,83.52540530389584,95.09437664117003,95.09437664117003,95.09437664117003,67.25614636374613,57.584957284218405,72.33049231518001,93.39818634657094,93.39818634657094,93.39818634657094
500,train/val,0.8088005900382995,0.7093994736671447,0.24850280210375786,78.64257716097323,86.37674562466039,95.39229101667702,0.20169485443744156,52.67998084890787,58.85949293855588,93.51643142844874,0.0005201305617546538,8.006258487701416,1:04:12,88.73441965865581,86.37674562466039,87.48858039900563,95.39229101667702,95.39229101667702,95.39229101667702,66.72089181616089,58.85949293855588,73.17095916701076,93.51643142844874,93.51643142844874,93.51643142844874
501,train/val,0.8161941409111023,0.7109683156013489,0.2630645576864481,78.57743512417778,85.72830715280979,95.46101739819701,0.20003259446812016,52.487693419092594,58.16396305581401,93.5522478049432,0.000519130661604829,7.992188930511475,1:04:20,89.13718520654315,85.72830715280979,87.33574977080642,95.46101739819701,95.46101739819701,95.46101739819701,71.74039705725583,58.16396305581401,72.99248618814809,93.5522478049432,93.5522478049432,93.5522478049432
502,train/val,0.8055698856711387,0.7051622971892357,0.25101896934211254,80.26400146656151,87.51654372352907,95.49645132124154,0.20518826483927513,52.36103305316103,58.55502811943188,93.37805350420749,0.0005181305474187479,8.028018236160278,1:04:28,89.63933002655982,87.51654372352907,88.51772752151025,95.49645132124154,95.49645132124154,95.49645132124154,71.4163562452881,58.55502811943188,68.76246334947523,93.37805350420749,93.37805350420749,93.37805350420749
503,train/val,0.8409141004085541,0.7377791479229927,0.25783738009631635,76.87185111052767,84.72827012617951,95.21517846482193,0.197412997499719,52.689040883047596,58.450234715987584,93.56039192524895,0.0005171302186913519,7.99776816368103,1:04:36,87.11691584110149,84.72827012617951,85.84807626319991,95.21517846482193,95.21517846482193,95.21517846482193,67.73286636292922,58.450234715987584,73.24631809616328,93.56039192524895,93.56039192524895,93.56039192524895
504,train/val,0.8214402616024017,0.7205076426267624,0.2523315414786339,75.38272260944657,83.22696918056735,95.3437112602314,0.20176489974923542,52.62124125562332,58.17647294393894,93.47071783763175,0.0005161296749153024,8.015058517456055,1:04:44,87.09502921050726,83.22696918056735,84.99339093701953,95.3437112602314,95.3437112602314,95.3437112602314,72.50305113777044,58.17647294393894,73.24877406968366,93.47071783763175,93.47071783763175,93.47071783763175
505,train/val,0.8261695250868797,0.7231339335441589,0.25758897662162783,78.20152373907202,86.02248278190918,95.34848911263552,0.2010070229202896,52.44198052436067,58.29632131583345,93.47898400878677,0.0005151289155809656,7.895259141921997,1:04:52,88.28040420145959,86.02248278190918,87.04498253799552,95.34848911263552,95.34848911263552,95.34848911263552,75.57992539913798,58.29632131583345,73.1287905044524,93.47898400878677,93.47898400878677,93.47898400878677
506,train/val,0.8121981799602509,0.7093466356396675,0.25712886787950995,78.37730396643907,86.10137557577391,95.06581255480975,0.20124022390900964,52.979597016764224,58.925131784650816,93.55248635887588,0.0005141279401763969,7.917110204696655,1:05:00,88.55385982415778,86.10137557577391,87.26462091992796,95.06581255480975,95.06581255480975,95.06581255480975,72.26653787936334,58.925131784650816,73.62272835254106,93.55248635887588,93.55248635887588,93.55248635887588
507,train/val,0.8121806368231773,0.7136924296617508,0.24622051566839218,79.6509662342317,86.42740167398767,95.41424213726974,0.2013843227934427,52.53205817368206,58.44537992420384,93.52177392698718,0.0005131267481873251,8.009616374969482,1:05:08,89.96876526514367,86.42740167398767,88.05281148835815,95.41424213726974,95.41424213726974,95.41424213726974,71.44491729106926,58.44537992420384,73.11291955912007,93.52177392698718,93.52177392698718,93.52177392698718
508,train/val,0.8111222252249718,0.7099585324525833,0.2529092364013195,78.36803410196327,86.09361112937368,95.29727661866112,0.2010047821429788,52.485515838083664,58.5062276386915,93.51312495998674,0.0005121253390971378,8.029181957244873,1:05:16,88.20459368623403,86.09361112937368,87.08802310789734,95.29727661866112,95.29727661866112,95.29727661866112,74.79174647096393,58.5062276386915,73.04230393763459,93.51312495998674,93.51312495998674,93.51312495998674
509,train/val,0.8078833729028702,0.7103599771857262,0.24380848929286003,78.23147087220296,85.64597973525224,95.48072585146967,0.19980293863182053,52.71457031243967,58.61871282292381,93.50800437208333,0.0005111237123868648,7.717735290527344,1:05:24,88.81608446563219,85.64597973525224,87.13717424467782,95.48072585146967,95.48072585146967,95.48072585146967,76.40478797036559,58.61871282292381,73.40448430945045,93.50800437208333,93.50800437208333,93.50800437208333
510,train/val,0.832188731431961,0.7219282165169716,0.2756512926891446,77.36001820470608,84.81913325381694,95.14060859990818,0.2002923974276341,52.561875781318136,58.410564865555656,93.50545239978044,0.0005101218675351622,7.889707803726196,1:05:32,88.70221351082141,84.81913325381694,86.6516053640319,95.14060859990818,95.14060859990818,95.14060859990818,76.23481748950447,58.410564865555656,73.23994748788476,93.50545239978044,93.50545239978044,93.50545239978045
511,train/val,0.8382118731737137,0.7315720736980438,0.26659949161112306,77.078806424107,84.56414018273236,95.24834020708562,0.19890394354234228,53.01493280350185,58.79738739767358,93.5625888405358,0.0005091198040182962,7.895994424819946,1:05:40,88.48590442795731,84.56414018273236,86.41738724233434,95.24834020708562,95.24834020708562,95.24834020708562,72.09682474139073,58.79738739767358,73.69317252029413,93.5625888405358,93.5625888405358,93.5625888405358
512,train/val,0.8101667255163193,0.7103820905089379,0.2494615748524666,79.60949350847436,87.09572718694793,95.40871291788113,0.19766602958434917,53.068423934524255,59.04346223574992,93.585234820841,0.0005081175213101281,7.857414245605469,1:05:47,89.18395819773201,87.09572718694793,88.04190960957365,95.40871291788113,95.40871291788113,95.40871291788113,67.31581891926147,59.04346223574992,73.60676999409573,93.585234820841,93.585234820841,93.585234820841
513,train/val,0.8136422857642174,0.715969355404377,0.24418232962489128,79.65928861341442,86.92616433721207,95.46453836593976,0.199382644439968,52.540870836618225,58.447600832209936,93.54662791811099,0.0005071150188820962,7.840637683868408,1:05:55,89.5287215691487,86.92616433721207,88.10885935593976,95.46453836593976,95.46453836593976,95.46453836593976,71.64059654254154,58.447600832209936,73.23151803845906,93.54662791811099,93.54662791811099,93.54662791811099
514,train/val,0.8593225285410881,0.7425007820129395,0.2920543748885393,79.54838010712656,86.5971829992095,94.95720211898137,0.19915009271322312,52.281192503137206,58.34448620215734,93.51927743234305,0.0005061122962032005,7.932833909988403,1:06:03,89.80352518833939,86.5971829992095,88.1027409036793,94.95720211898137,94.95720211898137,94.95720211898137,66.9460414236297,58.34448620215734,72.80618954724099,93.51927743234305,93.51927743234305,93.51927743234305
515,train/val,0.8403527945280075,0.7375900968909264,0.256906745582819,76.59905672629264,84.64935941084897,94.98950830304027,0.20252713352478027,52.077585812389216,58.01167062787184,93.54418135335973,0.0005051093527399859,7.715442895889282,1:06:11,87.51584464422368,84.64935941084897,85.93962475298306,94.98950830304027,94.98950830304027,94.98950830304027,66.88698635108467,58.01167062787184,72.53928861910438,93.54418135335973,93.54418135335973,93.54418135335973
516,train/val,0.8232207745313644,0.7222144335508347,0.2525158617645502,78.59066960278886,86.12492744198089,95.19921423839432,0.20147032465012737,52.51953823131015,58.23314815716131,93.51404034135625,0.0005041061879565245,7.964001178741455,1:06:19,88.85199901294256,86.12492744198089,87.38313871856825,95.19921423839432,95.19921423839432,95.19921423839432,68.59657263771591,58.23314815716131,73.06100064682188,93.51404034135625,93.51404034135625,93.51404034135625
517,train/val,0.8596797347068786,0.7488430112600326,0.2770918145775795,77.31890527399997,85.24859294250973,95.16044466397999,0.20039960128518713,52.20745748368455,58.03976185789349,93.55724634199736,0.0005031744791579133,7.990957260131836,1:06:27,87.76199652294639,85.24859294250973,86.3755973474224,95.16044466397999,95.16044466397999,95.16044466397999,75.81507346944396,58.03976185789349,72.8005882720189,93.55724634199736,93.55724634199736,93.55724634199736
518,train/val,0.8229226410388947,0.7179679214954376,0.2623867940157652,79.02222758645004,86.42379161399248,95.35935331202238,0.20151227031105048,52.1915927948307,58.082247954606736,93.47989384239041,0.0005021708860198813,8.148268699645996,1:06:35,89.07037382288256,86.42379161399248,87.61220595891129,95.35935331202238,95.35935331202238,95.35935331202238,67.41815181740486,58.082247954606736,72.73997816068012,93.47989384239041,93.47989384239041,93.47989384239041
519,train/val,0.8454066827893257,0.7341736629605293,0.2780825436115265,74.82990500775757,81.81819744592423,95.23591490954128,0.20136452182016762,52.382184789082984,58.366408918598154,93.52777106189897,0.0005011670699777195,7.9809277057647705,1:06:43,87.86723539562334,81.81819744592423,84.24896626581392,95.23591490954128,95.23591490954128,95.23591490954128,67.8507992308526,58.366408918598154,73.27137028223981,93.52777106189897,93.52777106189897,93.52777106189897
520,train/val,0.8214957028627395,0.7159744083881379,0.26380322873592377,75.59795707653893,82.87537919033457,95.24586922902057,0.19846842073316057,52.42146784635815,58.15702108877924,93.51875039458484,0.0005001630304856234,7.9176671504974365,1:06:51,89.08399269797701,82.87537919033457,88.25085779110611,95.24586922902057,95.24586922902057,95.24586922902057,71.84298395245273,58.15702108877924,73.07208790005286,93.51875039458484,93.51875039458484,93.51875039458484
521,train/val,0.8202627241611481,0.7195603162050247,0.25175603702664373,75.10880496023807,82.62815165625483,95.36234274962673,0.20215519786446798,52.06282658266775,57.845847513926785,93.46573594387525,0.0004991587669952313,7.967263221740723,1:06:59,87.32264511292925,82.62815165625483,84.67587322253898,95.36234274962673,95.36234274962673,95.36234274962673,67.61758549896173,57.845847513926785,72.56872228510572,93.46573594387525,93.46573594387525,93.46573594387525
522,train/val,0.8036787196993828,0.7054598554968834,0.2455471634864807,79.3844740121053,86.94807435873176,95.4932027066527,0.20005320766899298,52.63847398448932,58.46420303255451,93.4993276662535,0.0004981542789556063,7.749296426773071,1:07:07,89.09815715440041,86.94807435873176,87.96508977057141,95.4932027066527,95.4932027066527,95.4932027066527,68.93043823565704,58.46420303255451,73.33746116561962,93.4993276662535,93.4993276662535,93.4993276662535
523,train/val,0.8299842521548271,0.7263663247227669,0.2590448047965765,77.76067734264257,85.52317233496673,95.24332190285082,0.2016082783003049,52.54164342028924,58.37046157285643,93.47478989778463,0.0004971495658132194,7.876104116439819,1:07:15,88.22447967117327,85.52317233496673,86.81271479314138,95.24332190285082,95.24332190285082,95.24332190285082,72.09155662574062,58.37046157285643,73.06562062810707,93.47478989778463,93.47478989778463,93.47478989778463
524,train/val,0.8141527578234673,0.7166922271251679,0.24365132637321948,79.28905214152434,86.72188225594768,95.47646714125372,0.20230615040685374,52.33717629652656,58.31277194119494,93.4701353222148,0.0004961446270119303,7.870036840438843,1:07:22,89.18698086900028,86.72188225594768,87.87209764025764,95.47646714125372,95.47646714125372,95.47646714125372,71.97569082474404,58.31277194119494,72.9553261768106,93.4701353222148,93.4701353222148,93.4701353222148
525,train/val,0.8264897540211678,0.7167146414518356,0.2744377750903368,78.13534708716973,85.49513224493882,95.06137485814264,0.20206364802519783,52.38971880462952,58.145849006092746,93.50361608927554,0.0004951394619929699,7.825293064117432,1:07:30,88.86999932548306,85.49513224493882,87.05986584470182,95.06137485814264,95.06137485814264,95.06137485814264,67.75062047117926,58.145849006092746,72.90882457081868,93.50361608927554,93.50361608927554,93.50361608927554
526,train/val,0.8075509831309319,0.7006767019629478,0.267185702547431,77.5395859299878,85.07272208351193,95.24455716275605,0.20074904097158244,52.39063773820707,58.30586679312786,93.51303064796684,0.0004941340701949216,7.958566904067993,1:07:38,88.32600486258198,85.07272208351193,86.62003759133788,95.24455716275605,95.24455716275605,95.24455716275605,67.86214300834314,58.30586679312786,73.04715884483036,93.51303064796684,93.51303064796684,93.51303064796684
527,train/val,0.8103900730609894,0.7095480784773827,0.2521049823611975,76.40849428354039,84.19231985397097,95.31309524697569,0.2014271974884404,52.63039769578949,58.58704515291176,93.49133333562641,0.0004931284510537032,8.074262619018555,1:07:46,87.27541484551887,84.19231985397097,85.57301111995326,95.31309524697569,95.31309524697569,95.31309524697569,67.62249217790068,58.58704515291176,73.17693829601262,93.49133333562641,93.49133333562641,93.49133333562641
528,train/val,0.8056987270712852,0.7046310529112816,0.2526691840961576,78.74547216634873,85.67009195323966,95.51881302404234,0.20258524962297383,52.822212729180876,58.64879854105306,93.48823213450181,0.0004921226040025469,8.002133131027222,1:07:54,89.49678155698354,85.67009195323966,87.46291831142452,95.51881302404234,95.51881302404234,95.51881302404234,71.89564819036629,58.64879854105306,73.58557940412416,93.48823213450181,93.48823213450181,93.48823213450181
529,train/val,0.8040241718292236,0.7101107135415077,0.23478366024792194,79.82268934135175,86.73519423084534,95.68113342995188,0.20196221167705966,52.69630071690949,58.332881404937375,93.49771326638363,0.0004911165284719824,7.751030445098877,1:08:02,89.81836118297905,86.73519423084534,88.18612362133574,95.68113342995188,95.68113342995188,95.68113342995188,69.1130462200685,58.332881404937375,73.29727296580151,93.49771326638363,93.49771326638363,93.49771326638363
530,train/val,0.8167079523205757,0.7134007066488266,0.25826811268925665,76.52003327266388,84.61955112028281,95.17077256991453,0.20314554797128187,52.59779032343156,58.54144602146746,93.4603268721463,0.0004901102238898162,7.977227210998535,1:08:10,87.16335293078883,84.61955112028281,85.80356682852688,95.17077256991453,95.17077256991453,95.17077256991453,67.48215074760601,58.54144602146746,73.19812936840968,93.4603268721463,93.4603268721463,93.4603268721463
531,train/val,0.8216473087668419,0.7176823258399964,0.25991245806217195,77.89389390563562,86.33366988452732,95.37454343059731,0.2003352771069527,52.43832284045479,58.34628714709195,93.4629454176397,0.0004891036896811132,7.95861291885376,1:08:18,87.77528795075933,86.33366988452732,86.97383705974445,95.37454343059731,95.37454343059731,95.37454343059731,71.23667249684661,58.34628714709195,72.96575145034669,93.4629454176397,93.4629454176397,93.4629454176397
532,train/val,0.8347487702965737,0.7323481306433678,0.25600160099565983,76.57278665406947,84.42926829795138,95.21983188738804,0.19973160021381645,52.262432105566745,58.04766736039703,93.49238741114281,0.00048809692526817624,7.881980657577515,1:08:26,87.12051301988447,84.42926829795138,85.69238236669685,95.21983188738804,95.21983188738804,95.21983188738804,70.87929513042617,58.04766736039703,72.68392813656513,93.49238741114281,93.49238741114281,93.49238741114281
533,train/val,0.8223979711532593,0.717674408853054,0.26180891022086145,77.55569643887799,84.6176178659638,95.33694017167801,0.20192330710201686,52.37487995656077,58.094006605786234,93.47349172056968,0.00048708993007052804,7.979774713516235,1:08:34,88.98476397616122,84.6176178659638,86.63245524295725,95.33694017167801,95.33694017167801,95.33694017167801,71.82654345828372,58.094006605786234,73.04223973844974,93.47349172056968,93.47349172056968,93.47349172056968
534,train/val,0.8082307517528534,0.7079852163791657,0.2506138376891613,79.66746802727539,86.75792516699391,95.43638665865541,0.20544848279768174,52.41461136404148,58.47428388095403,93.35815366801081,0.00048608270350488975,8.061889410018921,1:08:42,89.59903532547585,86.75792516699391,88.09728487483198,95.43638665865541,95.43638665865541,95.43638665865541,75.9946135987925,58.47428388095403,73.09740788566096,93.35815366801081,93.35815366801081,93.35815366801081
535,train/val,0.806880284845829,0.7043715134263039,0.256271924264729,79.52144810207572,86.69038147369828,95.35518779286517,0.2003799803975934,52.21865598924859,58.24513627549956,93.50114733346079,0.0004850752449851623,8.096879243850708,1:08:50,89.52483713978285,86.69038147369828,88.04095290961307,95.35518779286517,95.35518779286517,95.35518779286517,67.62932771689731,58.24513627549956,72.81803177456543,93.50114733346079,93.50114733346079,93.50114733346079
536,train/val,0.8280489519238472,0.7211766809225082,0.2671806823462248,77.87724873099047,85.97862527627346,95.14278277346743,0.20310492597262322,52.44667689368405,58.49840735277174,93.48353317680497,0.0004840675539224054,8.075507879257202,1:08:58,88.23129251896162,85.97862527627346,87.04682398785933,95.14278277346743,95.14278277346743,95.14278277346743,72.00623262388788,58.49840735277174,68.83364660850906,93.48353317680497,93.48353317680497,93.48353317680497
537,train/val,0.8147151678800583,0.7152717411518097,0.24860856868326664,77.8794483217338,85.11705993556544,95.35220206749993,0.2019502029310345,52.80901471210473,58.814838928532275,93.54059194883806,0.0004830596297248177,7.921048402786255,1:09:06,88.65688057595973,85.11705993556544,86.78401403530103,95.35220206749993,95.35220206749993,95.35220206749993,76.81461072086095,58.814838928532275,69.13871608934332,93.54059194883806,93.54059194883806,93.54059194883806
538,train/val,0.8273291006684304,0.7183261901140213,0.2725072856992483,77.53938414320596,85.47942019067136,95.1306652794501,0.2022861994705323,52.82929847093874,59.16331009543679,93.55519921638916,0.0004820514717977153,7.984760999679565,1:09:14,87.93947921358311,85.47942019067136,86.63502976719609,95.1306652794501,95.1306652794501,95.1306652794501,76.17999651696977,59.16331009543679,73.71418965368966,93.55519921638916,93.55519921638916,93.55519921638916
539,train/val,0.8076030284166336,0.7048620477318763,0.2568524558097124,78.58359841188975,85.70442423210287,95.4191428912142,0.20098423200460086,52.33988521313244,58.06493947555333,93.47413526141128,0.00048104307954351236,7.933351039886475,1:09:22,89.27901085164886,85.70442423210287,87.39494911712437,95.4191428912142,95.4191428912142,95.4191428912142,68.65542381019061,58.06493947555333,72.98087211853725,93.47413526141128,93.47413526141128,93.47413526141128
540,train/val,0.7967837959527969,0.7019225850701332,0.23715302105993033,78.848990724684,86.09542656932486,95.66102163036275,0.19915458987093623,52.60714205677747,58.75168382545788,93.5363090735819,0.0004800344523616989,7.890350818634033,1:09:30,89.19692337659839,86.09542656932486,87.57207576993972,95.66102163036275,95.66102163036275,95.66102163036275,68.12422837830044,58.75168382545788,73.50322943989372,93.5363090735819,93.5363090735819,93.5363090735819
541,train/val,0.8278637692332268,0.724384842813015,0.2586973149329424,79.88616336498077,86.84113682309716,95.34271325130675,0.19947997934213094,52.79914456339798,58.70455449529237,93.63709533624842,0.0004790255896488201,7.712422847747803,1:09:38,89.8524145297755,86.84113682309716,88.28509972826734,95.34271325130675,95.34271325130675,95.34271325130675,72.29251248942754,58.70455449529237,73.53019348902701,93.63709533624842,93.63709533624842,93.63709533624842
542,train/val,0.8339292034506798,0.7308178231120109,0.2577784571796656,78.28565731474946,86.08824700694159,95.07402401215388,0.20151871503797944,52.7702359597093,58.7096471427714,93.53666967836384,0.00047801649079845515,7.833199977874756,1:09:45,88.56729172450277,86.08824700694159,87.25880516706255,95.07402401215388,95.07402401215388,95.07402401215388,68.504604423713,58.7096471427714,73.50901951824191,93.53666967836384,93.53666967836384,93.53666967836384
543,train/val,0.8322525009512901,0.731044813990593,0.25301921293139457,75.98830735489565,83.9237846315414,95.08741909013081,0.20024542952162613,52.5481513747997,58.31164058224619,93.55168193282388,0.0004770071552011956,8.018340110778809,1:09:53,87.81501201475331,83.9237846315414,85.69244943928108,95.08741909013081,95.08741909013081,95.08741909013081,67.80432455200386,58.31164058224619,73.13607561485254,93.55168193282388,93.55168193282388,93.55168193282388
544,train/val,0.8296715840697289,0.7194934502243996,0.27544533014297484,77.90962897635356,85.13639755066235,95.12146654577724,0.20103913668316498,52.25925361112221,58.07656157047403,93.4587624021693,0.0004759975822446232,8.098122358322144,1:10:01,88.53249239558117,85.13639755066235,86.71572821089008,95.12146654577724,95.12146654577724,95.12146654577724,71.89734639921093,58.07656157047403,72.91359497565651,93.4587624021693,93.4587624021693,93.4587624021693
545,train/val,0.8296483516693115,0.7280542805790902,0.2539851665496826,78.69939606536039,86.37299603495006,95.29591144594568,0.20049166949383126,52.413126072338514,58.36145591936931,93.53235351651243,0.0004749877713132885,7.922975301742554,1:10:09,88.85163497217462,86.37299603495006,87.52895789245262,95.29591144594568,95.29591144594568,95.29591144594568,76.6973186169953,58.36145591936931,73.05525666354646,93.53235351651243,93.53235351651243,93.53235351651243
546,train/val,0.834193529188633,0.7299374252557754,0.2606402594596148,79.28736035136525,86.35450077425816,95.15914450407114,0.19956743770406762,52.54095319747542,58.50006373315969,93.60756457849129,0.000473977721788688,8.05182409286499,1:10:17,89.54615205169347,86.35450077425816,87.8718173456572,95.15914450407114,95.15914450407114,95.15914450407114,71.45024982180823,58.50006373315969,73.20044888554344,93.60756457849129,93.60756457849129,93.60756457849129
547,train/val,0.8340553283691406,0.7291291698813438,0.26231539621949196,79.47350237567319,86.91747968761057,95.17459653447733,0.20069750721091673,52.520948943003596,58.31055026752738,93.52705540010099,0.000472967433049242,8.051862239837646,1:10:25,89.06833991831,86.91747968761057,87.92702423205418,95.17459653447733,95.17459653447733,95.17459653447733,72.67729392017972,58.31055026752738,73.18363871328184,93.52705540010099,93.52705540010099,93.52705540010099
548,train/val,0.8406258508563041,0.7249926432967186,0.2890830211341381,78.89613326120029,86.00821235118194,95.09086322965133,0.19860149690026904,52.81401356532872,58.68548550064252,93.59266327934877,0.00047195690447027216,7.815197944641113,1:10:33,89.1878536481357,86.00821235118194,87.50682442356677,95.09086322965133,95.09086322965133,95.09086322965133,76.00023719059732,58.68548550064252,73.55299381228517,93.59266327934877,93.59266327934877,93.59266327934877
549,train/val,0.8286792635917664,0.7288896694779397,0.24947398193180562,73.77875727193822,80.1866120384157,95.54630873187577,0.19838498905238555,52.79769337836836,58.745592238059295,93.58385897490379,0.00047094613542397854,7.7927281856536865,1:10:41,88.63715722425539,80.1866120384157,86.49009527603779,95.54630873187577,95.54630873187577,95.54630873187577,68.68118346936015,58.745592238059295,73.49027585177419,93.58385897490379,93.58385897490379,93.58385897490378
550,train/val,0.8196172475814819,0.7222099483013154,0.24351825155317783,75.15162426359323,81.83252557472701,95.45971869534021,0.19830288926883996,52.97825669297631,58.87229936966746,93.54684982874602,0.0004699351252794164,8.142285585403442,1:10:49,88.54659513792772,81.83252557472701,84.33304167358338,95.45971869534021,95.45971869534021,95.45971869534021,71.93476944882126,58.87229936966746,73.65491081813656,93.54684982874602,93.54684982874602,93.54684982874602
551,train/val,0.8264239996671676,0.7164284959435463,0.27498874738812445,78.53661346545533,86.24067086398499,95.15276889384856,0.20174025748339525,52.29109962390005,58.33765125829471,93.4778300734846,0.00046892387340247317,8.018079996109009,1:10:57,88.41854873873498,86.24067086398499,87.25318309705251,95.15276889384856,95.15276889384856,95.15276889384856,71.40735602128309,58.33765125829471,72.9521016127953,93.4778300734846,93.4778300734846,93.4778300734846
552,train/val,0.8020711585879325,0.7056046321988105,0.2411663096398115,76.46696948258777,84.11648012657827,95.46848615529294,0.19809146932905153,53.057426694126,58.99001545635825,93.5779561520119,0.0004679123791558445,7.975278377532959,1:11:05,87.79996397800997,84.11648012657827,85.69816558919125,95.46848615529294,95.46848615529294,95.46848615529295,68.2365028171773,58.99001545635825,73.89434290889079,93.5779561520119,93.5779561520119,93.5779561520119
553,train/val,0.8013925358653069,0.7076981663703918,0.23423590883612633,77.22199454331168,84.6762354305589,95.59601768399429,0.19859179697837048,52.88309895980372,58.59337588902751,93.5964690467396,0.0004669006418990105,8.119229793548584,1:11:13,88.45656652316303,84.6762354305589,86.4143525710855,95.59601768399429,95.59601768399429,95.59601768399429,72.43482076241992,58.59337588902751,73.51268728148239,93.5964690467396,93.5964690467396,93.5964690467396
554,train/val,0.7929618835449219,0.6936096414923668,0.24838061071932316,78.97791274096544,86.03267346536327,95.54574728374853,0.19907833409529585,52.59915842657519,58.21203314414408,93.58168425068047,0.0004658886609882125,8.095499277114868,1:11:21,89.37707711098486,86.03267346536327,87.53861153150898,95.54574728374853,95.54574728374853,95.54574728374853,76.0398473367962,58.21203314414408,73.17831556777237,93.58168425068047,93.58168425068047,93.58168425068047
555,train/val,0.8107633545994759,0.710382142663002,0.25095302388072016,78.58507311659181,86.32239326800789,95.36537267569041,0.19980065212878317,53.04056337553574,59.07053460887216,93.51595432058342,0.00046487643577642756,7.96666407585144,1:11:29,88.23230662253296,86.32239326800789,87.24027779038019,95.36537267569041,95.36537267569041,95.36537267569042,76.10693985439654,59.07053460887216,73.84165282538855,93.51595432058342,93.51595432058342,93.51595432058342
556,train/val,0.8296155601739883,0.72357237637043,0.26510796658694746,77.40254995173376,84.43369145142023,95.11749656954545,0.21466012285028233,51.11321893227927,57.43390572370068,93.04223059244481,0.0004638639656133451,8.140909671783447,1:11:38,88.83365188428681,84.43369145142023,86.38649313843642,95.11749656954545,95.11749656954545,95.11749656954545,65.8881304526057,57.43390572370068,71.73560456931666,93.04223059244481,93.04223059244481,93.04223059244481
557,train/val,0.8245203197002411,0.7161542341113091,0.27091521993279455,79.34995028294185,86.1353842427293,95.20920280401863,0.20150078036781854,52.457769234012986,58.4120100795181,93.51574905324601,0.0004628512498453415,8.145668029785156,1:11:46,89.89936740682334,86.1353842427293,87.91229576892515,95.20920280401863,95.20920280401863,95.20920280401863,68.60417578067978,58.4120100795181,68.83502285583268,93.51574905324601,93.51574905324601,93.51574905324601
558,train/val,0.817345105111599,0.7172267273068428,0.250295951962471,80.62989107199155,87.79283032651165,95.50614179273492,0.19935059092236268,52.68418538441947,58.70463688133506,93.58462456659467,0.0004618382878154556,7.933686256408691,1:11:54,89.80893168213312,87.79283032651165,88.75244790934615,95.50614179273492,95.50614179273492,95.50614179273492,76.33976425119762,58.70463688133506,73.35597862898831,93.58462456659467,93.58462456659467,93.58462456659467
559,train/val,0.8289706781506538,0.7234579935669899,0.26378170885145663,77.8343929613373,85.35100800398858,95.47758425748256,0.2039073595965171,52.35551186111106,58.29391235491577,93.50326658002535,0.00046082507886336315,7.960562705993652,1:12:02,88.26384291096193,85.35100800398858,86.73234769397155,95.47758425748256,95.47758425748256,95.47758425748256,72.07468647401163,58.29391235491577,73.11722854093897,93.50326658002535,93.50326658002535,93.50326658002535
560,train/val,0.8611028000712395,0.7450282528996468,0.29018637500703337,77.99296401180598,85.789518634964,94.74748400944841,0.20207671171357783,52.17698886776414,58.19821072922695,93.50795444219044,0.00045981162232535116,7.929780006408691,1:12:10,88.65421730505062,85.789518634964,87.11094497689942,94.74748400944841,94.74748400944841,94.74748400944841,67.37219131803555,58.19821072922695,72.79230789224738,93.50795444219044,93.50795444219044,93.50795444219044
561,train/val,0.8103111699223519,0.705950802564621,0.26090091057121756,78.79460901684855,86.0845480887077,95.26005268352277,0.20255434813362616,52.18387355237133,58.01916948578142,93.51620397004783,0.0004587979175342931,7.719300270080566,1:12:17,89.12298166014256,86.0845480887077,87.51151588837098,95.26005268352277,95.26005268352277,95.26005268352277,71.28517208596008,58.01916948578142,72.81805535227504,93.51620397004783,93.51620397004783,93.51620397004783
562,train/val,0.7910488352179528,0.6985709279775619,0.23119477406144143,78.24911625284479,85.39046260760891,95.62288060163742,0.20265774245304122,52.779347780789266,58.65320403374314,93.51557152473798,0.0004577839638196213,7.7193098068237305,1:12:25,89.33805922495992,85.39046260760891,86.93258157691083,95.62288060163742,95.62288060163742,95.62288060163742,68.18325007563749,58.65320403374314,73.54395208088805,93.51557152473798,93.51557152473798,93.51557152473798
563,train/val,0.8326729267835618,0.7288178816437721,0.2596376039087772,77.33501485527431,85.19812675204534,95.26038915000842,0.19822663739397248,53.046327237853376,59.06848108683206,93.55412849757514,0.0004567697605073026,7.983342409133911,1:12:33,87.97382126513392,85.19812675204534,86.51452827666128,95.26038915000842,95.26038915000842,95.26038915000842,67.95489165534858,59.06848108683206,73.69855302290446,93.55412849757514,93.55412849757514,93.55412849757514
564,train/val,0.8185320913791656,0.7239995956420898,0.23633123859763144,79.02069420539387,86.98606474172323,95.45061655998478,0.20005327246516474,52.75365467523182,58.50000310471158,93.60400846056487,0.00045575530691980973,8.02548360824585,1:12:41,88.58393123489708,86.98606474172323,87.74814845084515,95.45061655998478,95.45061655998478,95.45061655998478,67.5406631792557,58.50000310471158,73.14211218738416,93.60400846056487,93.60400846056487,93.60400846056487
565,train/val,0.8201281204819679,0.7144086495041847,0.264298677816987,76.94903273868971,84.78527920305572,95.09635675772881,0.19772617993560043,52.53250970324716,58.30417499371122,93.59540387569143,0.000454740602376097,7.977866888046265,1:12:49,88.26481515868055,84.78527920305572,86.43583970485565,95.09635675772881,95.09635675772881,95.09635675772881,71.01714685134044,58.30417499371122,72.96171425230906,93.59540387569143,93.59540387569143,93.59540387569143
566,train/val,0.8103215664625167,0.7109907448291779,0.24832704961299895,78.26512924960352,85.21863971931984,95.2851248785128,0.20293383460668893,52.06687421670064,58.00842264268906,93.44211910454176,0.0004537256461915711,7.777295351028442,1:12:57,89.43576868109406,85.21863971931984,87.10372252274338,95.2851248785128,95.2851248785128,95.2851248785128,71.55741743377894,58.00842264268906,72.71426188507266,93.44211910454176,93.44211910454176,93.44211910454176
567,train/val,0.8160961553454399,0.7151304215192795,0.25241433531045915,77.66974257835261,84.82908400758143,95.49363036050455,0.19904533897445886,52.952082435609746,58.774582957530406,93.65254031644679,0.0004527104376780647,7.877647638320923,1:13:05,88.45889218187722,84.82908400758143,86.48404083970306,95.49363036050455,95.49363036050455,95.49363036050455,68.23733131968531,58.774582957530406,73.50142329698357,93.65254031644679,93.65254031644679,93.65254031644679
568,train/val,0.8042320758104324,0.7059644535183907,0.24566905573010445,76.55978362022088,83.87849251976783,95.54694197460304,0.20333208314718268,52.53263233624722,58.427558571779606,93.41924011806977,0.0004516949761438086,7.998040199279785,1:13:13,87.94336953235096,83.87849251976783,85.63603217436354,95.54694197460304,95.54694197460304,95.54694197460304,68.03373492636494,58.427558571779606,73.15974668399488,93.41924011806977,93.41924011806977,93.41924011806977
569,train/val,0.8464268416166305,0.7380760416388512,0.27087699696421624,77.36090185913437,84.96957360901035,95.05026834457915,0.20138795419628572,52.54315527522545,58.54228558987526,93.53022317441611,0.0004506792608934046,7.943565368652344,1:13:21,88.45295146213049,84.96957360901035,86.56147205242519,95.05026834457915,95.05026834457915,95.05026834457915,67.42770871978412,58.54228558987526,73.16802917230024,93.53022317441611,93.53022317441611,93.53022317441611
570,train/val,0.8130933985114097,0.709205710887909,0.2597192246466875,78.73548202315696,86.3592082981462,95.41727682729612,0.20296643769985134,52.61781627701726,58.366739469277064,93.48721134558066,0.00044966329122779567,7.837557554244995,1:13:28,88.74069482689109,86.3592082981462,87.45990313723414,95.41727682729612,95.41727682729612,95.41727682729612,71.42287091552657,58.366739469277064,73.25264687314743,93.48721134558066,93.48721134558066,93.48721134558066
571,train/val,0.807781957089901,0.7058693096041679,0.25478161349892614,79.25178317058563,86.61825287510129,95.50418145236182,0.20101798387537687,52.723995715451956,58.70292714153378,93.55776783198968,0.0004486470664442388,7.932934045791626,1:13:36,89.01087898484228,86.61825287510129,87.7468446485698,95.50418145236182,95.50418145236182,95.50418145236182,68.25193156192024,58.70292714153378,69.16483189256785,93.55776783198968,93.55776783198968,93.55776783198968
572,train/val,0.8352305665612221,0.7276459813117981,0.26896145977079866,78.37632285557461,86.00169553537711,95.11358408273055,0.20211572648545453,52.417419676798225,58.6742196294755,93.43435223231558,0.00044763058583627654,7.984938144683838,1:13:44,88.62123139347393,86.00169553537711,87.25392956498035,95.11358408273055,95.11358408273055,95.11358408273055,67.8896690686506,58.6742196294755,68.81735277711641,93.43435223231558,93.43435223231558,93.43435223231558
573,train/val,0.8088260889053345,0.7111005440354348,0.24431385323405266,77.75364177152639,84.35676308783982,95.44830690743939,0.20175520849572107,52.48517650660506,58.73575012196166,93.49203790189264,0.00044661384869370646,8.080509901046753,1:13:52,89.11872582802563,84.35676308783982,86.23311717278315,95.44830690743939,95.44830690743939,95.44830690743939,67.065720180672,58.73575012196166,68.70206872572105,93.49203790189264,93.49203790189264,93.49203790189264
574,train/val,0.8123052731156349,0.7119537740945816,0.2508787587285042,79.39992696653177,86.86183089405608,95.57075837240599,0.20124005942641982,52.88156956977325,58.81419773978155,93.49468973398129,0.00044559685430255305,8.18944787979126,1:14:01,89.19510559916021,86.86183089405608,87.95052950377284,95.57075837240599,95.57075837240599,95.57075837240599,68.09000891131622,58.81419773978155,73.60926347201092,93.49468973398129,93.49468973398129,93.49468973398129
575,train/val,0.8306902974843979,0.7228653788566589,0.2695622980594635,75.24385136384988,82.74973988220755,95.1857792960505,0.20194216972270435,52.83940719052536,58.824137853206516,93.5364033856018,0.0004445796019450375,8.044572353363037,1:14:09,86.60066174908569,82.74973988220755,84.50492686381956,95.1857792960505,95.1857792960505,95.1857792960505,75.48432882767901,58.824137853206516,73.63143110689107,93.5364033856018,93.5364033856018,93.5364033856018
576,train/val,0.7779876917600632,0.6838187485933304,0.23542235605418682,80.16452807008552,87.58527382017046,95.71426555577335,0.2021058218813345,52.757414756059326,58.79546440995974,93.5036715669343,0.0004435620908995476,7.952966690063477,1:14:17,89.26694985525812,87.58527382017046,88.39098572417915,95.71426555577335,95.71426555577335,95.71426555577335,71.20153114544708,58.79546440995974,73.52425897954475,93.5036715669343,93.5036715669343,93.5036715669343
577,train/val,0.8057901874184609,0.7111461773514748,0.23661003150045873,76.84866451608751,84.00753157191556,95.5232485889016,0.20280971526424507,52.95949648156828,58.68479416060936,93.49425700824298,0.00044254432044060814,7.963698625564575,1:14:25,87.95224332238224,84.00753157191556,85.78571589341996,95.5232485889016,95.5232485889016,95.5232485889016,67.9115211635025,58.68479416060936,73.72253808608895,93.49425700824298,93.49425700824298,93.49425700824298
578,train/val,0.8218568816781044,0.7164910808205605,0.263414491340518,79.25723915321173,85.9105076414893,95.44635197334294,0.2033839391550303,53.190690909788664,59.30540568204079,93.49175496583297,0.00044152628983884924,7.959553480148315,1:14:32,89.97816790705568,85.9105076414893,87.77251555468538,95.44635197334294,95.44635197334294,95.44635197334294,71.8863392337812,59.30540568204079,69.62624009552734,93.49175496583297,93.49175496583297,93.49175496583297
579,train/val,0.8205602988600731,0.7217787191271782,0.24695394411683083,78.31507126735107,85.811777517514,95.27730045912065,0.204125564280604,52.88321812969542,58.64429346696258,93.5202760302007,0.0004405079983609767,7.915936231613159,1:14:40,88.67747048138327,85.811777517514,87.18709284124213,95.27730045912065,95.27730045912065,95.27730045912065,71.95056788460991,58.64429346696258,69.23834340547359,93.5202760302007,93.5202760302007,93.5202760302007
580,train/val,0.7851350829005241,0.692228165268898,0.23226729556918144,78.44952424580974,85.66945724880274,95.75316994990175,0.20076194516169352,52.70601958835488,58.55763604617439,93.5169695617387,0.00043948944526973964,8.084983587265015,1:14:48,88.947035329978,85.66945724880274,87.22520824149393,95.75316994990175,95.75316994990175,95.75316994990175,67.84382521817584,58.55763604617439,69.11393105022323,93.5169695617387,93.5169695617387,93.5169695617387
581,train/val,0.8064818114042283,0.7119661450386048,0.23628917559981347,80.5410270218286,87.60214762708529,95.66230196042999,0.20288236607561416,52.90397094723175,58.76651840774629,93.53033412973362,0.00043847062982389935,7.944351673126221,1:14:56,89.89420476898647,87.60214762708529,88.69490172654987,95.66230196042999,95.66230196042999,95.66230196042999,68.37166569823259,58.76651840774629,73.72143203771533,93.53033412973362,93.53033412973362,93.53033412973362
582,train/val,0.8140720769762992,0.716382059454918,0.24422503374516963,75.42082690522331,83.12864999990242,95.49114493919024,0.20111286129062447,52.74662843952916,58.4846078877089,93.5619231086307,0.0004374515512781973,8.023855924606323,1:15:04,87.88543920301753,83.12864999990242,85.1026183275912,95.49114493919024,95.49114493919024,95.49114493919024,67.87173279495853,58.4846078877089,73.26139029884897,93.5619231086307,93.5619231086307,93.5619231086307
583,train/val,0.795871701836586,0.7045954793691636,0.22819055952131748,78.832722303977,85.79419250539603,95.82863032608137,0.20194139021825688,52.80703966015478,58.6851536137711,93.5441203279351,0.00043643220888332285,7.611237049102783,1:15:12,88.55767677568316,85.79419250539603,87.10097573767437,95.82863032608137,95.82863032608137,95.82863032608137,67.6463213608422,58.6851536137711,73.62977371344405,93.5441203279351,93.5441203279351,93.5441203279351
584,train/val,0.822826410830021,0.7293649449944496,0.2336536653339863,77.49351490820725,85.2451073249328,95.61856610998478,0.20519004294158025,52.3963579394182,58.426180867478095,93.41494614728187,0.00043541260188588096,7.881335258483887,1:15:20,87.88816791828508,85.2451073249328,86.43169564331107,95.61856610998478,95.61856610998478,95.61856610998478,71.43212358147593,58.426180867478095,73.16687696701155,93.41494614728187,93.41494614728187,93.41494614728187
585,train/val,0.8241714298725128,0.725165194272995,0.24751558899879456,77.60270415927857,85.54459863753223,95.31395344359018,0.203635845433265,52.196465284527406,57.783595916215425,93.4628067234928,0.00043439272952835865,7.795838356018066,1:15:28,87.81213366341636,85.54459863753223,86.61032813795893,95.31395344359018,95.31395344359018,95.31395344359018,67.93890563215487,57.783595916215425,72.71707135731833,93.4628067234928,93.4628067234928,93.4628067234928
586,train/val,0.8182879582047462,0.7102902308106422,0.26999431774020194,79.8536133692108,86.79034401112546,95.15572016379849,0.20732553817559168,52.345816410629965,58.00402696624548,93.34000692583092,0.0004333725910490922,7.756300687789917,1:15:36,89.96898117423703,86.79034401112546,88.27933359558831,95.15572016379849,95.15572016379849,95.15572016379849,68.7366113690763,58.00402696624548,73.19980098871093,93.34000692583092,93.34000692583092,93.3400069258309
587,train/val,0.7920101717114448,0.6975598201155663,0.23612587712705135,79.47684032753098,86.56970428291366,95.5879790876631,0.20717826449545232,52.538247412688065,58.38336381283584,93.40236936204131,0.0004323521856822337,7.809399366378784,1:15:43,89.52364006984442,86.56970428291366,87.98001335558352,95.5879790876631,95.5879790876631,95.5879790876631,71.70384330834723,58.38336381283584,73.25946713767392,93.40236936204131,93.40236936204131,93.40236936204131
588,train/val,0.7988705217838288,0.7008581280708313,0.24503099210560322,79.58629817304072,86.35835300001865,95.60982337525931,0.20527433886025812,52.3110793123933,57.84463880440393,93.4054539198683,0.00043133151265771567,7.864703416824341,1:15:51,89.81670664102438,86.35835300001865,87.99728452740085,95.60982337525931,95.60982337525931,95.60982337525931,69.07917115770326,57.84463880440393,72.76468367417357,93.4054539198683,93.4054539198683,93.4054539198683
589,train/val,0.7902702122926712,0.6931233823299408,0.24286707453429698,80.06337117838457,87.10373321838652,95.53564595061191,0.2042339305684757,52.45710572444814,58.21123341758433,93.51230389063711,0.00043031057120121815,8.039007902145386,1:15:59,89.87111932864339,87.10373321838652,88.4143525098217,95.53564595061191,95.53564595061191,95.53564595061191,71.96909593357115,58.21123341758433,73.08241324154574,93.51230389063711,93.51230389063711,93.51230389063711
590,train/val,0.830787718296051,0.7214223474264145,0.27341343052685263,79.56782685132907,87.04501284458019,95.36557999008171,0.2043667599033446,52.58889989002613,58.384432782854425,93.42459371213997,0.00042928936053413376,7.749775171279907,1:16:07,89.19580382233869,87.04501284458019,88.0722632096379,95.36557999008171,95.36557999008171,95.36557999008171,68.42731399379689,58.384432782854425,73.20447613455835,93.42459371213997,93.42459371213997,93.42459371213997
591,train/val,0.8291190609335899,0.7230210617184639,0.2652449931949377,77.16179648728283,84.63993613986717,95.20857970513529,0.20330433933348252,52.56623746156875,58.406041949663134,93.55586494829427,0.00042826787987353164,7.8811421394348145,1:16:15,88.42805185218694,84.63993613986717,86.37726805155248,95.20857970513529,95.20857970513529,95.20857970513529,67.37101561845094,58.406041949663134,73.06149189310318,93.55586494829427,93.55586494829427,93.55586494829427
592,train/val,0.8206832453608512,0.7205584436655045,0.2503119964152575,79.1779463348527,86.77583929575003,95.4137138990104,0.20329949500698297,52.75309135868118,58.7832002382347,93.51359652008618,0.0004272461284321225,7.894629240036011,1:16:23,88.98127285972312,86.77583929575003,87.83722261136599,95.4137138990104,95.4137138990104,95.4137138990104,67.58107900299541,58.7832002382347,73.38143007490666,93.51359652008618,93.51359652008618,93.51359652008618
593,train/val,0.8344231262803078,0.7285015255212783,0.26480400189757347,79.10053220007755,86.41349128857094,95.33239416401071,0.20387140140525742,52.95851829273279,58.530823878686455,93.43001387940066,0.0004262241054182232,7.888146877288818,1:16:31,89.24771472631386,86.41349128857094,87.75210115581474,95.33239416401071,95.33239416401071,95.33239416401071,68.55570409190803,58.530823878686455,73.61937070153644,93.43001387940066,93.43001387940066,93.43001387940066
594,train/val,0.819905523955822,0.7158128291368484,0.26023174077272415,79.74991701922778,87.45312000891387,95.2558524575451,0.20496633795102087,53.004210316886066,58.819965395268206,93.4619579153138,0.00042520181003571976,8.353222370147705,1:16:39,89.14620909907089,87.45312000891387,88.26452492977047,95.2558524575451,95.2558524575451,95.2558524575451,72.00610123765043,58.819965395268206,73.67589714938686,93.4619579153138,93.4619579153138,93.4619579153138
595,train/val,0.843235445022583,0.7342616617679596,0.272434451803565,79.98991407955886,87.28526218966358,95.2041056417487,0.20301758658425942,52.55025669872593,58.28513532542337,93.5135022080663,0.00042417924148403053,8.125504732131958,1:16:47,89.62993742909575,87.28526218966358,88.39297787725252,95.2041056417487,95.2041056417487,95.2041056417487,68.79491644289362,58.28513532542337,73.27807190652153,93.5135022080663,93.5135022080663,93.5135022080663
596,train/val,0.8129672572016716,0.7180880963802337,0.23719791322946548,80.7597313104648,87.74482775376737,95.47204376482313,0.20118432258297433,52.92959713678981,58.79840059880826,93.55743496603714,0.0004231563989580695,7.715462923049927,1:16:55,90.1022397742521,87.74482775376737,88.8598069324603,95.47204376482313,95.47204376482313,95.47204376482313,68.20921370291724,58.79840059880826,73.66779403253253,93.55743496603714,93.55743496603714,93.55743496603714
597,train/val,0.7873995214700699,0.6966219618916512,0.22694390304386616,79.93723485860941,87.57805720597105,95.73322671357856,0.20023226441315123,52.74891387194282,58.39677892537157,93.59948148361018,0.0004221332816482089,7.985283613204956,1:17:03,89.07667227801561,87.57805720597105,88.28912565279573,95.73322671357856,95.73322671357856,95.73322671357856,68.86332724251753,58.39677892537157,73.4355526313995,93.59948148361018,93.59948148361018,93.59948148361018
598,train/val,0.8435414344072342,0.7339634761214257,0.27394490167498586,77.93837052525757,85.03082816827883,95.22383710500037,0.20325102747051169,52.22964691381377,57.944773362602135,93.50509734276439,0.000421109888740241,7.906832218170166,1:17:11,89.01720961800945,85.03082816827883,86.89206579346245,95.22383710500037,95.22383710500037,95.22383710500037,67.91657288176447,57.944773362602135,72.72315485834011,93.50509734276439,93.50509734276439,93.50509734276439
599,train/val,0.8226873442530632,0.7202423825860024,0.2561123948544264,79.07302273948727,86.97375361792605,95.21534761271184,0.20621050116387968,51.8920505667363,57.582805523703314,93.37740441560001,0.0004200862194153394,7.8485376834869385,1:17:19,88.57763096504286,86.97375361792605,87.73304574870032,95.21534761271184,95.21534761271184,95.21534761271184,68.11300262873851,57.582805523703314,72.4771885779498,93.37740441560001,93.37740441560001,93.37740441560001
600,train/val,0.8216998726129532,0.7112455695867539,0.27613574601709845,78.7482472728636,85.74066502834245,95.52185530974636,0.20428169639924754,52.873253218316385,58.36192872385186,93.45891773961384,0.0004190622728500212,7.950205087661743,1:17:27,89.35307159914237,85.74066502834245,87.44177895998746,95.52185530974636,95.52185530974636,95.52185530974636,69.32907346157656,58.36192872385186,73.64683498400657,93.45891773961384,93.45891773961384,93.45891773961384
601,train/val,0.8128165379166603,0.7137530863285064,0.24765861369669437,78.78721652446123,85.98447729765812,95.39613014127215,0.20089303561869573,52.75531265807641,58.52301446597541,93.62642698246917,0.0004180380482161072,7.852331161499023,1:17:34,89.1591815797511,85.98447729765812,87.49746760121292,95.39613014127215,95.39613014127215,95.39613014127215,71.35545974478438,58.52301446597541,73.45449512315886,93.62642698246917,93.62642698246917,93.62642698246917
602,train/val,0.8397913828492165,0.7356968998908997,0.26023620963096616,79.69102181339586,86.6466065603255,95.3481635779576,0.1999592995958064,52.663210850529566,58.57952715615852,93.56697712334359,0.00041701354468068195,7.840765953063965,1:17:42,89.72573400710395,86.6466065603255,88.08082048996523,95.3481635779576,95.3481635779576,95.3481635779576,67.8049193785342,58.57952715615852,73.39192484329425,93.56697712334359,93.56697712334359,93.56697712334359
603,train/val,0.8431029945611954,0.7309219300746918,0.28045265972614286,78.36051708176946,85.65319446399316,95.26958892512528,0.20125263248425515,52.68347858398727,58.43163458700865,93.46951952020258,0.00041598876140605453,7.99899435043335,1:17:50,89.0947002709753,85.65319446399316,87.27099680475436,95.26958892512528,95.26958892512528,95.26958892512528,68.34412238679593,58.43163458700865,73.21596835709909,93.46951952020258,93.46951952020258,93.46951952020258
604,train/val,0.824389235675335,0.7129162698984146,0.2786824081093073,77.87785205867588,85.50725538518101,95.24046426435456,0.20630726850358835,52.4902241116314,58.63280365166265,93.31328888537284,0.0004149636975497173,7.93646764755249,1:17:58,88.16496144378392,85.50725538518101,86.76517154468287,95.24046426435456,95.24046426435456,95.24046426435456,67.10796096826898,58.63280365166265,73.21150178600611,93.31328888537284,93.31328888537284,93.31328888537284
605,train/val,0.8146202206611634,0.7137039735913276,0.25229061506688594,78.76198219830364,85.982642806905,95.46446834133314,0.2018549625271993,52.74999294747978,58.466985089904085,93.541845743926,0.000413938352264305,7.844211101531982,1:18:06,89.28942214090058,85.982642806905,87.52419038992217,95.46446834133314,95.46446834133314,95.46446834133314,68.5616069565421,58.466985089904085,73.47653941968373,93.541845743926,93.541845743926,93.54184574392602
606,train/val,0.8217889472842217,0.7194955736398697,0.25573342889547346,76.79863168238427,84.63568459861965,95.35722745141321,0.20385911570435766,52.182389331699596,57.8700149188266,93.47748056423441,0.0004129127246975534,8.138603210449219,1:18:14,88.04554801966745,84.63568459861965,86.1370968129479,95.35722745141321,95.35722745141321,95.35722745141321,68.11683434591951,57.8700149188266,72.92920397117925,93.47748056423441,93.47748056423441,93.47748056423441
607,train/val,0.824832883477211,0.7227736786007881,0.25514800325036047,79.61534566092624,87.82054212496571,95.23861499068248,0.20199795445897245,52.560987110810096,57.997003871831396,93.59620830174343,0.00041188681399225753,7.8342366218566895,1:18:22,88.5154844844546,87.82054212496571,88.10887400042802,95.23861499068248,95.23861499068248,95.23861499068248,68.61054560551412,57.997003871831396,73.20801258073651,93.59620830174343,93.59620830174343,93.59620830174343
608,train/val,0.811083859205246,0.7144812002778054,0.241506639868021,76.37645692129081,84.1977580758739,95.32230800379354,0.20320378412659634,52.603898686100116,58.34799297438911,93.49436796356049,0.00041086061928622926,7.944911241531372,1:18:30,87.659179597409,84.1977580758739,85.78959166402367,95.32230800379354,95.32230800379354,95.32230800379354,67.84659825130359,58.34799297438911,73.37605748190941,93.49436796356049,93.49436796356049,93.49436796356049
609,train/val,0.8023712947964668,0.7071342691779137,0.23809256590902805,77.32125173775292,85.12082480883507,95.40043234741681,0.20213478273617366,52.59060418229085,58.2186463942839,93.48515312444071,0.00040983413971225417,8.066507339477539,1:18:38,88.15082693527036,85.12082480883507,86.57061976196312,95.40043234741681,95.40043234741681,95.40043234741681,72.53106932170455,58.2186463942839,73.30726573616448,93.48515312444071,93.48515312444071,93.48515312444071
610,train/val,0.8045131310820579,0.7009980902075768,0.25878758989274503,78.00870147876316,85.15753265054607,95.43656886051778,0.20012920621033278,52.86808739922753,58.70884362226624,93.56740430131603,0.00040880737439804817,8.265358209609985,1:18:46,89.26340579370566,85.15753265054607,87.10665853781443,95.43656886051778,95.43656886051778,95.43656886051778,68.39210975191875,58.70884362226624,73.58505698694404,93.56740430131603,93.56740430131603,93.56740430131603
611,train/val,0.810235270857811,0.7077113255858422,0.2563098665326834,79.76725168498749,87.3350307867188,95.19392440321188,0.20206393733251987,52.81467922019182,58.63015276773531,93.56207289830934,0.00040778032246621427,8.116343259811401,1:18:54,89.32032398564752,87.3350307867188,88.27141724175942,95.19392440321188,95.19392440321188,95.19392440321188,72.07128630284973,58.63015276773531,73.57943044572164,93.56207289830934,93.56207289830934,93.56207289830934
612,train/val,0.797290550172329,0.7032797813415528,0.23502692095935346,80.02971504434838,86.9005865948619,95.58463455350483,0.2052386760441894,53.11635791319495,58.97082336922879,93.40535406008253,0.000406752983034197,8.021740913391113,1:19:02,89.92518359735003,86.9005865948619,88.3406685894052,95.58463455350483,95.58463455350483,95.58463455350483,72.65022733568,58.97082336922879,74.02568955565539,93.40535406008253,93.40535406008253,93.40535406008253
613,train/val,0.7937767997384071,0.7034888923168182,0.22571976631879806,79.58455303156433,86.92369031457446,95.59680231424085,0.20582698345875353,52.81019151362288,58.61923187433133,93.44797199754079,0.0004057253552142386,8.049469709396362,1:19:10,89.33842516882035,86.92369031457446,88.0572400578231,95.59680231424085,95.59680231424085,95.59680231424085,71.7862764529606,58.61923187433133,73.53917271753811,93.44797199754079,93.44797199754079,93.44797199754079
614,train/val,0.8230648994445801,0.7201941385865211,0.25717690102756025,78.48751977882422,86.18762902583545,95.36408049503486,0.20397751976440137,52.78085382585349,58.45286931609511,93.52260609186857,0.0004046974381133331,7.974714279174805,1:19:18,88.73396663262405,86.18762902583545,87.37627641846743,95.36408049503486,95.36408049503486,95.36408049503486,68.33398450047923,58.45286931609511,73.39160866560862,93.52260609186857,93.52260609186857,93.52260609186857
615,train/val,0.8269451037049294,0.7247688576579094,0.2554406218230724,77.57786217266144,85.59264766084553,95.29215861709439,0.20419905960930193,52.52828573643985,58.12334046055635,93.49748580798273,0.00040366923083318113,8.045632123947144,1:19:26,88.03916153377082,85.59264766084553,86.72688998819785,95.29215861709439,95.29215861709439,95.29215861709439,68.89914276206814,58.12334046055635,73.19889126362101,93.49748580798273,93.49748580798273,93.49748580798273
616,train/val,0.8199135854840278,0.7205376133322716,0.24843992926180364,78.98967539274643,86.67016454108995,95.41958093859847,0.20590576195090016,52.489276961282606,58.22897160062044,93.43045770067073,0.0004026407324701422,7.935512065887451,1:19:34,88.81291492735637,86.67016454108995,87.68393937675884,95.41958093859847,95.41958093859847,95.41958093859847,68.52728521841851,58.22897160062044,73.25527198134104,93.43045770067073,93.43045770067073,93.43045770067073
617,train/val,0.8090356335043907,0.7137831076979637,0.23813131116330624,78.52955313660517,85.70177976527624,95.55445606132487,0.20481560601901252,52.857144037150114,58.6951174097351,93.45461267329418,0.00040161194211518823,7.9769768714904785,1:19:42,89.27728789356057,85.70177976527624,87.35701210207931,95.55445606132487,95.55445606132487,95.55445606132487,72.45422805211341,58.6951174097351,73.6474561288717,93.45461267329418,93.45461267329418,93.45461267329418
618,train/val,0.815909543633461,0.7178226381540298,0.2452172629535198,78.43591229496964,86.18966769683011,95.41451453431615,0.20216220928701278,52.86176734068662,58.71738704406426,93.54707728714693,0.0004005828588538569,8.058340549468994,1:19:50,88.68195716068789,86.18966769683011,87.39091102606184,95.41451453431615,95.41451453431615,95.41451453431615,72.14572439580833,58.71738704406426,73.59459498497235,93.54707728714693,93.54707728714693,93.54707728714693
619,train/val,0.8034621804952622,0.7069126904010773,0.241373723000288,78.33489879232805,86.19095411831007,95.63077226199798,0.19946935818770356,52.81571502807726,58.60641007163247,93.60724835583638,0.0003995534817662022,8.061853647232056,1:19:58,88.21127302386198,86.19095411831007,87.15453663710807,95.63077226199798,95.63077226199798,95.63077226199798,68.67512270391278,58.60641007163247,73.55829401784264,93.60724835583638,93.60724835583638,93.60724835583638
620,train/val,0.8395612493157387,0.7319301322102547,0.26907778680324557,78.01303128291877,85.74301670842303,95.09267217738187,0.200729290058226,52.943933680005486,58.453998738854615,93.58444703808664,0.0003985238099267464,8.159862756729126,1:20:07,88.2862882027802,85.74301670842303,86.86213652692011,95.09267217738187,95.09267217738187,95.09267217738187,69.3995827540524,58.453998738854615,73.62667339653335,93.58444703808664,93.58444703808664,93.58444703808665
621,train/val,0.8191352039575577,0.7195385247468948,0.2489916879683733,78.94654981459595,85.325190305183,95.43745148487592,0.2074694691100812,52.850421636642366,58.66180183449674,93.33519701281656,0.0003974938424044311,8.080623149871826,1:20:15,90.40540368514908,85.325190305183,87.61087125055595,95.43745148487592,95.43745148487592,95.43745148487592,69.05325713806256,58.66180183449674,73.68102053003535,93.33519701281656,93.33519701281656,93.33519701281655
622,train/val,0.8456738695502282,0.7361847698688507,0.2737227514386177,79.31502831343802,86.85076841616267,95.19272410930753,0.20227037945269236,52.895424798027776,58.53266209934933,93.54115227319151,0.00039646357826256674,7.890101432800293,1:20:23,89.16219375245626,86.85076841616267,87.9562346335355,95.19272410930753,95.19272410930753,95.19272410930753,68.80059587261033,58.53266209934933,73.45341971272582,93.54115227319151,93.54115227319151,93.54115227319151
623,train/val,0.7801644369959831,0.692583578824997,0.21895212978124617,80.82457592348891,87.83369329383503,95.78941406102707,0.2023933248792085,53.08233931028025,58.850547027822955,93.54702735725404,0.0003954330165587826,7.92282772064209,1:20:31,90.14452824611595,87.83369329383503,88.89508057354197,95.78941406102707,95.78941406102707,95.78941406102707,68.68013867057692,58.850547027822955,73.93175035861881,93.54702735725404,93.54702735725404,93.54702735725404
624,train/val,0.8170094832777977,0.7164997562766076,0.25127430707216264,77.85582981189393,84.74049181722083,95.42030669671931,0.20067346371371386,52.81119550953315,58.66174960299999,93.57335150633493,0.00039440215634497567,8.131525754928589,1:20:39,89.0703596332754,84.74049181722083,86.68998840999454,95.42030669671931,95.42030669671931,95.42030669671931,68.15253098555631,58.66174960299999,73.5801405565597,93.57335150633493,93.57335150633493,93.57335150633493
625,train/val,0.8264495193958282,0.7259794250130653,0.2511752378195524,79.44249008735275,86.86942629443956,95.39706526835127,0.20055913791171773,52.787860692168564,58.80861949317172,93.5814456967478,0.0003933709966672591,7.8709776401519775,1:20:47,89.18657586157128,86.86942629443956,87.96527925350095,95.39706526835127,95.39706526835127,95.39706526835127,67.28891113297027,58.80861949317172,73.47914989172534,93.5814456967478,93.5814456967478,93.5814456967478
626,train/val,0.7975147560238838,0.699619323015213,0.2447385922074318,75.71164896013339,82.86570493109926,95.62580913995876,0.20214476047978522,52.83035820500035,58.71908965516415,93.49867302988015,0.00039233953656590966,8.122679471969604,1:20:55,88.90889521646046,82.86570493109926,88.1518269916181,95.62580913995876,95.62580913995876,95.62580913995876,68.61272955734277,58.71908965516415,73.55724444751348,93.49867302988015,93.49867302988015,93.49867302988015
627,train/val,0.7878327533602715,0.6935883522033691,0.2356110095977783,80.44269615217031,87.80506146442801,95.79401550045145,0.2020219775854725,52.47061961373407,58.32098508535359,93.51006259322328,0.0003913077750753153,8.31482481956482,1:21:03,89.42668598499675,87.80506146442801,88.56952290267219,95.79401550045145,95.79401550045145,95.79401550045145,71.19182812533937,58.32098508535359,73.17315730517338,93.51006259322328,93.51006259322328,93.51006259322328
628,train/val,0.8098385483026505,0.7165681198239326,0.23317609243094922,78.82809429360339,86.27751776274822,95.58327000933996,0.20101810609959384,52.71951299570306,58.62053665586282,93.47918372835831,0.0003902757112239215,8.38906192779541,1:21:11,88.85728160488902,86.27751776274822,87.51218381599128,95.58327000933996,95.58327000933996,95.58327000933996,68.62434049981903,58.62053665586282,73.53250219589982,93.47918372835831,93.47918372835831,93.47918372835831
629,train/val,0.7925237163901329,0.6955423906445504,0.24245331361889838,80.50835292498073,87.06576863356578,95.52363449203034,0.2014022383931584,52.93257186718786,58.84883586887197,93.49399626324681,0.0003892433440341772,8.133392572402954,1:21:19,90.56665453447904,87.06576863356578,88.61290001268672,95.52363449203034,95.52363449203034,95.52363449203034,71.60418359375839,58.84883586887197,73.56970135045002,93.49399626324681,93.49399626324681,93.49399626324681
630,train/val,0.8004818752408027,0.702565211057663,0.2447916604578495,80.26141006669162,87.42808986409483,95.45957312246884,0.20083561472491349,52.4931499762046,58.2029912216322,93.47719762817475,0.00038821067252247976,8.072108030319214,1:21:28,89.71910017229231,87.42808986409483,88.53301654115133,95.45957312246884,95.45957312246884,95.45957312246883,68.50231731263452,58.2029912216322,73.10428365719642,93.47719762817475,93.47719762817475,93.47719762817475
631,train/val,0.8226711809635162,0.7231854379177094,0.24871436096727847,76.88663628845977,84.15516254612031,95.38502539596654,0.19834522045614952,53.07427967970341,58.949318319357005,93.62462950632539,0.0003871776956991193,8.148221731185913,1:21:36,88.08956733318564,84.15516254612031,85.86087320000459,95.38502539596654,95.38502539596654,95.38502539596655,68.72975935676415,58.949318319357005,73.82276716676976,93.62462950632539,93.62462950632539,93.62462950632539
632,train/val,0.7918872639536858,0.7031206414103508,0.22191655375063418,79.41225598525406,86.4403873992493,95.79889227050752,0.2015437148746671,52.75841003766381,58.747026595461996,93.48564687560366,0.00038614441256822356,8.019529581069946,1:21:44,89.73290576371275,86.4403873992493,87.99392481773562,95.79889227050752,95.79889227050752,95.79889227050752,68.45976411757411,58.747026595461996,73.7219266209132,93.48564687560366,93.48564687560366,93.48564687560366
633,train/val,0.8181592643260955,0.7232798218727112,0.23719859607517718,78.99441601988153,86.2964275904685,95.4128880475822,0.20128453148791248,53.13867509191853,59.20144976790391,93.51830657331477,0.0003851108221276999,8.093039274215698,1:21:52,89.48877038570846,86.2964275904685,87.7584593214501,95.4128880475822,95.4128880475822,95.4128880475822,67.64243255779824,59.20144976790391,74.01515512228185,93.51830657331477,93.51830657331477,93.51830657331477
634,train/val,0.8600184544920921,0.7474409803748131,0.2814436830580235,78.16890236973776,85.61020320542656,95.00001965679769,0.2058711735810507,53.070154276732,58.96125247907945,93.46181922116689,0.00038407692336917833,7.936679840087891,1:22:00,88.32220465072321,85.61020320542656,86.87893786963974,95.00001965679769,95.00001965679769,95.00001965679769,68.53163506733311,58.96125247907945,73.9755065570242,93.46181922116689,93.46181922116689,93.46181922116689
635,train/val,0.7879612013697624,0.6909823641180992,0.24244708716869354,79.81707902754115,87.31006265299372,95.58608152396559,0.20436082075992298,53.20941371667812,59.08387420033131,93.46561944079185,0.0003830427152779535,8.082682132720947,1:22:08,89.23185249916517,87.31006265299372,88.22096269325387,95.58608152396559,95.58608152396559,95.58608152396559,72.20987504169693,59.08387420033131,74.04667131079512,93.46561944079185,93.46561944079185,93.46561944079185
636,train/val,0.7993991538882256,0.7019174218177795,0.2437043245881796,80.06755456662677,87.73369228274292,95.593774174353,0.20275460492826627,53.15664717988765,58.8962626126816,93.58301016672479,0.00038200819683292564,8.018135070800781,1:22:16,89.1401718299164,87.73369228274292,88.39300694374678,95.593774174353,95.593774174353,95.593774174353,68.99964360628638,58.8962626126816,73.94591872576221,93.58301016672479,93.58301016672479,93.58301016672479
637,train/val,0.8078775376081466,0.7075171738862991,0.2509009078145027,80.08791956165568,87.12821948939536,95.52065081968324,0.20331307966525225,53.01110767649541,58.76162780576182,93.56022549227269,0.00038097336700654007,8.09889817237854,1:22:24,89.72303777476863,87.12821948939536,88.36460961623862,95.52065081968324,95.52065081968324,95.52065081968324,69.03650794783047,58.76162780576182,73.7811976578277,93.56022549227269,93.56022549227269,93.56022549227269
638,train/val,0.7909330770373344,0.6932452902197838,0.24421946816146373,79.00755460645146,86.99177457625353,95.45114680123609,0.20444078422018716,52.586503867444364,58.47599438802285,93.47674825913882,0.00037993822476472833,8.068297624588013,1:22:32,88.17614055308738,86.99177457625353,87.54246311264055,95.45114680123609,95.45114680123609,95.45114680123609,67.8066439055493,58.47599438802285,73.39914053945068,93.47674825913882,93.47674825913882,93.47674825913882
639,train/val,0.8335448563098907,0.7284899279475212,0.2626373153179884,79.16288551879323,86.2918366746588,95.39462009273672,0.20414999135380688,53.25259022641067,58.906019394246336,93.54245599817234,0.0003789027690668455,8.108184814453125,1:22:40,89.40078786426756,86.2918366746588,87.7553475454131,95.39462009273672,95.39462009273672,95.39462009273672,69.02577932382168,58.906019394246336,73.99256728989685,93.54245599817234,93.54245599817234,93.54245599817234
640,train/val,0.8169517695903779,0.7189309924840928,0.24505192264914513,79.34000458612847,86.29827230290886,95.41858406185112,0.20432986379291654,53.038185234016936,58.88873430112539,93.52929114974896,0.00037786699886560956,8.21609377861023,1:22:48,89.60096257054045,86.29827230290886,87.85108319438095,95.41858406185112,95.41858406185112,95.41858406185112,68.32409354639715,58.88873430112539,73.78248476649969,93.52929114974896,93.52929114974896,93.52929114974896
641,train/val,0.8198771476745605,0.7184061303734779,0.2536775376647711,78.35004568271691,85.91702332348389,95.45594691642735,0.2056759032744107,52.540821984198494,58.403525494874806,93.47829608581817,0.00037683091310703766,7.864409923553467,1:22:56,88.58928218624442,85.91702332348389,87.19521592120365,95.45594691642735,95.45594691642735,95.45594691642734,68.07783759507522,58.403525494874806,73.26690930518008,93.47829608581817,93.47829608581817,93.47829608581817
642,train/val,0.7998550295829773,0.7041431307792664,0.23927973657846452,79.69819397138652,86.82247824238057,95.78221332882451,0.2044624794521154,52.48358491727721,57.974475299015225,93.49245398433334,0.00037579451073038343,7.937469959259033,1:23:04,89.74905554434069,86.82247824238057,88.1771201745238,95.78221332882451,95.78221332882451,95.78221332882451,72.64328346505748,57.974475299015225,73.1153256293562,93.49245398433334,93.49245398433334,93.49245398433334
643,train/val,0.800086310505867,0.698487150669098,0.25399789214134216,78.49635204087778,86.34012196451076,95.30823626701996,0.20959498421667544,52.65737298573482,58.69017247402842,93.3717068600455,0.00037475779066807206,7.979338645935059,1:23:12,88.60691101384383,86.34012196451076,87.40080641312747,95.30823626701996,95.30823626701996,95.30823626701996,71.31202827756123,58.69017247402842,73.5386114104958,93.3717068600455,93.3717068600455,93.3717068600455
644,train/val,0.822316338121891,0.7218482002615929,0.25117034651339054,79.505930169953,86.62438725715849,95.28559927444725,0.204521946301274,52.64145716420337,58.39783952968064,93.44811623945355,0.00037372075184563595,7.858849048614502,1:23:20,89.56450317448062,86.62438725715849,88.02919605649716,95.28559927444725,95.28559927444725,95.28559927444725,71.22934210628284,58.39783952968064,73.28405185088481,93.44811623945355,93.44811623945355,93.44811623945355
645,train/val,0.8196266949176788,0.7159647420048714,0.25915488675236703,76.56635501708931,83.99872467691755,95.13925787983409,0.20494330648767115,52.27014708819505,58.312126227161585,93.32670338326064,0.000372683393181648,8.12493634223938,1:23:28,87.78012852930708,83.99872467691755,85.67436628164322,95.13925787983409,95.13925787983409,95.13925787983409,70.43758943201041,58.312126227161585,72.90902833604316,93.32670338326064,93.32670338326064,93.32670338326064
646,train/val,0.8120756909251213,0.7065674260258674,0.2637706495821476,80.20181171827606,87.30055688521612,95.23907252804352,0.2048698668533416,52.59212568141001,58.28712016921514,93.41679910108441,0.0003716457135876553,7.855476379394531,1:23:36,89.84199814593484,87.30055688521612,88.52580559288752,95.23907252804352,95.23907252804352,95.23907252804352,71.49950216557947,58.28712016921514,73.30402287588865,93.41679910108441,93.41679910108441,93.41679910108441
647,train/val,0.7847773537039757,0.689708699285984,0.23767164312303066,80.71175626688127,87.70649237386034,95.66344754758487,0.20338364399654896,52.91615798639779,58.68988715902276,93.5054856863757,0.00037060771196811176,7.8937273025512695,1:23:44,90.06556114181649,87.70649237386034,88.8415884139297,95.66344754758487,95.66344754758487,95.66344754758487,72.0927834322206,58.68988715902276,73.72683008420636,93.5054856863757,93.5054856863757,93.5054856863757
648,train/val,0.8075109869241714,0.7069760411977768,0.25133735276758673,77.82341045737789,85.70236335681084,95.30011781141414,0.20379731185882388,52.96428162631436,58.8941090842585,93.46190243765504,0.0003695693872203092,7.926807641983032,1:23:52,87.89755145408877,85.70236335681084,86.74533975688897,95.30011781141414,95.30011781141414,95.30011781141414,67.92691166935523,58.8941090842585,73.73135395376431,93.46190243765504,93.46190243765504,93.46190243765504
649,train/val,0.8049466937780381,0.7012687265872956,0.2591949161142111,79.64626585219632,87.28209402548319,95.27643249491801,0.2061941634267945,52.58791167327944,58.50382993600645,93.40964248310456,0.00036853073823430794,7.911931037902832,1:24:00,89.05871778137158,87.28209402548319,88.13203107329517,95.27643249491801,95.27643249491801,95.27643249491801,71.45048703697448,58.50382993600645,73.31277461383961,93.40964248310456,93.40964248310456,93.40964248310456
650,train/val,0.8339652642607689,0.7321562960743904,0.2545224126428366,79.40348250944035,86.74111637622453,95.40995820505462,0.20280085119129118,52.48846985069251,58.15211799962534,93.53174881003196,0.00036749176389286743,7.787729978561401,1:24:07,89.33746108468374,86.74111637622453,87.98070828941572,95.40995820505462,95.40995820505462,95.40995820505462,67.92737627303308,58.15211799962534,73.14352234966441,93.53174881003196,93.53174881003196,93.53174881003196
651,train/val,0.8028720185160637,0.7028118073940277,0.2501505210995674,78.72297614587698,86.41014791039422,95.42953984088606,0.20361750302398315,52.5557105261593,58.36087981435226,93.52150208645926,0.000366452463071374,7.984490633010864,1:24:15,88.72061237987256,86.41014791039422,87.51002827083116,95.42953984088606,95.42953984088606,95.42953984088606,71.00409460588462,58.36087981435226,73.19850820744834,93.52150208645926,93.52150208645926,93.52150208645926
652,train/val,0.8152493044734002,0.7133482664823532,0.25475259535014627,79.29038553250538,85.96846506045522,95.34020558474458,0.20156466722607103,53.11049484486786,59.06019774402782,93.54822012691734,0.0003654128346377699,7.987990379333496,1:24:23,89.95283910809114,85.96846506045522,87.86484292297816,95.34020558474458,95.34020558474458,95.34020558474458,71.671512898715,59.06019774402782,73.8627923878291,93.54822012691734,93.54822012691734,93.54822012691734
653,train/val,0.8154488533735276,0.7176440820097924,0.24451192952692508,76.34088565149219,84.02742245116025,95.23282719054332,0.20078766230717215,52.60264262661085,58.25964617852411,93.56025877886793,0.00036437287745247907,8.021651029586792,1:24:31,87.80509521540422,84.02742245116025,85.7905969666341,95.23282719054332,95.23282719054332,95.23282719054332,71.28937770360261,58.25964617852411,73.12638022041098,93.56025877886793,93.56025877886793,93.56025877886793
654,train/val,0.8148894548416138,0.7169960603117943,0.2447334850206971,79.5034123439693,86.47909325441545,95.21658974548114,0.20513219231265223,52.69085436832427,58.63250092196009,93.44967516166467,0.000363332590368335,8.00651502609253,1:24:39,89.82939404474737,86.47909325441545,88.07097079530372,95.21658974548114,95.21658974548114,95.21658974548114,71.25260814357613,58.63250092196009,73.38511637349545,93.44967516166467,93.44967516166467,93.44967516166467
655,train/val,0.8098799616098404,0.7091981813311576,0.251704453676939,79.72829184750388,87.6311568266504,95.28859919732061,0.20602585504560153,52.697727609064685,58.69594615471352,93.39861907230926,0.00036229197223050356,8.019188165664673,1:24:48,88.9400257089492,87.6311568266504,88.25722062958143,95.28859919732061,95.28859919732061,95.28859919732062,71.22242804114128,58.69594615471352,73.48262355285893,93.39861907230926,93.39861907230926,93.39861907230926
656,train/val,0.7983251288533211,0.6989031836390496,0.24855486042797564,78.84217268052612,86.02595568377069,95.58880733170372,0.20252284202448184,52.86660028553713,58.65297191122154,93.62099017191085,0.0003612510218764088,8.265998125076294,1:24:56,88.93965488018762,86.02595568377069,87.3998034381256,95.58880733170372,95.58880733170372,95.58880733170372,75.61460630581949,58.65297191122154,73.6152510586732,93.62099017191085,93.62099017191085,93.62099017191085
657,train/val,0.7939892292022706,0.7054724425077439,0.2212919518351555,77.16296166100591,84.61750715309394,95.85868161251821,0.20300718018905012,52.85789449621724,58.775873200125794,93.62272662262998,0.000360209738135656,8.13670825958252,1:25:04,88.05604627691925,84.61750715309394,86.18215552310929,95.85868161251821,95.85868161251821,95.85868161251821,75.57418363103966,58.775873200125794,73.65244994913726,93.62272662262998,93.62272662262998,93.62272662262998
658,train/val,0.8028181657195091,0.7057416319847107,0.24269133470952511,80.34527388819042,87.30372125627402,95.4704413774157,0.20163043967459246,53.103583449819915,58.71744329318032,93.59282416455916,0.0003591681198299531,7.863330364227295,1:25:12,89.91620343228931,87.30372125627402,88.54169957587324,95.4704413774157,95.4704413774157,95.4704413774157,76.25869252373931,58.71744329318032,73.80882771644119,93.59282416455916,93.59282416455916,93.59282416455916
659,train/val,0.7833354517817497,0.6914643332362175,0.22967778518795967,80.18262237802001,87.06059649178019,95.65713243936933,0.20150880122370124,53.14499397570954,59.11440711713772,93.55995919951064,0.00035812616577303176,8.216326236724854,1:25:20,89.91419732886911,87.06059649178019,88.4267015505324,95.65713243936933,95.65713243936933,95.65713243936933,71.76760471235194,59.11440711713772,73.95293836709855,93.55995919951064,93.55995919951064,93.55995919951064
660,train/val,0.8041766151785851,0.7113833114504814,0.23198326341807843,79.4056255569322,86.68651351373072,95.51551683583985,0.20752245450003284,52.51914475755407,58.355084344774355,93.39868564549975,0.000357083874770568,8.267744779586792,1:25:28,89.33063203116816,86.68651351373072,87.92337608895394,95.51551683583985,95.51551683583985,95.51551683583985,72.08613372591893,58.355084344774355,73.47582504071957,93.39868564549975,93.39868564549975,93.39868564549974
661,train/val,0.8083195224404335,0.7074514120817185,0.252170267701149,79.86889589145801,87.3176330815081,95.51231595671707,0.2033602044690139,52.70218230775937,58.381351688267635,93.47618793478534,0.00035604124562010127,8.205509901046753,1:25:36,89.31589035369724,87.3176330815081,88.27226315331089,95.51231595671707,95.51231595671707,95.51231595671707,68.43950537971722,58.381351688267635,73.53065545561628,93.47618793478534,93.47618793478534,93.47618793478534
662,train/val,0.7755352139472962,0.6851760149002075,0.22589799650013448,80.62282083773046,87.84555115900176,95.7386862800093,0.20230723460500516,52.39858072388962,58.11582209377109,93.54579020546373,0.0003549982771109515,8.097949028015137,1:25:45,89.85368971843228,87.84555115900176,88.80378371326385,95.7386862800093,95.7386862800093,95.7386862800093,71.43341136825718,58.11582209377109,73.05471159085944,93.54579020546373,93.54579020546373,93.54579020546373
663,train/val,0.8066537067294121,0.7122239157557487,0.2360744785517454,79.05306538110534,86.18426607075375,95.6202309229696,0.20573137941620193,52.6060628555837,58.4733125931284,93.50945233897693,0.0003539549680241363,7.925880670547485,1:25:52,89.45690948107003,86.18426607075375,87.67872476030861,95.6202309229696,95.6202309229696,95.6202309229696,67.94078204568282,58.4733125931284,73.38865896251858,93.50945233897693,93.50945233897693,93.50945233897691
664,train/val,0.8133307188749314,0.7138781264424324,0.24863146841526032,78.53401864908639,86.12096483139231,95.46674088445147,0.203420558744003,52.65474934044377,58.451741746033235,93.52682794170009,0.00035291131713228747,8.041566133499146,1:26:01,88.91723996716372,86.12096483139231,87.4463973651259,95.46674088445147,95.46674088445147,95.46674088445147,71.41011538636978,58.451741746033235,73.3497387586367,93.52682794170009,93.52682794170009,93.52682794170009
665,train/val,0.7947970151901245,0.7018844351172447,0.232281456887722,79.11753625982254,86.61424087446733,95.72873101958632,0.2019520798529193,52.66904767341214,58.46979882757508,93.62440204792448,0.00035186732319956386,8.082157850265503,1:26:09,88.8122037346121,86.61424087446733,87.6650255022439,95.72873101958632,95.72873101958632,95.72873101958632,67.8768507957124,58.46979882757508,73.34843214374456,93.62440204792448,93.62440204792448,93.62440204792448
666,train/val,0.8031112030148506,0.7043545067310333,0.24689174219965934,80.69743916361476,88.05875533181299,95.36324039954167,0.20369547394778853,52.373195160256856,58.17813457835632,93.50051488815095,0.00035082298498156624,8.180136680603027,1:26:17,89.87504064400864,88.05875533181299,88.91121001693095,95.36324039954167,95.36324039954167,95.36324039954167,71.63854245197588,58.17813457835632,73.09462803322478,93.50051488815095,93.50051488815095,93.50051488815095
667,train/val,0.8175830274820328,0.7252534672617912,0.23082390278577805,78.11926806193568,85.67049948828775,95.52834054016014,0.20250145170296718,52.46361146134719,58.203730139150665,93.5698453183014,0.00034977830122524865,8.027923822402954,1:26:25,88.70297340489061,85.67049948828775,87.09163003545912,95.52834054016014,95.52834054016014,95.52834054016014,71.40477068745307,58.203730139150665,73.06247386644901,93.5698453183014,93.5698453183014,93.5698453183014
668,train/val,0.8059728980064392,0.7137506693601608,0.23055557757616044,79.26870734313609,86.34447757645229,95.66244629631602,0.2024000870857081,53.00152814432536,58.9575116373358,93.60746471870553,0.0003487332706688303,8.059312105178833,1:26:33,89.58355755973902,86.34447757645229,87.85617450397787,95.66244629631602,95.66244629631602,95.66244629631602,68.30421644508218,58.9575116373358,73.83987408391766,93.60746471870553,93.60746471870553,93.60746471870553
669,train/val,0.8053357824683189,0.7083130359649659,0.2425568625330925,81.1870182790442,88.1599714091536,95.67172233046152,0.20413316992088443,52.53551793019701,58.19306278428942,93.54789280873067,0.0003476878920417043,7.972290992736816,1:26:41,90.22451772827385,88.1599714091536,89.16299690110768,95.67172233046152,95.67172233046152,95.67172233046152,71.91910278278668,58.19306278428942,73.2007733562015,93.54789280873067,93.54789280873067,93.54789280873067
670,train/val,0.8156268000602722,0.7148997515439988,0.25181760601699354,79.4770911234197,86.67396629647536,95.5471085711577,0.20127543748606816,52.81471892368344,58.39473220230391,93.61103747992956,0.00034664216406434705,8.134619951248169,1:26:49,89.36421171522602,86.67396629647536,87.94933550071788,95.5471085711577,95.5471085711577,95.5471085711577,71.87436846176722,58.39473220230391,73.37674724406182,93.61103747992956,93.61103747992956,93.61103747992956
671,train/val,0.7970668047666549,0.7000208467245101,0.2426148872822523,80.72724410030115,88.01598758207282,95.44641210230135,0.2019983306668459,52.616934412769844,58.39376811190754,93.57291323283074,0.0003455960854482249,7.918360233306885,1:26:57,89.70306638148287,88.01598758207282,88.81515080409844,95.44641210230135,95.44641210230135,95.44641210230135,71.54330064859238,58.39376811190754,73.2751437455916,93.57291323283074,93.57291323283074,93.57291323283074
672,train/val,0.8033672049641609,0.7077734977006912,0.2389842640608549,79.87574765246173,86.7066773885519,95.50450428775696,0.20351039115965727,52.42659837555467,58.263253075796285,93.5214466088005,0.00034454965489570097,7.977749347686768,1:27:05,89.98386579716254,86.7066773885519,88.23597516465395,95.50450428775696,95.50450428775696,95.50450428775696,71.09046868474358,58.263253075796285,73.08343795495425,93.5214466088005,93.5214466088005,93.5214466088005
673,train/val,0.7893207386136055,0.6922462448477745,0.24268623851239682,79.58260250256389,86.8929585602508,95.73411473571987,0.2026959574581224,52.59683104754481,58.562850227994836,93.50759938517439,0.00034350287109993907,8.238784313201904,1:27:13,89.36119458083218,86.8929585602508,88.0615985595728,95.73411473571987,95.73411473571987,95.73411473571987,67.8004845534054,58.562850227994836,73.53169295466083,93.50759938517439,93.50759938517439,93.50759938517439
674,train/val,0.8141355887055397,0.7180628880858422,0.24018175043165685,79.75067250518055,87.02661883372058,95.40459411514371,0.20216769095645926,52.85362796911212,58.44640973871979,93.57983129687793,0.0003424557327448077,7.9262378215789795,1:27:21,89.35212330456972,87.02661883372058,88.14082290395278,95.40459411514371,95.40459411514371,95.40459411514371,68.34851304065263,58.44640973871979,73.51003067387163,93.57983129687793,93.57983129687793,93.57983129687793
675,train/val,0.8101113840937615,0.7104689493775368,0.2491060934960842,79.30297404883075,86.6898311574676,95.48274740998082,0.20318242002694384,52.44594152765239,57.97870715430693,93.54927420243376,0.0003414082385047817,8.07356309890747,1:27:29,89.05068912716466,86.6898311574676,87.78577796272782,95.48274740998082,95.48274740998082,95.48274740998082,68.03852799000215,57.97870715430693,73.0462875049677,93.54927420243376,93.54927420243376,93.54927420243376
676,train/val,0.811306531727314,0.7147174224257469,0.24147276990115643,79.68650462245026,86.5008099388749,95.55035303254753,0.20334978268742268,52.32656368099655,58.0876695290352,93.61211374650948,0.0003403603870448435,7.841031789779663,1:27:37,89.89579312768137,86.5008099388749,88.09357493368208,95.55035303254753,95.55035303254753,95.55035303254753,68.44643980724206,58.0876695290352,72.99871330487875,93.61211374650948,93.61211374650948,93.61211374650948
677,train/val,0.7988306865096092,0.7010016664862633,0.24457255527377128,79.50923631849798,86.37994649617383,95.37705741199719,0.20168402502508423,52.67539058699291,58.51731945636669,93.61593060943207,0.00033931217702038173,8.226569890975952,1:27:45,90.02659076387796,86.37994649617383,88.04621877341977,95.37705741199719,95.37705741199719,95.37705741199719,67.83086259912692,58.51731945636669,73.41784155173289,93.61593060943207,93.61593060943207,93.61593060943207
678,train/val,0.7972922533750534,0.7058624595403671,0.22857448570430278,78.68408051368387,85.76998723113795,95.57357619441089,0.20104019444274468,52.75964035408806,58.4996517892896,93.61610813794009,0.00033826360707708944,8.08431100845337,1:27:53,89.3746205175848,85.76998723113795,87.4462832704614,95.57357619441089,95.57357619441089,95.57357619441089,67.79003597198134,58.4996517892896,73.46425763191935,93.61610813794009,93.61610813794009,93.61610813794009
679,train/val,0.8430499255657196,0.7399849712848663,0.25766236409544946,76.4770415988841,83.84523762076446,95.32316588424916,0.2071480016493092,52.20543058990603,58.20812709362744,93.39405880875931,0.00033721467585086113,8.150204420089722,1:28:01,88.43112929389379,83.84523762076446,85.9118503082153,95.32316588424916,95.32316588424916,95.32316588424916,67.75184874137332,58.20812709362744,72.89158504478878,93.39405880875931,93.39405880875931,93.39405880875931
680,train/val,0.8181802928447723,0.7174754917621613,0.2517619915306568,79.74116237207959,87.02003289041966,95.36798408131766,0.20661401943182667,53.125186843140504,59.0418387269824,93.46904241233726,0.0003361653819676863,7.967987775802612,1:28:09,89.35918977711307,87.02003289041966,88.14480320317645,95.36798408131766,95.36798408131766,95.36798408131766,68.6053194122918,59.0418387269824,73.90727468323281,93.46904241233726,93.46904241233726,93.46904241233726
681,train/val,0.7895267710089684,0.7002180233597756,0.2232718698680401,80.06083674470722,87.5746419691246,95.79724960249504,0.20573530186004385,52.832788956553124,58.5043161177698,93.53546581316877,0.00033511572404354407,7.911409378051758,1:28:17,89.11520421920501,87.5746419691246,88.3042834608494,95.79724960249504,95.79724960249504,95.79724960249504,72.11057802859605,58.5043161177698,73.63142995417871,93.53546581316877,93.53546581316877,93.53546581316877
682,train/val,0.798428475856781,0.7008977815508842,0.24382673650979997,77.09977328012073,84.74417835958302,95.28894641472108,0.20725864512170522,52.46018262453438,58.35880794699398,93.42383366821497,0.00033406570068429475,8.089346885681152,1:28:25,88.30702497123282,84.74417835958302,86.40871761710655,95.28894641472108,95.28894641472108,95.28894641472108,67.35451357629961,58.35880794699398,73.0675302872396,93.42383366821497,93.42383366821497,93.42383366821497
683,train/val,0.8009886145591736,0.7020912617444992,0.24724339246749877,79.83180230256386,86.88254613391105,95.47948885446752,0.20238424366323085,52.780130206705856,58.531093497822305,93.51604308483743,0.0003330153104855706,8.204766988754272,1:28:34,89.67763734320845,86.88254613391105,88.22050200249541,95.47948885446752,95.47948885446752,95.47948885446752,71.73837014459053,58.531093497822305,73.5893187367985,93.51604308483743,93.51604308483743,93.51604308483743
684,train/val,0.8114953905344009,0.717451736330986,0.23510913364589214,78.28694920004432,85.44349250529784,95.4524271008955,0.20205691030688355,53.016114816831404,58.93533540933669,93.58779788867565,0.00033196455203266456,7.90043044090271,1:28:42,89.05579727537643,85.44349250529784,87.12486866768148,95.4524271008955,95.4524271008955,95.4524271008955,71.59317609470146,58.93533540933669,73.71219764161762,93.58779788867565,93.58779788867565,93.58779788867565
685,train/val,0.7971984848380089,0.69746163636446,0.24934210665524006,79.40994715345961,86.85725353257816,95.57565533067152,0.2031903823712333,52.59092140403603,58.621475304966516,93.50857579196854,0.00033091342390041646,8.099417209625244,1:28:50,89.22872939565207,86.85725353257816,87.94973659619559,95.57565533067152,95.57565533067152,95.57565533067152,67.50276140735929,58.621475304966516,73.29316395869736,93.50857579196854,93.50857579196854,93.50857579196854
686,train/val,0.7927070170640945,0.6989005386829377,0.2345161944627762,80.01100054647094,87.54836938051716,95.51927512528073,0.2024014842125285,53.11775725055462,58.774308030431534,93.58251641556183,0.0003298619246531005,8.042788743972778,1:28:58,89.18032494075489,87.54836938051716,88.34045261083577,95.51927512528073,95.51927512528073,95.51927512528073,68.10157171924767,58.774308030431534,73.79287431530764,93.58251641556183,93.58251641556183,93.58251641556183
687,train/val,0.8060445636510849,0.7068917453289032,0.24788204431533814,81.69611520595588,88.56296463268907,95.53819749816283,0.20256890040027964,52.79701056563088,58.592541234538444,93.56516300390219,0.00032881005284430745,8.046553134918213,1:29:06,90.31044221723839,88.56296463268907,89.40260461143357,95.53819749816283,95.53819749816283,95.53819749816283,71.753229696444,58.592541234538444,73.528731481371,93.56516300390219,93.56516300390219,93.56516300390219
688,train/val,0.7942160233855248,0.702038511633873,0.23044377230107785,80.32875506354708,88.00322377878696,95.48971906859568,0.20353582159832911,52.5054880684927,58.45649262649532,93.48192432470097,0.0003277578070168278,8.051640748977661,1:29:14,89.30241122159322,88.00322377878696,88.62280322224377,95.48971906859568,95.48971906859568,95.48971906859568,71.13614646277327,58.45649262649532,73.1784943768771,93.48192432470097,93.48192432470097,93.48192432470097
689,train/val,0.8141385689377785,0.7224634766578675,0.22918773628771305,78.8275355717805,86.39985378051047,95.55745630485742,0.2047854586790886,52.79794583532602,58.64984348576448,93.48720025004891,0.00032670518570253223,8.10419750213623,1:29:22,88.92183635243616,86.39985378051047,87.6079690625084,95.55745630485742,95.55745630485742,95.55745630485742,71.69374539791696,58.64984348576448,73.49826411408999,93.48720025004891,93.48720025004891,93.48720025004891
690,train/val,0.835194219648838,0.727704894542694,0.26872331872582433,79.16053693529598,86.22182515847463,95.08132786423828,0.2026034120549291,52.405727640014945,57.957081883019946,93.48741106515219,0.00032565218742225003,7.986685276031494,1:29:30,89.5769317568741,86.22182515847463,87.82306236193853,95.08132786423828,95.08132786423828,95.08132786423828,72.22043212243531,57.957081883019946,72.90507151080854,93.48741106515219,93.48741106515219,93.48741106515219
691,train/val,0.786978417634964,0.6922406330704689,0.23684446699917316,80.76063433710381,87.55972424915652,95.62197460412163,0.200522535876223,52.747396785259795,58.51636024389772,93.57671900022157,0.0003245988106856466,8.131888389587402,1:29:38,90.18500615227649,87.55972424915652,88.8142871398465,95.62197460412163,95.62197460412163,95.62197460412163,76.44318257708385,58.51636024389772,73.50597283222446,93.57671900022157,93.57671900022157,93.57671900022157
692,train/val,0.8154473245143891,0.7207781687378884,0.23667287901043893,80.73894683547236,87.77419225444282,95.53238467428467,0.20462107989315448,52.78622494119346,58.591374235757144,93.47654853956728,0.00032354505399109784,8.034104347229004,1:29:46,89.99298504175324,87.77419225444282,88.8377850188203,95.53238467428467,95.53238467428467,95.53238467428467,72.04913757051064,58.591374235757144,73.55834891765636,93.47654853956728,93.47654853956728,93.47654853956728
693,train/val,0.7652762725949287,0.6805650621652604,0.21177801843732597,79.9829189812507,86.74386753990152,95.9654060544867,0.20054139156220316,52.61968684489232,58.30790862807916,93.59052184172069,0.0003224909158255646,8.067668199539185,1:29:54,90.02815108695626,86.74386753990152,88.25251976267174,95.9654060544867,95.9654060544867,95.9654060544867,68.1161861659006,58.30790862807916,73.33924464178148,93.59052184172069,93.59052184172069,93.59052184172069
694,train/val,0.8163485154509544,0.7164758577942848,0.2496816571801901,80.21015740741731,87.82350304503682,95.37189976063385,0.2036310622188739,53.039765401908234,58.83722324188838,93.57256372358057,0.00032143639466446276,8.155318021774292,1:30:02,89.31114475205938,87.82350304503682,88.52252420989582,95.37189976063385,95.37189976063385,95.37189976063385,71.78637590772092,58.83722324188838,73.63646165560856,93.57256372358057,93.57256372358057,93.57256372358057
695,train/val,0.8239821627736091,0.7233690991997719,0.251532644405961,78.30650663864964,85.21144375636422,95.33863799707588,0.2070043216645417,52.77613037674549,58.69447647650025,93.53251440172282,0.00032038148897153384,7.826877117156982,1:30:10,89.31810886069034,85.21144375636422,86.8628286359686,95.33863799707588,95.33863799707588,95.33863799707588,67.92304663038283,58.69447647650025,73.57137904668903,93.53251440172282,93.53251440172282,93.53251440172284
696,train/val,0.7717249438166618,0.685647438466549,0.21519377790391445,79.47017264077628,86.38077603761212,95.91911918842828,0.20117164333743276,52.731467779693396,58.50251491833468,93.60613880266119,0.0003193261971987118,8.159899473190308,1:30:18,89.40129422478839,86.38077603761212,87.78663490623794,95.91911918842828,95.91911918842828,95.91911918842828,72.12006621149351,58.50251491833468,73.40392909486509,93.60613880266119,93.60613880266119,93.60613880266119
697,train/val,0.8029495134949685,0.7130433514714241,0.22476541250944138,79.19997803159556,86.47695874344163,95.5825020675502,0.2034810135722486,52.773740612535626,58.53942855392415,93.5384727022735,0.00031827051778598916,8.024209976196289,1:30:26,89.34290050607032,86.47695874344163,87.82747821131646,95.5825020675502,95.5825020675502,95.5825020675502,71.78296483138628,58.53942855392415,73.50062795136961,93.5384727022735,93.5384727022735,93.5384727022735
698,train/val,0.7895695328712463,0.6980358764529229,0.2288341239094734,79.61951884462424,86.7607764328892,95.74513265947922,0.20590428550836454,52.46651410862565,58.24795462205196,93.50219586121132,0.0003172144491612801,8.05598258972168,1:30:34,89.59244990838494,86.7607764328892,88.09343801325694,95.74513265947922,95.74513265947922,95.74513265947922,71.02786575382936,58.24795462205196,73.10437827739612,93.50219586121132,93.50219586121132,93.50219586121132
699,train/val,0.7817433714866638,0.6949342772364616,0.21702274717390538,76.64718126302466,84.66445516704397,95.81140140684155,0.20616434873611353,52.79512257711948,58.649716985341485,93.40967022193394,0.00031615798974028204,7.9132115840911865,1:30:42,87.08453939633509,84.66445516704397,85.82170605661531,95.81140140684155,95.81140140684155,95.81140140684155,71.71211686245638,58.649716985341485,73.60582156534096,93.40967022193394,93.40967022193394,93.40967022193394
700,train/val,0.8130724295973778,0.7112245470285415,0.25461969561874864,79.42701371052937,87.07399267831619,95.25202420556519,0.20263771155087573,53.031855509296854,58.96097848758488,93.57217537996925,0.0003151011379263351,7.892527341842651,1:30:50,89.15415140348107,87.07399267831619,88.07118344538051,95.25202420556519,95.25202420556519,95.25202420556519,67.69453799912864,58.96097848758488,73.68693612856556,93.57217537996925,93.57217537996925,93.57217537996925
701,train/val,0.7890142738819123,0.6963623210787773,0.23162988238036633,80.11456244022006,87.57577803883055,95.6554773740177,0.20262212731308551,52.99774403218974,58.830717628886894,93.60788080114621,0.00031404389211027906,7.944519281387329,1:30:58,89.22680606315035,87.57577803883055,88.36012331696456,95.6554773740177,95.6554773740177,95.6554773740177,71.59155619726016,58.830717628886894,73.64209263336063,93.60788080114621,93.60788080114621,93.60788080114621
702,train/val,0.8109637677669526,0.7052652269601822,0.26424634270370007,80.83675959199695,87.76958965781787,95.3037536639139,0.2040901985734031,52.78599349066779,58.67420679752633,93.52461993088149,0.0003129862506703085,7.980555534362793,1:31:06,90.25235549409274,87.76958965781787,88.93906236696667,95.3037536639139,95.3037536639139,95.3037536639139,68.456996362589,58.67420679752633,73.54472469419544,93.52461993088149,93.52461993088149,93.52461993088149
703,train/val,0.7981756895780563,0.7027428448200226,0.2385821186006069,80.09141807037729,87.07824592040622,95.81697241295267,0.20439312457712155,53.09521681092518,59.379263588313606,93.47849025762383,0.00031192821197182524,7.97144889831543,1:31:14,89.81333091261223,87.07824592040622,88.31625940840037,95.81697241295267,95.81697241295267,95.81697241295267,67.2989894459927,59.379263588313606,69.6265006024108,93.47849025762383,93.47849025762383,93.47849025762383
704,train/val,0.8198481664061547,0.7205770239233971,0.24817785136401654,79.18131955621135,86.2139545070001,95.5065802944275,0.20212552728567398,53.23176796435857,59.03574825321905,93.61775582440522,0.0003108697743672896,8.061623334884644,1:31:22,89.47014626253662,86.2139545070001,87.70411341772085,95.5065802944275,95.5065802944275,95.5065802944275,68.0221566766407,59.03574825321905,73.88280371053446,93.61775582440522,93.61775582440522,93.61775582440522
705,train/val,0.7871633648872376,0.6946747660636902,0.2312214933335781,79.51017437245591,86.87434181948014,95.51211199881351,0.20108877596846794,52.99880193265059,59.05790481204038,93.54896907531058,0.0003098109361960679,8.135460376739502,1:31:30,89.40688576884348,86.87434181948014,88.09273415946777,95.51211199881351,95.51211199881351,95.51211199881351,75.47013274619908,59.05790481204038,73.68693301179061,93.54896907531058,93.54896907531058,93.54896907531058
706,train/val,0.7917586833238601,0.6967300534248352,0.23757156543433666,79.81992417796326,86.97868509565907,95.60933912623473,0.2026555437173937,52.44240832057167,58.409727158503124,93.59664102748174,0.00030875169578427835,7.886916875839233,1:31:38,89.58393368782721,86.97868509565907,88.18112613799546,95.60933912623473,95.60933912623473,95.60933912623473,75.2396355201705,58.409727158503124,73.13291073070131,93.59664102748174,93.59664102748174,93.59664102748174
707,train/val,0.785706852376461,0.6933783113956451,0.23082134760916234,80.38144852177813,87.8420538993655,95.73479576655518,0.20315780138245054,53.11064652223835,59.019644289608344,93.56792579130835,0.00030769205144463456,8.228639602661133,1:31:46,89.28746172928462,87.8420538993655,88.50313313285169,95.73479576655518,95.73479576655518,95.73479576655518,75.78572965688548,59.019644289608344,73.75141488439523,93.56792579130835,93.56792579130835,93.56792579130835
708,train/val,0.7831557661294937,0.6927780523896218,0.22594428323209287,81.26801887565827,87.8416889245985,95.85765697382112,0.20695906944847273,52.69352889041402,58.40371470270739,93.47760816284956,0.0003066320014762861,7.925025463104248,1:31:54,90.66087397685874,87.8416889245985,89.1573355336441,95.85765697382112,95.85765697382112,95.85765697382112,71.68543833306357,58.40371470270739,73.2505778454933,93.47760816284956,93.47760816284956,93.47760816284956
709,train/val,0.8003924325108528,0.7057109847664833,0.23670362830162048,80.07563447202024,87.63643048868303,95.59784039317992,0.20291835438950886,52.92376300998705,58.68507248596709,93.59296840647193,0.00030557154416465787,7.998870849609375,1:32:02,89.09769843535432,87.63643048868303,88.32921623368367,95.59784039317992,95.59784039317992,95.59784039317992,75.99530924257635,58.68507248596709,73.60687497940756,93.59296840647193,93.59296840647193,93.59296840647193
710,train/val,0.7993229672312736,0.7013922184705734,0.24482685476541519,80.02413921261882,87.03644410844082,95.54645158242774,0.20579445014608377,52.63641269948639,58.299531484997146,93.4715389069814,0.0003045106777812848,8.056392908096313,1:32:10,89.72802980856439,87.03644410844082,88.315495214651,95.54645158242774,95.54645158242774,95.54645158242774,71.96704800464498,58.299531484997146,73.34125131808533,93.4715389069814,93.4715389069814,93.4715389069814
711,train/val,0.8317113921046257,0.7287586495280266,0.25738186836242677,79.0606128970464,86.17697480399397,95.40345313916394,0.205557153995967,52.473113514405924,58.403271149312395,93.50161889356023,0.0003034494005836459,7.958575487136841,1:32:18,89.28319244708662,86.17697480399397,87.65913579572762,95.40345313916394,95.40345313916394,95.40345313916394,76.03736790905853,58.403271149312395,73.13824255200572,93.50161889356023,93.50161889356023,93.50161889356023
712,train/val,0.8092897042632103,0.7122157767415047,0.24268483109772204,79.42112716286425,85.96190852847464,95.58881137514877,0.20230320662358586,52.825417193975944,58.70960356934582,93.54311618231156,0.00030238771081499485,7.8112077713012695,1:32:26,90.16724571499113,85.96190852847464,87.85071831984592,95.58881137514877,95.58881137514877,95.58881137514877,68.21897879873022,58.70960356934582,69.13046367716194,93.54311618231156,93.54311618231156,93.54311618231156
713,train/val,0.8186732351779937,0.7245118707418442,0.23540341444313526,76.24901231271414,84.14494922245431,95.4135473067925,0.20248370318635656,52.74182600363589,58.5290967798073,93.61857689375485,0.00030132560670418707,8.013674259185791,1:32:34,86.59692368422425,84.14494922245431,85.13534913377082,95.4135473067925,95.4135473067925,95.4135473067925,71.6063583685042,58.5290967798073,73.37260211237198,93.61857689375485,93.61857689375485,93.61857689375485
714,train/val,0.7902363702654839,0.6919043704867363,0.24583000354468823,79.9841958477428,87.40288355633392,95.57579524400836,0.20106112035557686,52.76018695336917,58.603727187904894,93.5915981083006,0.0003002630864655061,7.997907638549805,1:32:42,89.40325754494701,87.40288355633392,88.30857858831656,95.57579524400836,95.57579524400836,95.57579524400836,68.17858290526996,58.603727187904894,73.49427611276356,93.5915981083006,93.5915981083006,93.5915981083006
715,train/val,0.8071575939655304,0.7162431493401528,0.22728610895574092,79.32062332872223,86.86104505730965,95.68958214558586,0.2034643048283205,52.89445899237176,58.57055031416563,93.57098261030595,0.0002992001482984847,8.077759742736816,1:32:50,88.89758866930106,86.86104505730965,87.79937788418742,95.68958214558586,95.68958214558586,95.68958214558586,68.48738695676361,58.57055031416563,73.68020161503577,93.57098261030595,93.57098261030595,93.57098261030595
716,train/val,0.8683128297328949,0.7631883338093758,0.2628112494945526,76.58605037218527,85.17723386692273,94.90892986105595,0.2022304894990778,52.79564962071822,58.49881508493054,93.54440881176063,0.0002982127584832192,8.195172548294067,1:32:58,87.30427368589652,85.17723386692273,86.12286817387923,94.90892986105595,94.90892986105595,94.90892986105595,68.02148029882362,58.49881508493054,73.51056369039912,93.54440881176063,93.54440881176063,93.54440881176065
717,train/val,0.7843549400568008,0.6938247919082642,0.22632536329329014,79.38040326666706,86.34515935085577,95.69912224284475,0.20365846233114127,52.84435912293806,58.773284476918796,93.50415977033137,0.000297149009171687,8.317513704299927,1:33:07,89.65571323748736,86.34515935085577,87.89596416103468,95.69912224284475,95.69912224284475,95.69912224284475,75.69536450630652,58.773284476918796,73.6076879675313,93.50415977033137,93.50415977033137,93.50415977033137
718,train/val,0.7786530569195748,0.6883197888731957,0.2258331675082445,80.43871108328669,87.33836817435335,95.82513989693078,0.20073363161844307,53.35326737301153,59.20974232573701,93.63266267131362,0.00029608483657244685,8.013614654541016,1:33:15,89.89912260794011,87.33836817435335,88.53769584782265,95.82513989693078,95.82513989693078,95.82513989693078,68.22904161326963,59.20974232573701,74.07463348865409,93.63266267131362,93.63266267131362,93.63266267131362
719,train/val,0.7955494657158851,0.7040099993348121,0.22884867377579213,80.41828335135554,87.4483019213432,95.63294817581397,0.20191058646494084,53.27302650081097,59.1678175313621,93.6286017066925,0.00029502023882530855,7.969482421875,1:33:23,89.94584720612806,87.4483019213432,88.61657301559862,95.63294817581397,95.63294817581397,95.63294817581397,75.72673433678051,59.1678175313621,73.93934041865636,93.6286017066925,93.6286017066925,93.6286017066925
720,train/val,0.8114147990942001,0.7168678149580956,0.23636746183037757,79.41208461252745,86.36967195617746,95.42966349014944,0.20296752839929091,53.088029505011406,59.05824530323351,93.5864275905043,0.0002939552140544124,8.21003794670105,1:33:31,89.8529106653248,86.36967195617746,87.9719505770554,95.42966349014944,95.42966349014944,95.42966349014944,71.58601756658399,59.05824530323351,73.8815184590185,93.5864275905043,93.5864275905043,93.58642759050431
721,train/val,0.8194399416446686,0.722411859035492,0.24257020093500614,77.6717370315283,85.18068773123505,95.40007210135114,0.20488370007752726,52.797012503782426,58.606507248402075,93.45023548601813,0.0002928897603680345,8.010149478912354,1:33:39,88.42810334447208,85.18068773123505,86.70370544437836,95.40007210135114,95.40007210135114,95.40007210135114,72.59662992034411,58.606507248402075,73.48797601570558,93.45023548601813,93.45023548601813,93.45023548601813
722,train/val,0.7977511689066887,0.7075595572590828,0.22547902464866637,80.04512979812792,86.93804949605234,95.70412755764345,0.20417984288512064,52.886709879015434,58.623291543829694,93.44416068238408,0.0002918238758583865,8.043394804000854,1:33:47,90.0096878114972,86.93804949605234,88.33323906169484,95.70412755764345,95.70412755764345,95.70412755764345,68.1158901834727,58.623291543829694,73.54968805923974,93.44416068238408,93.44416068238408,93.44416068238408
723,train/val,0.7828913867473603,0.696330988407135,0.21640099994838238,80.50656634637284,87.54540343294013,95.91096365715683,0.20176954578644685,53.03656632889019,58.96142003767327,93.5380566198328,0.0002907575586014146,8.140865564346313,1:33:55,89.99533267745647,87.54540343294013,88.7192840418578,95.91096365715683,95.91096365715683,95.91096365715683,71.92849718237,58.96142003767327,73.86682830242108,93.5380566198328,93.5380566198328,93.5380566198328
724,train/val,0.7800804659724235,0.6919278293848038,0.22038159370422364,79.53138584977036,86.93848124409432,95.71222012253551,0.20377303171473288,52.92162712641611,58.798304647156364,93.50677831582476,0.0002896908066565937,8.091796875,1:34:03,89.10058355103897,86.93848124409432,87.89344512635637,95.71222012253551,95.71222012253551,95.71222012253551,72.14133579139818,58.798304647156364,73.70104870354662,93.50677831582476,93.50677831582476,93.50677831582476
725,train/val,0.7951391011476516,0.7040338978171349,0.22776301577687263,78.75217161211964,86.1169754865851,95.62724140664115,0.20415578833572792,52.79210863555195,58.87739113523695,93.48094791790682,0.0002886236180667183,7.837010860443115,1:34:11,89.0775937418132,86.1169754865851,87.51511291624283,95.62724140664115,95.62724140664115,95.62724140664115,71.62124055913274,58.87739113523695,73.66830908530744,93.48094791790682,93.48094791790682,93.48094791790682
726,train/val,0.7963340237736702,0.7072763994336129,0.22264404892921447,79.24940641096899,86.64217977159583,95.79388641406479,0.20325736557631524,52.931012607632425,58.61364713888108,93.54162938105685,0.00028755599085769,8.114762306213379,1:34:19,88.72925357786808,86.64217977159583,87.64295471906394,95.79388641406479,95.79388641406479,95.79388641406479,76.58469414008407,58.61364713888108,73.78537177085892,93.54162938105685,93.54162938105685,93.54162938105685
727,train/val,0.8063662856817245,0.7068130537867546,0.2488830704241991,79.7966662105972,86.9289777613958,95.52561251924135,0.20436066516242693,52.8270933874593,58.65496261231681,93.48921408906183,0.0002864879230383013,8.206349611282349,1:34:27,89.61736687896487,86.9289777613958,88.20848333757546,95.52561251924135,95.52561251924135,95.52561251924135,68.56877886633711,58.65496261231681,73.47760104462859,93.48921408906183,93.48921408906183,93.48921408906183
728,train/val,0.7878711968660355,0.6928997576236725,0.23742860034108162,79.37367900798317,86.87855322137148,95.83233157530412,0.20299266151238532,52.518935499484854,58.395014581203576,93.48035985472399,0.00028541941260001614,8.186901092529297,1:34:35,88.79853619622796,86.87855322137148,87.79807498547356,95.83233157530412,95.83233157530412,95.83233157530412,71.20016208314954,58.395014581203576,73.14235011802002,93.48035985472399,93.48035985472399,93.48035985472399
729,train/val,0.8078444063663482,0.7153923407196998,0.23113016411662102,79.37701359413896,86.5206758344506,95.61176401167342,0.20058279068150364,52.790531788962234,58.35203879899308,93.65822122870365,0.00028435045751674535,7.963444232940674,1:34:43,89.77737728174678,86.5206758344506,88.01904845159501,95.61176401167342,95.61176401167342,95.61176401167342,67.9799878548472,58.35203879899308,73.41090873563617,93.65822122870365,93.65822122870365,93.65822122870365
730,train/val,0.8143390968441964,0.7157856747508049,0.24638355299830436,80.03922928657242,86.863468473438,95.51597205359982,0.19754065614342395,52.833899713731526,58.422142868374785,93.61833833982219,0.0002832810557446208,8.179318904876709,1:34:52,90.17530121656797,86.863468473438,88.43067557348878,95.51597205359982,95.51597205359982,95.51597205359982,68.81906287957655,58.422142868374785,73.48662506781565,93.61833833982219,93.61833833982219,93.61833833982219
731,train/val,0.7832820430397988,0.6921156972646714,0.2279158629477024,80.21653177610244,87.7965364855377,95.63151565152549,0.198386848637502,52.94138584614947,58.94509963428134,93.58055250644178,0.00028221120522176285,8.123712539672852,1:35:00,89.28217416387595,87.7965364855377,88.51904744370476,95.63151565152549,95.63151565152549,95.63151565152549,67.39012010292431,58.94509963428134,73.62727914178431,93.58055250644178,93.58055250644178,93.58055250644178
732,train/val,0.8026324138045311,0.705164435505867,0.24366996958851814,80.29340961362925,87.600695427358,95.56232000343896,0.19818232808139283,52.94442075455527,58.50649340713009,93.70212070007923,0.0002811409038680459,8.209862232208252,1:35:08,89.62639196276523,87.600695427358,88.57725810747871,95.56232000343896,95.56232000343896,95.56232000343896,72.46282000597269,58.50649340713009,73.52821292675915,93.70212070007923,93.70212070007923,93.70212070007923
733,train/val,0.8056923538446427,0.7137665018439293,0.22981463577598332,81.0610893591575,88.15956264370396,95.6377751349028,0.20010483851556154,52.99287061365402,58.9331930152408,93.59672424396989,0.00028007014958485795,7.987880229949951,1:35:16,90.10241292094383,88.15956264370396,89.09182320226596,95.6377751349028,95.6377751349028,95.6377751349028,67.9941281169362,58.9331930152408,73.71776592239108,93.59672424396989,93.59672424396989,93.59672424396989
734,train/val,0.7871630042791367,0.694589376449585,0.23143407627940177,79.90620267673853,86.89595070215692,95.61359999811184,0.2009267389465203,53.06057727001357,59.004749864939264,93.60511246597416,0.00027899894025485876,7.972824335098267,1:35:24,89.7881416388821,86.89595070215692,88.27627535109053,95.61359999811184,95.61359999811184,95.61359999811184,67.8047645605503,59.004749864939264,73.79257807816275,93.60511246597416,93.60511246597416,93.60511246597416
735,train/val,0.8073659688234329,0.7113802328705787,0.23996434025466443,80.90345701888688,88.13594000188677,95.47545429134229,0.20239548265674076,52.91126262136879,58.580516830925156,93.58461347106291,0.0002779272737417303,8.083796977996826,1:35:32,89.77195497213707,88.13594000188677,88.90334445226618,95.47545429134229,95.47545429134229,95.47545429134229,68.02316790552044,58.580516830925156,73.52656957413392,93.58461347106291,93.58461347106291,93.58461347106291
736,train/val,0.8044356971979141,0.7098416417837143,0.23648513853549957,76.41103157482341,82.51732284911762,95.79746177323267,0.2026443426480646,53.313031173719104,59.24330028483239,93.57122671200449,0.0002768551478899258,8.153267860412598,1:35:40,89.47005017720352,82.51732284911762,84.75773569474472,95.79746177323267,95.79746177323267,95.79746177323267,67.80564479781448,59.24330028483239,74.03721184271303,93.57122671200449,93.57122671200449,93.57122671200449
737,train/val,0.8185591369867324,0.7173029974102973,0.2531403563916683,79.33451968505632,86.22069290873876,95.34887057415902,0.20218138808701328,53.11357961975786,58.89076817129401,93.6120860076801,0.00027578256052441234,8.10412073135376,1:35:48,89.71953953039107,86.22069290873876,87.86598267799035,95.34887057415902,95.34887057415902,95.34887057415902,68.32942985883221,58.89076817129401,73.7944867609752,93.6120860076801,93.6120860076801,93.6120860076801
738,train/val,0.8072901293635368,0.7085649415850639,0.2468129675835371,79.91719521891856,86.89510833750062,95.52516156436852,0.19905207495909633,52.911924580194636,58.722687685117734,93.62560591311954,0.0002747095094504101,8.057921886444092,1:35:56,89.67353838944081,86.89510833750062,88.1451695685722,95.52516156436852,95.52516156436852,95.52516156436852,71.46525257910636,58.722687685117734,73.50716954348727,93.62560591311954,93.62560591311954,93.62560591311954
739,train/val,0.8025679871439934,0.7076232179999351,0.23736192360520364,78.63020569128439,86.27758476324748,95.63948492489322,0.2039489468197543,53.066238555817435,58.979972001549086,93.50763821953552,0.0002736359924531268,8.202096223831177,1:36:05,88.6553871683426,86.27758476324748,87.41220865735092,95.63948492489322,95.63948492489322,95.63948492489322,67.85638828809518,58.979972001549086,73.78207213599198,93.50763821953552,93.50763821953552,93.50763821953552
740,train/val,0.8196159720420837,0.7250184744596482,0.2364937338978052,76.80055806348669,84.54183885045126,95.55011215250705,0.20182918556986984,53.36230669825138,59.41129977005994,93.61965316033476,0.00027256200729748646,8.013307809829712,1:36:13,87.88811622514913,84.54183885045126,86.08730085491707,95.55011215250705,95.55011215250705,95.55011215250705,67.58217614508733,59.41129977005994,74.00927546223126,93.61965316033476,93.61965316033476,93.61965316033476
741,train/val,0.7838336229324341,0.6888599470257759,0.23743419013917447,80.65449464835022,88.221453317447,95.70828969630324,0.20087011337698668,53.26934721330251,59.274978574473536,93.56693828898246,0.00027148755172785475,8.025879859924316,1:36:21,89.45548026698353,88.221453317447,88.81223729757363,95.70828969630324,95.70828969630324,95.70828969630323,68.33964377787612,59.274978574473536,73.94746406082761,93.56693828898246,93.56693828898246,93.56693828898246
742,train/val,0.7917890414595604,0.7022129014134407,0.22394034303724766,77.80968319300909,85.16805409673417,95.72868312562001,0.1994628809543339,52.6656808096658,58.58366915532861,93.59342887103963,0.000270412623467758,7.984887599945068,1:36:29,88.75213806558874,85.16805409673417,86.81995716984581,95.72868312562001,95.72868312562001,95.72868312562001,68.21888002987694,58.58366915532861,73.38833576630488,93.59342887103963,93.59342887103963,93.59342887103963
743,train/val,0.7821356907486916,0.6881674766540528,0.2349205270409584,80.92159479336172,87.8056621248821,95.75084796700718,0.19900311614195157,52.90651454462719,58.958165253075364,93.56154586055113,0.00026933722021959785,8.272048473358154,1:36:37,90.07303632802297,87.8056621248821,88.89407812086083,95.75084796700718,95.75084796700718,95.75084796700718,67.86458277900674,58.958165253075364,73.64003783390139,93.56154586055113,93.56154586055113,93.56154586055113
744,train/val,0.7925777867436409,0.6924103364348412,0.25041862279176713,80.44725248548312,87.63530532304648,95.58674090623448,0.1993517418670723,53.08957409062707,58.946335955810916,93.60632742670097,0.0002682613396643613,8.217872142791748,1:36:45,89.80443802636874,87.63530532304648,88.67478268819875,95.58674090623448,95.58674090623448,95.58674090623448,71.92564010819173,58.946335955810916,73.81998174228495,93.60632742670097,93.60632742670097,93.60632742670097
745,train/val,0.7665482133626937,0.6816418290138244,0.21226597279310228,78.39177707691395,85.27532140294338,95.87616404194638,0.20125044198357261,53.07438648636354,59.10713703743563,93.62164480828419,0.0002671849794613235,8.17519474029541,1:36:53,88.85130680878136,85.27532140294338,86.93429616086156,95.87616404194638,95.87616404194638,95.87616404194638,75.73169892918953,59.10713703743563,73.92715780178813,93.62164480828419,93.62164480828419,93.62164480828419
746,train/val,0.7882185786962509,0.7008081093430519,0.2185261810198426,80.51123573530944,87.92372983965524,95.7059294832152,0.20136716242669875,53.01450191308204,59.00947608433824,93.56759847312168,0.00026610813724774733,8.16076397895813,1:37:01,89.5734406209045,87.92372983965524,88.71791047965736,95.7059294832152,95.7059294832152,95.7059294832152,71.65339436707623,59.00947608433824,73.87643547534493,93.56759847312168,93.56759847312168,93.56759847312168
747,train/val,0.7821752160787583,0.690315754711628,0.22964866384863852,80.97349709942205,88.217402110914,95.68956402120641,0.20278475551883426,53.03628270935701,58.95881901771441,93.60034138732094,0.00026503081063857577,8.089672088623047,1:37:09,89.9698433519862,88.217402110914,89.05943072844855,95.68956402120641,95.68956402120641,95.68956402120641,68.40501422749031,58.95881901771441,73.8720422917002,93.60034138732094,93.60034138732094,93.60034138732094
748,train/val,0.7923244282603263,0.6979585498571396,0.2359146937727928,80.09909946819602,87.16460114500137,95.61052194046191,0.1978731060135341,52.82428190804628,58.59287896253211,93.69678374930666,0.0002639529972261202,8.04070496559143,1:37:17,89.77256051510709,87.16460114500137,88.40788914696527,95.61052194046191,95.61052194046191,95.61052194046191,67.77536205957875,58.59287896253211,73.39847741152077,93.69678374930666,93.69678374930666,93.69678374930666
749,train/val,0.8051375702023507,0.7070815965533257,0.24513993076980115,79.68723242948353,86.88461456961673,95.50114898602902,0.20106497150195887,52.8906465332697,58.72154221929996,93.63301772832968,0.0002628746945797409,7.979215860366821,1:37:25,89.50743749757855,86.88461456961673,88.14117936171219,95.50114898602902,95.50114898602902,95.50114898602902,71.50684173343839,58.72154221929996,73.6096841625214,93.63301772832968,93.63301772832968,93.63301772832968
750,train/val,0.8121285781264305,0.7131686672568321,0.24739975966513156,80.0471896252166,87.76062938014904,95.39700706249963,0.20133793783627088,52.84573073700014,58.813797936316625,93.61612478123772,0.0002617959002455229,8.06406283378601,1:37:34,89.15646736171877,87.76062938014904,88.38795162444242,95.39700706249963,95.39700706249963,95.39700706249963,71.73573160445322,58.813797936316625,73.5450937782137,93.61612478123772,93.61612478123772,93.61612478123772
751,train/val,0.7936463043093681,0.7032442688941956,0.22600509002804756,79.07943171845608,86.20978898321447,95.70203957967452,0.20418586372806316,52.83250444912614,58.925837990556204,93.52822043093492,0.00026071661174594636,8.175542116165161,1:37:42,88.74771732063253,86.20978898321447,87.38601335445125,95.70203957967452,95.70203957967452,95.70203957967452,67.11121825952661,58.925837990556204,73.52964306944608,93.52822043093492,93.52822043093492,93.52822043093492
752,train/val,0.7907513082027435,0.6956901729106904,0.23765284568071365,81.0009314884026,88.53187449906545,95.7382535068519,0.20671729564450728,52.85018559223482,58.84380751366849,93.43415251274405,0.00025963682657954824,8.15345311164856,1:37:50,89.61959398485106,88.53187449906545,89.0292277410596,95.7382535068519,95.7382535068519,95.7382535068519,67.98758552139586,58.84380751366849,73.62527967262359,93.43415251274405,93.43415251274405,93.43415251274403
753,train/val,0.8154421478509903,0.718357515335083,0.24271158464252948,81.17213770729683,88.3947482895799,95.532600963508,0.1989475424808383,52.8694913359932,58.64485701983497,93.62375850708288,0.0002585565422205804,7.983347654342651,1:37:58,90.12069079330355,88.3947482895799,89.21165160856943,95.532600963508,95.532600963508,95.532600963508,67.87914856206584,58.64485701983497,73.57156425160429,93.62375850708288,93.62375850708288,93.62375850708288
754,train/val,0.7771615862846375,0.6895752966403961,0.21896572411060333,80.10946723296023,87.42586797028521,95.74795826961157,0.19852821004621066,53.089924064236115,59.2422991565234,93.62079600010519,0.0002574757561186594,8.209229469299316,1:38:06,89.47688423826555,87.42586797028521,88.4154299475993,95.74795826961157,95.74795826961157,95.74795826961157,71.14807419464995,59.2422991565234,73.92026115707456,93.62079600010519,93.62079600010519,93.62079600010519
755,train/val,0.7813703358173371,0.6943976640701294,0.21743168234825133,79.46970476008869,86.88911320051638,95.8094091656468,0.19978028771053633,53.15028142719422,58.93640180554779,93.63931999036464,0.0002563944656984104,8.238523244857788,1:38:14,89.36467179284838,86.88911320051638,88.06903698282123,95.8094091656468,95.8094091656468,95.8094091656468,68.02537646423319,58.93640180554779,73.84284892882418,93.63931999036464,93.63931999036464,93.63931999036464
756,train/val,0.8176306247711181,0.7180649667978287,0.2489141371101141,79.51413371155017,86.75125938549003,95.46762407948987,0.19955120290404463,52.675857918254366,58.469094188278845,93.6518690367758,0.0002553126683591039,8.189316034317017,1:38:22,89.59000647333228,86.75125938549003,88.10671335653494,95.46762407948987,95.46762407948987,95.46762407948987,67.70173301019709,58.469094188278845,73.32973392216824,93.6518690367758,93.6518690367758,93.6518690367758
757,train/val,0.7879822507500649,0.6957621440291405,0.2305502612143755,80.32569596237077,87.57106637532118,95.63581240372675,0.20088983741835215,52.962631857228196,58.889799237583276,93.67590195854999,0.0002542303614742854,8.144503116607666,1:38:31,89.94800826623619,87.57106637532118,88.71779549741827,95.63581240372675,95.63581240372675,95.63581240372675,71.29908382562078,58.889799237583276,73.67951682951926,93.67590195854999,93.67590195854999,93.67590195854999
758,train/val,0.760856257379055,0.6777628481388092,0.20773352198302747,80.60815286558702,87.7383475255999,95.97945854395607,0.1999479628662649,52.90403017839394,58.64169888428486,93.6647121147784,0.00025314754239139754,8.13855504989624,1:38:39,89.55828310228642,87.7383475255999,88.58086859458669,95.97945854395607,95.97945854395607,95.97945854395607,68.142679391551,58.64169888428486,73.64667580743468,93.6647121147784,93.6647121147784,93.6647121147784
759,train/val,0.7753749370574952,0.6921277180314064,0.20811804682016372,77.94203622367603,84.93495941142642,95.91571050994136,0.20027514149195458,52.738133769759884,58.32972745404839,93.656418204794,0.0002520642084313968,8.065028190612793,1:38:47,88.33103220581498,84.93495941142642,86.37992109616238,95.91571050994136,95.91571050994136,95.91571050994136,71.8102759986067,58.32972745404839,73.41975983468654,93.656418204794,93.656418204794,93.656418204794
760,train/val,0.7980540320277214,0.7062208920717239,0.2295828565955162,80.33435980372397,86.9739811021699,95.73380143684956,0.20016058576106804,52.75280892321991,58.585355093979494,93.67425981985072,0.00025098035688835935,8.100236415863037,1:38:55,90.36786496126332,86.9739811021699,88.55482898897895,95.73380143684956,95.73380143684956,95.73380143684956,67.75797034397159,58.585355093979494,73.40385054362359,93.67425981985072,93.67425981985072,93.67425981985072
761,train/val,0.793139486014843,0.6991188332438469,0.23505162820219994,80.66109712490504,87.47184705789604,95.69276869110936,0.1970398157591807,52.87636261290194,58.75664276260484,93.66456787286562,0.00024989598502908226,8.061919689178467,1:39:03,89.95823161867594,87.47184705789604,88.6634747857468,95.69276869110936,95.69276869110936,95.69276869110936,67.68835831009497,58.75664276260484,73.5713389698034,93.66456787286562,93.66456787286562,93.66456787286563
762,train/val,0.8184252917766571,0.7253670528531074,0.23264559917151928,78.82042010830139,86.05394040674419,95.53557754598475,0.1986436419340283,53.1011395692801,59.0524945282161,93.71215660854864,0.00024881109009267544,8.096299886703491,1:39:11,89.14133018347509,86.05394040674419,87.51311136627872,95.53557754598475,95.53557754598475,95.53557754598475,67.75889054101715,59.0524945282161,73.8643539273814,93.71215660854864,93.71215660854864,93.71215660854864
763,train/val,0.8005536541342735,0.6987615019083023,0.2544803760945797,75.65265229206581,82.18304108598775,95.70605736577915,0.19662643417029332,53.293460557407144,59.18736002790892,93.69866998970446,0.0002477256692901451,8.102254152297974,1:39:19,89.36381348955193,82.18304108598775,87.9997733788869,95.70605736577915,95.70605736577915,95.70605736577915,67.70698643810145,59.18736002790892,73.99893021387246,93.69866998970446,93.69866998970446,93.69866998970446
764,train/val,0.791725417971611,0.7020679250359535,0.22414372600615023,78.66751016012428,85.81310726593023,95.60938737421193,0.20028418543388024,52.85925427581235,58.59804115268318,93.58525146413864,0.0002466397198039697,8.202566862106323,1:39:27,89.20026364816324,85.81310726593023,87.34982932976433,95.60938737421193,95.60938737421193,95.60938737421193,71.837869668617,58.59804115268318,73.49263880405576,93.58525146413864,93.58525146413864,93.58525146413864
765,train/val,0.8102670148015022,0.7118155211210251,0.24612873438745736,79.51058504881516,86.69138051230438,95.56214496910974,0.19962176680192212,52.4747978886773,58.4228906472631,93.59283526009091,0.0002455532387876668,8.026177406311035,1:39:35,89.54607060063702,86.69138051230438,88.02767067663811,95.56214496910974,95.56214496910974,95.56214496910974,66.79975970418946,58.4228906472631,73.08973463845346,93.59283526009091,93.59283526009091,93.59283526009091
766,train/val,0.8033662304282189,0.7085686191916466,0.23699403051286935,79.10523050736927,86.20270882845567,95.84514431144488,0.19981036960415968,52.64474846803019,58.5044196577434,93.69181295108191,0.00024446622336535273,8.100044250488281,1:39:44,89.21970085345068,86.20270882845567,87.6441093222506,95.84514431144488,95.84514431144488,95.84514431144488,67.70258845639202,58.5044196577434,73.29167940326381,93.69181295108191,93.69181295108191,93.69181295108191
767,train/val,0.8035629361867904,0.7102843940258026,0.23319636136293412,80.57958274940995,87.84531258571803,95.70637981403931,0.19889901361554893,53.026960352561446,58.790189666590784,93.67561347472444,0.0002433786706312899,8.103604555130005,1:39:52,89.75593980050587,87.84531258571803,88.75883686883192,95.70637981403931,95.70637981403931,95.70637981403931,68.10529908043934,58.790189666590784,73.68560647201707,93.67561347472444,93.67561347472444,93.67561347472444
768,train/val,0.7877852872014046,0.6992935419082642,0.22122936137020588,81.23715357202099,88.64458215786553,95.71408946864102,0.19871506140142448,53.060636091231075,59.11071793901645,93.69014307355327,0.00024229057764942866,8.142948865890503,1:40:00,89.77914390655745,88.64458215786553,89.18618493796414,95.71408946864102,95.71408946864102,95.71408946864102,71.4107401672194,59.11071793901645,73.84237548531665,93.69014307355327,93.69014307355327,93.69014307355327
769,train/val,0.8016768887639045,0.7038274630904198,0.24462355747818948,80.81906391900995,87.97335109730263,95.58982907284665,0.20033248133634474,53.01524595058177,58.90672359507283,93.66733620803767,0.000241201941452938,8.152825593948364,1:40:08,89.8999592299105,87.97335109730263,88.90514702065788,95.58982907284665,95.58982907284665,95.58982907284665,75.841835077677,58.90672359507283,73.70049644024573,93.66733620803767,93.66733620803767,93.66733620803765
770,train/val,0.8063430324196815,0.7078027218580246,0.246350759267807,80.56962259076501,87.53583479292007,95.48136860736123,0.1998651451237995,53.170540473513384,58.714276523493815,93.72135480437079,0.00024011275904372624,8.17998719215393,1:40:16,89.9852941964961,87.53583479292007,88.70238103033418,95.48136860736123,95.48136860736123,95.48136860736123,68.73178498882115,58.714276523493815,73.85115018632207,93.72135480437079,93.72135480437079,93.72135480437079
771,train/val,0.8213888242840767,0.7138760611414909,0.2687819119542837,81.62324389936782,88.12667393790299,95.23915533748789,0.2017571690675132,52.98791720549963,58.73367079957068,93.60284897749682,0.00023902302739195255,8.19163179397583,1:40:24,90.99351994362151,88.12667393790299,89.48159304460064,95.23915533748789,95.23915533748789,95.23915533748789,68.4437510102304,58.73367079957068,73.64735493963366,93.60284897749682,93.60284897749682,93.60284897749682
772,train/val,0.8095208913087845,0.7139450654387474,0.23893956653773785,81.22245344482026,87.95564395507141,95.57821840060882,0.2006053057258658,52.97261924352302,58.535483221824656,93.66792981898638,0.00023793274343552822,7.998196601867676,1:40:32,90.34691756987391,87.95564395507141,89.09023336792266,95.57821840060882,95.57821840060882,95.57821840060882,68.45457675867931,58.535483221824656,73.49359200011541,93.66792981898638,93.66792981898638,93.66792981898638
773,train/val,0.8071990713477135,0.7150966137647629,0.23025614209473133,79.58189413478159,86.5858249863216,95.76262095729435,0.1992637222272599,52.7816035542925,58.65748205859425,93.66026835431184,0.00023684190407960765,8.060377597808838,1:40:40,89.65060297577774,86.5858249863216,88.01928364540419,95.76262095729435,95.76262095729435,95.76262095729435,68.35522962334257,58.65748205859425,73.51643040907086,93.66026835431184,93.66026835431184,93.66026835431184
774,train/val,0.8078158721327782,0.7095825120806694,0.24558341465890407,80.6834427615052,87.52460940051229,95.55790043739802,0.20015462516339558,52.96651016229321,58.78253880785087,93.62814124212481,0.00023575050619606769,7.993027448654175,1:40:48,90.13222968239386,87.52460940051229,88.76483276776935,95.55790043739802,95.55790043739802,95.55790043739802,71.35564471193821,58.78253880785087,73.57101603017048,93.62814124212481,93.62814124212481,93.62814124212481
775,train/val,0.7850219145417213,0.6940367951989174,0.22746280170977115,80.16748255030838,87.73176522611364,95.71036102813576,0.1993693870132016,52.88316831560501,58.763383768441834,93.67398797932282,0.00023465854662297735,8.206045866012573,1:40:57,89.48037052228281,87.73176522611364,88.54889601471379,95.71036102813576,95.71036102813576,95.71036102813576,68.33185914418462,58.763383768441834,73.60447179593045,93.67398797932282,93.67398797932282,93.67398797932282
776,train/val,0.7826243281364441,0.6973456338047981,0.21319673024117947,78.20766195136017,86.95713276772044,95.72385248505661,0.20350895914259057,52.763795691815794,58.67744447682828,93.60136217624209,0.00023356602216405552,7.936790943145752,1:41:04,87.6674177810002,86.95713276772044,87.18735655861327,95.72385248505661,95.72385248505661,95.72385248505661,75.33382157528531,58.67744447682828,73.51657470262904,93.60136217624209,93.60136217624209,93.60136217624209
777,train/val,0.8163861900568008,0.7227354109287262,0.23412694595754147,79.92206942921274,87.47271586441796,95.63326651077804,0.20233906946261954,53.02522917437508,58.75062556353853,93.65882593518413,0.0002324729295881171,7.9784910678863525,1:41:12,89.16862551361154,87.47271586441796,88.27019151522755,95.63326651077804,95.63326651077804,95.63326651077804,71.93608043101692,58.75062556353853,73.81777755074071,93.65882593518413,93.65882593518413,93.65882593518413
778,train/val,0.7816430628299713,0.6907080873847008,0.22733743004500867,80.37406085029708,87.57726368455377,95.75858886873056,0.20354283952216204,52.81065579049052,58.656971128600055,93.61382245839924,0.0002313792656285072,8.03139066696167,1:41:21,89.56262326307849,87.57726368455377,88.4852698894804,95.75858886873056,95.75858886873056,95.75858886873056,71.67067807693309,58.656971128600055,73.52419193859812,93.61382245839924,93.61382245839924,93.61382245839924
779,train/val,0.800739723443985,0.707863949239254,0.23218943029642106,78.90337033218103,85.69615715215845,95.60549479212715,0.20152338079576487,52.81065622178457,58.45240074937939,93.60982806696863,0.00023028502698252374,8.160932302474976,1:41:29,89.60996102784607,85.69615715215845,87.47359751891797,95.60549479212715,95.60549479212715,95.60549479212715,72.04769481073788,58.45240074937939,73.50384386774103,93.60982806696863,93.60982806696863,93.60982806696863
780,train/val,0.799374894797802,0.7086847737431526,0.2267253052443266,79.48158107715764,86.9346531724863,95.76093150680866,0.20263767536037178,53.14873179309977,58.88707838867915,93.63058780687605,0.0002291902103108272,8.18172836303711,1:41:37,89.16764084074028,86.9346531724863,88.01122569048107,95.76093150680866,95.76093150680866,95.76093150680866,68.0663179223436,58.88707838867915,73.846331176816,93.63058780687605,93.63058780687605,93.63058780687605
781,train/val,0.7985060572624206,0.7073980689048767,0.22776996418833734,80.91475329773733,88.23451494485714,95.8425160203107,0.20259502864387804,52.86789348512855,58.536271365286865,93.58504619680123,0.00022809481223683698,8.22695016860962,1:41:45,89.84641303553333,88.23451494485714,89.00238053348399,95.8425160203107,95.8425160203107,95.8425160203107,68.89203625371614,58.536271365286865,73.63288753481834,93.58504619680123,93.58504619680123,93.58504619680122
782,train/val,0.7854877963662148,0.6963602393865586,0.22281888350844384,78.79416544321752,85.6117197376417,95.81736648170657,0.2004147291325502,53.195136490395676,59.136297121234286,93.6450952146414,0.00022699882934611553,8.205678939819336,1:41:53,89.34478457671867,85.6117197376417,87.32417203312846,95.81736648170657,95.81736648170657,95.81736648170657,76.10104081473501,59.136297121234286,74.03675063205206,93.6450952146414,93.6450952146414,93.6450952146414
783,train/val,0.7799425825476647,0.6950184687972069,0.2123102806508541,79.96475196402507,87.51512073039804,95.89582441438019,0.20160243906001096,53.181006592946346,59.068852533609295,93.63244076067859,0.0002259022581857377,8.066620111465454,1:42:01,89.00755561571107,87.51512073039804,88.20973909152832,95.89582441438019,95.89582441438019,95.89582441438019,68.03977286617564,59.068852533609295,74.00077013963786,93.63244076067859,93.63244076067859,93.63244076067859
784,train/val,0.7837745279073716,0.6972937241196633,0.21620200164616107,80.7784614359655,87.39060903996698,95.85426384328423,0.19990777602049212,52.842927485611135,58.51181470286257,93.6225823807172,0.00022480509526364814,8.116717100143433,1:42:09,90.40425024169215,87.39060903996698,88.81736221602375,95.85426384328423,95.85426384328423,95.85426384328423,76.13512490624366,58.51181470286257,73.53740752407025,93.6225823807172,93.6225823807172,93.6225823807172
785,train/val,0.801214124262333,0.704486283659935,0.24181959815323353,77.88879552399554,85.17885850293574,95.79539141569455,0.20264488312181828,52.82637300097262,58.61890879534598,93.57019482755157,0.00022370733704800197,8.177513360977173,1:42:18,88.71954529657154,85.17885850293574,86.83755572494081,95.79539141569455,95.79539141569455,95.79539141569455,71.68515561912581,58.61890879534598,73.49676463779124,93.57019482755157,93.57019482755157,93.57019482755157
786,train/val,0.7770565912127495,0.6875914663076401,0.223662805557251,81.31224569047274,88.13099000109513,95.77388304440623,0.20126096171790508,52.65150493893979,58.34546016258804,93.67922507030961,0.00022260897996649197,8.268414974212646,1:42:26,90.5228426550195,88.13099000109513,89.27605667695137,95.77388304440623,95.77388304440623,95.77388304440623,71.37760203405315,58.34546016258804,73.28623060973129,93.67922507030961,93.67922507030961,93.67922507030961
787,train/val,0.8240933299064637,0.7303204581141471,0.23443217314779757,77.2612570908019,84.33070905839104,95.38627591421883,0.19948274867416718,52.885479972325776,58.48780291880066,93.65960262240674,0.0002215100204056614,8.185060739517212,1:42:34,88.75493034141479,84.33070905839104,86.39392028661294,95.38627591421883,95.38627591421883,95.38627591421883,68.49997893033347,58.48780291880066,69.26601709241018,93.65960262240674,93.65960262240674,93.65960262240674
788,train/val,0.7900819167494774,0.7020896092057228,0.21998076979070902,79.06377032702092,86.80641364460652,95.81138519902859,0.20191722558038508,53.12520055250592,58.99821525397305,93.62391939229329,0.0002204104547101996,8.132251977920532,1:42:42,88.66307186813754,86.80641364460652,87.69839836450211,95.81138519902859,95.81138519902859,95.81138519902859,67.88254684036063,58.99821525397305,73.9418850722377,93.62391939229329,93.62391939229329,93.62391939229329
789,train/val,0.7963488459587097,0.6961817428469658,0.25041775330901145,81.3744432675186,88.15247200187855,95.55087196004204,0.20125691748326544,52.98742349559831,58.91532429145497,93.61923707789407,0.0002193102791822225,8.22293210029602,1:42:50,90.53299871525927,88.15247200187855,89.30336991952686,95.55087196004204,95.55087196004204,95.55087196004204,71.5121839310627,58.91532429145497,73.75954305616959,93.61923707789407,93.61923707789407,93.61923707789407
790,train/val,0.8160694226622581,0.7155122727155685,0.2513928797096014,80.34261801877513,87.75064876865484,95.35892839449646,0.20095565104169846,53.09822448796435,58.95235444723066,93.6030376015366,0.00021820949008053675,8.225826740264893,1:42:59,89.61391424220623,87.75064876865484,88.6435078366108,95.35892839449646,95.35892839449646,95.35892839449646,68.08870335415983,58.95235444723066,73.92181911395531,93.6030376015366,93.6030376015366,93.6030376015366
791,train/val,0.7961841985583306,0.7057228416204453,0.22615339197218418,79.39854088791564,86.839379547052,95.81078986717309,0.20442974611648068,53.37883431179483,59.37013661707983,93.56076917332852,0.00021710808361988688,8.019033432006836,1:43:07,88.93448177947924,86.839379547052,87.81692929890188,95.81078986717309,95.81078986717309,95.81078986717309,68.1033969291195,59.37013661707983,74.22936391588901,93.56076917332852,93.56076917332852,93.56076917332852
792,train/val,0.8172384530305863,0.7161467790603637,0.2527291875332594,77.9785277567956,85.79250927674259,95.26223877030297,0.2036684773488048,52.761736792709826,58.72484037323245,93.54076392958021,0.0002160060559701844,8.010200023651123,1:43:15,88.35373035672698,85.79250927674259,87.02450701955311,95.26223877030297,95.26223877030297,95.26223877030297,67.81639035619497,58.72484037323245,73.63566208693624,93.54076392958021,93.54076392958021,93.54076392958021
793,train/val,0.7973290160298347,0.694597889482975,0.2568278029561043,82.08267679154108,88.70753465446745,95.66607546153739,0.20085731559129144,53.12254775416765,59.01045755241911,93.6010126669919,0.00021490340325571987,8.134068489074707,1:43:23,90.7303552489755,88.70753465446745,89.6776229887567,95.66607546153739,95.66607546153739,95.66607546153739,77.58421329232624,59.01045755241911,69.71103518047425,93.6010126669919,93.6010126669919,93.6010126669919
794,train/val,0.775511448085308,0.683068135380745,0.23110826537013054,79.81790033211409,87.31745368800355,95.79547504764867,0.20091097418962953,53.08383030064206,59.18347337472881,93.56726560716913,0.00021380012155435653,8.431516408920288,1:43:31,89.27708930148577,87.31745368800355,88.25405669868242,95.79547504764867,95.79547504764867,95.79547504764867,68.62311059581202,59.18347337472881,69.60327218069725,93.56726560716913,93.56726560716913,93.56726560716912
795,train/val,0.7794147878885269,0.6876850992441177,0.22932422906160355,80.37724195185794,87.50655361207447,95.83752542726057,0.2015068317668153,52.67819937338142,58.39783864520277,93.53142703961116,0.00021269620689670342,8.119362831115723,1:43:39,89.7734325614216,87.50655361207447,88.58705461909659,95.83752542726057,95.83752542726057,95.83752542726057,67.99029352534292,58.39783864520277,73.34434690144953,93.53142703961116,93.53142703961116,93.53142703961116
796,train/val,0.8037827730178833,0.7103237554430961,0.2336475381627679,75.6365270699752,82.90305493622064,95.52963201951155,0.20179188464590053,52.625718719995376,58.55590206250451,93.60101821475779,0.00021159165526527123,8.184446573257446,1:43:48,87.27733800927176,82.90305493622064,84.70218766377103,95.52963201951155,95.52963201951155,95.52963201951155,75.66200891904748,58.55590206250451,73.32635134521584,93.60101821475779,93.60101821475779,93.60101821475779
797,train/val,0.8048117995262146,0.7117714360356331,0.2326009064912796,80.74465862671252,87.93096502039589,95.84609791148881,0.20221427225253275,53.00591860320066,58.65294377348673,93.55187055686366,0.00021048646259360653,8.147303819656372,1:43:56,89.61268102837347,87.93096502039589,88.73298145204738,95.84609791148881,95.84609791148881,95.84609791148881,76.28912452733114,58.65294377348673,73.71198102033591,93.55187055686366,93.55187055686366,93.55187055686366
798,train/val,0.8071227133274078,0.7101982653141021,0.24231112338602542,78.56931211770163,85.70788272394027,95.67427455987631,0.20430746122083915,52.76153257449653,58.6118002859058,93.50734973570998,0.00020938062476540578,8.363268375396729,1:44:04,88.76374685955824,85.70788272394027,87.14815396892854,95.67427455987631,95.67427455987631,95.67427455987631,68.2380325476934,58.6118002859058,69.22477052527685,93.50734973570998,93.50734973570998,93.50734973570998
799,train/val,0.8011174514889717,0.7065495491027832,0.2364197511225939,81.3148552305651,88.49880286297541,95.50801346519351,0.20278334365576078,52.951230117729395,58.55598742231884,93.62110112722836,0.00020827413761360746,8.02858281135559,1:44:12,90.24882610666005,88.49880286297541,89.33912479556435,95.50801346519351,95.50801346519351,95.50801346519351,72.45566116980021,58.55598742231884,73.59719089974655,93.62110112722836,93.62110112722836,93.62110112722834
800,train/val,0.804170049726963,0.7046290740370751,0.2488524429500103,79.14405242046416,86.22076708416208,95.52289933476659,0.20278082765725225,52.36353564365244,58.03699789121593,93.56342100541717,0.00020716699691946332,8.096850156784058,1:44:20,89.2817843795668,86.22076708416208,87.60878523084472,95.52289933476659,95.52289933476659,95.52289933476659,75.68153902256836,58.03699789121593,73.01430669625732,93.56342100541717,93.56342100541717,93.56342100541715
801,train/val,0.7861472353339195,0.6950997069478035,0.2276188127696514,79.35313544198387,86.80904408045095,95.68861281691817,0.20277524326745325,52.825765182007935,58.84318003490829,93.55844465942653,0.00020605919841158634,8.243725538253784,1:44:28,88.95244311942726,86.80904408045095,87.82622693479988,95.68861281691817,95.68861281691817,95.68861281691817,67.43912845495409,58.84318003490829,73.61718778338867,93.55844465942653,93.55844465942653,93.55844465942653
802,train/val,0.7905146062374115,0.6986052960157394,0.22977327033877373,78.48286889839467,86.48479977863207,95.63115949762256,0.20262274623571602,52.84583767281404,58.60738738896757,93.59085470767323,0.00020495073776497478,8.235129117965698,1:44:37,88.28925512075556,86.48479977863207,87.33553880270331,95.63115949762256,95.63115949762256,95.63115949762256,68.66761447053624,58.60738738896757,73.71233786626658,93.59085470767323,93.59085470767323,93.59085470767323
803,train/val,0.785624073445797,0.6932033568620681,0.23105179257690905,80.95919985999133,87.929732364945,95.77688919091084,0.20231652364549355,53.05073497547513,58.89101436376713,93.62637705257629,0.00020384161060001303,8.196853876113892,1:44:45,90.22613517463144,87.929732364945,88.97531401217765,95.77688919091084,95.77688919091084,95.77688919091084,76.21848185817629,58.89101436376713,73.82198100791189,93.62637705257629,93.62637705257629,93.62637705257629
804,train/val,0.7746362671256065,0.6849014773964882,0.22433696854859592,78.04979948002104,85.48179837417719,95.91464051841434,0.20280481632692518,52.85695486821936,58.39866522742424,93.61098200227082,0.00020273181248144757,8.058494091033936,1:44:53,88.43200739944447,85.48179837417719,86.80273694393837,95.91464051841434,95.91464051841434,95.91464051841434,72.34884257240756,58.39866522742424,73.5269889354674,93.61098200227082,93.61098200227082,93.61098200227082
805,train/val,0.7867242828011513,0.6934064611792564,0.2332945603877306,78.14219614024563,85.91508038688454,95.84303531543877,0.20201489183153332,53.10214130561024,58.84931760640713,93.60922336048817,0.00020162133891733723,7.84592604637146,1:45:01,88.62824610845603,85.91508038688454,87.15942221328254,95.84303531543877,95.84303531543877,95.84303531543877,68.65381639914388,58.84931760640713,73.95297944001713,93.60922336048817,93.60922336048817,93.60922336048817
806,train/val,0.7847248628735543,0.6940417945384979,0.22670766673982143,77.53560999041711,84.47999828861575,95.81136311091467,0.19858106855268884,53.02370761194394,58.79740491651725,93.67035974044,0.0002005101853579771,7.909204483032227,1:45:09,88.47692782163658,84.47999828861575,86.25528956788195,95.81136311091467,95.81136311091467,95.81136311091467,67.78561234258234,58.79740491651725,73.68010994469869,93.67035974044,93.67035974044,93.67035974044
807,train/val,0.7947476029396057,0.6936914935708046,0.25264026038348675,79.61447299369367,86.41466885377896,95.49418282804291,0.20106209381512036,53.11530450294006,59.10882368795569,93.60722616477287,0.0001993983471947949,8.089510917663574,1:45:17,90.12688903903185,86.41466885377896,88.15480380079104,95.49418282804291,95.49418282804291,95.49418282804291,71.5684561654666,59.10882368795569,73.9511639406968,93.60722616477287,93.60722616477287,93.60722616477287
808,train/val,0.8081467375159264,0.707577845454216,0.2514222223311663,81.21004802828345,88.28493049645415,95.54348694267176,0.20231830716553878,52.78811548627594,58.56395428842224,93.57891036774254,0.00019828581975922,8.14587926864624,1:45:25,89.98657070245777,88.28493049645415,89.09932024565474,95.54348694267176,95.54348694267176,95.54348694267176,71.66868683866086,58.56395428842224,73.47705487440363,93.57891036774254,93.57891036774254,93.57891036774254
809,train/val,0.8275040030479431,0.7206158950924874,0.2672202650457621,80.35438220050979,87.08479822851064,95.50553836836309,0.20254828893308363,53.46584481598992,59.87706843160301,93.58287702034377,0.0001971725983215231,8.028319835662842,1:45:33,90.14084561193769,87.08479822851064,88.52356553857499,95.50553836836309,95.50553836836309,95.50553836836309,67.7680239333007,59.87706843160301,74.43132729601763,93.58287702034377,93.58287702034377,93.58287702034377
810,train/val,0.7900570377707481,0.6924658372998238,0.2439779933542013,81.56136909143558,88.88581158436922,95.70707105578937,0.20250000928383946,53.0201575574451,58.891760935731305,93.61386684052626,0.00019605867808962578,8.26938533782959,1:45:41,89.96493691954247,88.88581158436922,89.40370991757109,95.70707105578937,95.70707105578937,95.70707105578937,76.00725772391348,58.891760935731305,73.71783079560625,93.61386684052626,93.61386684052626,93.61386684052626
811,train/val,0.7837470173835754,0.6904379203915596,0.23327275328338146,79.70260324819645,87.12386232095592,95.67678548116972,0.2029463814426621,52.80648489950263,58.61830277446272,93.56584537910491,0.00019494405420787978,8.079954147338867,1:45:49,89.22800191758921,87.12386232095592,88.12248008539714,95.67678548116972,95.67678548116972,95.67678548116972,67.97665869119854,58.61830277446272,73.57062201177409,93.56584537910491,93.56584537910491,93.56584537910491
812,train/val,0.7753584921360016,0.683240719139576,0.23029442690312862,80.49506225895429,87.40927417445876,95.77778089698535,0.20220879491727836,53.12816277288902,58.96922409490897,93.60596682191904,0.0001938287217558146,8.188669443130493,1:45:58,90.18800173323707,87.40927417445876,88.59391282323755,95.77778089698535,95.77778089698535,95.77778089698535,68.08955773981688,58.96922409490897,73.88063014750907,93.60596682191904,93.60596682191904,93.60596682191904
813,train/val,0.8081181243062019,0.7127507850527763,0.23841834366321563,79.36151461494626,86.62156135931326,95.43146000045817,0.2027539166585623,52.63544348295306,58.434381185987405,93.57463858801813,0.00019271267574685113,8.200204610824585,1:46:06,89.30462121441913,86.62156135931326,87.91017849324166,95.43146000045817,95.43146000045817,95.43146000045817,75.81099250771034,58.434381185987405,73.33848228082802,93.57463858801813,93.57463858801813,93.57463858801813
814,train/val,0.7893410593271255,0.6966371968388557,0.2317596636712551,80.50731852743432,87.49757126448155,95.57293450389903,0.20351628002645064,52.4694983101075,58.23680401297349,93.55485525490487,0.00019159591112698237,8.289480924606323,1:46:14,89.89698283596856,87.49757126448155,88.63512288643292,95.57293450389903,95.57293450389903,95.57293450389903,68.7025510834114,58.23680401297349,68.86165516004623,93.55485525490487,93.55485525490487,93.55485525490487
815,train/val,0.7671027526259422,0.6830236986279488,0.21019764840602875,80.28055071894639,87.441915408688,95.92555761197747,0.20095476404928714,52.84829983722123,58.58997339654645,93.63997462673798,0.00019047842277341884,8.279950618743896,1:46:22,89.7712950573863,87.441915408688,88.54514487482354,95.92555761197747,95.92555761197747,95.92555761197748,68.79934013978954,58.58997339654645,69.29434998613641,93.63997462673798,93.63997462673798,93.63997462673798
816,train/val,0.7895624741911889,0.700999739766121,0.22140683867037297,78.5209936543825,85.3756774222011,95.82332697969991,0.2037897898684508,52.8507483516059,58.53053193278509,93.60874625262284,0.000189360205493198,8.214194297790527,1:46:30,88.93092476448005,85.3756774222011,86.99958298348474,95.82332697969991,95.82332697969991,95.82332697969991,76.10618237944979,58.53053193278509,73.62935951448253,93.60874625262284,93.60874625262284,93.60874625262284
817,train/val,0.8118664011359215,0.7172673657536507,0.23649757858365775,76.97323252340024,84.42662201135272,95.5061703929085,0.20147939459720557,53.04698958789157,59.002438517798836,93.6742653676166,0.00018824125402175528,7.845482349395752,1:46:38,88.32885863591781,84.42662201135272,86.25190683661994,95.5061703929085,95.5061703929085,95.5061703929085,75.62704152509109,59.002438517798836,73.79385593430744,93.6742653676166,93.6742653676166,93.6742653676166
818,train/val,0.7802383005619049,0.6900608479976654,0.22544363141059875,81.76465063572932,88.55755372918998,95.78001068782308,0.20316411001574788,53.33403277444958,59.05888677892253,93.62417458952358,0.00018712156302145736,7.9109086990356445,1:46:46,90.64017092761209,88.55755372918998,89.54409575475194,95.78001068782308,95.78001068782308,95.78001068782308,68.13548294094267,59.05888677892253,74.0667522970622,93.62417458952358,93.62417458952358,93.62417458952358
819,train/val,0.8100634574890136,0.7143777027726174,0.23921438828110694,80.43219575411943,87.55993178701127,95.57956500375671,0.20310942833136683,52.89251471888035,58.47209854153981,93.61629676197988,0.00018600112708009548,7.987724542617798,1:46:54,89.7975896936383,87.55993178701127,88.60274235810644,95.57956500375671,95.57956500375671,95.57956500375671,67.94993164619983,58.47209854153981,73.45770790673858,93.61629676197988,93.61629676197988,93.61629676197988
820,train/val,0.7890083715319633,0.6934615954756737,0.2388669341802597,79.45020225343782,86.54012109987922,95.75890579365822,0.20057010515138354,53.127634839190485,59.06919417407737,93.62132303786339,0.0001848799407093362,8.057175397872925,1:47:02,89.31786953543049,86.54012109987922,87.81964668092233,95.75890579365822,95.75890579365822,95.75890579365822,67.81836859224683,59.06919417407737,73.9479748237468,93.62132303786339,93.62132303786339,93.62132303786339
821,train/val,0.7942179396748543,0.698454125225544,0.23940952606499194,80.65836348182417,88.2079608267895,95.8687200507513,0.1998417851286893,53.07251125571476,58.77977019218857,93.73292189622194,0.0001837579983431309,8.293177366256714,1:47:11,89.57988022980136,88.2079608267895,88.85934438305667,95.8687200507513,95.8687200507513,95.8687200507513,68.5684807400635,58.77977019218857,73.84691861932701,93.73292189622194,93.73292189622194,93.73292189622194
822,train/val,0.8037610277533531,0.699775567650795,0.25996364578604697,81.92958810712376,88.88832959330031,95.57138960949115,0.20065305790393256,52.93417027655486,58.735866598544376,93.60815264167412,0.00018263529433608,8.269105672836304,1:47:19,90.43403664543801,88.88832959330031,89.62675644981694,95.57138960949115,95.57138960949115,95.57138960949115,68.88347885667164,58.735866598544376,73.70843168823005,93.60815264167412,93.60815264167412,93.60815264167411
823,train/val,0.8046129927039146,0.7122945204377175,0.23079618215560913,80.82324506204543,87.97137867649388,95.70052397240045,0.20293395748103468,52.56045927561595,58.3535758801183,93.56591195229542,0.00018151182296175173,8.211406230926514,1:47:27,89.9643224945879,87.97137867649388,88.90885609694308,95.70052397240045,95.70052397240045,95.70052397240045,68.01273204875272,58.3535758801183,73.29620775553212,93.56591195229542,93.56591195229542,93.56591195229542
824,train/val,0.7975013822317123,0.7053760305047035,0.23031337186694145,82.57023990723104,88.85287173033896,95.77251195377858,0.20113282804674704,52.729933821181355,58.304956002470135,93.62009698160483,0.0001803875784109529,8.298326015472412,1:47:35,91.34748879850983,88.85287173033896,90.05153074504729,95.77251195377858,95.77251195377858,95.77251195377858,67.80786591868964,58.304956002470135,73.37714359091798,93.62009698160483,93.62009698160483,93.62009698160483
825,train/val,0.7831663221120835,0.6932435348629952,0.22480696365237235,80.24109620852776,87.92312367251726,95.65804186973247,0.201561802975228,52.78466638089815,58.55361404115037,93.65789391051698,0.00017926255478995125,8.233619213104248,1:47:44,89.39431460430771,87.92312367251726,88.61848701864821,95.65804186973247,95.65804186973247,95.65804186973247,71.68553226658231,58.55361404115037,73.45526161370444,93.65789391051698,93.65789391051698,93.65789391051698
826,train/val,0.8188048034906388,0.715827339887619,0.25744365341961384,78.58758721101157,85.55881524206104,95.41851777212354,0.2010858861458916,52.993354702151116,58.54822487257753,93.6141997064788,0.000178136746118647,8.414160966873169,1:47:52,89.6006247077086,85.55881524206104,87.34408978591253,95.41851777212354,95.41851777212354,95.41851777212354,68.00643559033739,58.54822487257753,73.54824744992773,93.6141997064788,93.6141997064788,93.6141997064788
827,train/val,0.7768377453088761,0.6910933867096901,0.21436089910566808,79.7102990899034,86.70807066199615,95.85679667305722,0.20142389635103466,52.88025951176425,58.69599138461391,93.61809978588951,0.00017701014632869074,8.223438501358032,1:48:00,89.8153221069259,86.70807066199615,88.17599615947177,95.85679667305722,95.85679667305722,95.85679667305722,68.1214471251114,58.69599138461391,73.65849643361663,93.61809978588951,93.61809978588951,93.61809978588951
828,train/val,0.8444412842392921,0.739856930077076,0.2614608686417341,77.00975734473526,84.50783509812032,95.14755436544411,0.20583358941762828,53.0525232590977,58.67493694595214,93.54238387721597,0.0001758827492615477,7.978391408920288,1:48:08,88.15360447832494,84.50783509812032,86.1924956015257,95.14755436544411,95.14755436544411,95.14755436544411,72.06687531165093,58.67493694595214,73.91759283654964,93.54238387721597,93.54238387721597,93.54238387721597
829,train/val,0.8029482454061508,0.7066585317254066,0.24072428792715073,79.14308376682631,86.71146627302872,95.50366305000995,0.20354481374665928,53.035885723982254,58.988413856181786,93.53695261442351,0.00017475454866650484,8.158485174179077,1:48:16,88.90055708194903,86.71146627302872,87.76257682405513,95.50366305000995,95.50366305000995,95.50366305000995,67.72458438625264,58.988413856181786,73.84624058643132,93.53695261442351,93.53695261442351,93.53695261442351
830,train/val,0.7727650165557861,0.6876439407467843,0.2128026831895113,79.9855068400791,87.4838336357699,95.84344142125313,0.20172627516300168,52.85321791182259,58.77174884883043,93.62959475678429,0.0001736255381986201,8.150352239608765,1:48:25,89.45116258459637,87.4838336357699,88.4317064717844,95.84344142125313,95.84344142125313,95.84344142125313,67.55391821357124,58.77174884883043,73.62084628445902,93.62959475678429,93.62959475678429,93.62959475678429
831,train/val,0.7751569256186486,0.6909620285034179,0.21048723272979258,80.68161828324655,87.9963152207581,95.88530966148008,0.20295600724987592,53.03130219426395,58.61965968041647,93.63510923606488,0.0001724957114166097,8.228327989578247,1:48:33,89.56708116042401,87.9963152207581,88.72542897378679,95.88530966148008,95.88530966148008,95.88530966148008,68.52859186971024,58.61965968041647,73.80895409265584,93.63510923606488,93.63510923606488,93.63510923606488
832,train/val,0.7978275090456008,0.7035289525985717,0.2357463851571083,81.0371690135548,88.40452347779639,95.4382504858035,0.20476223629457727,53.20459029400945,58.84661522398643,93.58891853738257,0.00017136506178067312,8.101619243621826,1:48:41,89.81752632518585,88.40452347779639,89.08429343371415,95.4382504858035,95.4382504858035,95.4382504858035,69.17380958466293,58.84661522398643,74.04654886445233,93.58891853738257,93.58891853738257,93.58891853738257
833,train/val,0.774946941435337,0.6823646932840347,0.23145561665296555,81.93512174738808,88.84590229593678,95.74603994277484,0.20086770985076288,52.92626138754167,58.92093945766707,93.59995304370963,0.00017023358265025277,8.088284730911255,1:48:49,90.51483015253835,88.84590229593678,89.63717751435351,95.74603994277484,95.74603994277484,95.74603994277484,68.20471706850157,58.92093945766707,73.82027609583707,93.59995304370963,93.59995304370963,93.59995304370963
834,train/val,0.7714208394289017,0.6864519476890564,0.21242223642766475,78.42677876227718,85.29710126078236,95.89973256257434,0.2008356253436841,52.81401783804691,58.55568873675482,93.62951708806202,0.0001691012672817251,8.141541957855225,1:48:57,89.01339437359272,85.29710126078236,87.00318934622112,95.89973256257434,95.89973256257434,95.89973256257434,68.80052724551092,58.55568873675482,73.76311798780166,93.62951708806202,93.62951708806202,93.62951708806202
835,train/val,0.7771780341863632,0.6899933144450188,0.21796180084347724,80.9835230895049,87.77586718855784,95.84169570794016,0.20294731632789603,52.57666508567264,58.18018011599825,93.6426153632949,0.00016796810882602166,8.231272220611572,1:49:05,90.21000018568004,87.77586718855784,88.94741683468258,95.84169570794016,95.84169570794016,95.84169570794016,68.2088291720943,58.18018011599825,73.2346015794851,93.6426153632949,93.6426153632949,93.6426153632949
836,train/val,0.783768144249916,0.6949061349034309,0.22215501740574836,80.09489847647706,87.0496987288799,95.69273877135124,0.20168537664288766,53.40251847762298,59.18245937566656,93.65510338428142,0.00016683410032617698,8.189834117889404,1:49:13,89.87736153803286,87.0496987288799,88.40760633259649,95.69273877135124,95.69273877135124,95.69273877135124,68.82407080482152,59.18245937566656,74.34902279351505,93.65510338428142,93.65510338428142,93.65510338428142
837,train/val,0.7732770428061485,0.6902640163898468,0.2075325708836317,78.75892153813437,86.09872785959215,95.79394707798423,0.2038000172615268,53.16327492260879,59.159232169963886,93.5978005105498,0.00016569923471480076,8.30055284500122,1:49:22,88.52498776229828,86.09872785959215,87.23542268612704,95.79394707798423,95.79394707798423,95.79394707798423,71.92328366142895,59.159232169963886,74.04827268615624,93.5978005105498,93.5978005105498,93.5978005105498
838,train/val,0.7817809388041497,0.6877308622002601,0.2351251866668463,80.18209743755851,87.87261901108097,95.94117375717589,0.19948730976121362,53.0005189204395,58.79263995624002,93.69651190877876,0.00016456350481147024,8.156294345855713,1:49:30,88.96457053307044,87.87261901108097,88.35008315040197,95.94117375717589,95.94117375717589,95.94117375717589,71.81109100245888,58.79263995624002,73.82819157702126,93.69651190877876,93.69651190877876,93.69651190877876
839,train/val,0.791271410882473,0.698386336863041,0.23221267946064472,79.74125612643007,86.34079187682788,95.76352720608769,0.20179557737756165,52.80990891540709,58.587501368904704,93.6335170272585,0.00016342690332004118,8.239166498184204,1:49:38,89.79205923571959,86.34079187682788,87.98304631717328,95.76352720608769,95.76352720608769,95.76352720608769,76.48777900571095,58.587501368904704,73.63146401939841,93.6335170272585,93.6335170272585,93.6335170272585
840,train/val,0.805399826169014,0.7092154547572136,0.24046092331409455,78.50623502505375,85.82104932243082,95.58517183349645,0.2011127373327307,52.95896111590199,58.61482139417809,93.65944173719633,0.00016228942282587387,8.125127077102661,1:49:46,89.1507150031799,85.82104932243082,87.40477011515281,95.58517183349645,95.58517183349645,95.58517183349645,68.11473885720683,58.61482139417809,73.6563217426424,93.65944173719633,93.65944173719633,93.65944173719633
841,train/val,0.8077805534005165,0.7091977030038834,0.2464571226388216,78.65774330165306,85.81366171879723,95.50635872055257,0.2036807330354243,52.81287178906581,58.410644982971085,93.55785104847783,0.00016115105579296967,8.070996761322021,1:49:54,89.13204319349202,85.81366171879723,87.3373286350709,95.50635872055257,95.50635872055257,95.50635872055257,72.04198819390272,58.410644982971085,73.44713978410545,93.55785104847783,93.55785104847783,93.55785104847783
842,train/val,0.8003911793231964,0.7100595638155938,0.2258290395140648,80.22157325783517,87.84481633620442,95.73875954345377,0.20304955298460373,53.09308909057858,58.921854887199046,93.59527072931041,0.00016001179456101572,7.913031578063965,1:50:02,89.26460611873328,87.84481633620442,88.51812475058122,95.73875954345377,95.73875954345377,95.73875954345377,68.36206320595016,58.921854887199046,74.01047203547006,93.59527072931041,93.59527072931041,93.59527072931041
843,train/val,0.7753159433603287,0.6836665153503418,0.22912355959415437,81.41115088694369,88.58492300973474,95.70835309143246,0.20375417602875273,53.351746374297385,59.27393439673473,93.60699315860607,0.00015887163134233382,8.217199802398682,1:50:11,89.86944183924909,88.58492300973474,89.19034774843911,95.70835309143246,95.70835309143246,95.70835309143246,68.20254140943968,59.27393439673473,74.21946574737368,93.60699315860607,93.60699315860607,93.60699315860607
844,train/val,0.785445612668991,0.6927627459168434,0.2317071609199047,79.2257689416932,86.75486229757604,95.85234722509875,0.20187296004314553,53.117832474797524,58.95369381675199,93.63024939315763,0.00015773055821872984,8.071406364440918,1:50:19,89.21916939828462,86.75486229757604,87.81994362841357,95.85234722509875,95.85234722509875,95.85234722509875,71.65325264066846,58.95369381675199,73.8810347060688,93.63024939315763,93.63024939315763,93.63024939315763
845,train/val,0.8088587984442711,0.7104056566953659,0.24613285064697266,78.60683025612077,84.86944013648471,95.58037211121956,0.2003177968768325,52.858371723297104,58.57079942564253,93.69490305667476,0.0001565885671382379,8.265787839889526,1:50:27,90.70398574780356,84.86944013648471,87.30435099805398,95.58037211121956,95.58037211121956,95.58037211121956,68.29934503272744,58.57079942564253,73.61395138393225,93.69490305667476,93.69490305667476,93.69490305667476
846,train/val,0.7771998196840286,0.6896026998758316,0.21899279318749904,79.18627341602819,87.27020617198981,95.75572727931957,0.20223494548196605,53.05231881090443,58.984482753001174,93.64248221691386,0.00015544564991175764,8.077717304229736,1:50:35,88.4330931119883,87.27020617198981,87.81655299802571,95.75572727931957,95.75572727931957,95.75572727931957,71.98316515632403,58.984482753001174,73.90045011774492,93.64248221691386,93.64248221691386,93.64248221691386
847,train/val,0.8029684364795685,0.7129868268966675,0.22495402731001377,76.33166335421775,83.84612415437267,95.67695281107221,0.20435892801823705,53.063062231575486,58.79823753858556,93.59864377096294,0.00015430179820957813,8.223532915115356,1:50:43,87.8629697782112,83.84612415437267,85.70222562908731,95.67695281107221,95.67695281107221,95.67695281107221,72.06400558282073,58.79823753858556,73.92215284455096,93.59864377096294,93.59864377096294,93.59864377096294
848,train/val,0.7762717977166176,0.6900767132639885,0.21548771839588882,78.61827198611712,85.58214995515699,95.97075289899234,0.20465834809397349,52.45980132458197,58.313062513733406,93.42624694637097,0.00015315700355778486,8.393307447433472,1:50:52,89.40347031849441,85.58214995515699,87.29886171085654,95.97075289899234,95.97075289899234,95.97075289899234,68.054718218604,58.313062513733406,73.12865900559886,93.42624694637097,93.42624694637097,93.42624694637097
849,train/val,0.7962709739804268,0.7040705010294914,0.23050117529928685,80.29919249685918,87.3001320739976,95.75733216752658,0.20396399058379086,53.254894767347864,59.249407355473636,93.59639692578321,0.00015201125733454296,8.058927536010742,1:51:00,89.93942179014365,87.3001320739976,88.5461370426087,95.75733216752658,95.75733216752658,95.75733216752658,72.09518921441543,59.249407355473636,74.20510829411866,93.59639692578321,93.59639692578321,93.59639692578321
850,train/val,0.7923729196190834,0.6983854532241821,0.2349686659872532,80.042789214418,87.3688442225221,95.74254631668444,0.20087692889404898,53.19440233389315,58.728353335800406,93.67959122285741,0.00015086455076625415,8.29764175415039,1:51:08,89.495509803499,87.3688442225221,88.38166677310203,95.74254631668444,95.74254631668444,95.74254631668444,72.6022682653224,58.728353335800406,73.93125313574629,93.67959122285741,93.67959122285741,93.67959122285741
851,train/val,0.7934486597776413,0.6968824625015259,0.24141548499464988,80.50338717273786,87.62616272533889,95.76331149031564,0.20130618662856387,53.067745894775186,59.089660496220894,93.67425427208485,0.00014971687492358005,8.209742546081543,1:51:16,89.77553883759974,87.62616272533889,88.65040311075113,95.76331149031564,95.76331149031564,95.76331149031564,75.7224937193966,59.089660496220894,73.81958954439662,93.67425427208485,93.67425427208485,93.67425427208485
852,train/val,0.7882461190223694,0.6965364336967468,0.22927421890199184,81.09763456732836,88.12167435427052,95.96318952841621,0.2013967794782204,53.270036819160126,59.11173739767454,93.63915355738837,0.00014856822071732594,8.238590002059937,1:51:24,89.9616485840433,88.12167435427052,88.97639143265327,95.96318952841621,95.96318952841621,95.96318952841621,72.05259154960886,59.11173739767454,74.06184003132883,93.63915355738837,93.63915355738837,93.63915355738837
853,train/val,0.7968770459294319,0.7044953003525734,0.23095435798168182,79.88121876360815,87.13104442339524,95.80318213026902,0.20270702048343342,52.8803650104555,58.5928851628646,93.63803290868145,0.00014741857889417982,8.144299507141113,1:51:33,89.37180813574393,87.13104442339524,88.21592332180813,95.80318213026902,95.80318213026902,95.80318213026902,68.9471349773049,58.5928851628646,73.5968251720738,93.63803290868145,93.63803290868145,93.63803290868145
854,train/val,0.7507750302553177,0.6685203865170479,0.2056365955621004,80.41290053178001,87.54836427716013,96.18286288248932,0.20338145609638167,52.834246414244824,58.75266981139987,93.5563864382866,0.0001462679400323,8.163804054260254,1:51:41,89.1760191975515,87.54836427716013,88.3190312196153,96.18286288248932,96.18286288248932,96.18286288248932,76.18562843019743,58.75266981139987,73.52503452337001,93.5563864382866,93.5563864382866,93.5563864382866
855,train/val,0.8285503521561622,0.7254548087716103,0.257738858088851,78.78111569830632,85.32311501831327,95.49394376124796,0.2023561786858968,53.173294817284415,58.902016302375294,93.67268425434199,0.00014511629453674513,8.208422660827637,1:51:49,90.40193535999616,85.32311501831327,87.57646519879172,95.49394376124796,95.49394376124796,95.49394376124796,68.85052042250258,58.902016302375294,73.91316540225796,93.67268425434199,93.67268425434199,93.67268425434199
856,train/val,0.7925569176673889,0.7030782192945481,0.22369675375521184,80.49008362746119,88.07115477548328,95.66460029487433,0.20308573980449618,53.36148348507519,59.047584132467975,93.65134754678348,0.00014396363263473666,8.385475158691406,1:51:57,89.41689585069848,88.07115477548328,88.71197420916423,95.66460029487433,95.66460029487433,95.66460029487433,68.17844315963654,59.047584132467975,74.0845991965936,93.65134754678348,93.65134754678348,93.65134754678348
857,train/val,0.7828978851437569,0.6939391389489173,0.22239686474204062,78.15665848605407,86.0224448179868,95.73846157532749,0.20302668275319977,53.00670172640775,58.73676399806405,93.60737595445151,0.0001428099443707508,8.02270245552063,1:52:05,88.52908168785027,86.0224448179868,87.15777371723833,95.73846157532749,95.73846157532749,95.73846157532749,68.30559291109698,58.73676399806405,73.84408162470211,93.60737595445151,93.60737595445151,93.60737595445151
858,train/val,0.8116944000124932,0.712591615319252,0.24775695912539958,80.95699002877791,88.4995161537505,95.65372558184468,0.20370322131615032,53.17814267218392,58.844327658708615,93.60766998604294,0.00014165521960142857,8.018036127090454,1:52:13,89.45861862935311,88.4995161537505,88.95384199075002,95.65372558184468,95.65372558184468,95.65372558184468,69.18972183035721,58.844327658708615,73.98592946142296,93.60766998604294,93.60766998604294,93.60766998604294
859,train/val,0.7931655764579773,0.7084339156746864,0.2118291648104787,75.6399250099751,82.23352660133718,95.92504446612044,0.20184284022534138,52.983184579985334,58.49906729357508,93.66118373568135,0.00014049944799029605,8.061036348342896,1:52:21,89.40487430158245,82.23352660133718,88.01326564706613,95.92504446612044,95.92504446612044,95.92504446612044,68.09279889439654,58.49906729357508,73.5958176442043,93.66118373568135,93.66118373568135,93.66118373568135
860,train/val,0.803406035900116,0.7071253091096878,0.24070181101560592,79.73128080789995,86.1930461083183,95.53691717764997,0.20483032775257673,52.907451582885216,58.792170825885115,93.58389226149905,0.00013934261900228826,8.004826068878174,1:52:29,90.17269150848317,86.1930461083183,87.99059041646963,95.53691717764997,95.53691717764997,95.53691717764997,71.87613232385885,58.792170825885115,73.69351614520869,93.58389226149905,93.58389226149905,93.58389226149905
861,train/val,0.796920758485794,0.7066416770219803,0.22569770142436027,79.86238761991838,87.68378913072705,95.74467636574225,0.20357819916149403,53.0812312504951,58.76148857970228,93.63372229459591,0.00013818472189806372,7.961673021316528,1:52:37,88.93515821298355,87.68378913072705,88.24281381469788,95.74467636574225,95.74467636574225,95.74467636574225,72.07668249778725,58.76148857970228,73.77054292836664,93.63372229459591,93.63372229459591,93.63372229459591
862,train/val,0.7968050926923752,0.7003164649009704,0.24122156612575055,80.72337241931264,87.96577149528144,95.69299506305514,0.20348797406803637,53.064098100294,58.84792472217944,93.63306211045669,0.0001370257457281037,7.991745710372925,1:52:45,89.67377368804975,87.96577149528144,88.78620116859244,95.69299506305514,95.69299506305514,95.69299506305514,72.1772453305793,58.84792472217944,73.93356773188232,93.63306211045669,93.63306211045669,93.63306211045669
863,train/val,0.7902863889932632,0.6988914504647254,0.22848735935986042,81.31089278339407,88.04776087670267,95.86917784687499,0.202173952780482,52.96251525600463,58.590568296865605,93.66337510320231,0.00013586567932658217,8.174425601959229,1:52:53,90.52612470889162,88.04776087670267,89.24559272065021,95.86917784687499,95.86917784687499,95.86917784687499,68.56796187899715,58.590568296865605,73.65843382786318,93.66337510320231,93.66337510320231,93.66337510320231
864,train/val,0.8140618890523911,0.7186451122164726,0.23854195214807988,78.71769119747259,85.97391972636986,95.38317721919576,0.20449725440893438,53.09840210713872,58.8178749704317,93.5736344423946,0.00013470451130499807,7.970831394195557,1:53:01,89.25121252206067,85.97391972636986,87.45769515980054,95.38317721919576,95.38317721919576,95.38317721919576,68.3666746116111,58.8178749704317,73.85666915072599,93.5736344423946,93.5736344423946,93.5736344423946
865,train/val,0.7964390397071839,0.69518261551857,0.25314105302095413,81.61998051295745,88.70150246532337,95.64634744529317,0.20173505601946745,53.609636022041215,59.67356874577832,93.65448758226921,0.00013354223004555756,8.108000755310059,1:53:10,90.30047601676617,88.70150246532337,89.47186860236218,95.64634744529317,95.64634744529317,95.64634744529317,68.34786154075726,59.67356874577832,74.52249038434545,93.65448758226921,93.65448758226921,93.65448758226921
866,train/val,0.7791575610637664,0.6875865623354912,0.22892749458551406,81.71374258481201,89.16483862266412,95.76678399998386,0.20095300198349272,53.1987342418306,58.821045160729,93.67962450945268,0.00013237882369429224,8.147380590438843,1:53:18,89.88140374124794,89.16483862266412,89.48707200989101,95.76678399998386,95.76678399998386,95.76678399998386,72.22153889145422,58.821045160729,73.90964721078197,93.67962450945268,93.67962450945268,93.67962450945268
867,train/val,0.8002164721488952,0.7041445776820183,0.24017973132431508,81.03210079053437,88.49525621404621,95.4338599496619,0.20446767419804548,53.20104766631242,58.88860821480012,93.63156976143608,0.00013121428015390292,7.907368898391724,1:53:26,89.7537472515144,88.49525621404621,89.09593794369461,95.4338599496619,95.4338599496619,95.4338599496619,68.72488020104694,58.88860821480012,74.01190295139226,93.63156976143608,93.63156976143608,93.63156976143608
868,train/val,0.7763849407434463,0.6811694219708443,0.23803879618644713,80.76388253532542,87.61519875433777,95.76797259317996,0.2019907874389316,52.98087729394506,58.93569888539665,93.62599425673086,0.00013004858707631295,8.07066822052002,1:53:34,90.03422810847536,87.61519875433777,88.73062805089926,95.76797259317996,95.76797259317996,95.76797259317996,71.83145201161658,58.93569888539665,73.73655978007878,93.62599425673086,93.62599425673086,93.62599425673086
869,train/val,0.7933423116803169,0.7016699478030205,0.22918091751635075,80.31389221940047,87.83028571391516,95.65432826384762,0.20267741101674794,52.841760946865925,58.496705090284564,93.59624158833869,0.00012888173185491813,8.223764657974243,1:53:42,89.45861441861217,87.83028571391516,88.59323737632555,95.65432826384762,95.65432826384762,95.65432826384762,68.3493630864564,58.496705090284564,73.47993974249238,93.59624158833869,93.59624158833869,93.59624158833869
870,train/val,0.7822064518928528,0.6893938601016998,0.23203149028122425,81.35994555999578,88.47529222282091,95.66637651059975,0.20036247199522458,53.29221849504041,58.924045679892664,93.69675601047729,0.0001277137016165149,7.935603857040405,1:53:50,90.13516148424475,88.47529222282091,89.26748601442132,95.66637651059975,95.66637651059975,95.66637651059975,69.36765524903781,58.924045679892664,74.21280439065343,93.69675601047729,93.69675601047729,93.69675601047729
871,train/val,0.8006991162896157,0.707745623588562,0.23238373845815657,79.5558343308541,86.98081018648473,95.63071090323201,0.20405380132848466,52.815566670474254,58.60618027225672,93.65528091278945,0.0001265444832128933,7.988307952880859,1:53:58,89.14900358425754,86.98081018648473,88.01766676499447,95.63071090323201,95.63071090323201,95.63071090323201,71.25955962836488,58.60618027225672,73.61744926540841,93.65528091278945,93.65528091278945,93.65528091278945
872,train/val,0.7805833861231803,0.6854511812329293,0.23783049918711185,81.32707118478028,88.61214931285521,95.58470297374714,0.20157326994724187,52.96885935274987,58.588890563993004,93.64127280395293,0.00012537406321207575,8.255495309829712,1:54:06,89.99744873040599,88.61214931285521,89.26115232072144,95.58470297374714,95.58470297374714,95.58470297374714,72.27543430215229,58.588890563993004,73.68110638446956,93.64127280395293,93.64127280395293,93.64127280395293
873,train/val,0.7775143131613731,0.6887010008096695,0.22203328721225263,80.76178726006515,88.20759977670217,95.88189405974657,0.201523022358079,52.96147828389618,58.45543560628105,93.63246295174208,0.00012420242788918165,8.278190612792969,1:54:14,89.49051822696325,88.20759977670217,88.80877233593937,95.88189405974657,95.88189405974657,95.88189405974657,72.11457104533312,58.45543560628105,73.5664949241897,93.63246295174208,93.63246295174208,93.63246295174208
874,train/val,0.8178114116191864,0.7204522162675857,0.24339798726141454,79.8337781199112,86.80975817398246,95.58741770257227,0.20157202820120793,53.15921269184187,58.80427169370526,93.66816282515316,0.00012302956321689988,8.161027431488037,1:54:23,89.81342149947868,86.80975817398246,88.24172828877622,95.58741770257227,95.58741770257227,95.58741770257227,68.4832497152508,58.80427169370526,73.92846651913383,93.66816282515316,93.66816282515316,93.66816282515316
875,train/val,0.7952350109815598,0.7015132769942284,0.234304341301322,78.14711796615741,85.15212408809552,95.61710999244798,0.20496708798296215,52.83234038081225,58.633276179214,93.6033593719574,0.00012185545485554664,7.9141974449157715,1:54:30,88.90716563439334,85.15212408809552,86.87620896256962,95.61710999244798,95.61710999244798,95.61710999244798,72.02083329483533,58.633276179214,73.66823725626038,93.6033593719574,93.6033593719574,93.6033593719574
876,train/val,0.7761221095919609,0.6847570359706878,0.22841268703341483,81.45513790439092,88.32947174728366,95.89221665160017,0.20122501782947932,53.06982713744732,58.86820807895244,93.66770790835135,0.00012068008814268707,8.235936164855957,1:54:39,90.21739666799124,88.32947174728366,89.2406901185791,95.89221665160017,95.89221665160017,95.89221665160017,76.42595390539641,58.86820807895244,73.91609978350272,93.66770790835135,93.66770790835135,93.66770790835135
877,train/val,0.7650890812277794,0.6803652599453927,0.21180955935269594,82.01168124493815,88.73231793276834,96.0241017421773,0.2022503641536184,52.874443714355564,58.52082821092897,93.64935035106818,0.00011950344808229456,8.149715185165405,1:54:47,90.52554751595947,88.73231793276834,89.59914098596909,96.0241017421773,96.0241017421773,96.0241017421773,72.46030355849928,58.52082821092897,73.64149481661326,93.64935035106818,93.64935035106818,93.64935035106818
878,train/val,0.8019315376877785,0.7129760608077049,0.2223886914551258,78.47211662967389,86.4136656808873,95.80217246252421,0.2033254225774876,52.99981666096182,58.62799607276521,93.57791731765076,0.00011832551933342459,8.097540855407715,1:54:55,88.4141743082391,86.4136656808873,87.3669716607043,95.80217246252421,95.80217246252421,95.80217246252421,72.12342717580721,58.62799607276521,73.76868501947176,93.57791731765076,93.57791731765076,93.57791731765076
879,train/val,0.7861045390367508,0.6926955491304397,0.23352247290313244,82.49244240517743,89.01006656896992,95.74239534328474,0.20287774409316886,52.60789763105463,58.11138665215479,93.59206412063416,0.00011714628619837318,8.244711875915527,1:55:03,91.04036820312025,89.01006656896992,89.97503814532098,95.74239534328474,95.74239534328474,95.74239534328474,68.99455195913107,58.11138665215479,69.0240487341141,93.59206412063416,93.59206412063416,93.59206412063416
880,train/val,0.7838271528482437,0.6932432755827904,0.22645968496799468,81.58245950807203,88.39253516366762,95.79525414460038,0.2024276516805653,52.95160894542927,58.725405247428306,93.6387097361183,0.00011596573261029302,8.202657461166382,1:55:11,90.36183914438433,88.39253516366762,89.3138442625094,95.79525414460038,95.79525414460038,95.79525414460038,71.93554389577562,58.725405247428306,73.67159059433908,93.6387097361183,93.6387097361183,93.6387097361183
881,train/val,0.7936975091695786,0.6982837185263634,0.23853448517620562,79.94070633575218,87.32948987815746,95.90371216974695,0.20178159852452174,52.97799373811279,58.578010954189395,93.67646783066932,0.00011478384212023271,8.232737302780151,1:55:20,89.27154066142504,87.32948987815746,88.24967490223449,95.90371216974695,95.90371216974695,95.90371216974695,68.77001076137702,58.578010954189395,73.73430863285986,93.67646783066932,93.67646783066932,93.67646783066932
882,train/val,0.7810169354081153,0.6848188534379005,0.24049520157277585,80.92408141576327,87.58633290567008,95.69858084950306,0.20148270180248024,53.112908014785596,58.93937388453973,93.67751081065397,0.00011360059788356889,8.31276559829712,1:55:28,90.47599129964837,87.58633290567008,88.94591220622556,95.69858084950306,95.69858084950306,95.69858084950306,72.32481662363814,58.93937388453973,73.89001297756491,93.67751081065397,93.67751081065397,93.67751081065397
883,train/val,0.805028247833252,0.7095735013484955,0.23863687366247177,79.69291635121401,87.40997402330012,95.5075141389106,0.20150694445580966,52.72599446036118,58.375183427747146,93.65034340115996,0.00011241598264579335,8.214072704315186,1:55:36,89.02426094641046,87.40997402330012,88.1654244445444,95.5075141389106,95.5075141389106,95.5075141389106,68.09929429180418,58.375183427747146,73.38314138213143,93.65034340115996,93.65034340115996,93.65034340115996
884,train/val,0.8101442009210587,0.7121807932853699,0.2449085157364607,80.79301870383,87.77190152307845,95.55857945919632,0.2010902201212725,53.07764268599917,58.665748127553904,93.67202407020277,0.00011122997872761626,8.229447364807129,1:55:44,90.07627560256039,87.77190152307845,88.87937234889985,95.55857945919632,95.55857945919632,95.55857945919632,69.17430718456065,58.665748127553904,73.80354148048767,93.67202407020277,93.67202407020277,93.67202407020277
885,train/val,0.7774351626634598,0.6917955175042152,0.2140991162508726,78.08086161556822,86.06029475199696,95.75267855504029,0.20259058588027568,53.100976107525725,58.99846469286828,93.66164974801492,0.00011004256800934575,8.287073373794556,1:55:53,88.17962921013894,86.06029475199696,87.065870257694,95.75267855504029,95.75267855504029,95.75267855504029,71.519124352881,58.99846469286828,73.87667017379785,93.66164974801492,93.66164974801492,93.66164974801492
886,train/val,0.800534263253212,0.7041691243648529,0.24091285467147827,80.12901384802319,86.53840641368402,95.74775452127939,0.2025166625501088,53.16357961251534,58.974345874804115,93.58635546954793,0.00010885373191449824,8.4530611038208,1:56:01,90.57109472501975,86.53840641368402,88.39761225889185,95.74775452127939,95.74775452127939,95.74775452127939,68.41673634639369,58.974345874804115,74.00717461645124,93.58635546954793,93.58635546954793,93.58635546954793
887,train/val,0.7903820544481277,0.7001852184534073,0.22549208775162696,80.39060075694648,87.15477164766796,95.6556189347141,0.20253849625947434,53.27430103067394,59.00483616557637,93.61870449236999,0.00010766345139259262,8.219036340713501,1:56:09,90.01363374486381,87.15477164766796,88.48047869579277,95.6556189347141,95.6556189347141,95.6556189347141,76.2822215654679,59.00483616557637,74.06417010145265,93.61870449236999,93.61870449236999,93.61870449236999
888,train/val,0.7773503988981247,0.6890362501144409,0.2207853738218546,81.08348211081659,88.26030974311611,95.86991264537804,0.2030396573739323,53.15634320171279,58.88085318476447,93.66021842441896,0.00010647170690107568,8.177767276763916,1:56:18,89.91383755900081,88.26030974311611,89.04389585137503,95.86991264537804,95.86991264537804,95.86991264537804,72.5043867158228,58.88085318476447,73.90883177546137,93.66021842441896,93.66021842441896,93.66021842441896
889,train/val,0.8146192640066147,0.7117877408862114,0.25707881301641466,80.35764904432085,87.46006109997235,95.43370385656053,0.2006434050080182,53.157837186946175,58.91159762555933,93.65264017623255,0.00010527847838632592,8.241108179092407,1:56:26,89.68361672953267,87.46006109997235,88.52473132361011,95.43370385656053,95.43370385656053,95.43370385656053,72.10757111128312,58.91159762555933,74.04377170214794,93.65264017623255,93.65264017623255,93.65264017623254
890,train/val,0.7686132580041886,0.6799890160560608,0.2215605966746807,81.53194653425913,88.16573938722978,95.84536123337742,0.20234360909541513,53.01651084299985,58.60594957176735,93.65879819635474,0.00010408374526367475,8.202381134033203,1:56:34,90.79492566561701,88.16573938722978,89.43395519674183,95.84536123337742,95.84536123337742,95.84536123337742,69.3436108852397,58.60594957176735,73.77834558840821,93.65879819635474,93.65879819635474,93.65879819635474
891,train/val,0.7989750131964684,0.6992604032158851,0.2492865301668644,80.83781962505331,88.03106719873804,95.7206028500557,0.202029932778345,52.91756655495375,58.50376180478359,93.61826067109993,0.00010288748639638064,8.171369552612305,1:56:42,89.78955821062404,88.03106719873804,88.8789124021552,95.7206028500557,95.7206028500557,95.7206028500557,68.24110413163315,58.50376180478359,73.50998243887955,93.61826067109993,93.61826067109993,93.61826067109993
892,train/val,0.7868366524577141,0.6938699707388878,0.23241671174764633,80.93457544565601,87.87261341678393,95.54994256622635,0.20185725488139597,52.881374514893096,58.7270407841743,93.68310295865683,0.0001016896800734895,8.009244918823242,1:56:50,90.09637222024072,87.87261341678393,88.93588535544804,95.54994256622635,95.54994256622635,95.54994256622635,68.20650123922657,58.7270407841743,73.76320272726997,93.68310295865683,93.68310295865683,93.68310295865683
893,train/val,0.8178361907601357,0.7188469186425209,0.24747316241264344,79.9599211485821,87.65691651036637,95.34732415461136,0.20028477640097178,53.173387362728654,58.75903511386085,93.7621253357924,0.000100490303986504,7.968154191970825,1:56:58,89.21389539064813,87.65691651036637,88.36763195393539,95.34732415461136,95.34732415461136,95.34732415461136,68.43760812970115,58.75903511386085,73.87534067569341,93.7621253357924,93.7621253357924,93.7621253357924
894,train/val,0.7745636522769928,0.6894195571541786,0.21286022551357747,81.36584298714656,88.55054959985334,95.9994058425997,0.2013363389528087,53.164338679533486,58.99180067426762,93.66780222037124,9.928933520478387e-05,8.098659038543701,1:57:06,90.03086688530584,88.55054959985334,89.22986898029708,95.9994058425997,95.9994058425997,95.9994058425997,68.72829134846494,58.99180067426762,73.95553548406161,93.66780222037124,93.66780222037124,93.66780222037124
895,train/val,0.7779667988419533,0.6882699489593506,0.22424213960766792,79.18103725341162,85.86312426093467,95.77267524949168,0.20243705124295197,53.204075211563115,58.95523040546094,93.66601583975923,9.808675014958697e-05,8.238007545471191,1:57:14,89.19932744162402,85.86312426093467,87.3496399175437,95.77267524949168,95.77267524949168,95.77267524949168,76.21538039752305,58.95523040546094,73.91130842938276,93.66601583975923,93.66601583975923,93.66601583975923
896,train/val,0.7563640400767326,0.6741252452135086,0.20559698157012463,80.33116096773773,87.64003052855615,95.97809063005225,0.19952480507369819,52.84184724586326,58.78480087035043,93.65519769630131,9.688252456665976e-05,8.106911182403564,1:57:23,89.69222197928977,87.64003052855615,88.62550064076412,95.97809063005225,95.97809063005225,95.97809063005225,67.32487731892671,58.78480087035043,73.5783552656861,93.65519769630131,93.65519769630131,93.65519769630133
897,train/val,0.8064068526029586,0.7098421037197113,0.2414118606597185,81.15488419730535,88.0638835492055,95.69489229036684,0.2024506805433998,52.63619385010065,58.219266305345904,93.5755428738559,9.567663349727292e-05,8.131252527236938,1:57:31,90.28559204146754,88.0638835492055,89.12918432741537,95.69489229036684,95.69489229036684,95.69489229036684,72.87839068251495,58.219266305345904,73.3579543706632,93.5755428738559,93.5755428738559,93.5755428738559
898,train/val,0.7708618074655533,0.6810801908373832,0.22445404157042503,81.33040584778195,88.61219701867498,95.75667554760854,0.20204904721559294,52.96847446988142,58.68308422888573,93.63634638785518,9.446905124759056e-05,7.996734380722046,1:57:39,89.86477797019094,88.61219701867498,89.22248626305326,95.75667554760854,95.75667554760854,95.75667554760854,76.36613063948636,58.68308422888573,73.75812781182223,93.63634638785518,93.63634638785518,93.63634638785518
899,train/val,0.7953707948327065,0.7030343413352966,0.23084114193916322,79.60261277711693,86.36248752206667,95.73426497973469,0.20183523025086886,53.358939344412526,59.196465643753186,93.62552824439729,9.325975135625431e-05,8.129667043685913,1:57:47,90.1422076274056,86.36248752206667,88.04935859946352,95.73426497973469,95.73426497973469,95.73426497973469,68.56264300330083,59.196465643753186,74.39255327823263,93.62552824439729,93.62552824439729,93.62552824439729
900,train/val,0.7636973962187767,0.6734264716506004,0.22567730732262134,80.57604020290405,87.95294486451274,95.77952214827702,0.20353546576115847,52.9887538772865,58.65400161357094,93.61930919885046,9.204870656004816e-05,8.119394779205322,1:57:55,89.41892846779662,87.95294486451274,88.65920353806807,95.77952214827702,95.77952214827702,95.77952214827702,73.11645398273062,58.65400161357094,69.50692244357883,93.61930919885046,93.61930919885046,93.61930919885046
901,train/val,0.783762526512146,0.692844820022583,0.22729426734149455,79.70335385477014,87.16483335119604,95.80311472526027,0.20025224677236528,53.097140327827674,58.945804589060444,93.64186086713578,9.083588875750316e-05,8.187483072280884,1:58:03,89.3419283303125,87.16483335119604,88.21356034482876,95.80311472526027,95.80311472526027,95.80311472526027,68.37850400291721,58.945804589060444,73.93031365247498,93.64186086713578,93.64186086713578,93.64186086713578
902,train/val,0.8102783501148224,0.721328966319561,0.22237346023321153,77.22108156416205,84.80679784791599,95.85017364279858,0.20346286977731934,52.893020250465874,58.77650836862398,93.61366712095473,8.96212689702834e-05,7.94334864616394,1:58:11,87.92211417982715,84.80679784791599,86.26285283786596,95.85017364279858,95.85017364279858,95.85017364279858,72.29590430962325,58.77650836862398,73.86106467887997,93.61366712095473,93.61366712095473,93.61366712095473
903,train/val,0.7840954259037971,0.694971539080143,0.2228097092360258,80.4656310358758,87.78191721381882,95.7728947043048,0.19935326316849608,53.04239974827255,58.953891532717584,93.64598840494742,8.840481730218527e-05,8.046476364135742,1:58:19,89.55384071550418,87.78191721381882,88.62874282475754,95.7728947043048,95.7728947043048,95.7728947043048,76.13808550697554,58.953891532717584,73.88466411565955,93.64598840494742,93.64598840494742,93.64598840494742
904,train/val,0.7720520526170731,0.6895513474941254,0.20625174809247254,79.60364887094299,86.8306113346078,96.0405665138869,0.20040305346918721,53.025618091995405,58.90377388351793,93.64611045579669,8.718650289556138e-05,8.08187222480774,1:58:27,89.73938810176108,86.8306113346078,88.1578918736048,96.0405665138869,96.0405665138869,96.0405665138869,68.52397341663075,58.90377388351793,73.88220449215946,93.64611045579669,93.64611045579669,93.64611045579669
905,train/val,0.7833928152918815,0.6982755586504936,0.21279313303530217,80.54905175168109,88.2132203824629,96.09452692004554,0.20256794969524458,53.139166589362134,58.845226918216845,93.66059567249852,8.596629388496631e-05,7.952972173690796,1:58:35,89.19443669381279,88.2132203824629,88.64345933497549,96.09452692004554,96.09452692004554,96.09452692004554,72.25088573956259,58.845226918216845,73.99693083551317,93.66059567249852,93.66059567249852,93.66059567249853
906,train/val,0.8092334568500519,0.7125763669610023,0.2416427306830883,81.3098240167915,88.20758721061827,95.45689040283901,0.20213249428274987,53.06816469469903,58.73832860736427,93.64991067542164,8.474415734779883e-05,7.925426483154297,1:58:43,90.4643789999752,88.20758721061827,89.27747240922368,95.45689040283901,95.45689040283901,95.45689040283901,76.50992433107862,58.73832860736427,73.81864202628945,93.64991067542164,93.64991067542164,93.64991067542164
907,train/val,0.7887180104851723,0.6976286426186562,0.22772339843213557,80.55381040417912,88.25941514420265,95.7619814569746,0.2018819753794034,53.0371674434442,58.743131210283615,93.63950306663854,8.352005925169615e-05,8.01094388961792,1:58:51,89.44759693686812,88.25941514420265,88.82058922306688,95.7619814569746,95.7619814569746,95.7619814569746,68.67390365668633,58.743131210283615,73.80015677259797,93.63950306663854,93.63950306663854,93.63950306663854
908,train/val,0.8079322680830956,0.7148459285497666,0.2327158521860838,79.89073818406979,87.3640357868599,95.46774404187045,0.20181904854469895,52.981462865508,58.573854388029964,93.64955007063969,8.229396439840986e-05,7.91391396522522,1:58:59,89.27163883607594,87.3640357868599,88.27143296233956,95.46774404187045,95.46774404187045,95.46774404187045,76.78254803011572,58.573854388029964,73.75153562854811,93.64955007063969,93.64955007063969,93.64955007063969
909,train/val,0.7816013336181641,0.6901345670223236,0.2286669109016657,81.98827903924311,89.06027680809456,95.69202338967287,0.20318905524161518,53.24331351519278,59.088263110262396,93.59410569847648,8.106583636386412e-05,8.006925582885742,1:59:07,90.41241517205302,89.06027680809456,89.68311930953435,95.69202338967287,95.69202338967287,95.69202338967287,68.90763348249077,59.088263110262396,74.02216376963042,93.59410569847648,93.59410569847648,93.59410569847648
910,train/val,0.8339574590325356,0.7358113318681717,0.24536531642079354,77.9652587745617,85.73295214612202,95.4934550573801,0.2022281811083704,52.85726599793509,58.658665204474225,93.62472381834529,7.983563743407019e-05,8.01536250114441,1:59:15,88.27549443263305,85.73295214612202,86.92387200650616,95.4934550573801,95.4934550573801,95.4934550573801,68.37856654911289,58.658665204474225,73.63868202125619,93.62472381834529,93.62472381834529,93.62472381834529
911,train/val,0.7931574940681457,0.6933043047785759,0.24963297061622142,81.61842133312018,88.48043492170744,95.70414667626689,0.20246220884423172,52.8913211293332,58.438760802549524,93.63950861440442,7.860332853653314e-05,8.307272911071777,1:59:23,90.58861895646683,88.48043492170744,89.48345128095227,95.70414667626689,95.70414667626689,95.70414667626689,77.73207540032784,58.438760802549524,73.64697464494682,93.63950861440442,93.63950861440442,93.63950861440442
912,train/val,0.7821352884173394,0.6952249869704247,0.21727574206888675,79.02084669335576,86.73979622022591,95.86456229777146,0.20156315556822466,52.89709168110732,58.72550095216547,93.58234443481969,7.736886916675031e-05,8.340914487838745,1:59:32,88.84353119899599,86.73979622022591,87.74535977465415,95.86456229777146,95.86456229777146,95.86456229777146,68.20978485170971,58.72550095216547,69.41760338362855,93.58234443481969,93.58234443481969,93.58234443481969
913,train/val,0.8231560692191124,0.7285345897078515,0.2365537080913782,80.60161418450953,87.26088297834481,95.4850869616991,0.20536974212136108,52.51772321336383,58.188131265303674,93.52954634697925,7.613221730935552e-05,8.17007064819336,1:59:40,90.53720295141953,87.26088297834481,88.80167267742934,95.4850869616991,95.4850869616991,95.4850869616991,68.71933039526851,58.188131265303674,68.96575052954128,93.52954634697925,93.52954634697925,93.52954634697925
914,train/val,0.7787114754319191,0.685809850692749,0.2322540644556284,80.3732766874981,87.77972804692754,95.81387882309852,0.2023505698079125,52.9111288129275,58.79042547326755,93.5993594327609,7.489332935341709e-05,8.145488739013672,1:59:48,89.6357923829661,87.77972804692754,88.67561541289591,95.81387882309852,95.81387882309852,95.81387882309852,71.38365463253658,58.79042547326755,73.62414536674555,93.5993594327609,93.5993594327609,93.5993594327609
915,train/val,0.7957487016916275,0.7040944159030914,0.2291357170790434,81.13093414939421,88.06385202165792,95.75530991686398,0.20410775725240016,53.21674207694007,59.08340220265313,93.58330419831621,7.365216000133951e-05,8.063958644866943,1:59:56,90.19802979580437,88.06385202165792,89.06606710705984,95.75530991686398,95.75530991686398,95.75530991686398,76.453970602013,59.08340220265313,74.16453518560543,93.58330419831621,93.58330419831621,93.58330419831621
916,train/val,0.8011527955532074,0.7123115509748459,0.22210311330854893,77.90086469953647,85.1267031826519,95.76838701670263,0.20167900039619371,53.351315368525256,59.18517550936209,93.68146636772346,7.240866217075517e-05,8.22216248512268,2:00:04,88.51767844181477,85.1267031826519,86.70857065693305,95.76838701670263,95.76838701670263,95.76838701670263,68.26497793741639,59.18517550936209,74.12659109463495,93.68146636772346,93.68146636772346,93.68146636772344
917,train/val,0.7976202189922332,0.6998294800519943,0.24447684697806835,80.9212481426072,87.78162608841218,95.52552087770377,0.20416959208740737,52.94721101324038,58.792501435268264,93.53418427925145,7.116278688872571e-05,8.2600839138031,2:00:13,90.40073922263802,87.78162608841218,89.0059778785231,95.52552087770377,95.52552087770377,95.52552087770377,68.24554762010082,58.792501435268264,73.81352782450578,93.53418427925145,93.53418427925145,93.53418427925145
918,train/val,0.7843943208456039,0.6911075785756111,0.23321685567498207,81.60334937801242,88.84749439508764,95.72956260930813,0.20260530523003423,53.11743809881929,58.89959308355856,93.6246960795159,6.991448317748501e-05,8.294770956039429,2:00:21,90.13831168966058,88.84749439508764,89.45798520948877,95.72956260930813,95.72956260930813,95.72956260930813,73.36181154147012,58.89959308355856,69.66565085260915,93.6246960795159,93.6246960795159,93.62469607951589
919,train/val,0.7814062014222145,0.6933770090341568,0.2200729738920927,81.25592733949334,88.12146269117048,95.85686548199162,0.19961605607042368,53.12147221279727,58.86126091445184,93.71368779193038,6.866369793086877e-05,8.176892757415771,2:00:29,90.13527452124191,88.12146269117048,89.0719084160792,95.85686548199162,95.85686548199162,95.85686548199162,72.24825662592626,58.86126091445184,73.7836243459703,93.71368779193038,93.71368779193038,93.71368779193038
920,train/val,0.7705491989850998,0.6801386654376984,0.2260263253003359,81.11779023153214,88.5587433604881,95.8981722044457,0.20069939366802414,53.02769656537054,58.87082081996381,93.61643545612677,6.741037578046375e-05,8.298593044281006,2:00:37,89.69992347962418,88.5587433604881,89.09466296241804,95.8981722044457,95.8981722044457,95.8981722044457,72.29390084013825,58.87082081996381,73.8373330790064,93.61643545612677,93.61643545612677,93.61643545612677
921,train/val,0.7608723968267441,0.6754158660769463,0.21364132575690747,80.88825691776862,87.56331880357517,96.06826750364539,0.20236279439670377,52.80215169482872,58.61713554743023,93.6582545152989,6.61544589503946e-05,8.235443353652954,2:00:46,90.2995331577895,87.56331880357517,88.86176180754632,96.06826750364539,96.06826750364539,96.06826750364539,71.96178387275944,58.61713554743023,73.60413896926529,93.6582545152989,93.6582545152989,93.6582545152989
922,train/val,0.8005127295851707,0.7067268684506416,0.2344646520912647,78.95897519758573,86.36826851961762,95.66204900458051,0.20254084495816818,52.7442626296617,58.450494852794286,93.60528999448219,6.489588709952078e-05,8.265240907669067,2:00:54,88.99767634554493,86.36826851961762,87.61226782193766,95.66204900458051,95.66204900458051,95.66204900458051,68.18778872987113,58.450494852794286,69.2119502687046,93.60528999448219,93.60528999448219,93.60528999448219
923,train/val,0.7546428069472313,0.6705060198903083,0.21034197229892015,79.7846488287631,87.17801770114816,96.04289062794355,0.20160785528315686,53.30297425234711,59.143456315997,93.65179691581942,6.363459714965541e-05,8.309665203094482,2:01:02,89.45226854900623,87.17801770114816,88.27651006319005,96.04289062794355,96.04289062794355,96.04289062794355,68.51219315588104,59.143456315997,74.10983765483076,93.65179691581942,93.65179691581942,93.65179691581942
924,train/val,0.7650970607995987,0.6770532578229904,0.22010950930416584,81.10518829160233,88.21316794855602,95.99676419904233,0.20081064349389363,52.85025978679242,58.69259946966079,93.62116770041887,6.237052309823462e-05,8.257543563842773,2:01:10,89.99263750743015,88.21316794855602,89.07180379420608,95.99676419904233,95.99676419904233,95.99676419904233,68.42299833664406,58.69259946966079,69.36400234249759,93.62116770041887,93.62116770041887,93.62116770041887
925,train/val,0.7985330179333687,0.7054406180977821,0.23273100666701793,78.30167881267963,85.62221277570671,95.64795610959341,0.20210335009158528,52.78716559553436,58.547924797504116,93.57869400487337,6.110359581364453e-05,8.213902711868286,2:01:19,88.69169689163068,85.62221277570671,87.05584986341576,95.64795610959341,95.64795610959341,95.64795610959341,71.7897393846208,58.547924797504116,73.58796934980747,93.57869400487337,93.57869400487337,93.57869400487337
926,train/val,0.7985738858580589,0.701221127808094,0.24338189847767353,81.46366207772184,88.20362267156472,95.787181194893,0.20432115380049146,52.97809852842173,58.70160136375531,93.62599980449673,5.9833742811164e-05,8.182631254196167,2:01:27,90.51940648692526,88.20362267156472,89.32001341522067,95.787181194893,95.787181194893,95.787181194893,72.73235580952164,58.70160136375531,73.78152201747568,93.62599980449673,93.62599980449673,93.62599980449673
927,train/val,0.7948546707630157,0.7034613847732544,0.2284832142293453,80.32048385507153,87.67734241466263,95.593394555113,0.1998874228711447,53.47889175231394,59.530961854228394,93.71454214787526,5.8560888007183216e-05,8.112979888916016,2:01:35,89.58494427685265,87.67734241466263,88.5765189259451,95.593394555113,95.593394555113,95.593394555113,68.18019876275801,59.530961854228394,74.41050630987259,93.71454214787526,93.71454214787526,93.71454214787526
928,train/val,0.7974993631243705,0.6970318257808685,0.25116882715374234,80.36926568484792,88.24031285344456,95.58982192951844,0.20356225930324276,53.0614043476858,59.17520465140883,93.58449696797952,5.728495144901726e-05,8.188122272491455,2:01:43,89.1314965436543,88.24031285344456,88.65752533962231,95.58982192951844,95.58982192951844,95.58982192951844,71.10328391005105,59.17520465140883,73.94943927321536,93.58449696797952,93.58449696797952,93.58449696797952
929,train/val,0.7809178590774536,0.6888080701231957,0.23027447313070298,81.14750461691487,87.81473085030841,95.89361716069648,0.20030805903075316,52.99065493390099,58.813741943330825,93.62661005874308,5.600584901722333e-05,8.200632572174072,2:01:51,90.52073110600041,87.81473085030841,89.07735814915316,95.89361716069648,95.89361716069648,95.89361716069648,71.61745256995002,58.813741943330825,73.73749628308283,93.62661005874308,93.62661005874308,93.62661005874308
930,train/val,0.7810759395360947,0.694731867313385,0.21586017534136773,79.27883749837802,86.8784025071792,95.73660197961019,0.2015610941181116,53.3283374676658,59.027075846812096,93.67939150328588,5.472349209685114e-05,8.34591794013977,2:02:00,89.09667697553205,86.8784025071792,87.92825417285243,95.73660197961019,95.73660197961019,95.73660197961019,72.4486471282245,59.027075846812096,74.11259186915237,93.67939150328588,93.67939150328588,93.67939150328588
931,train/val,0.8066254943609238,0.7121056035161019,0.23629971109330655,80.38373718554692,87.72480149854694,95.509528594853,0.20141485869368755,53.10079376715579,58.70798836852009,93.66442363095285,5.343778721349029e-05,8.270848751068115,2:02:08,89.41232714091113,87.72480149854694,88.5360459992632,95.509528594853,95.509528594853,95.509528594853,76.75520853793381,58.70798836852009,73.78658010351667,93.66442363095285,93.66442363095285,93.66442363095284
932,train/val,0.8100810319185257,0.7071696475148201,0.25727846175432206,80.4941879742578,87.74954020583237,95.57972825677588,0.20251506865096752,52.96362920566723,58.686706243591736,93.6423601660646,5.2148635629296765e-05,8.367757797241211,2:02:16,89.79657886220815,87.74954020583237,88.73224611479395,95.57972825677588,95.57972825677588,95.57972825677588,76.99078173482748,58.686706243591736,73.778837109264,93.6423601660646,93.6423601660646,93.6423601660646
933,train/val,0.8022282272577286,0.7075407713651657,0.23671862445771694,80.4305180233131,87.6932527250528,95.68760119055429,0.20192113393810268,52.99913830187472,58.851699337822296,93.6498718410605,5.085593289337516e-05,8.377199172973633,2:02:25,89.79267355394492,87.6932527250528,88.68266403565231,95.68760119055429,95.68760119055429,95.68760119055429,76.56254410064317,58.851699337822296,73.81681046052925,93.6498718410605,93.6498718410605,93.6498718410605
934,train/val,0.7790226399898529,0.689596626162529,0.22356504015624523,80.75597977614377,87.95044551675805,95.88601834960889,0.20232995357310518,52.74643528017997,58.50504890441777,93.59933169393153,4.955956833991588e-05,8.374173402786255,2:02:33,89.87002889302399,87.95044551675805,88.88580492337142,95.88601834960889,95.88601834960889,95.88601834960889,68.67455049029117,58.50504890441777,69.1726034588347,93.59933169393153,93.59933169393153,93.59933169393153
935,train/val,0.7768669426441193,0.6839827463030815,0.2322104886174202,82.04378193034773,88.77410435031233,95.75016210899952,0.20269771714011114,52.71050474634755,58.271496855184814,93.63869864058655,4.825942452631794e-05,8.473204374313354,2:02:41,90.620493583275,88.77410435031233,89.66552548192261,95.75016210899952,95.75016210899952,95.75016210899952,76.62352823398533,58.271496855184814,73.37702772157411,93.63869864058655,93.63869864058655,93.63869864058655
936,train/val,0.7905416175723076,0.6939335197210312,0.24152024351060392,80.19435274903472,87.39889680647022,95.75410091843095,0.1995876209530851,53.25329733477287,58.97744859482253,93.71828688984145,4.6955376602098275e-05,8.302079439163208,2:02:50,89.60074918722478,87.39889680647022,88.41421888599511,95.75410091843095,95.75410091843095,95.75410091843095,68.70914340083152,58.97744859482253,74.05210688775665,93.71828688984145,93.71828688984145,93.71828688984145
937,train/val,0.7827150583267212,0.696924202144146,0.21447714418172836,78.52137517300373,85.1203744789337,95.73077270470863,0.20288155233104918,53.17262914047126,58.928784618731655,93.6857714340431,4.564729159765349e-05,8.298960447311401,2:02:58,89.73085230332615,85.1203744789337,87.0851635610055,95.73077270470863,95.73077270470863,95.73077270470863,72.23139170519241,58.928784618731655,73.9698183651883,93.6857714340431,93.6857714340431,93.6857714340431
938,train/val,0.7640686079859733,0.6789267867803573,0.21285456754267215,80.45645530073168,87.45937210711648,96.12239008104824,0.20101537555857682,53.38282722481941,59.255698265420875,93.68500029458636,4.433502761980399e-05,8.250004768371582,2:03:06,89.40536497968073,87.45937210711648,88.32132654007637,96.12239008104824,96.12239008104824,96.12239008104824,68.34633712580738,59.255698265420875,74.26181105353302,93.68500029458636,93.68500029458636,93.68500029458636
939,train/val,0.7746162340044975,0.6863611757755279,0.2206376388669014,81.34617786861772,88.12293059035422,95.82707177294924,0.19976405962851104,52.97011472425186,58.569260966403206,93.70438418855657,4.30184329384212e-05,8.342833518981934,2:03:15,90.40966434310339,88.12293059035422,89.21228199434272,95.82707177294924,95.82707177294924,95.82707177294924,76.75254700504146,58.569260966403206,73.73673677583614,93.70438418855657,93.70438418855657,93.70438418855657
940,train/val,0.7969517782330513,0.7063269704580307,0.22656201794743538,77.93580191962832,85.77514161608389,95.5625415693275,0.20182376457911264,53.14827595066953,58.81997035000488,93.70665877256567,4.1697344945163874e-05,8.14067816734314,2:03:23,88.2230311230674,85.77514161608389,86.9419145228712,95.5625415693275,95.5625415693275,95.5625415693275,68.38369182443914,58.81997035000488,74.01094930210864,93.70665877256567,93.70665877256567,93.70665877256567
941,train/val,0.761472973227501,0.6794434219598771,0.20507388412952424,80.64459571278444,87.29049740658404,96.09477524996333,0.20055922329530193,53.078509374479275,58.70694648291966,93.69369364371381,4.037158896125385e-05,8.29536509513855,2:03:31,90.10036087190656,87.29049740658404,88.61358473145815,96.09477524996333,96.09477524996333,96.09477524996333,76.45466436539877,58.70694648291966,73.89724412854505,93.69369364371381,93.69369364371381,93.69369364371381
942,train/val,0.7738268375396729,0.6864275664091111,0.2184981781989336,79.52030600492779,86.95764962562774,95.79260901356179,0.20181117591818576,52.92179069567675,58.82424074808525,93.61188628810856,3.9040976866067704e-05,8.334397554397583,2:03:39,89.26522679472161,86.95764962562774,88.06583808385501,95.79260901356179,95.79260901356179,95.79260901356179,67.9642679259538,58.82424074808525,69.38236379079021,93.61188628810856,93.61188628810856,93.61188628810856
943,train/val,0.8013127416372299,0.702407406270504,0.24726335033774377,78.56784159195908,85.82022282600086,95.51400721412341,0.2016077044532721,53.32221052818632,59.10479687082659,93.69687806132656,3.77053055117593e-05,8.234512090682983,2:03:48,89.22364793421728,85.82022282600086,87.35619923112672,95.51400721412341,95.51400721412341,95.51400721412341,68.5722434977919,59.10479687082659,74.09180155645379,93.69687806132656,93.69687806132656,93.69687806132656
944,train/val,0.7879840031266212,0.6959288030862808,0.2301379984244704,79.40716200520924,87.09566087031924,95.57899797876375,0.19987941458441907,53.09724248530267,58.90028438061782,93.70691951756184,3.6364354880736084e-05,8.102104425430298,2:03:56,88.91327372193261,87.09566087031924,87.93807464668309,95.57899797876375,95.57899797876375,95.57899797876375,76.34066419633272,58.90028438061782,73.96280839555729,93.70691951756184,93.70691951756184,93.70691951756184
945,train/val,0.774775256216526,0.6852648302912712,0.2237760689109564,81.55629391968515,88.30501921014321,95.73125320406002,0.20133395774767418,53.29943576437456,58.78724808066495,93.69143570300234,3.5017885931953145e-05,8.17837381362915,2:04:04,90.47517720275708,88.30501921014321,89.34299101025556,95.73125320406002,95.73125320406002,95.73125320406002,69.23668036139404,58.78724808066495,74.03376545581415,93.69143570300234,93.69143570300234,93.69143570300234
946,train/val,0.8044138327240944,0.7103404924273491,0.23518336117267608,78.97795337177457,86.11556691658475,95.78489198689984,0.1997409321628065,52.97397182774336,58.7081905934475,93.64386361061696,3.36656380678264e-05,8.327704906463623,2:04:12,89.24091987641015,86.11556691658475,87.5813964300001,95.78489198689984,95.78489198689984,95.78489198689984,68.50688199448956,58.7081905934475,73.77849875462049,93.64386361061696,93.64386361061696,93.64386361061696
947,train/val,0.7722634464502335,0.6886761128902436,0.2089683346450329,78.56267350146246,86.09741533260505,95.90270739539002,0.20227033112645057,53.07266860429516,58.724314664179566,93.67628475439541,3.2307326134874465e-05,8.320110559463501,2:04:21,88.91485191865655,86.09741533260505,87.43991855314462,95.90270739539002,95.90270739539002,95.90270739539002,72.40105309699678,58.724314664179566,73.8947140979942,93.67628475439541,93.67628475439541,93.67628475439541
948,train/val,0.790265691280365,0.6963364601135253,0.2348230727016926,82.2376045531515,88.90887051732213,95.8238817272061,0.20095729088327588,53.03369450939975,58.7380457506756,93.6881181390086,3.094263684626968e-05,8.151419401168823,2:04:29,90.76216162633538,88.90887051732213,89.78667830529726,95.8238817272061,95.8238817272061,95.8238817272061,72.43151891884064,58.7380457506756,73.90425850134012,93.6881181390086,93.6881181390086,93.6881181390086
949,train/val,0.7800734147429467,0.6888448461890221,0.2280714176595211,78.71781916390765,86.10805714543514,95.81511379465115,0.20046672383454475,53.16673421868271,58.885642375322774,93.66442363095285,2.9571224480812745e-05,8.265417337417603,2:04:37,88.84279027130518,86.10805714543514,87.40121861881948,95.81511379465115,95.81511379465115,95.81511379465115,68.54317878038933,58.885642375322774,73.93618165155192,93.66442363095285,93.66442363095285,93.66442363095284
950,train/val,0.8106136202812195,0.7115936413407326,0.24754995629191398,80.8371327573038,87.60264259306695,95.55652957979291,0.20163662586696324,52.893693278196274,58.63488434810753,93.62295962879676,2.8192705666753733e-05,8.485644817352295,2:04:45,90.33245640660236,87.60264259306695,88.90412562095955,95.55652957979291,95.55652957979291,95.55652957979291,68.62756259128261,58.63488434810753,73.74936211893896,93.62295962879676,93.62295962879676,93.62295962879676
951,train/val,0.8029733330011368,0.7144149810075759,0.22139588445425035,79.73634350856985,86.69112219421847,95.612818917067,0.20014343319586986,53.14761646939633,58.890622831204766,93.65225738038711,2.6806652994866814e-05,8.382185935974121,2:04:54,89.93844100408232,86.69112219421847,88.16216351881776,95.612818917067,95.612818917067,95.612818917067,68.44496781980611,58.890622831204766,73.9539917736099,93.65225738038711,93.65225738038711,93.65225738038711
952,train/val,0.789524319767952,0.6975486099720001,0.2299392856657505,79.02188219064217,86.22182002626047,95.58396382394031,0.20289741244016596,52.86561300126408,58.62566216164022,93.5961916584458,2.5412587114804913e-05,8.20795726776123,2:05:02,89.57741159431393,86.22182002626047,87.72828970047591,95.58396382394031,95.58396382394031,95.58396382394031,76.16949999786486,58.62566216164022,73.65335186557118,93.5961916584458,93.5961916584458,93.5961916584458
953,train/val,0.7861997306346893,0.6955483898520469,0.22662834711372853,80.43453452909273,87.7536749232604,95.80884269434715,0.20345508643516322,53.00593873847891,58.6856968671031,93.64492878166513,2.400996683888056e-05,8.408005237579346,2:05:10,89.55747566454771,87.7536749232604,88.61766444419685,95.80884269434715,95.80884269434715,95.80884269434715,68.52634850933215,58.6856968671031,73.73347845673541,93.64492878166513,93.64492878166513,93.64492878166513
954,train/val,0.7913093432784081,0.6963619127869606,0.23736857548356055,80.95563606375345,87.97409772040244,95.71483997199299,0.20639197075277468,52.3667654359452,58.03965269281722,93.553329619289,2.259817658701181e-05,8.31780481338501,2:05:19,90.26887229358417,87.97409772040244,89.06013424444247,95.71483997199299,95.71483997199299,95.71483997199299,72.14801062849212,58.03965269281722,73.18300066501658,93.553329619289,93.553329619289,93.553329619289
955,train/val,0.7788911074399948,0.6921251803636551,0.21691482253372668,81.08607423248107,88.30736127403046,95.89106664489358,0.20266211608627974,53.253761432800104,59.01810262265933,93.63265157578186,2.117651022119476e-05,8.43594241142273,2:05:27,89.9186020839543,88.30736127403046,89.06340777649297,95.89106664489358,95.89106664489358,95.89106664489358,72.53417069830678,59.01810262265933,74.04387882079767,93.63265157578186,93.63265157578186,93.63265157578186
956,train/val,0.7821858033537865,0.6944423899054527,0.21935852486640214,79.09187505229201,86.19566257076153,95.90638585457611,0.20236635298511968,53.18402372926542,59.17738416273159,93.64949459298094,1.9744149879336223e-05,8.263378143310547,2:05:36,89.12147377033027,86.19566257076153,87.58702726468384,95.90638585457611,95.90638585457611,95.90638585457611,71.83921124127654,59.17738416273159,74.1376936211712,93.64949459298094,93.64949459298094,93.64949459298094
957,train/val,0.7812593281269073,0.6925175309181213,0.22185448780655861,79.60968999159951,86.89811966986582,95.82733770105312,0.20479730814355443,52.891080466702114,58.69814435206868,93.60302095823897,1.83001377250429e-05,8.192310810089111,2:05:44,89.2372851156025,86.89811966986582,88.0145721382305,95.82733770105312,95.82733770105312,95.82733770105312,68.18858673944537,58.69814435206868,73.72748271430464,93.60302095823897,93.60302095823897,93.60302095823897
958,train/val,0.8078423127532005,0.7091558679938317,0.24671611078083516,79.7275832504859,86.6350065578044,95.68779296498434,0.201852399285997,52.86816060354166,58.55659168114889,93.66444582201635,1.6843337398005542e-05,8.306111574172974,2:05:52,89.59807676952434,86.6350065578044,88.0337782838935,95.68779296498434,95.68779296498434,95.68779296498434,68.6486609525883,58.55659168114889,73.65071650585058,93.66444582201635,93.66444582201635,93.66444582201635
959,train/val,0.809565706551075,0.7097422257065773,0.2495586968958378,80.43175577227765,87.63810494049046,95.37732233091818,0.2007625471809749,52.82832372773013,58.483101635926396,93.64669297121364,1.5372380030634665e-05,8.432428121566772,2:06:00,89.79213786385976,87.63810494049046,88.68061370494496,95.37732233091818,95.37732233091818,95.37732233091818,72.55655732681475,58.483101635926396,73.52046903331603,93.64669297121364,93.64669297121364,93.64669297121365
960,train/val,0.7903307661414146,0.6993421077728271,0.22747165486216545,81.0289931869588,88.0128310855642,95.78624208712826,0.20291809022050095,53.001844175215226,58.93934106789014,93.5678481225861,1.3885586297320633e-05,8.228002071380615,2:06:09,90.01775339690012,88.0128310855642,88.97178801678764,95.78624208712826,95.78624208712826,95.78624208712826,72.08773313083884,58.93934106789014,69.6549830683897,93.5678481225861,93.5678481225861,93.5678481225861
961,train/val,0.8049804762005806,0.7023322954773903,0.25662046708166597,81.34628246667252,88.04907460351676,95.6151614016404,0.2022527587947484,52.90913538824885,58.59850666274951,93.62079600010519,1.2380849618162233e-05,8.205896377563477,2:06:17,90.44853498565978,88.04907460351676,89.17922955105159,95.6151614016404,95.6151614016404,95.6151614016404,68.85725786746897,58.59850666274951,73.72665822261354,93.62079600010519,93.62079600010519,93.62079600010519
962,train/val,0.8087543725967408,0.7112957954406738,0.2436464436352253,80.23852982906995,87.2080025553965,95.60637798536577,0.2019245059395491,52.89357992321396,58.417873223038185,93.65284544356996,1.0855453023427457e-05,8.093547821044922,2:06:25,89.92142763274636,87.2080025553965,88.50934443091792,95.60637798536577,95.60637798536577,95.60637798536578,68.58745894090696,58.417873223038185,73.70610031755483,93.65284544356996,93.65284544356996,93.65284544356996
963,train/val,0.7677276656031609,0.6818900138139725,0.21459412910044193,80.3712629346592,87.12454020854965,95.92903955607892,0.2015744750693526,53.07035942819237,58.83619904054844,93.68082282688187,9.305765050100467e-06,8.073825120925903,2:06:33,90.08729785023777,87.12454020854965,88.51596430953784,95.92903955607892,95.92903955607892,95.92903955607892,72.12472174150828,58.83619904054844,73.79509041640702,93.68082282688187,93.68082282688187,93.68082282688187
964,train/val,0.7952354058623314,0.7056415498256683,0.22398463897407056,79.86344367070771,86.61252814712508,95.63926438395356,0.19939347276877734,53.29921508699923,58.949260288773665,93.69865889417271,7.72669550489631e-06,8.061588048934937,2:06:41,89.96296280038108,86.61252814712508,88.17995470303016,95.63926438395356,95.63926438395356,95.63926438395356,72.48415504738558,58.949260288773665,74.1202605927165,93.69865889417271,93.69865889417271,93.69865889417271
965,train/val,0.8033283665776253,0.707601572573185,0.23931698836386203,80.84892339101484,88.18788291779623,95.66299368695519,0.20106548488701198,53.14485412289619,58.918022298117755,93.64329773849762,6.110616359831237e-06,8.151317119598389,2:06:49,89.77608628440159,88.18788291779623,88.95402244496663,95.66299368695519,95.66299368695519,95.66299368695519,68.31701803265382,58.918022298117755,73.89502731978101,93.64329773849762,93.64329773849762,93.64329773849762
966,train/val,0.8052077814936638,0.7080236285924911,0.24296038653701543,80.68253000974845,87.48385903719974,95.74734482031818,0.20161778708433226,53.11703084303281,58.704604441123784,93.6661378906085,4.4448743866680986e-06,8.086841344833374,2:06:57,90.2546465458698,87.48385903719974,88.81858510076785,95.74734482031818,95.74734482031818,95.74734482031818,72.69081031758624,58.704604441123784,73.93489356409252,93.6661378906085,93.6661378906085,93.6661378906085
967,train/val,0.7852577403187752,0.6969840466976166,0.22068422846496105,80.4127513592472,87.40153443252922,95.67782634944626,0.20350643512582667,53.19599747810361,59.024826844249056,93.66060676803026,2.704426527035085e-06,7.975321054458618,2:07:05,89.87454091567673,87.40153443252922,88.56347885221336,95.67782634944626,95.67782634944626,95.67782634944626,68.3501101684365,59.024826844249056,74.0406851331562,93.66060676803026,93.66060676803026,93.66060676803026
968,train/val,0.7745675012469292,0.6843927353620529,0.2254369143396616,80.20691969003151,87.08092311888679,95.8900282190445,0.20091969718463087,53.071718346868266,58.9463735863679,93.6794802675399,8.133359151283533e-07,8.221749067306519,2:07:14,89.93316392736095,87.08092311888679,88.40604886693514,95.8900282190445,95.8900282190445,95.8900282190445,76.15447444065587,58.9463735863679,73.91479934399182,93.6794802675399,93.6794802675399,93.6794802675399
