Epoch,Train_Total_Loss,Train_Main_Loss,Train_Aux_Loss,Validation_Loss,Train_mIoU,Validation_mIoU,Train_mAcc,Validation_mAcc,Train_aAcc,Validation_aAcc,Train_Precision_Macro,Validation_Precision_Macro,Train_Recall_Macro,Validation_Recall_Macro,Train_F1_Macro,Validation_F1_Macro,Train_Precision_Micro,Validation_Precision_Micro,Train_Recall_Micro,Validation_Recall_Micro,Train_F1_Micro,Validation_F1_Micro,Learning_Rate,Epoch_Time_sec,Cumulative_Training_Time
1,3.4910258559388607,2.386089022879482,2.7623420243866104,0.5301059299707412,19.40252361885919,30.6368676903986,25.515920433954907,38.13498475400349,69.04569695438242,84.51618623798544,27.748630031681138,43.74986968732313,25.515920433954907,38.13498475400349,26.093476417173868,38.54025270877771,69.04569695438242,84.51618623798544,69.04569695438242,84.51618623798544,69.04569695438242,84.51618623798542,0.009981553027149672,272.6304407119751,0:04:32
2,1.5561783961104962,1.1354388506042132,1.0518488467501248,0.393746434494853,32.51841166523868,39.699860654837195,39.196888643064405,47.91939002415329,84.95129597044038,87.98001781619476,52.05892161735017,61.136129558987875,39.196888643064405,47.91939002415329,41.62420843211221,50.73630476265376,84.95129597044038,87.98001781619476,84.95129597044038,87.98001781619476,84.95129597044038,87.98001781619476,0.009962952243779773,274.58730578422546,0:09:07
3,1.3414732664322484,1.0216680875182071,0.7995129304198346,0.3391163187325001,39.604548627034966,45.44219123110791,46.84968139868572,54.37628619966412,87.79014837261091,89.67992552656155,61.86745651614876,68.37287200602883,46.84968139868572,54.37628619966412,50.76665676056217,57.69490214220835,87.79014837261091,89.67992552656155,87.79014837261091,89.67992552656155,87.79014837261091,89.67992552656155,0.00994434760098751,275.10346269607544,0:13:42
4,1.2339535057745128,0.9641807473339166,0.6744318827736193,0.28552282583713534,44.23841763651365,49.38227041520255,51.70040539201627,57.83084535460813,89.3210709929196,91.33717913510901,67.10174578428463,75.5395430239011,51.70040539201627,57.83084535460813,56.15424920661014,61.522449603643246,89.3210709929196,91.33717913510901,89.3210709929196,91.33717913510901,89.3210709929196,91.33717913510901,0.00992573908994599,272.21075773239136,0:18:14
5,1.1523024443018413,0.918129296373343,0.5854328603915264,0.26178023536503314,48.39979395909161,55.4307263957205,56.07306218626583,65.51873927384871,90.68351014715668,92.03280382278093,70.71854868054912,73.89086469506371,56.07306218626583,65.51873927384871,60.84351118420292,68.69059524996476,90.68351014715668,92.03280382278093,90.68351014715668,92.03280382278093,90.68351014715668,92.03280382278093,0.009907126701789679,272.64716935157776,0:22:47
6,1.1125378520118365,0.8957986531236786,0.5418479886023727,0.2542209115326405,50.97780368908826,57.11588964372921,59.03199468981859,68.08112345455297,91.31056731865793,92.38387395262212,72.51350082137049,75.35811387236129,59.03199468981859,68.08112345455297,63.67887782937356,70.19333062652476,91.31056731865793,92.38387395262212,91.31056731865793,92.38387395262212,91.31056731865793,92.38387395262212,0.009888510427614162,271.08372735977173,0:27:18
7,1.0854682228712724,0.882616965900593,0.5071281357527421,0.24144878274202347,53.15012475425762,57.85542997063043,61.31252532711669,67.70810038595427,91.64083302938363,92.69079829861533,74.34996142884796,78.15797085896271,61.31252532711669,67.70810038595427,65.9418223296472,70.81375206143322,91.64083302938363,92.69079829861533,91.64083302938363,92.69079829861533,91.64083302938363,92.69079829861533,0.009869890258475959,271.4640896320343,0:31:49
8,1.0643646872596766,0.870275676891799,0.4852225157484242,0.21925872924923898,54.81670228753565,58.940021677075514,62.93769656908793,67.58439119873046,92.03976794603608,93.26644928747996,76.2067451856458,79.7104370779513,62.93769656908793,67.58439119873046,67.82524471342992,71.498651959516,92.03976794603608,93.26644928747996,92.03976794603608,93.26644928747996,92.03976794603608,93.26644928747996,0.009851266185392157,270.4947693347931,0:36:20
9,1.0585046764099926,0.8690792573885222,0.4735635392362829,0.21792436738312243,55.67538375312808,61.48545276510266,64.00262477012532,71.9590270839121,92.17896854305587,93.38555888157234,76.24895390626358,78.0724468458407,64.00262477012532,71.9590270839121,68.50045937697155,74.13823249309756,92.17896854305587,93.38555888157234,92.17896854305587,93.38555888157234,92.17896854305587,93.38555888157234,0.009832638199340204,270.18140149116516,0:40:50
10,1.0242079954140926,0.8516626880124021,0.4313632607480064,0.20714431439340114,57.35035497129209,63.694908195428724,65.74100165731583,73.67378261214927,92.81112193683202,93.70310362411897,77.2629911112989,80.45438126546071,65.74100165731583,73.67378261214927,70.23714063308167,76.10805503360113,92.81112193683202,93.70310362411897,92.81112193683202,93.70310362411897,92.81112193683202,93.70310362411897,0.0098140062912577,271.93897438049316,0:45:22
11,1.0199780948785784,0.8503910212325986,0.42396767417416126,0.2200310549438,57.60755411131273,64.13897448595381,65.87404538403646,75.55067432777894,92.90153817759402,93.31520828256714,77.63734618502266,79.15449108358851,65.87404538403646,75.55067432777894,70.3846993294013,76.68136300098709,92.90153817759402,93.31520828256714,92.90153817759402,93.31520828256714,92.90153817759402,93.31520828256714,0.009795370452042037,271.6843419075012,0:49:54
12,0.9872918106520344,0.8302352400578022,0.39264142090390813,0.20519676481187343,60.296996675583436,62.88717118481774,68.95936655849138,72.86805888135959,93.43522121057005,93.85677795205282,78.9246759753341,79.61425913072489,68.95936655849138,72.86805888135959,72.98545804024423,75.075843707653,93.43522121057005,93.85677795205282,93.43522121057005,93.85677795205282,93.43522121057005,93.85677795205284,0.009776730672550268,272.2116882801056,0:54:26
13,0.980271358636697,0.823944076605106,0.390818198364937,0.19574151556193828,60.43039889336864,66.345734889822,68.8662062683797,77.23748605826745,93.452254588991,94.22847765504541,79.60258208269548,80.62091319536859,68.8662062683797,77.23748605826745,73.20976254824222,78.26952778982103,93.452254588991,94.22847765504541,93.452254588991,94.22847765504541,93.452254588991,94.22847765504541,0.009758086943598695,269.4146625995636,0:58:55
14,0.9760672013151942,0.8174002920130234,0.3966672691768981,0.1947494721338153,61.24232759160198,65.8843963894141,69.85659960378844,75.84136953013355,93.40341761242212,94.25949284213397,79.73931627431065,81.92192522466148,69.85659960378844,75.84136953013355,73.91280839452376,77.92626486182735,93.40341761242212,94.25949284213397,93.40341761242212,94.25949284213397,93.40341761242213,94.25949284213397,0.009739439255962665,269.4109570980072,1:03:25
15,0.9542754088661858,0.8069374415605118,0.3683449102073367,0.19407662031054496,62.522187207243995,66.24970175756427,71.05232415353868,77.92513629763242,93.70770196003252,94.23416303659718,80.74106390468279,79.67512697564553,71.05232415353868,77.92513629763242,75.07986717554122,78.25216484013451,93.70770196003252,94.23416303659718,93.70770196003252,94.23416303659718,93.70770196003252,94.23416303659718,0.009720787600376351,268.7171847820282,1:07:53
16,0.9533233103851544,0.8054013790984882,0.36980482144249954,0.1955605818629265,63.31208396855739,68.29502503143846,71.84761048411093,78.51484148662004,93.75990957372017,94.15545568133032,81.28628407177946,82.00577489891775,71.84761048411093,78.51484148662004,75.7911574975347,80.02061278465033,93.75990957372017,94.15545568133032,93.75990957372017,94.15545568133032,93.75990957372017,94.15545568133032,0.009702131967532437,268.113929271698,1:12:21
17,0.930350541707727,0.7901041562234946,0.350615958720145,0.18037438050657512,64.67243580962713,68.98317039594927,73.334964045157,80.1909156018581,94.12670057637543,94.56308464899446,81.8408476418348,81.22390507869342,73.334964045157,80.1909156018581,77.00925961242335,80.50332877454731,94.12670057637543,94.56308464899446,94.12670057637543,94.56308464899446,94.12670057637543,94.56308464899446,0.009683472348081775,270.44401955604553,1:16:52
18,0.9324712187312318,0.795704136138485,0.34191770231314933,0.1828231646567583,65.42877250747901,69.49505306587326,73.98624237089936,78.01969053123709,94.19747901424972,94.60101779910786,82.33627239688835,84.67236687387481,73.98624237089936,78.01969053123709,77.61956046008045,80.83975356245479,94.19747901424972,94.60101779910786,94.19747901424972,94.60101779910786,94.19747901424972,94.60101779910786,0.009664808732633237,270.6756570339203,1:21:23
19,0.9201705559396711,0.7861307508687325,0.3350995080626965,0.18362018313258888,65.21351669447569,68.76916617036566,73.56485031176095,77.56459824888265,94.25271195537222,94.60807981593487,82.55264634673007,84.37634639131385,73.56485031176095,77.56459824888265,77.41802565304067,80.22963689199322,94.25271195537222,94.60807981593487,94.25271195537222,94.60807981593487,94.25271195537222,94.60807981593487,0.009646141111753355,268.59430480003357,1:25:51
20,0.9243573407919998,0.7886555832187522,0.3392543915882156,0.17967927678674459,65.33456111189648,69.53124139253063,73.80475030927929,78.75935315236292,94.18569427168522,94.68625762898877,82.50354869872555,84.03143590626601,73.80475030927929,78.75935315236292,77.52766431099073,80.90983428503353,94.18569427168522,94.68625762898877,94.18569427168522,94.68625762898877,94.18569427168522,94.68625762898877,0.00962754477289464,272.8965940475464,1:30:24
21,0.9176167402198512,0.7811137263455804,0.34125753042677065,0.17833897465467452,65.66049661197528,70.13361313007154,74.5135837009338,80.53188914439377,94.1055772751915,94.79684471225531,82.17825328387246,83.09498216697187,74.5135837009338,80.53188914439377,77.83743737160908,81.41264268015598,94.1055772751915,94.79684471225531,94.1055772751915,94.79684471225531,94.1055772751915,94.79684471225531,0.0096088691289276,268.74747824668884,1:34:53
22,0.9048084943544649,0.7751996486316853,0.32402210960712063,0.17855035619437695,66.97710746840751,70.30238833189225,75.33724848725313,79.91253706607449,94.42695071999263,94.83531252988729,83.6091090670948,83.57127267782589,75.33724848725313,79.91253706607449,78.92014084003961,81.44096489483897,94.42695071999263,94.83531252988729,94.42695071999263,94.83531252988729,94.42695071999263,94.83531252988729,0.009590189451010646,268.6338427066803,1:39:21
23,0.8977382016526667,0.7684184733500157,0.3232993156810134,0.17752389113605022,67.20169477208641,70.10525089488443,75.6215586450754,79.9824765254369,94.55078992334545,94.78854400720812,83.63262802614709,83.5012247416503,75.6215586450754,79.9824765254369,79.08887203320437,81.25528918362087,94.55078992334545,94.78854400720812,94.55078992334545,94.78854400720812,94.55078992334545,94.78854400720812,0.009571505729538307,268.67441415786743,1:43:50
24,0.8933409510559898,0.7696571402407045,0.30920952380144445,0.17899627474695445,67.41044040961826,70.6624947905951,75.89087956363805,81.64122808379803,94.68643824528199,94.80385002357352,83.54646328509186,82.25126727808218,75.89087956363805,81.64122808379803,79.19339990303244,81.77569950801603,94.68643824528199,94.80385002357352,94.68643824528199,94.80385002357352,94.68643824528199,94.80385002357352,0.009552817954861396,268.2349853515625,1:48:18
25,0.8987157399532534,0.7699967066593915,0.32179758002293857,0.1702948760986328,67.63360915524274,71.76859691525564,75.93815135470173,81.72349007528554,94.50971393850106,95.01880555867398,83.88758829104115,83.87660168649762,75.93815135470173,81.72349007528554,79.42873213174214,82.6302720225938,94.50971393850106,95.01880555867398,94.50971393850106,95.01880555867398,94.50971393850106,95.01880555867398,0.009534126117286655,268.6331079006195,1:52:47
26,0.8927997986422181,0.7653965764223688,0.31850805198216325,0.18602934701740742,68.82866520557543,70.40541735752046,77.04038325367875,81.01792496618617,94.62678806754835,94.75058195909504,84.68956584578228,82.75691115025798,77.04038325367875,81.01792496618617,80.39516249459693,81.61688228923983,94.62678806754835,94.75058195909504,94.62678806754835,94.75058195909504,94.62678806754835,94.75058195909504,0.00951550560200208,267.99597096443176,1:57:15
27,0.8850315460721037,0.7614448643524373,0.3089666984870118,0.16674417615681886,68.53260915037133,72.71016106914591,76.90058835571001,82.43309637142349,94.78548072622362,95.21808594635654,84.27352135650615,84.60070267483555,76.90058835571001,82.43309637142349,80.16559602016102,83.27252537035088,94.78548072622362,95.21808594635654,94.78548072622362,95.21808594635654,94.78548072622362,95.21808594635654,0.009496805625855255,267.8149275779724,2:01:43
28,0.8776781719927028,0.7573995860976185,0.300696464772784,0.1734881208240986,69.67546037177806,71.19598754253354,77.95598931056071,81.42635666360692,94.81868506938181,94.96085241962881,84.98606636013734,83.8639570437615,77.95598931056071,81.42635666360692,81.09117160684123,82.06684660264807,94.81868506938181,94.96085241962881,94.81868506938181,94.96085241962881,94.81868506938181,94.96085241962881,0.009478101557503216,268.10565853118896,2:06:11
29,0.8725237948187422,0.7541526696107976,0.2959278105547064,0.17439321761578322,69.09245264748151,71.05683958548717,77.64668915996658,81.15084470373488,94.85868046130183,95.02776775529114,84.35923150114611,83.68945363791372,77.64668915996658,81.15084470373488,80.65904906624209,81.96539696344223,94.85868046130183,95.02776775529114,94.85868046130183,95.02776775529114,94.85868046130183,95.02776775529114,0.00945939338707367,267.09397530555725,2:10:38
30,0.8726931762879698,0.753901121134556,0.29698013630523407,0.1711289445385337,70.6738887309521,73.26023112866751,78.9935070010543,82.5445999564501,94.97070157209862,95.18321500276753,85.39322491822408,85.35272487345725,78.9935070010543,82.5445999564501,81.91165706784027,83.69542437837481,94.97070157209862,95.18321500276753,94.97070157209862,95.18321500276753,94.97070157209862,95.18321500276753,0.009440681104648749,267.18694496154785,2:15:05
31,0.8685879145962485,0.7487995013063516,0.29947103161637867,0.16799105681478976,70.97013566393852,72.2568864751519,79.2795320114938,81.73883974159094,94.99523371887729,95.08440947039618,85.58649382263438,84.99596190188065,79.2795320114938,81.73883974159094,82.13254602917708,82.96223195523032,94.99523371887729,95.08440947039618,94.99523371887729,95.08440947039618,94.99523371887729,95.08440947039617,0.00942196470026473,269.35735726356506,2:19:34
32,0.8682492324868223,0.7471891259016731,0.30265026334635586,0.17164956576377152,70.54509972946255,71.09619343000868,78.66991195921453,81.60118362449384,94.82154239411739,95.11134295134151,85.56052703627485,83.30249203780375,78.66991195921453,81.60118362449384,81.73761415172135,82.02546812262456,94.82154239411739,95.11134295134151,94.82154239411739,95.11134295134151,94.82154239411739,95.11134295134151,0.009403244163911648,268.8353886604309,2:24:03
33,0.86496087774464,0.7486810806660181,0.29069949062722755,0.1756566991880536,71.58740107808626,71.470436809579,80.00749215279808,83.73416015006484,95.1397248131876,94.97977308503319,85.64169480994467,81.63990994859695,80.00749215279808,83.73416015006484,82.57697933469646,82.38610698212896,95.1397248131876,94.97977308503319,95.1397248131876,94.97977308503319,95.13972481318758,94.97977308503319,0.009384519485533063,267.9522707462311,2:28:31
34,0.8552093936560053,0.7443764671913794,0.2770823120780254,0.17804089263826609,70.97474715979341,71.83954316116832,79.33326982378081,82.04506113516476,95.23111176367209,94.79775559901498,85.39850369256217,84.22989591079994,79.33326982378081,82.04506113516476,82.07875780153744,82.75607296966466,95.23111176367209,94.79775559901498,95.23111176367209,94.79775559901498,95.23111176367209,94.79775559901498,0.009365790655025704,270.73787236213684,2:33:02
35,0.8587491683256089,0.7460762708076472,0.28168223816312715,0.1687605242058635,70.75167714988474,72.62118954018518,78.99021737533195,81.63201929214769,95.01879684622587,95.09831638738093,85.39814868926496,86.06269474544469,78.99021737533195,81.63201929214769,81.8692830906721,83.17273210816116,95.01879684622587,95.09831638738093,95.01879684622587,95.09831638738093,95.01879684622587,95.09831638738093,0.009347057662239153,268.9600462913513,2:37:31
36,0.8407624336040974,0.7343807931345585,0.26595409488068705,0.16353611594438552,72.96692022685806,72.31601554806191,81.08512284242929,81.94291416689543,95.40109411248406,95.28644825393482,86.47716613492697,84.66654898156246,81.08512284242929,81.94291416689543,83.56801164706829,82.96986010397646,95.40109411248406,95.28644825393482,95.40109411248406,95.28644825393482,95.40109411248406,95.28644825393484,0.009328320496975484,269.26742672920227,2:42:00
37,0.8583737586918659,0.744235145219958,0.2853465285289985,0.16776045801490544,71.64115438449613,72.37776421167602,79.82697072312956,82.27720530805037,95.10112678947245,95.1406711495432,85.9862181510955,84.80717604565183,79.82697072312956,82.27720530805037,82.58687979594906,82.88064561368658,95.10112678947245,95.1406711495432,95.10112678947245,95.1406711495432,95.10112678947245,95.1406711495432,0.009309579148988986,271.58057594299316,2:46:32
38,0.8503899909781384,0.7387267291425617,0.27915815231418484,0.1610835014283657,72.11925534856455,72.953625726711,80.40084309903487,82.30168365890056,95.22315218011383,95.33926834489375,86.04369351448841,85.53102349445035,80.40084309903487,82.30168365890056,82.981534152107,83.4792881320292,95.22315218011383,95.33926834489375,95.22315218011383,95.33926834489375,95.22315218011384,95.33926834489375,0.009290833607985783,269.1534490585327,2:51:01
39,0.8512452864454509,0.7399407214339179,0.2782614102089814,0.1746764105632901,71.73598482233135,71.68987287604332,79.60692470115458,82.86146380618537,95.1686179609262,95.13218756923013,86.4234009618118,82.79048179522573,79.60692470115458,82.86146380618537,82.67542686961646,82.47395515889832,95.1686179609262,95.13218756923013,95.1686179609262,95.13218756923013,95.1686179609262,95.13218756923013,0.009272083863623638,268.31332206726074,2:55:29
40,0.8494116059669169,0.7374479666442461,0.27990909602941483,0.1615511465370655,72.13323755415351,73.75432727682197,79.96822431874648,83.49157206260156,95.23665636549725,95.33708431041241,86.72241608427822,85.03199228448676,79.96822431874648,83.49157206260156,82.97398759350344,84.06959576351971,95.23665636549725,95.33708431041241,95.23665636549725,95.33708431041241,95.23665636549725,95.33708431041241,0.009253329905511353,268.69013690948486,2:59:58
41,0.8452071684594914,0.7358846121292909,0.2733063923486865,0.17403400386869908,72.39954856993918,72.6543675855267,80.41343568591806,81.79700318790452,95.33952034108691,95.13453375965683,86.4809539773129,85.66305311523872,80.41343568591806,81.79700318790452,83.16673729578555,83.20049131762227,95.33952034108691,95.13453375965683,95.33952034108691,95.13453375965683,95.33952034108691,95.13453375965683,0.009234571723208629,272.4303722381592,3:04:30
42,0.834088555641758,0.724190290273238,0.2747456619532299,0.16212000121921302,73.06510963626529,74.44511677041874,81.26246813218425,83.76993259150237,95.26543252737386,95.50424462597722,86.47712041905085,85.78492474625557,81.26246813218425,83.76993259150237,83.67358804544828,84.60457065666938,95.26543252737386,95.50424462597722,95.26543252737386,95.50424462597722,95.26543252737386,95.50424462597722,0.009215884969650187,269.1187722682953,3:09:00
43,0.8334316888870452,0.7277912268641817,0.26410115121913263,0.16020285373181103,73.96131840166072,74.50620660264174,82.06053465374704,84.42819702175521,95.49768856212654,95.45851806702231,86.95338211372471,85.13724593382945,82.06053465374704,84.42819702175521,84.31990530940648,84.58600430830448,95.49768856212654,95.45851806702231,95.49768856212654,95.45851806702231,95.49768856212654,95.45851806702231,0.00919711832458648,268.07555413246155,3:13:28
44,0.8275786137612938,0.719591385599103,0.26996806827602404,0.1663060477375984,73.35227299389695,73.81797604490635,81.37369708670576,83.27562235371856,95.42591130536263,95.27827895299939,86.87725234231596,85.28516240113511,81.37369708670576,83.27562235371856,83.90450592921198,83.97704941445141,95.42591130536263,95.27827895299939,95.42591130536263,95.27827895299939,95.42591130536263,95.27827895299939,0.009178347423755942,268.40946912765503,3:17:56
45,0.8257060671461935,0.7197552916782369,0.2648769349896956,0.1710066885575652,73.36795851442096,72.18420417856791,81.12176839003014,81.51843294334105,95.53897316129142,95.22362858269481,87.17072648968977,85.09650888951566,81.12176839003014,81.51843294334105,83.8718430238632,82.92832000466036,95.53897316129142,95.22362858269481,95.53897316129142,95.22362858269481,95.53897316129142,95.22362858269481,0.00915957225651842,267.1450426578522,3:22:23
46,0.8264941981396743,0.7212978659577232,0.26299082805986923,0.17070383821427823,74.32700066480757,74.07696746877427,81.99540316733604,82.76805401658191,95.535626325847,95.28030203107497,87.61126449131667,86.40151172682883,81.99540316733604,82.76805401658191,84.57782743129657,84.23883935038002,95.535626325847,95.28030203107497,95.535626325847,95.28030203107497,95.535626325847,95.28030203107497,0.009140868544351498,271.22977805137634,3:26:54
47,0.8264927670269423,0.7197363694882987,0.2668909909705949,0.16549559620022775,72.9187472303434,74.05913655881946,80.87908644309918,83.39314028759408,95.3674866252606,95.24267847122982,86.67744682964916,85.62991705039191,80.87908644309918,83.39314028759408,83.51879752925389,84.21473935892081,95.3674866252606,95.24267847122982,95.3674866252606,95.24267847122982,95.3674866252606,95.24267847122982,0.009122084829486884,273.1408689022064,3:31:28
48,0.8259354520341095,0.717254538582569,0.2717022789265176,0.16921728359907864,74.31208971304022,74.44129003047607,82.23319254845507,84.25388968336914,95.37326325936215,95.22398342832103,87.29438031726626,85.11532537282427,82.23319254845507,84.25388968336914,84.56577060605287,84.55256057080156,95.37326325936215,95.22398342832103,95.37326325936215,95.22398342832103,95.37326325936215,95.22398342832103,0.009103296816031564,268.8036425113678,3:35:56
49,0.8260700221460942,0.7216763705436062,0.26098412322412823,0.15471273186802864,74.88072434677005,75.89975575696663,82.78977963189466,84.88067775055323,95.56099442147352,95.66571890569591,87.50164427282444,86.5965840288971,82.78977963189466,84.88067775055323,84.97962630547838,85.6027936759155,95.56099442147352,95.66571890569591,95.56099442147352,95.66571890569591,95.56099442147352,95.66571890569591,0.009084504493139843,269.77986454963684,3:40:26
50,0.8210433984492237,0.717454681409712,0.25897178860542835,0.16297765463590622,74.20727134426662,74.20633928540866,82.1004880363324,83.92492674210679,95.56868326482554,95.5095919554573,87.22561271118353,85.74889633198374,82.1004880363324,83.92492674210679,84.48078849326053,84.34542047914168,95.56868326482554,95.5095919554573,95.56868326482554,95.5095919554573,95.56868326482554,95.5095919554573,0.009065707849913613,273.755784034729,3:45:00
51,0.8142184588279031,0.7119884951329504,0.2555749084256845,0.17002320859581233,75.17260726453591,72.87486499284545,82.7433098085874,82.4402041871951,95.66442643262,95.29393632542124,87.97904928830866,85.23814102946147,82.7433098085874,82.4402041871951,85.16774500234746,83.21778826458323,95.66442643262,95.29393632542124,95.66442643262,95.29393632542124,95.66442643261999,95.29393632542124,0.009046906875402055,268.5203115940094,3:49:28
52,0.8169614706331239,0.7114312230698919,0.26382561491973944,0.1703584366440773,74.57372209559551,72.96649739723352,82.47164574910045,82.69407112861458,95.5737054895448,95.12449426742147,87.37881724708471,85.1966963004268,82.47164574910045,82.69407112861458,84.74675080523356,83.41474075399252,95.5737054895448,95.12449426742147,95.5737054895448,95.12449426742147,95.5737054895448,95.12449426742147,0.00902810155860122,267.96929264068604,3:53:56
53,0.813486355358751,0.7080453262083789,0.2636025707389616,0.15864729565382005,73.98023973121559,74.73882371282492,81.9252202228744,84.66319568028155,95.58936785056616,95.49289905320546,87.19564472419752,85.47171900157663,81.9252202228744,84.66319568028155,84.35046466424488,84.79619107796474,95.58936785056616,95.49289905320546,95.58936785056616,95.49289905320546,95.58936785056616,95.49289905320546,0.009009291888453674,268.2254180908203,3:58:25
54,0.8117704845428787,0.7088358726029277,0.25733652614713437,0.1703101807832718,75.64834833294975,74.48215070707317,83.30620971991095,84.71858010244878,95.67798207431086,95.36221531952121,88.01268544900962,84.80116889993256,83.30620971991095,84.71858010244878,85.46479701225674,84.54755777200346,95.67798207431086,95.36221531952121,95.67798207431086,95.36221531952121,95.67798207431086,95.36221531952121,0.008990477853848083,267.3840260505676,4:02:52
55,0.8118814057604771,0.7054103484230708,0.2661776414144817,0.15708962143212557,75.33910881739901,75.56184634397836,83.10928381831678,84.27926510835559,95.53939809076216,95.67116754174843,87.8149859489198,86.70874957226417,83.10928381831678,84.27926510835559,85.29851115162207,85.37196569380559,95.53939809076216,95.67116754174843,95.53939809076216,95.67116754174843,95.53939809076216,95.67116754174843,0.008971735333106518,266.9286959171295,4:07:19
56,0.8082325463937927,0.7073583437759923,0.2521855026037603,0.17270414562523365,75.0527248218392,73.24195573013826,82.8186210811182,83.73111391075454,95.7016570768909,95.24364660874357,87.7662682160539,84.61919471928034,82.8186210811182,83.73111391075454,85.10098652777494,83.71188255657331,95.7016570768909,95.24364660874357,95.7016570768909,95.24364660874357,95.7016570768909,95.24364660874357,0.00895291255374497,267.93953824043274,4:11:47
57,0.8035146751977809,0.7043509176696157,0.24790939059867584,0.17276177342236043,75.4817547336301,74.25693061944996,82.97847381153484,85.46113594574713,95.77221074558679,95.31520438079193,88.22567596001717,83.68383887958024,82.97847381153484,85.46113594574713,85.41664386414467,84.46387356116361,95.77221074558679,95.31520438079193,95.77221074558679,95.31520438079193,95.77221074558679,95.31520438079193,0.00893408537630986,268.06608605384827,4:16:15
58,0.798581223842195,0.6977072034654958,0.2521850471137431,0.16270154390484096,75.97938661639088,74.58991141122544,83.75865638769481,84.3239831114539,95.80438066453432,95.46734809618435,87.99632963730694,85.4882761369122,83.75865638769481,84.3239831114539,85.74896394894847,84.6087673364569,95.80438066453432,95.46734809618435,95.80438066453432,95.46734809618435,95.80438066453432,95.46734809618435,0.008915253789470634,268.1551105976105,4:20:43
59,0.8076112643535617,0.70318251965466,0.26107185957771706,0.16748192100971937,75.48198126862506,74.14350984708328,83.07613423117442,85.65041088548489,95.65455317969213,95.5094951198961,87.98427387723878,83.96817230103434,83.07613423117442,85.65041088548489,85.33896495591328,84.25643373667737,95.65455317969213,95.5094951198961,95.65455317969213,95.5094951198961,95.65455317969213,95.5094951198961,0.008896417781840905,267.69355034828186,4:25:11
60,0.802167456724857,0.6995205963587873,0.25661715060953494,0.16444283551722766,75.06351367197331,74.88441970080929,82.56219859305527,84.95395863444787,95.56587450123413,95.48211268398973,88.0100892184549,85.31233138924969,82.56219859305527,84.95395863444787,85.06575147940883,84.92693636699987,95.56587450123413,95.48211268398973,95.56587450123413,95.48211268398973,95.56587450123413,95.48211268398973,0.008877577341978025,269.5649092197418,4:29:40
61,0.7987162350766516,0.6952870263296562,0.25857301791923193,0.1643531648144126,76.72004740776481,74.96681063775996,84.23670279551926,83.64120171133123,95.71992489949676,95.45476252660376,88.58566601398013,86.56767726546347,84.23670279551926,83.64120171133123,86.2726928512554,84.79120332451025,95.71992489949676,95.45476252660376,95.71992489949676,95.45476252660376,95.71992489949676,95.45476252660376,0.008858732458382682,273.0535614490509,4:34:13
62,0.8012330958365432,0.6977223808643557,0.2587767831264684,0.15755819726735354,75.43975779904126,74.88621631367236,82.89219907393648,83.31696795836937,95.74854994466554,95.63230245840768,88.31017456217218,87.14786518421846,82.89219907393648,83.31696795836937,85.37455062388119,84.81800576768605,95.74854994466554,95.63230245840768,95.74854994466554,95.63230245840768,95.74854994466554,95.63230245840768,0.008839883119498437,274.77297854423523,4:38:48
63,0.7965683382913901,0.6907618454762089,0.26451622974315425,0.16443331179022788,75.41596274772486,74.29131376795675,83.40972445139762,83.80438228886531,95.74080948640423,95.52942547050434,87.60286899677814,85.47793018693699,83.40972445139762,83.80438228886531,85.36513424858202,84.47340254669555,95.74080948640423,95.52942547050434,95.74080948640423,95.52942547050434,95.74080948640423,95.52942547050434,0.008821029313711367,268.5880925655365,4:43:17
64,0.786047672996925,0.6856725346985967,0.2509378415570615,0.1620575745999813,76.86853408867857,74.9832995819867,84.38026498955443,83.89514388330039,95.81960343140273,95.53597124910314,88.63440402761881,86.43681533924772,84.38026498955443,83.89514388330039,86.37689204475886,84.92082276035525,95.81960343140273,95.53597124910314,95.81960343140273,95.53597124910314,95.81960343140273,95.53597124910314,0.008802171029349574,268.8185830116272,4:47:46
65,0.7924444992308177,0.6913604906083115,0.2527100165232405,0.16815317738056182,76.14911735841193,74.81444875395158,83.45851698091012,84.09306039270443,95.83925963801059,95.44993743304995,88.67928627027094,86.34251279435597,83.45851698091012,84.09306039270443,85.88215631650309,84.8564041086516,95.83925963801059,95.44993743304995,95.83925963801059,95.44993743304995,95.83925963801059,95.44993743304995,0.008783384323290365,268.76581144332886,4:52:14
66,0.8032457514264556,0.7021627167406383,0.2527075831571039,0.16589861664175987,75.93307631871232,75.13871923284832,83.36203701967327,84.17446402529718,95.76493623203991,95.45825056968944,88.38490025910983,86.52494279341735,83.36203701967327,84.17446402529718,85.70506919892823,85.04927677132603,95.76493623203991,95.45825056968944,95.76493623203991,95.45825056968944,95.76493623203991,95.45825056968944,0.008764517064707052,271.19529914855957,4:56:46
67,0.7923475478267862,0.6902920010010508,0.2551388627603379,0.1656597663462162,76.0108320857805,73.92923585465665,83.43545678119312,85.01835753183533,95.77819138611041,95.42352378895166,88.52716867627976,84.10576505266106,83.43545678119312,85.01835753183533,85.79481872037903,84.31909314753673,95.77819138611041,95.42352378895166,95.77819138611041,95.42352378895166,95.77819138611041,95.42352378895166,0.00874564529222942,271.7760112285614,5:01:17
68,0.7902795697669496,0.6883135214598289,0.25491511701495356,0.17361242979764938,77.03671082028086,74.43508575032692,84.42843904922697,84.11068322828147,95.87766299291798,95.52349341998926,88.82521742171257,85.88753729558944,84.42843904922697,84.11068322828147,86.49072485158241,84.60091493601756,95.87766299291798,95.52349341998926,95.87766299291798,95.52349341998926,95.87766299291798,95.52349341998926,0.008726768993949783,272.3038420677185,5:05:50
69,0.7898584459761124,0.6869412212662033,0.2572930561830794,0.17528086751699448,77.0948366524633,74.38876642847569,84.44271079155214,84.99082790661895,95.76266483103572,95.45930529215316,88.77885229710337,84.86754527287879,84.44271079155214,84.99082790661895,86.47165473827518,84.46910115307593,95.76266483103572,95.45930529215316,95.76266483103572,95.45930529215316,95.76266483103572,95.45930529215316,0.008707888157900356,270.3577105998993,5:10:20
70,0.7933975440909098,0.6894916890448344,0.2597646370590254,0.16678757072240114,76.49182961853963,74.81411937162721,84.16898140929493,82.98267440857788,95.8168495268632,95.44649737154863,88.287805273761,87.13231308325084,84.16898140929493,82.98267440857788,86.10479652254132,84.66876645856188,95.8168495268632,95.44649737154863,95.8168495268632,95.44649737154863,95.8168495268632,95.44649737154863,0.00868900277205276,270.8775906562805,5:14:51
71,0.7824364106328037,0.6824739792840787,0.24990607675593335,0.1636370572298765,77.15513775828978,75.47575194260429,84.64412881129661,83.39613062227303,96.01767200427551,95.71863572316698,88.74090132149813,87.79710030067346,84.64412881129661,83.39613062227303,86.5656163280771,85.32801252440517,96.01767200427551,95.71863572316698,96.01767200427551,95.71863572316698,96.01767200427551,95.71863572316698,0.008670112824317632,275.8828504085541,5:19:27
72,0.7876763309739786,0.6854018084980452,0.25568630532803116,0.1670176406055689,75.96826004596863,75.5955464859837,83.42027412055548,85.35730814357736,95.88965448227594,95.64547972816283,88.36136024415104,85.825807088189,83.42027412055548,85.35730814357736,85.71071188578188,85.34454073111922,95.88965448227594,95.64547972816283,95.88965448227594,95.64547972816283,95.88965448227594,95.64547972816283,0.008651218302544105,276.02616572380066,5:24:03
73,0.7829606241641144,0.6805109368448059,0.25612421779722355,0.17007790032029152,77.07500776462835,74.97758208673585,84.47586297171318,84.61984186917316,95.8779769409047,95.44603369496511,88.70328412555442,85.94248554376152,84.47586297171318,84.61984186917316,86.46821483775211,84.80147577989207,95.8779769409047,95.44603369496511,95.8779769409047,95.44603369496511,95.8779769409047,95.44603369496511,0.008632319194519428,270.9278836250305,5:28:34
74,0.7828569519656091,0.6808644265096783,0.25498131028280696,0.17095094673335554,76.46693833166506,75.13674951339364,84.06706909589111,84.78333363274892,95.90501500943509,95.5754950977875,88.30778993688396,85.88237999758557,84.06706909589111,84.78333363274892,86.05628412920444,84.89294694065501,95.90501500943509,95.5754950977875,95.90501500943509,95.5754950977875,95.90501500943509,95.5754950977875,0.008613491721841842,274.67915868759155,5:33:08
75,0.7779199739951933,0.6795097916777213,0.24602545333103037,0.16112331196665763,77.46431278089604,76.014663917696,85.12013352205831,84.98932980644982,95.97065078658132,95.82661119060599,88.60314401021576,86.63223271357646,85.12013352205831,84.98932980644982,86.76619305405107,85.63952330793313,95.97065078658132,95.82661119060599,95.97065078658132,95.82661119060599,95.97065078658132,95.82661119060599,0.008594583423043402,271.69396924972534,5:37:40
76,0.7728271050267197,0.6754328793499721,0.24348556296430182,0.159914270080626,78.58960819702573,76.81737699009832,85.71343890901089,85.182367487877,96.09221420594302,95.79809573501413,89.45814945043509,87.61071192812547,85.71343890901089,85.182367487877,87.48280502329179,86.20904085974533,96.09221420594302,95.79809573501413,96.09221420594302,95.79809573501413,96.09221420594302,95.79809573501413,0.008575670501029226,270.15678882598877,5:42:10
77,0.780667620813117,0.6789681525962339,0.2542486693021148,0.16426445257663727,77.65172702979362,75.60044055603686,84.64551609469866,84.1073246542672,95.98271917825218,95.55144531006287,89.44129286604013,87.11629328722907,84.64551609469866,84.1073246542672,86.89580829671041,85.34894022797228,95.98271917825218,95.55144531006287,95.98271917825218,95.55144531006287,95.98271917825218,95.55144531006287,0.00855675294333435,270.12013268470764,5:46:40
78,0.7762159950274626,0.6765768445011106,0.24909787358015917,0.17974366088211535,76.00013309749706,73.26446582351824,83.84322436534053,83.53459303647878,95.88046227329579,95.3435304181746,88.03788193271569,84.99864239565798,83.84322436534053,83.53459303647878,85.78935756419786,83.7774955308227,95.88046227329579,95.3435304181746,95.88046227329579,95.3435304181746,95.88046227329579,95.3435304181746,0.008537830737429444,269.51453733444214,5:51:10
79,0.7765273675873685,0.6777892286495306,0.24684534463643146,0.16822129574418068,77.7565358292764,75.27201053515769,84.93093177464478,82.74956101421796,96.04578100029177,95.55980490159997,89.26109626037174,88.55752538708546,84.93093177464478,82.74956101421796,86.95917490832855,85.05648928128933,96.04578100029177,95.55980490159997,96.04578100029177,95.55980490159997,96.04578100029177,95.55980490159997,0.008518903870720376,269.10090374946594,5:55:39
80,0.7812855369746484,0.6792837311917692,0.255004512463028,0.169449009552598,76.53011847217658,75.34396624023172,84.15700188805539,84.56452325505218,95.85996796886889,95.5349180533262,88.44166731098669,86.28036609486239,84.15700188805539,84.56452325505218,86.15901462851583,85.1899946295467,95.85996796886889,95.5349180533262,95.85996796886889,95.5349180533262,95.85996796886889,95.5349180533262,0.008499972330547698,270.2747972011566,6:00:09
81,0.7720837897916087,0.674317667307113,0.24441530082998617,0.16715928323566914,77.06777743215994,75.41393350459616,84.56060718199019,83.90738320012507,96.06110393637634,95.61433357315875,88.54555146445664,87.29675425414527,84.56060718199019,83.90738320012507,86.44045653946,85.21909787681142,96.06110393637634,95.61433357315875,96.06110393637634,95.61433357315875,96.06110393637634,95.61433357315875,0.008481036104186214,269.23905205726624,6:04:38
82,0.7727970994192238,0.6743448844333583,0.24613053340116603,0.17037539833784104,77.07062755896212,74.58463214306752,84.56987061671578,83.82958566232416,95.99340200454405,95.57419686878309,88.72424882071378,86.35081747849492,84.56987061671578,83.82958566232416,86.51151113834038,84.48869631565792,95.99340200454405,95.57419686878309,95.99340200454405,95.57419686878309,95.99340200454405,95.5741968687831,0.008462095178844359,270.03019404411316,6:09:08
83,0.770861738146594,0.6686992621213378,0.25540618848985047,0.16332029324769973,77.96892731970925,76.00282518479966,85.23257823382231,85.31496352570379,95.95128006674454,95.81280896071442,89.16886377894497,86.46854980725625,85.23257823382231,85.31496352570379,87.06962675958471,85.5506965775385,95.95128006674454,95.81280896071442,95.95128006674454,95.81280896071442,95.95128006674454,95.81280896071442,0.008443225944840697,273.2757947444916,6:13:42
84,0.7634923489364747,0.6646624367431097,0.24707477744706302,0.17051678656041622,78.6379370555467,74.57143897316601,85.80157215434626,84.60355947792492,96.13435289398429,95.61851189676503,89.45609585439219,85.35292779080169,85.80157215434626,84.60355947792492,87.53705402412012,84.53754910673622,96.13435289398429,95.61851189676503,96.13435289398429,95.61851189676503,96.13435289398429,95.61851189676503,0.008424275601973164,269.8674397468567,6:18:12
85,0.772547129724518,0.671614698790109,0.2523310745176286,0.17332448019087315,78.24302717164332,75.42522847205382,85.50374976379157,83.91180519475195,95.97649901511174,95.52000766693375,89.28354747808953,87.22416093381685,85.50374976379157,83.91180519475195,87.29276796638065,85.22637623473909,95.97649901511174,95.52000766693375,95.97649901511174,95.52000766693375,95.97649901511174,95.52000766693375,0.008405320521400146,269.0454697608948,6:22:41
86,0.7674011099474817,0.6679446376063476,0.24864117777389652,0.1721860386133194,77.10599431695563,74.23314469033828,84.39171280288825,82.47672995602821,95.96470812334236,95.54185651757344,88.92804160937322,87.01817031459792,84.39171280288825,82.47672995602821,86.51791099450624,84.29020352572847,95.96470812334236,95.54185651757344,95.96470812334236,95.54185651757344,95.96470812334236,95.54185651757344,0.008386360690059939,268.44860768318176,6:27:09
87,0.765996688973126,0.665585999921335,0.25102671704028945,0.1683387620896101,78.08916195826976,75.96735079477162,85.38169920362002,86.10106019762475,96.03250340703013,95.63027152880011,89.18710509883863,85.51166424768437,85.38169920362002,86.10106019762475,87.18118895549448,85.66314660334558,96.03250340703013,95.63027152880011,96.03250340703013,95.63027152880011,96.03250340703013,95.63027152880011,0.008367396094821934,270.1762766838074,6:31:39
88,0.7688599439499437,0.6676800038362399,0.25294984678193555,0.1743955234438181,77.56285880598867,75.14179217354244,84.8217629416489,82.84531482082906,96.02348366999533,95.58503296436807,89.18175696093094,87.93985429464654,84.8217629416489,82.84531482082906,86.87176513647597,84.93626396398557,96.02348366999533,95.58503296436807,96.02348366999533,95.58503296436807,96.02348366999533,95.58503296436807,0.00834842672248609,269.24172163009644,6:36:09
89,0.7662366410390434,0.6665128073539202,0.2493095801593316,0.17277305817604066,77.98284188124398,73.51143452169616,85.09562581338712,82.85867896311396,96.05654358439978,95.58718679226106,89.36000471534473,85.7882314221638,85.09562581338712,82.85867896311396,87.09136569965426,83.56954830660219,96.05654358439978,95.58718679226106,96.05654358439978,95.58718679226106,96.05654358439978,95.58718679226106,0.008329452559782312,270.6477806568146,6:40:39
90,0.7685808217918304,0.6701335248806048,0.24611823938451283,0.16767923967540263,76.82315077706652,75.76944850639568,84.11892932562556,85.79437001189169,96.06890177899665,95.73418928088809,88.9127013959739,85.48756974655323,84.11892932562556,85.79437001189169,86.35934389917375,85.48027039850538,96.06890177899665,95.73418928088809,96.06890177899665,95.73418928088809,96.06890177899665,95.73418928088809,0.00831047359336999,271.1133532524109,6:45:10
91,0.7578039702626789,0.6624366698965741,0.2384182496075271,0.1662501694113016,78.72459462511972,76.59296195889847,85.95096331099971,85.95020127061017,96.22697605353503,95.83631993705636,89.45334007321108,86.35983361604768,85.95096331099971,85.95020127061017,87.6151691502154,86.06273227044584,96.22697605353503,95.83631993705636,96.22697605353503,95.83631993705636,96.22697605353503,95.83631993705636,0.008291489809837396,269.59668350219727,6:49:40
92,0.7632746341529916,0.6656315884958118,0.2441076109813377,0.17178326340019703,77.89599492401793,75.61599396686934,85.10168441410973,84.5222749420081,96.11734649417548,95.6495060373859,89.24691421113607,86.81085890838514,85.10168441410973,84.5222749420081,87.04954088348245,85.28303560530087,96.11734649417548,95.6495060373859,96.11734649417548,95.6495060373859,96.11734649417548,95.6495060373859,0.008272577772411558,269.8908567428589,6:54:10
93,0.7621077328178814,0.6599850145036451,0.2553067939667872,0.16518944762647153,77.6894200326967,76.71752063370423,84.91747545821492,85.4758475679693,96.00648706745743,95.84742691049493,89.24317238929098,87.07562964156095,84.91747545821492,85.4758475679693,86.9555857539574,86.16133512596502,96.00648706745743,95.84742691049493,96.00648706745743,95.84742691049493,96.00648706745743,95.84742691049493,0.008253584333676204,269.68784046173096,6:58:39
94,0.7604234781374287,0.6618803758086498,0.24635775277056626,0.18160527069866658,78.47417095681355,73.51169960356003,85.61139251993494,81.55795219790683,96.19486961172286,95.48294047536919,89.4526159612239,87.53501720161651,85.61139251993494,81.55795219790683,87.41781495291858,83.57675273045817,96.19486961172286,95.48294047536919,96.19486961172286,95.48294047536919,96.19486961172286,95.48294047536919,0.008234586037208232,273.5142695903778,7:03:13
95,0.7689048047625305,0.6674963047360924,0.2535212475733823,0.1714207416921854,77.85323004897849,76.10478246953846,84.99488940717983,84.10789551363703,95.94552795030242,95.72524878503295,89.34503360767309,87.82084761771432,84.99488940717983,84.10789551363703,87.01472683620881,85.6210366209305,95.94552795030242,95.72524878503295,95.94552795030242,95.72524878503295,95.94552795030242,95.72524878503295,0.008215582869306107,271.76832342147827,7:07:45
96,0.7553333977403942,0.655097507696947,0.25058972246308575,0.16581377394497396,78.25947891531025,76.26307218114088,85.3850635346299,84.82707997421069,96.06432492722017,95.81518426723892,89.56900763978793,87.18682758594277,85.3850635346299,84.82707997421069,87.33657297225913,85.77082348877558,96.06432492722017,95.81518426723892,96.06432492722017,95.81518426723892,96.06432492722017,95.81518426723892,0.00819657481619432,269.5691764354706,7:12:14
97,0.7576939364608375,0.6580191450625678,0.24918697519877972,0.17158044804632663,78.88049639205015,75.1058924243029,85.96349963541172,83.45119308648434,96.1486569032705,95.5912425447291,89.60643180752619,87.14375908395373,85.96349963541172,83.45119308648434,87.68036333030214,84.8987350603481,96.1486569032705,95.5912425447291,96.1486569032705,95.5912425447291,96.1486569032705,95.5912425447291,0.008177561864022805,272.54999923706055,7:16:47
98,0.7605827673818734,0.6590269964235936,0.2538894264311821,0.18653084962069988,78.1478312069654,73.5204921698852,85.35343819756281,82.92709850808787,96.04123316648622,95.35892541856917,89.14882960800335,86.01567398004299,85.35343819756281,82.92709850808787,87.14981281632642,83.63620658039895,96.04123316648622,95.35892541856917,96.04123316648622,95.35892541856917,96.04123316648624,95.35892541856917,0.008158543998866391,273.4345579147339,7:21:20
99,0.7507886858738423,0.6519440251384394,0.24711164668773594,0.17215317548811435,78.5348339358418,75.65907194008105,85.54467474004524,85.5424070471384,96.16005815061463,95.60294841557987,89.61055396493153,85.76909284144355,85.54467474004524,85.5424070471384,87.4644755550386,85.35230920605693,96.16005815061463,95.60294841557987,96.16005815061463,95.60294841557987,96.16005815061463,95.60294841557987,0.008139521206724095,273.67842984199524,7:25:54
100,0.7558772038234988,0.6552132545158057,0.25165986961158393,0.17163015198707582,78.74390364468262,77.20048803544188,85.75913657078034,85.35546806888121,96.17431376477766,95.842280667473,89.65163132190105,88.02528545070643,85.75913657078034,85.35546806888121,87.59907527625008,86.45371425256923,96.17431376477766,95.842280667473,96.17431376477766,95.842280667473,96.17431376477766,95.842280667473,0.008120493473518568,270.3914427757263,7:30:24
101,0.7652541136853873,0.6623894863968017,0.25716156763523795,0.17805710020661353,78.51043917787169,74.92522480258847,85.69841272746129,85.48684162119388,96.04915599067833,95.63898760169927,89.40636922670221,85.25332315643766,85.69841272746129,85.48684162119388,87.44370572918777,84.83603444718989,96.04915599067833,95.63898760169927,96.04915599067833,95.63898760169927,96.04915599067833,95.63898760169927,0.008101460785095506,270.0369727611542,7:34:54
102,0.7524807564388126,0.6544258676885195,0.24513722077843803,0.1735553725063801,78.01860033504478,75.7699787574812,85.20342196282984,84.40437069161024,96.20830319110166,95.69844125574659,89.46004818992691,87.10255312662187,85.20342196282984,84.40437069161024,87.18039156106826,85.35171788273317,96.20830319110166,95.69844125574659,96.20830319110166,95.69844125574659,96.20830319110166,95.69844125574659,0.008082499901970165,269.3076400756836,7:39:24
103,0.7521651952797402,0.6537724712208445,0.2459818079977446,0.17897778445482254,79.13487730472745,73.99421848092832,86.1007721534748,84.66881618664776,96.16352636639132,95.53100668180748,89.86732669828893,84.90048467040758,86.1007721534748,84.66881618664776,87.88014421578198,84.13468096125479,96.16352636639132,95.53100668180748,96.16352636639132,95.53100668180748,96.16352636639132,95.53100668180748,0.00806345728046255,268.2499828338623,7:43:52
104,0.7553915610911466,0.6555922431338932,0.24949829355533604,0.1770576346516609,78.81164331483878,73.6259768070986,85.9859032483508,82.7694853443993,96.14610857010186,95.65145910596793,89.59596548223996,86.72118252072674,85.9859032483508,82.7694853443993,87.70373316272254,83.76999905406475,96.14610857010186,95.65145910596793,96.14610857010186,95.65145910596793,96.14610857010186,95.65145910596793,0.008044409660864397,268.77225947380066,7:48:21
105,0.7523037854784995,0.6520471830915587,0.2506415004407951,0.17163196302950381,78.82411669785866,75.62153662366225,85.64664680264985,83.47170031198647,96.14331641066329,95.65359952082711,89.96288663621102,88.03495456947334,85.64664680264985,83.47170031198647,87.6650453813812,85.23016167724225,96.14331641066329,95.65359952082711,96.14331641066329,95.65359952082711,96.14331641066329,95.65359952082711,0.00802535702870746,269.769407749176,7:52:51
106,0.7521047137412115,0.6548202685165021,0.24321111148096766,0.1758623635917902,79.01991686100523,76.2000215507378,86.12840239550874,84.25225814672419,96.26601739596148,95.69115198068815,89.64047475211355,87.9003129779638,86.12840239550874,84.25225814672419,87.80079019058098,85.83551455506098,96.26601739596148,95.69115198068815,96.26601739596148,95.69115198068815,96.26601739596148,95.69115198068815,0.008006299369443318,267.97437047958374,7:57:18
107,0.7460336687184855,0.650493189532162,0.23885119622466783,0.17073504567146303,79.57938636919451,75.97369189222488,86.60601471421654,83.91790873253733,96.30970470472288,95.7391224420558,89.94842449325704,88.04130960564152,86.60601471421654,83.91790873253733,88.19768848783089,85.58859632161727,96.30970470472288,95.7391224420558,96.30970470472288,95.7391224420558,96.30970470472288,95.7391224420558,0.00798723666844272,270.7970678806305,8:01:49
108,0.7466645622782524,0.6493828487861213,0.24320428248772946,0.17337143102288247,78.04852954794873,73.45716404928034,85.25939411221574,83.6182220901659,96.25759026775116,95.63696147025014,89.38341908016282,85.5451142626336,85.25939411221574,83.6182220901659,87.21122962243469,83.61996537437226,96.25759026775116,95.63696147025014,96.25759026775116,95.63696147025014,96.25759026775116,95.63696147025014,0.007968168910994935,269.75434947013855,8:06:19
109,0.7563644229624202,0.6520092983873562,0.2608878106685517,0.18305577713251114,78.27412136734773,75.56741972182597,85.44403381539753,82.90626032476209,96.04429682902035,95.55595263466928,89.49193999834233,88.38051206780784,85.44403381539753,82.90626032476209,87.3434636276149,85.23883730477965,96.04429682902035,95.55595263466928,96.04429682902035,95.55595263466928,96.04429682902035,95.55595263466927,0.007949096082307056,268.5725507736206,8:10:48
110,0.7457957646954196,0.6460233504189368,0.2494310331959891,0.18405687746405602,79.50134143021909,75.4518971793741,86.4561349650212,85.5355021825706,96.29964480425228,95.56119036984869,89.88563864938855,85.58929927821256,86.4561349650212,85.5355021825706,88.08685807780243,85.25318244007511,96.29964480425228,95.56119036984869,96.29964480425228,95.56119036984869,96.29964480425228,95.56119036984869,0.00793001816750334,267.8839192390442,8:15:15
111,0.7474707933224202,0.646290135016839,0.2529516433489026,0.1799594361782074,79.20331055234638,75.03472489207262,86.14204340773534,84.05844896161202,96.2162116540284,95.60537977331883,89.86126075516675,86.717702987554,86.14204340773534,84.05844896161202,87.90513833465513,84.9473207474721,96.2162116540284,95.60537977331883,96.2162116540284,95.60537977331883,96.2162116540284,95.60537977331883,0.007911012109532226,272.28702783584595,8:19:48
112,0.7449339612386494,0.6499618670646986,0.23743023243861144,0.17482238656282426,79.65853768132062,76.56524185307349,86.62463730612355,84.91026439068517,96.34312448645184,95.74452985756538,90.0611714641008,87.63859166897973,86.62463730612355,84.91026439068517,88.2562313356079,85.84247114916778,96.34312448645184,95.74452985756538,96.34312448645184,95.74452985756538,96.34312448645183,95.74452985756538,0.007891923998194703,269.5760142803192,8:24:17
113,0.7505737975810948,0.6523161328271803,0.24564415876075335,0.19227725712955,78.42600700372587,73.42833808260322,85.59620740135865,83.65759399715179,96.18578950534915,95.3919825492199,89.43940922734198,85.06429120621377,85.59620740135865,83.65759399715179,87.41784072828442,83.78899712632759,96.18578950534915,95.3919825492199,96.18578950534915,95.3919825492199,96.18578950534915,95.3919825492199,0.007872907754876203,268.896288394928,8:28:46
114,0.7424723329705204,0.6406046350529792,0.254669241186309,0.17638070656359195,78.99801811776409,76.4746705392277,85.76642706345608,84.84316489506571,96.31298294204575,95.81060278927484,90.11335254041197,87.71249482116498,85.76642706345608,84.84316489506571,87.79542139058391,85.94208150562139,96.31298294204575,95.81060278927484,96.31298294204575,95.81060278927484,96.31298294204575,95.81060278927484,0.007853809386735631,269.7136175632477,8:33:16
115,0.7442965659224594,0.6447815741359105,0.24878747566341952,0.17497178268432617,79.00896455878423,76.27773192477973,85.88289382059166,83.900147372835,96.22571145167663,95.72921533537368,89.97809600669136,87.93723801722662,85.88289382059166,83.900147372835,87.79163224262882,85.68695850791083,96.22571145167663,95.72921533537368,96.22571145167663,95.72921533537368,96.22571145167663,95.72921533537368,0.00783470585695737,267.3969008922577,8:37:43
116,0.7438797338063394,0.6448906025352619,0.2474728251613862,0.17715229722857476,78.63581107906657,74.83048749615786,85.98893646126969,83.58023235924166,96.29424532282141,95.7184024672375,89.32367568924377,86.94823753922716,85.98893646126969,83.58023235924166,87.5798303968384,84.63088228104739,96.29424532282141,95.7184024672375,96.29424532282141,95.7184024672375,96.29424532282141,95.7184024672375,0.007815597150154662,271.795209646225,8:42:15
117,0.7453019671497845,0.6451640571514552,0.25034477173650754,0.17967061384022237,79.0321959641342,73.81961274646729,86.10895015931763,83.97063570204676,96.23916179041066,95.57966895038253,89.71439576766873,85.51348419615302,86.10895015931763,83.97063570204676,87.82692305271691,83.93893485264542,96.23916179041066,95.57966895038253,96.23916179041066,95.57966895038253,96.23916179041066,95.57966895038253,0.007796483250852935,275.24059891700745,8:46:50
118,0.7425315498143295,0.6442164569572065,0.24578772988308173,0.17693068453669547,79.51583338081186,75.49580401313091,86.26726628298401,84.81103907388507,96.244360549449,95.64250835950158,90.16472499039529,86.11571969827637,86.26726628298401,84.81103907388507,88.10514356064179,85.17607324503737,96.244360549449,95.64250835950158,96.244360549449,95.64250835950158,96.244360549449,95.64250835950158,0.007777364143489071,269.0416769981384,8:51:19
119,0.7409159489021097,0.6453190091458758,0.23899234777721048,0.17599129223823548,78.94913872697632,76.17004822113057,85.93732080665278,83.92300228082739,96.40742852404009,95.68841026933754,89.81557011984415,87.81598758679125,85.93732080665278,83.92300228082739,87.77305081242794,85.56004495871197,96.40742852404009,95.68841026933754,96.40742852404009,95.68841026933754,96.40742852404009,95.68841026933754,0.007758239812410681,272.986971616745,8:55:52
120,0.7395441123881272,0.6370282595740442,0.2562896291090886,0.17948227578401565,79.20699876403529,76.80569113599789,86.16829026898614,85.51662530151913,96.22034417092549,95.9619236204953,89.9675568171624,87.38040933018266,86.16829026898614,85.51662530151913,87.96313254504359,86.1427205195416,96.22034417092549,95.9619236204953,96.22034417092549,95.9619236204953,96.22034417092549,95.9619236204953,0.007739110241875276,269.95956349372864,9:00:22
121,0.7353859812762806,0.637655624534832,0.2443258889675862,0.17568835662305354,79.91676918795008,76.35536360862564,86.85526466975219,85.09733584705424,96.38557477606618,95.74619089277708,90.10778477550929,87.08410279885298,86.85526466975219,85.09733584705424,88.40315566582389,85.84604689895133,96.38557477606618,95.74619089277708,96.38557477606618,95.74619089277708,96.38557477606618,95.74619089277708,0.0077199754160496075,268.99240493774414,9:04:51
122,0.7365148135216026,0.6331161614043967,0.2584966278980062,0.1983490219116211,79.40025528361217,72.77403671086911,86.52952550836413,82.36137478569778,96.25568990739096,95.30869109881164,89.77722958533381,85.70791996739835,86.52952550836413,82.36137478569778,88.07362397725433,83.19166053796658,96.25568990739096,95.30869109881164,96.25568990739096,95.30869109881164,96.25568990739096,95.30869109881164,0.007700835319008776,269.31593775749207,9:09:21
123,0.7338007945660063,0.632864209674875,0.25234146070965363,0.18034632839262485,79.68604848296016,77.09688907973438,86.55107930311603,84.79397345789032,96.32843659525842,95.84698537086966,90.18215147553018,88.38771021762,86.55107930311603,84.79397345789032,88.27436529622979,86.25141786699342,96.32843659525842,95.84698537086966,96.32843659525842,95.84698537086966,96.32843659525842,95.84698537086966,0.007681767144503902,268.60536909103394,9:13:49
124,0.7413971970244871,0.640815498048055,0.25145424559972956,0.17718060790002346,79.17933569051809,76.18351767270038,86.10784722103342,84.95383000242501,96.27691581619987,95.78810891347251,89.89573431870251,87.06412764757404,86.10784722103342,84.95383000242501,87.88922872508819,85.49254472666111,96.27691581619987,95.78810891347251,96.27691581619987,95.78810891347251,96.27691581619987,95.78810891347251,0.007662616478304724,268.79813861846924,9:18:18
125,0.737486181619108,0.6354953758694136,0.25497701231492953,0.18693990749120712,78.67986427567679,75.79171301004332,85.72083308810402,83.05262580290612,96.30514765039503,95.51901750151082,89.62231525102371,88.62618111109525,85.72083308810402,83.05262580290612,87.56245107378575,85.28445670656333,96.30514765039503,95.51901750151082,96.30514765039503,95.51901750151082,96.30514765039503,95.51901750151082,0.007643460492623794,268.3697690963745,9:22:46
126,0.7430805347073215,0.6411398095257265,0.25485180893057374,0.18437806187570094,78.67262021142491,75.61349620860547,85.52453303685678,83.8774653723977,96.18600371814946,95.59415742597966,89.85389954057894,87.47499426315667,85.52453303685678,83.8774653723977,87.5527804969364,85.30831331254234,96.18600371814946,95.59415742597966,96.18600371814946,95.59415742597966,96.18600371814946,95.59415742597966,0.007624299171162335,270.86744952201843,9:27:17
127,0.7368119324143493,0.6331931767583134,0.25904688539726267,0.18849007627367972,79.10641820583902,75.0925566370517,86.00339291229666,85.34263212516213,96.2515949551457,95.56337505862437,90.0684141780666,85.96484174607924,86.00339291229666,85.34263212516213,87.9121876478644,84.85039439870033,96.2515949551457,95.56337505862437,96.2515949551457,95.56337505862437,96.2515949551457,95.56337505862437,0.007605132497525904,268.65591287612915,9:31:46
128,0.7373103557133242,0.6337538888651649,0.2588911643596247,0.18017753992974758,79.31992834882028,76.12971104692768,86.40782009043049,84.27178072962208,96.2085115315048,95.7417135566609,89.7174096655178,87.42139231206284,86.40782009043049,84.27178072962208,87.98407712634108,85.64678179198133,96.2085115315048,95.7417135566609,96.2085115315048,95.7417135566609,96.2085115315048,95.7417135566609,0.007585960455223653,267.13564562797546,9:36:13
129,0.7379241717206446,0.6349698167041234,0.2573858864289767,0.1823264316469431,79.47858816189581,75.7799767933831,86.40301595084794,84.36636841921784,96.25976528575386,95.56361213127079,90.01225448044985,86.830303897807,86.40301595084794,84.36636841921784,88.10782824406364,85.38683981487011,96.25976528575386,95.56361213127079,96.25976528575386,95.56361213127079,96.25976528575386,95.56361213127079,0.007566783027667454,268.209406375885,9:40:41
130,0.7338799201528258,0.6291754709427679,0.26176112075539826,0.1891131964176893,80.18685072826067,74.85820612676669,86.77776288671426,84.14549081465114,96.33503436459846,95.51756933005524,90.6034004957307,86.4174861084105,86.77776288671426,84.14549081465114,88.5808710867319,84.52485620336955,96.33503436459846,95.51756933005524,96.33503436459846,95.51756933005524,96.33503436459846,95.51756933005524,0.007547600198171045,269.02320671081543,9:45:10
131,0.7333924256079776,0.6345143765211105,0.24719512008666672,0.1828198577463627,80.3047543342014,77.44982736381783,87.21912582861809,84.61898905155572,96.45014223571901,95.87643788499449,90.2288274473945,88.99959454510196,87.21912582861809,84.61898905155572,88.65952019055987,86.58570929180995,96.45014223571901,95.87643788499449,96.45014223571901,95.87643788499449,96.45014223571901,95.87643788499449,0.0075284119499492,270.46326208114624,9:49:41
132,0.7311707299751328,0.6318886358323479,0.248205232586168,0.18332382498681546,79.9042593018826,75.68961073203559,86.55560359380085,83.27352119494336,96.43143029452263,95.69529573574388,90.46783967253296,88.31091957605206,86.55560359380085,83.27352119494336,88.41085674942987,85.22907615309595,96.43143029452263,95.69529573574388,96.43143029452263,95.69529573574388,96.43143029452263,95.69529573574388,0.00750921826611683,267.74561524391174,9:54:09
133,0.7340474850632797,0.6352438432763868,0.24700909993775996,0.1816547913700342,79.98346496972178,76.81243298554718,86.66264128192088,83.88212444178986,96.37258430909597,95.62211913046826,90.50112916132666,89.15218803829556,86.66264128192088,83.88212444178986,88.46578734404495,86.10125024424828,96.37258430909597,95.62211913046826,96.37258430909597,95.62211913046826,96.37258430909597,95.62211913046826,0.007490019129688106,268.8276927471161,9:58:37
134,0.7359986612880158,0.6326341603274465,0.2584112502519284,0.177027019277215,80.01685075116481,76.77585404306227,86.82166195533753,84.43594030971884,96.25333618403603,95.80991981504093,90.33066040308752,88.47552986224117,86.82166195533753,84.43594030971884,88.48490917845936,86.16252853911108,96.25333618403603,95.80991981504093,96.25333618403603,95.80991981504093,96.25333618403603,95.80991981504093,0.0074708145235755745,268.83255553245544,10:03:06
135,0.7319531565395553,0.6305294238987912,0.25355933087539095,0.18016203767061234,79.46329259180199,73.55340548467139,86.32141148440854,81.32883547062598,96.28030701418714,95.67193579234366,90.04147580230622,87.81088336956294,86.32141148440854,81.32883547062598,88.08434184639106,83.6085355679229,96.28030701418714,95.67193579234366,96.28030701418714,95.67193579234366,96.28030701418714,95.67193579234366,0.007451681901682352,268.99320435523987,10:07:35
136,0.7288270345572746,0.6272550458645932,0.2539299707271023,0.19654742723703383,80.20421142271405,75.93617472967014,86.92180773287352,83.75117931982267,96.40448674874541,95.56881529789962,90.46323229847238,88.15599829459178,86.92180773287352,83.75117931982267,88.60853766502832,85.45160687743231,96.40448674874541,95.56881529789962,96.40448674874541,95.56881529789962,96.40448674874541,95.56881529789962,0.007432466326757986,269.5343163013458,10:12:05
137,0.7238664335665802,0.6253608223188621,0.24626402399567204,0.17189740309119225,80.66173659571012,76.29837822748212,87.34281584972109,84.06273177426542,96.47300002248002,95.87921165676737,90.6289827013602,88.31791625508224,87.34281584972109,84.06273177426542,88.90933108735875,85.7930869650761,96.47300002248002,95.87921165676737,96.47300002248002,95.87921165676737,96.47300002248002,95.87921165676737,0.007413245230339062,268.05850052833557,10:16:33
138,0.7326254286899131,0.6295221764907472,0.2577581284085455,0.18784702315926552,79.91895132501978,76.19476364839393,86.86905179221979,84.78963406023541,96.29981172327155,95.65450048412274,90.15453202381876,87.207861049001,86.86905179221979,84.78963406023541,88.43697595388652,85.70556581155459,96.29981172327155,95.65450048412274,96.29981172327155,95.65450048412274,96.29981172327155,95.65450048412274,0.007394018594922977,269.7578229904175,10:21:03
139,0.7295938164456707,0.6288011765912946,0.2519815976467803,0.18571171560883523,79.42133323128542,75.5239430734591,86.29572782889898,85.39562908966906,96.4005200108723,95.79458740880415,90.12351764562374,85.69373903133575,86.29572782889898,85.39562908966906,88.10484689975758,85.16822824839844,96.4005200108723,95.79458740880415,96.4005200108723,95.79458740880415,96.4005200108723,95.79458740880415,0.007374786402900873,270.8598096370697,10:25:33
140,0.730739199582089,0.6283965202971602,0.25585669448953713,0.19192031875252724,79.39440816743,75.5442469790848,86.27103018870062,84.25420703946304,96.354657687551,95.68228214862089,90.06730191727655,87.12876869125289,86.27103018870062,84.25420703946304,88.07538460185556,85.19859385624589,96.354657687551,95.68228214862089,96.354657687551,95.68228214862089,96.354657687551,95.68228214862089,0.007355548636556744,274.1563050746918,10:30:08
141,0.7304098346166027,0.6262873634645902,0.26030617215806556,0.17827813698351383,78.70483417747407,77.06174772911336,85.6591117863728,84.34109059029569,96.29596700750963,95.907145880894,89.8982883385569,88.78724830116774,85.6591117863728,84.34109059029569,87.66191724723734,86.25628879664878,96.29596700750963,95.907145880894,96.29596700750963,95.907145880894,96.29596700750963,95.907145880894,0.007336305278066434,271.7930746078491,10:34:39
142,0.723237685603669,0.6211069538117097,0.25532682816214264,0.1919521714001894,80.76474566265924,75.68837728143947,87.4208337925207,83.72865384835615,96.41546244307828,95.56621469602669,90.58289144090588,88.02858784292651,87.4208337925207,83.72865384835615,88.93067267586467,85.26403259047211,96.41546244307828,95.56621469602669,96.41546244307828,95.56621469602669,96.41546244307828,95.56621469602669,0.007317056309496658,272.7572867870331,10:39:12
143,0.7246162741674861,0.6244375252070328,0.2504468710382833,0.1837388707101345,80.0009742136192,75.98655413965565,86.55576818866588,85.42158111115947,96.4363190613883,95.66593471377652,90.57005870719411,86.20286152162505,86.55576818866588,85.42158111115947,88.45410597951529,85.59688276162575,96.4363190613883,95.66593471377652,96.4363190613883,95.66593471377652,96.4363190613883,95.66593471377652,0.007297801712804002,271.4403176307678,10:43:44
144,0.7249667768159326,0.6240587850385011,0.25226997702852866,0.1776559361219406,80.60929556197786,76.7085928201183,87.2773743096067,85.37587822329075,96.42888494001312,95.79781678753044,90.63861213242505,87.17293238870782,87.2773743096067,85.37587822329075,88.87929894697692,86.1444334714502,96.42888494001312,95.79781678753044,96.42888494001312,95.79781678753044,96.42888494001312,95.79781678753044,0.007278541469833954,270.6935214996338,10:48:14
145,0.7343491237277382,0.6305019704784093,0.2596178801170354,0.19442988185584545,77.94225756459436,73.09292108023261,84.75784240321286,80.9092104426759,96.2735180584565,95.39721843056537,89.79545011177316,87.15172957399939,84.75784240321286,80.9092104426759,87.09576086311893,83.33570505119386,96.2735180584565,95.39721843056537,96.2735180584565,95.39721843056537,96.2735180584565,95.39721843056537,0.00725935325882973,274.7686824798584,10:52:49
146,0.729368770090461,0.6259757485178067,0.258482551679426,0.1875535679012537,79.4185010355763,75.90684215073094,86.09164248245649,83.46365647888597,96.3541068563685,95.6004520646039,90.22517194784362,88.46400560605971,86.09164248245649,83.46365647888597,88.03507499858588,85.41195149980899,96.3541068563685,95.6004520646039,96.3541068563685,95.6004520646039,96.3541068563685,95.6004520646039,0.007240081691343884,268.41154050827026,10:57:17
147,0.7238923677399244,0.6240358490549484,0.24964129436252577,0.18127230955660342,80.50399705703664,76.26670563005611,87.12537240490164,83.60059663314884,96.4545778625382,95.88936085235245,90.50890157067778,88.73924648952155,87.12537240490164,83.60059663314884,88.73610044953458,85.69377264608141,96.4545778625382,95.88936085235245,96.4545778625382,95.88936085235245,96.4545778625382,95.88936085235245,0.007220804422515039,268.5364806652069,11:01:46
148,0.7299552820597869,0.6298036703585617,0.25037902612652485,0.19337811143696307,80.08339269935092,75.45290983388911,86.96985497071542,83.63859066111662,96.44593027247018,95.71137872662892,90.20359410256667,87.68408090361052,86.96985497071542,83.63859066111662,88.50082053264892,85.13361750885173,96.44593027247018,95.71137872662892,96.44593027247018,95.71137872662892,96.44593027247018,95.71137872662892,0.0072015214337344475,269.34049367904663,11:06:15
149,0.726150165449154,0.621139052075352,0.26252778346456773,0.19557245387136937,79.77198792970654,73.57913756641864,86.30695786098998,80.42810983593135,96.28894372784866,95.4890738304405,90.48026820380613,88.52412528840176,86.30695786098998,80.42810983593135,88.27199325065803,83.75232326751116,96.28894372784866,95.4890738304405,96.28894372784866,95.4890738304405,96.28894372784866,95.4890738304405,0.00718223270627704,271.8187918663025,11:10:47
150,0.7217160251690544,0.6204885691604761,0.2530686382251894,0.17856559978425504,79.89666977058653,76.56726005640759,86.52078022588124,84.26694068201861,96.43091036082836,95.89810625944752,90.43210324369039,88.07555219115626,86.52078022588124,84.26694068201861,88.36295650180915,85.87025546787692,96.43091036082836,95.89810625944752,96.43091036082836,95.89810625944752,96.43091036082836,95.89810625944752,0.0071629382213004005,268.41596269607544,11:15:16
151,0.7219991640869852,0.6179584869519928,0.2601016884533126,0.18597903943061828,81.00743325321066,75.6770763791598,87.5669263409786,85.24383556760355,96.47226043185158,95.66473168459747,90.80614659425504,86.38010522398743,87.5669263409786,85.24383556760355,89.11831290307474,85.34036611839655,96.47226043185158,95.66473168459747,96.47226043185158,95.66473168459747,96.47226043185158,95.66473168459747,0.007143637959843616,269.84385442733765,11:19:45
152,0.7154765264572677,0.6146877320143868,0.2519719846466482,0.18505089451372622,80.94349991794512,75.16836175840919,87.59488105251447,83.14658756421794,96.5023135006743,95.74513049976248,90.70858972517848,87.45742266109981,87.59488105251447,83.14658756421794,89.08559576032363,85.0373877154453,96.5023135006743,95.74513049976248,96.5023135006743,95.74513049976248,96.5023135006743,95.74513049976248,0.007124331902826228,268.8731281757355,11:24:14
153,0.7191091155597005,0.6168975804725106,0.25552883309831376,0.18381106595695018,80.99104983609864,75.96312094778935,87.78059028178696,83.01317319699578,96.48307008837051,95.75350339528433,90.47435853366515,88.99138721268181,87.78059028178696,83.01317319699578,89.07589026784851,85.51959947035857,96.48307008837051,95.75350339528433,96.48307008837051,95.75350339528433,96.48307008837051,95.75350339528433,0.007105020031047122,268.4300916194916,11:28:43
154,0.7265021273291343,0.6242496416263318,0.25563121190208193,0.18819599822163582,79.12914765766054,76.20861067546244,85.92340894635629,84.88437258452683,96.36330280326725,95.80959713888603,90.14669804587498,86.90177410358811,85.92340894635629,84.88437258452683,87.90920575931386,85.58070336136302,96.36330280326725,95.80959713888603,96.36330280326725,95.80959713888603,96.36330280326725,95.80959713888603,0.007085702325183297,271.3165338039398,11:33:14
155,0.7166387535576542,0.615847289872875,0.25197865437683675,0.19320408092439176,80.4998758314191,72.68877931962673,87.3388680777746,80.68269589377618,96.53880662102303,95.62903502156105,90.36938769122096,87.51752054692209,87.3388680777746,80.68269589377618,88.79117292553426,83.07517162298373,96.53880662102303,95.62903502156105,96.53880662102303,95.62903502156105,96.53880662102303,95.62903502156105,0.007066378765788884,267.60406398773193,11:37:42
156,0.7272436303345244,0.6226415836277951,0.2615051126381897,0.19264298798143864,78.75055307019703,75.00336594433107,85.76830772722337,83.2476928196113,96.28825965031363,95.51084907296782,89.82399689209241,87.53374653300085,85.76830772722337,83.2476928196113,87.65174818575261,84.79345315078551,96.28825965031363,95.51084907296782,96.28825965031363,95.51084907296782,96.28825965031363,95.51084907296782,0.007047127286373331,270.36732745170593,11:42:12
157,0.7187923059298356,0.6119051029618827,0.2672180048044127,0.18968276165425776,80.81773573861862,76.21990354502145,87.34674333812826,84.51644827767781,96.39190982728259,95.65461454943467,90.81195880505696,87.72855605730231,87.34674333812826,84.51644827767781,89.00239715202912,85.59251163168511,96.39190982728259,95.65461454943467,96.39190982728259,95.65461454943467,96.39190982728259,95.65461454943467,0.0070277919848832976,272.8216037750244,11:46:45
158,0.7293366709850583,0.626457753883726,0.25719728996750485,0.19733745707571507,78.44834594349314,74.45261108243649,85.55721116897537,83.19952517427211,96.341328131033,95.38796071100809,89.58201467485978,86.48457314387743,85.55721116897537,83.19952517427211,87.45627411449058,84.4409977893527,96.341328131033,95.38796071100809,96.341328131033,95.38796071100809,96.341328131033,95.38796071100809,0.007008450770855677,274.1112205982208,11:51:19
159,0.719244064323519,0.6157963737975694,0.2586192237595303,0.19068143562972545,80.93762344387201,74.81049444293343,87.51996008989616,82.80851887620973,96.47819294005573,95.55645426032407,90.7805054714347,87.52976091519635,87.51996008989616,82.80851887620973,89.07076660509517,84.66879727613644,96.47819294005573,95.55645426032407,96.47819294005573,95.55645426032407,96.47819294005573,95.55645426032407,0.006989103624341523,270.1367931365967,11:55:49
160,0.7176764106381717,0.61783854988051,0.24959465028078026,0.184992632240057,80.1872322368182,75.44075304929237,86.81865815138417,82.86183112655608,96.49856820771586,95.75333186112019,90.52020603350289,88.34083345229882,86.81865815138417,82.86183112655608,88.56982657444495,85.09146650436551,96.49856820771586,95.75333186112019,96.49856820771586,95.75333186112019,96.49856820771586,95.75333186112019,0.006969750525262966,269.8727443218231,12:00:19
161,0.7178460585445707,0.6151218353679858,0.2568105577686006,0.1930138118863106,80.91763553744383,73.93323383150565,87.28468604696378,83.34218869386805,96.48539686068818,95.39976799748037,91.06694359126267,86.38807352518813,87.28468604696378,83.34218869386805,89.05437235616107,84.06311581814116,96.48539686068818,95.39976799748037,96.48539686068818,95.39976799748037,96.48539686068818,95.39976799748037,0.006950391453412044,268.2339062690735,12:04:47
162,0.7233758626885276,0.6184545211048036,0.26230334973046665,0.19676799099147319,80.32504864909572,73.13009902044399,87.03041679027595,80.59635277156893,96.37019872166402,95.46708103504771,90.43031618819732,87.97407473374219,87.03041679027595,80.59635277156893,88.65562711739535,83.47567375941496,96.37019872166402,95.46708103504771,96.37019872166402,95.46708103504771,96.37019872166402,95.4670810350477,0.0069310263884493906,271.3789916038513,12:09:19
163,0.7150239627595387,0.614159589526873,0.2521609291283974,0.2017668219357729,80.81922588891453,75.4262355882247,87.26974900890151,84.23475194022808,96.49853320070376,95.40987706301307,90.89227344903173,86.76212400063281,87.26974900890151,84.23475194022808,88.99485298424483,85.12657548787661,96.49853320070376,95.40987706301307,96.49853320070376,95.40987706301307,96.49853320070376,95.40987706301307,0.006911655309903025,266.3078098297119,12:13:45
164,0.7163169267358761,0.6171820391002083,0.24783721754594223,0.18063909782469273,80.20692924062031,76.83176526482157,86.92331192086024,84.8924782816114,96.50556286760286,95.92900890791091,90.44968304922492,88.07729463454571,86.92331192086024,84.8924782816114,88.59419594772127,85.9774209820609,96.50556286760286,95.92900890791091,96.50556286760286,95.92900890791091,96.50556286760286,95.92900890791091,0.006892278197167021,268.9263994693756,12:18:14
165,0.7263033996914245,0.622062032715378,0.2606034154309149,0.1929852152466774,79.20238740566059,75.08372838316643,85.74366169285447,85.01545481743223,96.31582944732662,95.60865255356917,90.42632296120485,85.85533016445476,85.74366169285447,85.01545481743223,87.91840997006926,84.8658953394246,96.31582944732662,95.60865255356917,96.31582944732662,95.60865255356917,96.31582944732662,95.60865255356917,0.006872895029500253,268.60492753982544,12:22:42
166,0.7247406275543335,0.618033051651119,0.26676893599516766,0.18317388452589511,79.54911179101846,76.01996172035817,86.21088230681636,84.50780719394136,96.33571042662759,95.7252183603465,90.48222603077764,86.9990680763987,86.21088230681636,84.50780719394136,88.20393258574836,85.49452977197546,96.33571042662759,95.7252183603465,96.33571042662759,95.7252183603465,96.33571042662759,95.7252183603465,0.006853505786025064,272.28978967666626,12:27:15
167,0.7136402838608524,0.6109663613325971,0.2566848032291736,0.18801846830546856,80.12157665508637,76.15935894209966,86.61006858474617,83.51661208133353,96.49934041360326,95.73634965172442,90.67863949792475,88.42957444882774,86.61006858474617,83.51661208133353,88.52029421177568,85.6477153956054,96.49934041360326,95.73634965172442,96.49934041360326,95.73634965172442,96.49934041360328,95.73634965172442,0.006834110445725932,271.21483612060547,12:31:46
168,0.7148508111662566,0.6160814107646859,0.2469234956627575,0.18947670936584474,81.12488253736065,76.01633613414828,87.72652646311337,85.0499082538517,96.56708969628991,95.6383082260842,90.7772796950728,86.76290723293005,87.72652646311337,85.0499082538517,89.18804785947407,85.65928128275885,96.56708969628991,95.6383082260842,96.56708969628991,95.6383082260842,96.56708969628991,95.6383082260842,0.006814787231448002,269.2868778705597,12:36:15
169,0.7116613627562366,0.6111601215925646,0.25125310064444384,0.1988904623389244,80.79273121720384,73.39718941705323,87.25570603429901,81.94863897321308,96.57667540762885,95.35596048380219,90.79617907016905,86.83526254777391,87.25570603429901,81.94863897321308,88.93825261988918,83.60418661988737,96.57667540762885,95.35596048380219,96.57667540762885,95.35596048380219,96.57667540762885,95.35596048380219,0.006795379658694276,268.36192440986633,12:40:44
170,0.7137065968340327,0.6109292572007214,0.2569433457613312,0.19840620848536492,80.72895692309953,75.95037149421962,87.46468900534789,83.67481337706225,96.52313600447184,95.66961348366009,90.48143882115477,87.99323058478346,87.46468900534789,83.67481337706225,88.91773377242713,85.54376532635528,96.52313600447184,95.66961348366009,96.52313600447184,95.66961348366009,96.52313600447184,95.66961348366009,0.006775965925315996,267.8558654785156,12:45:11
171,0.7121127089278844,0.6087842827967213,0.25832106073329975,0.19035465914011002,80.98697373291611,76.40178497480883,87.45428291791008,83.77969709806351,96.5518574650194,95.7792257774205,90.90090361502602,88.72888218414869,87.45428291791008,83.77969709806351,89.10155352092819,85.82780026392773,96.5518574650194,95.7792257774205,96.5518574650194,95.7792257774205,96.55185746501938,95.7792257774205,0.006756546009733149,273.3350794315338,12:49:45
172,0.7188744192646106,0.6164852790609654,0.25597284761305694,0.18931476873159409,80.67274361826189,76.31724317664566,87.1316829497462,85.00196427110815,96.46248012161115,95.71650337793788,90.82971070628686,87.24765387974985,87.1316829497462,85.00196427110815,88.87841028906139,85.76020004455783,96.46248012161115,95.71650337793788,96.46248012161115,95.71650337793788,96.46248012161115,95.71650337793788,0.006737119890220879,270.60747241973877,12:54:15
173,0.7136425890213864,0.6121149089766094,0.25381919709563494,0.1858793651610613,80.8072473352688,74.11698074407308,87.4338680873425,81.12865094731326,96.56847591060857,95.75150496229526,90.74557926533379,88.5497306932859,87.4338680873425,81.12865094731326,89.01917547027921,84.26909324744247,96.56847591060857,95.75150496229526,96.56847591060857,95.75150496229526,96.56847591060857,95.75150496229526,0.006717687544908187,269.3088927268982,12:58:45
174,0.7110555224075522,0.6088760289756259,0.2554487292733101,0.20214142538607122,81.3520823661309,72.68776214289694,87.91598220223369,81.27213632434305,96.58205447883284,95.42708544014972,90.87049329334045,86.26148939203011,87.91598220223369,81.27213632434305,89.33737337106909,83.0665247575287,96.58205447883284,95.42708544014972,96.58205447883284,95.42708544014972,96.58205447883284,95.42708544014972,0.006698248951776325,268.42590260505676,13:03:13
175,0.7129484498128045,0.6107233764945699,0.2555626784103704,0.20371589444577695,80.29286777115875,74.30361806665789,86.92387120679311,82.70209492542958,96.56011608203276,95.41929639327043,90.48685377138075,87.05790040631403,86.92387120679311,82.70209492542958,88.61157386254183,84.24656481870964,96.56011608203276,95.41929639327043,96.56011608203276,95.41929639327043,96.56011608203276,95.41929639327043,0.006678804088657463,268.5808439254761,13:07:42
176,0.7121879570862553,0.6062480931063186,0.26484965822122686,0.1881238189637661,80.99566953787485,74.72260979996163,87.55107970258167,81.857470953492,96.46285112979217,95.54108205118207,90.84079673286203,88.54053803582144,87.55107970258167,81.857470953492,89.12331986084737,84.4854944505198,96.46285112979217,95.54108205118207,96.46285112979217,95.54108205118207,96.46285112979217,95.54108205118207,0.006659352933233094,269.9019031524658,13:12:12
177,0.7172563546903997,0.6132186326450683,0.2600943034849234,0.1846476548165083,80.3599540010853,74.65684145862737,86.7613147576552,84.60928165604699,96.42538500681863,95.67580496187793,90.8782732247071,85.14629470831609,86.7613147576552,84.60928165604699,88.7073626142486,84.54694625809755,96.42538500681863,95.67580496187793,96.42538500681863,95.67580496187793,96.42538500681864,95.67580496187793,0.006639973933283926,268.18929171562195,13:16:40
178,0.7072326075373356,0.6046076424084178,0.25656241092582877,0.19675157682597638,80.8842398733418,75.21211718769658,87.3143953968173,83.03830173918602,96.5509811666715,95.7515723546115,90.88595308698099,87.52891146576091,87.3143953968173,83.03830173918602,89.00879905580007,84.91695467804874,96.5509811666715,95.7515723546115,96.5509811666715,95.7515723546115,96.5509811666715,95.7515723546115,0.006620510151282543,268.4297685623169,13:21:08
179,0.7139750367936145,0.6108016913560067,0.2579333624215678,0.18669987539947033,80.7127257025855,75.45856206638717,87.23811402197411,83.26066850538774,96.52275523230841,95.81036048227377,90.80840047995545,87.85703371731674,87.23811402197411,83.26066850538774,88.90492552643406,85.18726004192914,96.52275523230841,95.81036048227377,96.52275523230841,95.81036048227377,96.52275523230841,95.81036048227377,0.006601040009193207,268.6828465461731,13:25:37
180,0.7157701575764089,0.6118187399902998,0.2598785405280851,0.20523379980027676,80.24815658255028,72.91620183463263,86.91090718219783,79.38329568776344,96.45992798644734,95.40845800765528,90.47976730268881,88.70063221450302,86.91090718219783,79.38329568776344,88.6132841445626,82.87590878437842,96.45992798644734,95.40845800765528,96.45992798644734,95.40845800765528,96.45992798644734,95.40845800765528,0.006581563484080128,270.09975838661194,13:30:07
181,0.7173106844944688,0.6130282189935025,0.26070616228935617,0.19330756564438342,80.63351349713199,75.35064785880355,87.50218459122185,84.89417629599238,96.50693697318339,95.62918300112922,90.38597694578125,86.1720414093508,87.50218459122185,84.89417629599238,88.86950979721509,85.07428642197252,96.50693697318339,95.62918300112922,96.50693697318339,95.62918300112922,96.50693697318339,95.62918300112922,0.006562159125950151,268.4794328212738,13:34:35
182,0.7097274296301359,0.6059708521020597,0.25939144273792725,0.1915063908100128,81.37558067884339,74.88807447036788,87.78959103196587,82.78906966930583,96.54155618868626,95.7922484156151,91.04620446947273,87.91850814757207,87.78959103196587,82.78906966930583,89.35083640011288,84.78352193571797,96.54155618868626,95.7922484156151,96.54155618868626,95.7922484156151,96.54155618868626,95.7922484156151,0.006542669791318649,268.2042233943939,13:39:04
183,0.7119057262272505,0.6102851618735199,0.2540514091306592,0.19965904358029365,80.92605986022167,73.44066317139719,87.39407981387511,81.3766505794087,96.59543724865478,95.58516687660808,90.89824805815013,87.72178979640266,87.39407981387511,81.3766505794087,89.05930972312743,83.24515620658893,96.59543724865478,95.58516687660808,96.59543724865478,95.58516687660808,96.59543724865478,95.58516687660808,0.00652317400399371,267.94925260543823,13:43:32
184,0.7087896251806735,0.6059895669283607,0.25700014240403424,0.19088815617561342,80.0100351932046,76.63778938500026,86.54145912673093,84.11576127755733,96.50316271222287,95.89124576527486,90.66338282169913,88.41876099143641,86.54145912673093,84.11576127755733,88.48677081002873,85.9790540227593,96.50316271222287,95.89124576527486,96.50316271222287,95.89124576527486,96.50316271222287,95.89124576527486,0.006503671740396686,269.91486382484436,13:48:02
185,0.7157995375956796,0.6087970455861685,0.2675062272379522,0.18295756341516972,79.77490757453594,77.18809235306254,86.59758510460769,85.30962194427586,96.47741260456914,95.92699160943526,90.30778056018643,87.83756049267997,86.59758510460769,85.30962194427586,88.36844749121875,86.43239154845152,96.47741260456914,95.92699160943526,96.47741260456914,95.92699160943526,96.47741260456914,95.92699160943526,0.006484162976783902,269.28107476234436,13:52:31
186,0.7076556592197649,0.6049143403628247,0.25685329289346553,0.19220394794642925,80.7556395796045,72.84215749647367,87.37391098262363,81.75754979000006,96.54938857046507,95.53230916372505,90.64171704641475,86.28589744082883,87.37391098262363,81.75754979000006,88.93515299477197,83.13509319879951,96.54938857046507,95.53230916372505,96.54938857046507,95.53230916372505,96.54938857046507,95.53230916372505,0.006464647689244936,274.5132532119751,13:57:05
187,0.7119031421233923,0.6072492982588443,0.26163460373397474,0.19988659577071666,80.09865935788717,74.39922422623438,86.72989813697536,81.94578103679738,96.45645968275008,95.4330287227175,90.52231629060499,87.80364494268737,86.72989813697536,81.94578103679738,88.52938427541046,84.46371087424836,96.45645968275008,95.4330287227175,96.45645968275008,95.4330287227175,96.45645968275008,95.4330287227175,0.006445125853700901,268.0793857574463,14:01:33
188,0.7197643461528848,0.6149183855452791,0.26211489679413347,0.18527696453034878,80.77572959027972,75.68111327651089,87.25256766440619,82.83819755619247,96.52144040902087,95.86414478498044,90.83661310204093,88.66384111210512,87.25256766440619,82.83819755619247,88.95317162909,85.42527367198683,96.52144040902087,95.86414478498044,96.52144040902087,95.86414478498044,96.52144040902087,95.86414478498044,0.00642559744590266,267.7535388469696,14:06:01
189,0.7159849691286774,0.6096192352228222,0.2659143294084369,0.2005090217590332,80.27403496168552,74.02875984317512,86.91358975188251,82.57115006546918,96.42398341006492,95.59955698995726,90.58693771553503,86.8525697064591,86.91358975188251,82.57115006546918,88.6672540282385,84.11632604663329,96.42398341006492,95.59955698995726,96.42398341006492,95.59955698995726,96.42398341006492,95.59955698995725,0.006406062441429068,268.79141759872437,14:10:30
190,0.7109537832714522,0.6042370229117727,0.26679189747203175,0.19080211670696737,80.30593210454049,76.44430978245262,86.86767577082665,84.2908962830639,96.44441609450016,95.92232638179665,90.68775812130163,88.04030030125027,86.86767577082665,84.2908962830639,88.66934764847282,85.85354380180164,96.44441609450016,95.92232638179665,96.44441609450016,95.92232638179665,96.44441609450016,95.92232638179665,0.006386520815685147,269.0637266635895,14:14:59
191,0.711035858416365,0.6037521485161605,0.26820927069202394,0.19566679140925408,80.8559304154225,75.88296781799669,87.43509746897394,83.43182364845414,96.51274783035856,95.70346743575854,90.81410138030229,88.41219015007879,87.43509746897394,83.43182364845414,89.04834327336152,85.49221195082642,96.51274783035856,95.70346743575854,96.51274783035856,95.70346743575854,96.51274783035856,95.70346743575854,0.006366972543900254,268.33362460136414,14:19:27
192,0.7153623779107038,0.6075465807236515,0.2695394903371297,0.18385627256333828,80.36460483887741,74.51747455503558,86.85428889900614,82.58666442439258,96.39910281133466,95.81928669270266,90.78290631243661,87.9619723464603,86.85428889900614,82.58666442439258,88.71024890006551,84.23687144549268,96.39910281133466,95.81928669270266,96.39910281133466,95.81928669270266,96.39910281133466,95.81928669270266,0.00634741760112625,267.33440470695496,14:23:55
193,0.7001612505499115,0.5981127571342131,0.2551212282782444,0.19108986681699752,81.5436852121104,73.0941009497703,88.07188718104406,80.94870540096653,96.65341881849041,95.80055991651875,90.95948650298936,87.33493357090113,88.07188718104406,80.94870540096653,89.45527440090459,83.0666385320469,96.65341881849041,95.80055991651875,96.65341881849041,95.80055991651875,96.65341881849041,95.80055991651875,0.0063278559622355676,267.8393859863281,14:28:22
194,0.7083860419304803,0.6031051612513612,0.2632022007558277,0.1965621187388897,80.38646547087292,74.79204790338365,86.80295827208656,83.07580639774173,96.53565054113064,95.85718123945045,90.87657656155092,87.73943287302941,86.80295827208656,83.07580639774173,88.71662603580651,84.69090162644059,96.53565054113064,95.85718123945045,96.53565054113064,95.85718123945045,96.53565054113065,95.85718123945045,0.006308287601919365,269.06192898750305,14:32:52
195,0.706816293685005,0.6028394628248522,0.2599420752413897,0.19638047835230826,80.52159766783375,74.50197979745509,87.24406735013244,81.56049999165197,96.60093841804328,95.60134397682793,90.62807791412058,88.72033076521323,87.24406735013244,81.56049999165197,88.85276756093475,84.60336508728786,96.60093841804328,95.60134397682793,96.60093841804328,95.60134397682793,96.60093841804328,95.60134397682793,0.006288712494685531,268.50011587142944,14:37:20
196,0.7070182019941103,0.6012478197230215,0.2644259528067181,0.19723256558179855,81.24104178606719,74.68451997737792,87.61836320099731,80.82292962340794,96.51858844154319,95.69178959051501,91.05620148846441,89.69887256226447,87.61836320099731,80.82292962340794,89.26465491175809,84.3101028111,96.51858844154319,95.69178959051501,96.51858844154319,95.69178959051501,96.51858844154319,95.69178959051501,0.006269130614856718,268.03700947761536,14:41:48
197,0.705201116238333,0.6018801018164794,0.2583025338299818,0.18956229765713214,80.54750875614778,76.43182850621024,87.14692397625784,85.37543610904879,96.52942287567429,95.85959831176316,90.65256985993413,87.07401082751304,87.14692397625784,85.37543610904879,88.81741464968144,85.88497031593639,96.52942287567429,95.85959831176316,96.52942287567429,95.85959831176316,96.52942287567429,95.85959831176316,0.006249541936568382,267.58193016052246,14:46:16
198,0.709444108691565,0.6040448691112208,0.2634980964130536,0.18633607897162438,81.6295500746969,75.68039878553678,88.07014596248858,84.1889893789313,96.55726733552018,95.65162289764912,90.98380579979847,86.70860774759753,88.07014596248858,84.1889893789313,89.46847243855044,85.2903151666426,96.55726733552018,95.65162289764912,96.55726733552018,95.65162289764912,96.55726733552018,95.65162289764912,0.006230025461629586,268.21664023399353,14:50:44
199,0.7103318959254102,0.6038732410038408,0.2661466337064007,0.19376078006625175,81.20395992138094,76.65473625420024,87.39260357241093,83.77113892120926,96.49011021784064,95.8752483778983,91.20913352062455,89.0639211936156,87.39260357241093,83.77113892120926,89.19492491869534,85.95922919736194,96.49011021784064,95.8752483778983,96.49011021784064,95.8752483778983,96.49011021784064,95.8752483778983,0.0062104231357466184,268.3358085155487,14:55:12
200,0.7122906301854518,0.6071802861512549,0.2627758560595732,0.1861872988343239,80.86302544088652,74.374902496024,87.28037581269815,81.84914593101875,96.50550814417929,95.79317500543874,90.94349578832131,88.40847241070465,87.28037581269815,81.84914593101875,89.00477515744501,84.3811512462287,96.50550814417929,95.79317500543874,96.50550814417929,95.79317500543874,96.50550814417929,95.79317500543874,0.00619089301598543,269.89466309547424,14:59:42
201,0.7095926156080884,0.603005859552411,0.26646688529907175,0.20227622658014296,81.03888064844081,73.61301449040448,87.55545700020389,80.70637823452783,96.57562468983463,95.53171321063735,90.85851563588729,88.35924936178714,87.55545700020389,80.70637823452783,89.14041290077671,83.63321368621708,96.57562468983463,95.53171321063735,96.57562468983463,95.53171321063735,96.57562468983463,95.53171321063735,0.006171276937181203,276.3475787639618,15:04:18
202,0.7067117183979679,0.6018897428978347,0.2620549362951986,0.20420367714762688,80.22015664107691,74.81646118399308,86.83274629127187,82.7546492282824,96.5059473438594,95.77756964941631,90.59494883099258,87.66350406505697,86.83274629127187,82.7546492282824,88.62250819770031,84.75363486909465,96.5059473438594,95.77756964941631,96.5059473438594,95.77756964941631,96.5059473438594,95.77756964941631,0.006151653927932007,270.58215284347534,15:08:49
203,0.7091025296240424,0.6037649429718279,0.26334396354408174,0.20097110217809677,81.63120931572433,74.54326448312052,88.10296999925083,81.75059215892296,96.52046526993917,95.59829223901286,91.021343439795,88.45389611748287,88.10296999925083,81.75059215892296,89.49927005103045,84.51465571139967,96.52046526993917,95.59829223901286,96.52046526993917,95.59829223901286,96.52046526993917,95.59829223901286,0.006132023961208178,269.6446409225464,15:13:19
204,0.7111056788743705,0.6061215711846477,0.26246026710988535,0.19900569008290767,81.55717851862538,75.66381782806863,87.99533583393921,82.48517839745745,96.54221031450908,95.64539717802789,91.10987009908943,88.83970262057434,87.99533583393921,82.48517839745745,89.48845905833895,85.02998402860774,96.54221031450908,95.64539717802789,96.54221031450908,95.64539717802789,96.54221031450908,95.64539717802789,0.006112387009778094,270.97573685646057,15:17:50
205,0.7096753641712481,0.5996753077580773,0.2750001375857182,0.21562177166342736,80.0533519322773,71.22523552275793,86.47694468289573,80.17356586566116,96.46125824559967,95.23736014879847,90.79782692686322,85.50493216111249,86.47694468289573,80.17356586566116,88.51189048547191,81.40342860860898,96.46125824559967,95.23736014879847,96.46125824559967,95.23736014879847,96.46125824559967,95.23736014879847,0.006092743046205903,270.2369177341461,15:22:20
206,0.7092964169597498,0.606131327717434,0.2579127211166294,0.18843708768486978,80.95235033838179,73.81499264114323,87.29860500113193,81.28911816907467,96.58013244591014,95.74107725542271,91.06491414438523,88.30725499783432,87.29860500113193,81.28911816907467,89.08844309349654,83.91831015988215,96.58013244591014,95.74107725542271,96.58013244591014,95.74107725542271,96.58013244591014,95.74107725542271,0.006073092042849277,269.4644274711609,15:26:49
207,0.7136059459136008,0.6064359659245131,0.26792494589920085,0.20327658005058766,81.53428182643992,74.69162484901433,87.86846785833585,82.08627102608553,96.49660174539359,95.46507235144743,91.11644985498278,88.25550846175737,87.86846785833585,82.08627102608553,89.42591036821244,84.45335206976725,96.49660174539359,95.46507235144743,96.49660174539359,95.46507235144743,96.49660174539359,95.46507235144743,0.006053433971857113,269.04658365249634,15:31:18
208,0.7099622062532069,0.6030118676364702,0.26737584194222314,0.1994922008663416,80.97400970387683,75.42444695993194,87.39509685008414,82.5849369890299,96.54800410729165,95.54984207085054,90.97023227986541,88.25965013292102,87.39509685008414,82.5849369890299,89.09143208828387,85.06921787024734,96.54800410729165,95.54984207085054,96.54800410729165,95.54984207085054,96.54800410729165,95.54984207085054,0.006033768805167208,269.0336401462555,15:35:47
209,0.6990959993648145,0.5967466776192228,0.2558733022595783,0.19520076382160187,81.65516857403018,75.2625039756507,87.77530771993058,84.37016575670701,96.72102580410187,95.6566808109362,91.37944857555932,86.57963065252076,87.77530771993058,84.37016575670701,89.47898915568621,84.97116760446181,96.72102580410187,95.6566808109362,96.72102580410187,95.6566808109362,96.72102580410187,95.6566808109362,0.0060140965145038675,267.97048687934875,15:40:15
210,0.7109007904733198,0.6055519460990434,0.2633721081298233,0.19428580738604068,80.14521857122051,74.43675207224635,86.75020075028644,81.13345715754224,96.60771251969227,95.75544414132308,90.6128769774896,89.0178222571104,86.75020075028644,81.13345715754224,88.57450719193724,84.4117304864922,96.60771251969227,95.75544414132308,96.60771251969227,95.75544414132308,96.60771251969227,95.75544414132308,0.005994496438369176,268.11061930656433,15:44:44
211,0.703162132130426,0.597663195153652,0.26374734010454703,0.1932602408528328,80.70564682573907,74.9933204885431,87.07545262125474,81.54757351857201,96.55166504332307,95.75158129663404,90.97575169995984,89.2101131514486,87.07545262125474,81.54757351857201,88.89966345424624,84.5958255392011,96.55166504332307,95.75158129663404,96.55166504332307,95.75158129663404,96.55166504332307,95.75158129663404,0.005974809843080123,268.9413676261902,15:49:12
212,0.7014456591152392,0.5972336845042806,0.26052993553532156,0.19662753631174565,81.38544509504048,75.25414664543902,87.80284841016048,82.03584088477768,96.61884973730302,95.59956353290059,91.0074160762432,88.89874278833551,87.80284841016048,82.03584088477768,89.33390670863112,84.67336609390782,96.61884973730302,95.59956353290059,96.61884973730302,95.59956353290059,96.61884973730302,95.5995635329006,0.005955116037802488,271.99985694885254,15:53:44
213,0.7031180653984144,0.5975972712440786,0.2638019830208941,0.20354049859941006,81.34568690113976,76.0664375976514,87.84285457098507,84.01253816954981,96.63407596105478,95.5592540948212,90.88415123155143,88.07948553323213,87.84285457098507,84.01253816954981,89.29799198900507,85.38230554282484,96.63407596105478,95.5592540948212,96.63407596105478,95.5592540948212,96.63407596105478,95.55925409482121,0.005935414993383094,268.8374195098877,15:58:13
214,0.7092358050886705,0.603378326803065,0.2646436921966581,0.1972012028247118,80.70134295673817,74.16119133193453,87.43513476299064,80.97583181434047,96.5700393481743,95.67792411217131,90.65064693697951,88.98795285048632,87.43513476299064,80.97583181434047,88.97139307825874,84.1938719772545,96.5700393481743,95.67792411217131,96.5700393481743,95.67792411217131,96.5700393481743,95.67792411217131,0.005915706680442923,269.0620160102844,16:02:42
215,0.7065717089713301,0.5987284176988577,0.2696082228550433,0.19871209518611432,81.10409035628675,73.08076311514279,87.5578683764304,80.2521661653056,96.49733232016409,95.59681167998784,90.99961208036872,88.479010170976,87.5578683764304,80.2521661653056,89.20281666288521,83.07520865435339,96.49733232016409,95.59681167998784,96.49733232016409,95.59681167998784,96.49733232016409,95.59681167998784,0.00589599106937447,273.89766001701355,16:07:16
216,0.6997938176169841,0.5968544580788924,0.25734839387984587,0.1912872090190649,82.07315138552107,74.56844901921609,88.34009271921742,82.44359474711584,96.72438326383146,95.64772930112645,91.33227008443757,87.48297266055279,88.34009271921742,82.44359474711584,89.7763079812533,84.43418578665094,96.72438326383146,95.64772930112645,96.72438326383146,95.64772930112645,96.72438326383146,95.64772930112645,0.0058762681303391375,270.9642288684845,16:11:47
217,0.7096201404277799,0.6026036195411887,0.2675413006682402,0.2004676749110222,80.20036197119103,72.07196601706087,86.93966471673127,81.87720694802724,96.41725235505115,95.26363431915493,90.39039804178785,85.50623577231983,86.93966471673127,81.87720694802724,88.58764888901727,82.83036170384686,96.41725235505115,95.26363431915493,96.41725235505115,95.26363431915493,96.41725235505115,95.26363431915493,0.005856537833264566,268.50068759918213,16:16:16
218,0.7021879073791081,0.5994937606581763,0.2567353650135888,0.1942725532054901,81.65931234255437,72.89474542651807,87.95212129591742,79.59141796338871,96.70711276601355,95.6920272084067,91.297724079975,89.14317148192254,87.95212129591742,79.59141796338871,89.542116399827,82.96430329494018,96.70711276601355,95.6920272084067,96.70711276601355,95.6920272084067,96.70711276601355,95.6920272084067,0.005836800147841897,269.9246163368225,16:20:46
219,0.7091755876424093,0.6032538912644223,0.26480423892574495,0.2070891478061676,81.00328603184504,73.16971216243854,87.40206976778605,79.98691504937723,96.56442524434438,95.34641345710098,91.07245687070899,89.347310674369,87.40206976778605,79.98691504937723,89.14560996822098,83.56671461913831,96.56442524434438,95.34641345710098,96.56442524434438,95.34641345710098,96.56442524434438,95.34641345710098,0.00581705504352303,269.6350362300873,16:25:15
220,0.6994029712019627,0.5927285292983135,0.26668610137203996,0.19793733118474482,81.26319257725388,75.3405641001628,87.71398807526192,82.87876573584991,96.58389633403274,95.6657854256197,90.98031819312074,88.34051741342947,87.71398807526192,82.87876573584991,89.27218141447115,85.07430172896659,96.58389633403274,95.6657854256197,96.58389633403274,95.6657854256197,96.58389633403274,95.6657854256197,0.005797302489517872,271.33963084220886,16:29:47
221,0.7031091968926633,0.5979667314564372,0.2628561610352215,0.20398250630497933,81.57208222451932,75.4497456665277,87.93928648845683,83.41410548772672,96.577171652348,95.69548057389277,91.12099836483671,88.0672502992941,87.93928648845683,83.41410548772672,89.45540563512331,85.13035815241068,96.577171652348,95.69548057389277,96.577171652348,95.69548057389277,96.577171652348,95.69548057389277,0.005777542454791374,276.69453525543213,16:34:23
222,0.703026662457286,0.5980833334235753,0.26235831900178463,0.19294597561657428,82.08990928481641,76.52975338548099,88.2053530698396,83.4294075602567,96.61710409715903,95.88039516616551,91.5192333635785,89.09804994786914,88.2053530698396,83.4294075602567,89.79090983462387,85.9888976017903,96.61710409715903,95.88039516616551,96.61710409715903,95.88039516616551,96.61710409715904,95.88039516616551,0.0057577749080607735,274.298460483551,16:38:58
223,0.7023618739967629,0.5976156273201639,0.2618656133695505,0.20340749435126781,81.68359534566599,74.39312468369037,87.95983450688715,80.86423054526165,96.66667247735477,95.67079481207712,91.34127301188862,89.3280323175178,87.95983450688715,80.86423054526165,89.57476836689902,84.29713363397828,96.66667247735477,95.67079481207712,96.66667247735477,95.67079481207712,96.66667247735477,95.67079481207712,0.0057379998177926154,271.70718026161194,16:43:29
224,0.7048709833469661,0.6009739365005301,0.2597426134133467,0.189602424249053,81.34622858143783,76.71713032522028,87.79424334390177,85.28740016031196,96.6472254996414,95.7823893995664,90.91363393682249,87.26783189806582,87.79424334390177,85.28740016031196,89.28225043378362,86.05153178082962,96.6472254996414,95.7823893995664,96.6472254996414,95.7823893995664,96.6472254996414,95.7823893995664,0.005718296936266587,272.8308916091919,16:48:02
225,0.6969927696870651,0.592594342978913,0.2609960657432325,0.21438909281790255,82.12110519927232,74.25070774575718,88.38131476434361,81.71209206078196,96.70946504009022,95.08549418135014,91.37381523008689,87.62663343353519,88.38131476434361,81.71209206078196,89.8199109366703,84.2294279520941,96.70946504009022,95.08549418135014,96.70946504009022,95.08549418135014,96.70946504009022,95.08549418135014,0.005698506694044724,271.88991928100586,16:52:34
226,0.6994718008980947,0.5919718237815483,0.268749938201768,0.19485901498794556,81.58440440852588,75.09631957865236,87.80789701405848,82.84679829001192,96.59328357910762,95.77978181855393,91.30973353293219,87.8944171807189,87.80789701405848,82.84679829001192,89.47261723354704,84.82039352024954,96.59328357910762,95.77978181855393,96.59328357910762,95.77978181855393,96.59328357910762,95.77978181855393,0.005678708812281468,268.6327700614929,16:57:03
227,0.7018108092744477,0.5963239162839653,0.26371722936469916,0.207298107996583,81.08883886790204,72.62740666925062,87.41426499665704,80.52693155067779,96.62511622382006,95.47924578432355,91.21270405637908,87.46164583462559,87.41426499665704,80.52693155067779,89.1915108544774,82.73494932764854,96.62511622382006,95.47924578432355,96.62511622382006,95.47924578432355,96.62511622382006,95.47924578432355,0.005658903258411405,269.400514125824,17:01:32
228,0.6982316263345719,0.593390380065555,0.2621031131698088,0.20131482002139092,81.42350711211063,74.88462777116021,87.6031083080301,81.96329039566986,96.66136174801903,95.68393369656476,91.37811302488969,88.68736187529957,87.6031083080301,81.96329039566986,89.404254820545,84.6834961405271,96.66136174801903,95.68393369656476,96.66136174801903,95.68393369656476,96.66136174801903,95.68393369656475,0.005639089999603019,268.91906213760376,17:06:01
229,0.6984099161729126,0.5932094907812729,0.2630010613145729,0.19655788476765157,82.13445957567508,76.03769134939424,88.47093552878063,83.31875058103525,96.65583867639559,95.71897235760096,91.27302810839659,88.49691624471568,88.47093552878063,83.31875058103525,89.8193994212379,85.57698791659647,96.65583867639559,95.71897235760096,96.65583867639559,95.71897235760096,96.65583867639559,95.71897235760096,0.005619269002755566,268.2852144241333,17:10:29
230,0.6970699297435827,0.5909552944031191,0.2652865858208676,0.20689008423686028,81.93262890571532,74.82377604685236,88.34046844684448,82.34342392214828,96.66717370580405,95.54002602012967,91.19666441871217,88.17136373742024,88.34046844684448,82.34342392214828,89.71373622065994,84.58285627563508,96.66717370580405,95.54002602012967,96.66717370580405,95.54002602012967,96.66717370580405,95.54002602012967,0.005599440234495745,269.44924664497375,17:14:59
231,0.7030895402668784,0.5971349162007629,0.26488655681828965,0.19656832906603813,81.05390005858581,72.3484095425151,87.36156707115417,81.66428785752832,96.60309506928783,95.5321775415152,91.18948763679361,85.9730878383428,87.36156707115417,81.66428785752832,89.16644916285094,82.80954989296099,96.60309506928783,95.5321775415152,96.60309506928783,95.5321775415152,96.60309506928783,95.5321775415152,0.005579603661174392,269.34763860702515,17:19:28
232,0.6989307592559678,0.5943455008868812,0.2614631461732405,0.19593342871963979,81.7742167292175,75.79626499837158,88.17725990705941,83.24137966836733,96.67234304908307,95.75713919984005,91.22901997172764,88.34683626518853,88.17725990705941,83.24137966836733,89.6382682365313,85.34577812255378,96.67234304908307,95.75713919984005,96.67234304908307,95.75713919984005,96.67234304908307,95.75713919984005,0.005559759248863098,267.73068261146545,17:23:56
233,0.6968841661561954,0.5907589977089799,0.2653129188282504,0.19825776980817317,80.94366823996958,73.93857904263407,87.39891782466287,82.79658148611104,96.6829793646438,95.63989445364389,90.94938186517325,86.72560759317808,87.39891782466287,82.79658148611104,89.09649758515268,83.94383406435773,96.6829793646438,95.63989445364389,96.6829793646438,95.63989445364389,96.6829793646438,95.63989445364389,0.005539906963350768,267.18139362335205,17:28:23
234,0.6953639421353984,0.5946326399699264,0.2518282546671189,0.192800008893013,82.62917931712842,74.74909794816142,88.7934321886041,82.65816397389857,96.82981138053508,95.7647198539745,91.59647026840896,87.72279500526376,88.7934321886041,82.65816397389857,90.13920463579576,84.62330082452657,96.82981138053508,95.7647198539745,96.82981138053508,95.7647198539745,96.82981138053508,95.7647198539745,0.005520046770140138,269.33056378364563,17:32:52
235,0.6987428498612849,0.5908440745009138,0.2697469355549761,0.20928132309019565,81.29170637970249,71.44782480109487,87.65818293816082,78.57267530147872,96.68356176649007,95.3326909420689,91.15014316428832,87.69072874034404,87.65818293816082,78.57267530147872,89.31936476441533,82.03823565078032,96.68356176649007,95.3326909420689,96.68356176649007,95.3326909420689,96.68356176649007,95.3326909420689,0.005500178634444218,269.5569021701813,17:37:22
236,0.6939325827676815,0.5924421275271292,0.253726133657087,0.22762916061282157,82.12874773479749,74.08163175502513,88.31481792449574,81.53828753313249,96.7456752347463,94.9298706015512,91.46314456808953,88.0060935566858,88.31481792449574,81.53828753313249,89.82726537300859,84.11290853615134,96.7456752347463,94.9298706015512,96.7456752347463,94.9298706015512,96.7456752347463,94.9298706015512,0.005480302521182703,269.7620532512665,17:41:52
237,0.6970895219546641,0.5913871647470657,0.2642558893663577,0.20260302025079727,81.95290960034343,76.58957038097297,88.32600062103229,83.33788657139569,96.62945195128006,95.53614507329743,91.229483799135,89.55472435189242,88.32600062103229,83.33788657139569,89.72330467804485,86.04837026155703,96.62945195128006,95.53614507329743,96.62945195128006,95.53614507329743,96.62945195128006,95.53614507329743,0.005460418394978266,268.9140179157257,17:46:21
238,0.6951338743393903,0.589281101914645,0.26463192976414956,0.17805725339055062,81.12411005915918,76.22174200725712,87.4740384686878,83.43954374597871,96.68603012648059,95.96720541149307,91.11173803546299,88.79810209698998,87.4740384686878,83.43954374597871,89.20107685937249,85.6913749151133,96.68603012648059,95.96720541149307,96.68603012648059,95.96720541149307,96.68603012648059,95.96720541149307,0.005440526220152892,268.6559896469116,17:50:49
239,0.6982278556894278,0.5948815927480641,0.2583656543170596,0.19150074769556522,82.57801648953914,75.37676801048431,88.80245386103338,82.0086714207195,96.7839943143254,95.74080212465597,91.47057677016862,89.36745963924467,88.80245386103338,82.0086714207195,90.0849877719845,85.16934758505332,96.7839943143254,95.74080212465597,96.7839943143254,95.74080212465597,96.7839943143254,95.74080212465597,0.005420625960724043,267.6248106956482,17:55:17
240,0.694940490155871,0.5906381526787808,0.2607558386471741,0.20478484085202217,82.52027321380636,74.45997282604985,88.71212752164406,81.81802428544556,96.71338503073562,95.6570037051892,91.54992117131656,88.04262413031924,88.71212752164406,81.81802428544556,90.07637212550887,84.517484191015,96.71338503073562,95.6570037051892,96.71338503073562,95.6570037051892,96.71338503073562,95.6570037051892,0.005400878164433511,268.49017119407654,17:59:45
241,0.6932828215319756,0.5896314935509439,0.259128315954218,0.18465356916189193,82.21193231318851,76.75063014124777,88.54653281991958,84.6083429336046,96.73570707717137,95.96479030206336,91.32347958125641,88.35840673241127,88.54653281991958,84.6083429336046,89.87676791166054,86.12195787064421,96.73570707717137,95.96479030206336,96.73570707717137,95.96479030206336,96.73570707717137,95.96479030206336,0.005380961692546277,269.7064995765686,18:04:15
242,0.6950627573601095,0.5932573663583119,0.25451347520969503,0.195868037045002,82.41660506528827,75.7445787985777,88.40304732978692,82.91388671506898,96.81238896902846,95.69004120700994,91.77774746235018,88.88517123300824,88.40304732978692,82.91388671506898,90.01503263334261,85.51861494824469,96.81238896902846,95.69004120700994,96.81238896902846,95.69004120700994,96.81238896902846,95.69004120700994,0.00536103702654107,268.3800551891327,18:08:43
243,0.6935077574161691,0.5884025453438916,0.26276302863245615,0.1911657868772745,82.19856270688636,74.09998647341688,88.32016615013009,82.26678791120149,96.73409728859414,95.88172491034693,91.51425565337814,87.56964308507905,88.32016615013009,82.26678791120149,89.84704129182775,84.13384717874702,96.73409728859414,95.88172491034693,96.73409728859414,95.88172491034693,96.73409728859414,95.88172491034693,0.0053411041291807765,268.6921908855438,18:13:12
244,0.693657651814183,0.5861567888952536,0.26875215450147694,0.195951981022954,82.02652859915055,75.74785250164823,88.18961899879714,83.0446045812574,96.66691362942778,95.86196064145005,91.43006589786772,88.62347097672819,88.18961899879714,83.0446045812574,89.74236870112072,85.39863259896346,96.66691362942778,95.86196064145005,96.66691362942778,95.86196064145005,96.66691362942778,95.86196064145005,0.0053211629629038365,268.82975029945374,18:17:41
245,0.6993786258311102,0.5882611800418577,0.2777936107954405,0.20918056160211562,81.12869294949952,73.68140748836028,87.62584907636626,83.35494941075643,96.54626979711195,95.44281205872174,90.96306935923944,85.3500610771422,87.62584907636626,83.35494941075643,89.22387661781444,83.99447849458036,96.54626979711195,95.44281205872174,96.54626979711195,95.44281205872174,96.54626979711195,95.44281205872174,0.005301213489820126,269.15116477012634,18:22:10
246,0.6900786731214273,0.5876074320891598,0.25617809857228657,0.2055652380436659,82.46266373068192,74.04523222875255,88.54566312880874,81.6683773538339,96.82303827461142,95.4186332659646,91.67493220363447,87.81187369439249,88.54566312880874,81.6683773538339,90.04457473930285,84.11247353427616,96.82303827461142,95.4186332659646,96.82303827461142,95.4186332659646,96.82303827461142,95.4186332659646,0.005281255671706694,269.5463225841522,18:26:40
247,0.6947519018013524,0.5899138437094268,0.26209514344608376,0.20615208348631858,81.64499730353799,75.23468945296192,87.76409438690045,82.11672440549677,96.69357277527452,95.54541925926206,91.531862489656,88.52995419997619,87.76409438690045,82.11672440549677,89.55381923561735,84.71302686099187,96.69357277527452,95.54541925926206,96.69357277527452,95.54541925926206,96.69357277527452,95.54541925926208,0.005261289470003366,268.9958429336548,18:31:09
248,0.7011019739033636,0.5942114961872825,0.26722619183005786,0.19990436623990535,81.32258380896063,72.81273142848516,87.92363727734724,81.00463534739696,96.66885154714615,95.65630339215548,90.89136207435038,86.95908133438381,87.92363727734724,81.00463534739696,89.3463444553388,82.74961009306764,96.66885154714615,95.65630339215548,96.66885154714615,95.65630339215548,96.66885154714615,95.65630339215548,0.005241314845808414,269.1025159358978,18:35:38
249,0.6875847455291998,0.5822257665515187,0.26339744435774853,0.1973286271095276,82.8667988766462,75.44025812695759,89.0936225781802,83.8697795789295,96.71977452439467,95.6941903054694,91.58601571573897,87.31878287866826,89.0936225781802,83.8697795789295,90.29849648022336,85.22105249852873,96.71977452439467,95.6941903054694,96.71977452439467,95.6941903054694,96.71977452439467,95.6941903054694,0.005221331759874003,268.83263206481934,18:40:07
250,0.691396175692686,0.5852264338038315,0.26542435081897364,0.19299368926882743,81.80628641942475,76.02130081701816,88.16413574849015,83.39523255956968,96.70022311320373,95.89829458716616,91.30466685628362,88.79871448860484,88.16413574849015,83.39523255956968,89.66209549106544,85.58231584611869,96.70022311320373,95.89829458716616,96.70022311320373,95.89829458716616,96.70022311320373,95.89829458716616,0.0052013401726016826,268.4147663116455,18:44:35
251,0.69352223579324,0.5874245371005643,0.2652442444519221,0.20891303938627243,82.74040175136938,72.85672288674918,88.83652760635992,79.53215414887698,96.75722901352599,95.5343788057473,91.69646176764547,89.41929436818026,88.83652760635992,79.53215414887698,90.20703756250305,82.67345945529907,96.75722901352599,95.5343788057473,96.75722901352599,95.5343788057473,96.75722901352599,95.5343788057473,0.005181340044037716,274.45199966430664,18:49:09
252,0.6983062900908457,0.5943298776055954,0.2599410283822058,0.18737163071334362,81.61282923166829,76.41431616849088,87.74578668469269,83.35748259579519,96.69814992277573,95.96335445315106,91.4472853029982,89.3316787336506,87.74578668469269,83.35748259579519,89.4944902059814,85.89029075124664,96.69814992277573,95.96335445315106,96.69814992277573,95.96335445315106,96.69814992277573,95.96335445315106,0.005161331333868333,273.38480591773987,18:53:43
253,0.6905079592011804,0.5873229927117182,0.25796241394639335,0.19944072096049786,81.97329732783922,74.16457763091508,88.12873949500084,81.84997870769722,96.73816645502103,95.49216777024002,91.46718963370493,87.7406148539514,88.12873949500084,81.84997870769722,89.72298565125713,84.34839408087325,96.73816645502103,95.49216777024002,96.73816645502103,95.49216777024002,96.73816645502103,95.49216777024002,0.005141314001414967,272.3603353500366,18:58:15
254,0.6901223533652177,0.5843295432331583,0.2644820226044485,0.21226257793605327,81.81418728911216,74.50348378856219,87.97424352803503,82.60551815865477,96.73548489153983,95.66110874783027,91.43111512032641,87.27843583459854,87.97424352803503,82.60551815865477,89.61303795885212,84.41320454947373,96.73548489153983,95.66110874783027,96.73548489153983,95.66110874783027,96.73548489153983,95.66110874783027,0.005121288005629329,269.86310029029846,19:02:45
255,0.6911259817251361,0.5823278245744724,0.2719953909325936,0.19779660028219223,82.26222779049625,75.72351917984592,88.44500335403505,84.73011976916005,96.65324044204469,95.82387275072706,91.53374345125073,86.658924558137,88.44500335403505,84.73011976916005,89.92491873885274,85.40270881567155,96.65324044204469,95.82387275072706,96.65324044204469,95.82387275072706,96.65324044204469,95.82387275072706,0.0051012533050884285,269.9953420162201,19:07:15
256,0.6956039509399673,0.5918321183005194,0.25942957715933646,0.19810459412634374,81.50440940207176,76.11187489551153,87.93630442660509,83.28881601221927,96.76454593731695,95.78704143226932,91.16225941459855,88.7405704959261,87.93630442660509,83.28881601221927,89.48279446078699,85.73370718077378,96.76454593731695,95.78704143226932,96.76454593731695,95.78704143226932,96.76454593731695,95.78704143226932,0.0050812098579895125,275.4102900028229,19:11:50
257,0.692993728562979,0.5825139284634959,0.2761994981292758,0.1922225756198168,81.4167893272178,76.6440673052036,87.77738854188559,84.74238021729053,96.61481835986403,96.03569977747745,91.28944564373752,88.06925057768883,87.77738854188559,84.74238021729053,89.4374571158654,86.02195277208378,96.61481835986403,96.03569977747745,96.61481835986403,96.03569977747745,96.61481835986403,96.03569977747745,0.0050612384956391435,274.91205763816833,19:16:25
258,0.6877586613506299,0.5852020729706443,0.2563914680288555,0.21843454395234585,82.68362791319375,74.85510559001821,88.96128836628552,81.6690581921145,96.80957794816163,95.01589667512145,91.46532540838972,89.32683075666613,88.96128836628552,81.6690581921145,90.17143205544534,84.72362537808458,96.80957794816163,95.01589667512145,96.80957794816163,95.01589667512145,96.80957794816163,95.01589667512145,0.0050411774641671726,274.1417324542999,19:21:00
259,0.6916779588755138,0.5856006437087107,0.26519328665436714,0.20632759015262128,82.32493972781376,74.36533931449311,88.56778772275955,81.65994920838959,96.71920182318806,95.60315702642283,91.40247317470387,88.74037769653353,88.56778772275955,81.65994920838959,89.93260893838676,84.3497356528995,96.71920182318806,95.60315702642283,96.71920182318806,95.60315702642283,96.71920182318806,95.60315702642283,0.005021107558572313,272.0409197807312,19:25:32
260,0.6882145922097409,0.585575799765247,0.2565969769224755,0.19069340707361698,82.92379410271458,75.11805466316186,88.81635495053551,82.12153759942679,96.85213926442992,95.90125385138228,91.97904596721351,88.95633798795673,88.81635495053551,82.12153759942679,90.336771190758,84.99581387858296,96.85213926442992,95.90125385138228,96.85213926442992,95.90125385138228,96.85213926442992,95.90125385138228,0.005001028735481803,269.08836102485657,19:30:01
261,0.6861571241483323,0.5778115323388344,0.27086397480637975,0.19592030470073224,82.45482064981965,74.33905418283484,88.37179575148349,83.43830523880847,96.73830480138777,95.79276389049993,91.91313213394132,86.60739542646863,88.37179575148349,83.43830523880847,90.06200508802624,84.21934185148592,96.73830480138777,95.79276389049993,96.73830480138777,95.79276389049993,96.73830480138777,95.79276389049993,0.0049809409511163884,273.77937412261963,19:34:34
262,0.6885657908937317,0.5819699232138958,0.2664896659477894,0.19812416246533393,82.18706701824601,73.13933690929471,88.41877634573683,79.48343920534263,96.78591957945278,95.6104953735562,91.44299098270604,89.32618708455166,88.41877634573683,79.48343920534263,89.85981372471586,83.39684917887918,96.78591957945278,95.6104953735562,96.78591957945278,95.6104953735562,96.78591957945278,95.6104953735562,0.004960925214869932,273.9399576187134,19:39:08
263,0.685191248336252,0.5812767620906785,0.2597862130786319,0.2091499676555395,82.1260364938754,73.24882473131072,88.35229711477463,79.9218993350156,96.83730269443073,95.62640944745444,91.4921177339282,88.8200935810306,88.35229711477463,79.9218993350156,89.85535718127868,83.34999144781726,96.83730269443073,95.62640944745444,96.83730269443073,95.62640944745444,96.83730269443073,95.62640944745444,0.004940819411544884,277.3306393623352,19:43:46
264,0.6889796192684507,0.582544105890299,0.26608878111300166,0.21138211998343467,81.65896702577179,73.14542613317407,87.90320174282682,79.51621475650384,96.71653889022289,95.54324045913539,91.34028798195313,89.42910642134188,87.90320174282682,79.51621475650384,89.53991605038402,83.06721540995822,96.71653889022289,95.54324045913539,96.71653889022289,95.54324045913539,96.71653889022289,95.54324045913539,0.004920704513293496,272.07148694992065,19:48:18
265,0.6890930597944074,0.5855866882752153,0.25876592770569584,0.20179753798246383,82.4554646100615,73.81066776320114,88.56611146275843,82.16863919007622,96.81982946265563,95.85100971720975,91.69769580797241,87.17137146144348,88.56611146275843,82.16863919007622,90.06220013457022,83.89127267228679,96.81982946265563,95.85100971720975,96.81982946265563,95.85100971720975,96.81982946265563,95.85100971720975,0.004900580474654634,273.67194652557373,19:52:51
266,0.6870050086378651,0.5837974794153888,0.2580188205810145,0.1948644363731146,82.68722680176491,76.19865372379857,88.86113308840352,83.5578899661987,96.8977104910921,95.8128872579362,91.57931260075127,88.81012350270495,88.86113308840352,83.5578899661987,90.1737270773751,85.77832087425001,96.8977104910921,95.8128872579362,96.8977104910921,95.8128872579362,96.8977104910921,95.8128872579362,0.0048804472497314035,276.2259290218353,19:57:28
267,0.6856562501244202,0.5816564923997846,0.2599993904535211,0.20793405984342098,82.20768773520206,72.55565773438299,88.33487152396972,80.25153443098296,96.76571357878827,95.49774737420806,91.61683022717526,87.88518384710098,88.33487152396972,80.25153443098296,89.9091589829562,82.48973126587146,96.76571357878827,95.49774737420806,96.76571357878827,95.49774737420806,96.76571357878827,95.49774737420806,0.004860304792184886,276.4001741409302,20:02:04
268,0.6890261493918874,0.5852896197277504,0.2593413229878909,0.1952904943525791,82.07634041989525,75.21207111935337,88.20059027806005,82.44962485985471,96.82088907031375,95.83793222734029,91.57402299413849,88.53059618727967,88.20059027806005,82.44962485985471,89.79135618910962,85.07799809996314,96.82088907031375,95.83793222734029,96.82088907031375,95.83793222734029,96.82088907031375,95.83793222734029,0.004840153055227882,272.41539335250854,20:06:36
269,0.6902755165488911,0.5857147727344528,0.2614018567903537,0.19528725111484527,82.91052003781697,74.370807599239,88.93796915756091,81.88705340283002,96.81448710626293,95.80356432704379,91.81278522657132,88.26749544476876,88.93796915756091,81.88705340283002,90.31724198534803,84.38515543539656,96.81448710626293,95.80356432704379,96.81448710626293,95.80356432704379,96.81448710626293,95.80356432704379,0.004819991991618446,274.392196893692,20:11:11
270,0.686922857944967,0.5822097232017889,0.26178283350593545,0.1984898047298193,82.58858294377865,73.74374317377362,88.52078443124505,81.14881971760387,96.81336210295093,95.71860856995218,91.90781332412436,88.16670096631422,88.52078443124505,81.14881971760387,90.11677526191801,83.90713449978776,96.81336210295093,95.71860856995218,96.81336210295093,95.71860856995218,96.81336210295093,95.71860856995218,0.004799821553653305,272.49798107147217,20:15:43
271,0.683194947747793,0.5796184067306859,0.2589413502529795,0.20036706776916982,82.78344651123261,75.77559243895595,88.8904058608165,83.80137618998752,96.82452322681345,95.73999810597059,91.6949092858862,87.85506060587949,88.8904058608165,83.80137618998752,90.24409921469004,85.44041226225657,96.82452322681345,95.73999810597059,96.82452322681345,95.73999810597059,96.82452322681345,95.73999810597059,0.004779641693161256,274.76872277259827,20:20:18
272,0.683061107762644,0.5778906281734363,0.2629261960869839,0.21103274838626385,82.98466188450013,75.03682384037502,89.04271475781599,82.77050298831844,96.83876471914738,95.18556937187337,91.71751436236995,87.84095863350075,89.04271475781599,82.77050298831844,90.331885675658,84.89493734681741,96.83876471914738,95.18556937187337,96.83876471914738,95.18556937187337,96.83876471914738,95.18556937187337,0.004759452361496283,271.5650460720062,20:24:50
273,0.6806471924815469,0.576403670328611,0.26060880193513114,0.19331747779250144,82.98422859154853,74.57653365789545,88.97271211818145,81.4851844885486,96.79303388165116,95.80380085444493,91.86401332037232,88.87433231817835,88.97271211818145,81.4851844885486,90.35201593349723,84.26374770739066,96.79303388165116,95.80380085444493,96.79303388165116,95.80380085444493,96.79303388165116,95.80380085444493,0.004739253509530663,269.95656538009644,20:29:20
274,0.6903810196461578,0.5835727673692838,0.26702062813684135,0.19604086203873158,82.78465451493517,75.26433835021787,88.71072250196384,82.63199136962344,96.74161744320763,95.79871044453935,91.84434462185465,88.2026174539022,88.71072250196384,82.63199136962344,90.20896357802334,84.82089339345993,96.74161744320763,95.79871044453935,96.74161744320763,95.79871044453935,96.74161744320763,95.79871044453935,0.004719045087647867,271.73486399650574,20:33:51
275,0.6868538125778255,0.5841869584910406,0.25666713389419593,0.1966485597193241,82.58271437258612,76.44715526436376,88.67029908512653,84.18336990940752,96.86830543016124,95.85257249922253,91.67963515332757,88.05044837041092,88.67029908512653,84.18336990940752,90.11605881176014,85.82967245753326,96.86830543016124,95.85257249922253,96.86830543016124,95.85257249922253,96.86830543016124,95.85257249922253,0.0046988270457353435,270.12602257728577,20:38:22
276,0.6876620182112391,0.58200810486908,0.26413477983303174,0.1967040969580412,82.61199865990065,75.33995278869024,88.6354286506829,83.01970984825988,96.8239987296529,95.67504467186374,91.80011756017335,88.24338681607266,88.6354286506829,83.01970984825988,90.14450271352175,84.95441634076174,96.8239987296529,95.67504467186374,96.8239987296529,95.67504467186374,96.8239987296529,95.67504467186374,0.004678599333177209,272.58118414878845,20:42:54
277,0.6805468278598208,0.577795090595988,0.2568793405641544,0.205815024420619,83.27196176533596,75.27616287418017,89.25003398837772,83.3387294183995,96.96798982536563,95.61618151845137,91.92630002558087,87.67594961862184,89.25003398837772,83.3387294183995,90.53601128204151,85.18786259786096,96.96798982536563,95.61618151845137,96.96798982536563,95.61618151845137,96.96798982536563,95.61618151845137,0.004658361898846661,270.9468140602112,20:47:25
278,0.6892968986205952,0.5857395229118337,0.2588934365311724,0.19939880242943764,83.11225500702248,73.1241344369505,89.07997375140847,79.87088708513352,96.8741106858258,95.71343964472673,91.95415997875116,88.65267232719786,89.07997375140847,79.87088708513352,90.4613129124113,83.43757885374634,96.8741106858258,95.71343964472673,96.8741106858258,95.71343964472673,96.8741106858258,95.71343964472673,0.004638114691098416,275.0406210422516,20:52:00
279,0.681560977581931,0.578780434469529,0.2569513582219273,0.20483908939361573,83.01958102202744,75.59106893271905,89.06070206934153,84.1397951590616,96.87965256380147,95.73379844907357,91.78653452350456,87.3579732822549,89.06070206934153,84.1397951590616,90.37351975142063,85.20104843232214,96.87965256380147,95.73379844907357,96.87965256380147,95.73379844907357,96.87965256380147,95.73379844907357,0.0046178576577608705,272.84583950042725,20:56:33
280,0.6829182931698643,0.5818126947188746,0.25276399421347173,0.19124824780225755,83.54173722395191,76.32693059072658,89.5581349929414,83.61708934392897,96.9654193285527,95.86101693092472,91.96947573675361,89.10689206740452,89.5581349929414,83.61708934392897,90.72058577390054,85.89401121544125,96.9654193285527,95.86101693092472,96.9654193285527,95.86101693092472,96.9654193285527,95.86101693092472,0.004597672487452569,275.2732255458832,21:01:08
281,0.6876630756024474,0.5872425521650648,0.2510513064138987,0.2306402692645788,83.10471257581096,74.602113133605,89.1454732085314,82.76214242386772,96.90452887063053,94.85199289149774,91.77501548297359,87.84264229803527,89.1454732085314,82.76214242386772,90.40576447033499,84.62664352022404,96.90452887063053,94.85199289149774,96.90452887063053,94.85199289149774,96.90452887063053,94.85199289149774,0.00457739568443058,270.6191153526306,21:05:39
282,0.6783545275382251,0.5745241803736517,0.2595758676984884,0.19981532372534275,82.96401156897457,76.3294864425214,89.05978744481011,84.15045564115056,96.88405160923527,95.81751573604313,91.77449337752087,88.06849841670088,89.05978744481011,84.15045564115056,90.36429949827944,85.78743242711514,96.88405160923527,95.81751573604313,96.88405160923527,95.81751573604313,96.88405160923527,95.81751573604313,0.00455710889628425,270.0669753551483,21:10:09
283,0.6892539985883773,0.5880898577239422,0.25291034931513634,0.1936908227354288,82.51137930509603,73.95286505452361,88.64940383704419,81.35006134532159,96.88288500780361,95.84728514672292,91.67970430079565,88.37935580115251,88.64940383704419,81.35006134532159,90.10603298076276,83.88391073161604,96.88288500780361,95.84728514672292,96.88288500780361,95.84728514672292,96.88288500780361,95.84728514672292,0.004536812068657773,269.1336736679077,21:14:38
284,0.6825046024630353,0.5797064505773017,0.25699537708383324,0.19764114794135093,82.73428767689197,73.50205292514053,88.9874592764043,80.04993146318739,96.80397269291672,95.69348257709993,91.55859309802639,88.98169727097863,88.9874592764043,80.04993146318739,90.22806432737185,83.68033417780826,96.80397269291672,95.69348257709993,96.80397269291672,95.69348257709993,96.80397269291672,95.69348257709993,0.004516587049721311,271.03190755844116,21:19:09
285,0.6776048104756618,0.5767983567037275,0.25201613093753267,0.20532542905211448,83.4948831811579,74.22369914887237,89.42671364899913,82.35495397401996,96.97201574931404,95.65648561312705,92.05847145332132,87.36638852320957,89.42671364899913,82.35495397401996,90.69585185596432,84.23425566439319,96.97201574931404,95.65648561312705,96.97201574931404,95.65648561312705,96.97201574931404,95.65648561312705,0.004496270018826878,269.35569429397583,21:23:38
286,0.6798001297103854,0.5743940267974927,0.2635152524170574,0.19011870001256465,83.09144945695861,77.31291971435309,89.1066848216713,85.14351472701674,96.87517400480246,96.05611637782366,91.87368544509843,88.38967694603814,89.1066848216713,85.14351472701674,90.4305800012868,86.53421954454544,96.87517400480246,96.05611637782366,96.87517400480246,96.05611637782366,96.87517400480246,96.05611637782366,0.0044759427821707155,273.4688093662262,21:28:12
287,0.6833954703691588,0.5759941532195777,0.2685032906793634,0.19491188517212868,83.10946852728792,76.30530950238636,88.8401125699214,84.09192738491194,96.88067765504162,96.010037917567,92.2618157283606,88.52338771242026,88.8401125699214,84.09192738491194,90.46462062100815,85.86009579392142,96.88067765504162,96.010037917567,96.88067765504162,96.010037917567,96.88067765504162,96.010037917567,0.004455605283075136,273.17979097366333,21:32:45
288,0.6841641256251267,0.5805184060623763,0.2591142953544474,0.2008718481361866,82.35849836320104,75.61811804046745,88.68798646845424,82.7944245139265,96.90488848771831,95.83094458196906,91.39635286182012,88.73488592705256,88.68798646845424,82.7944245139265,89.98813510940839,85.31538140303789,96.90488848771831,95.83094458196906,96.90488848771831,95.83094458196906,96.90488848771831,95.83094458196906,0.004435257464258499,271.41847229003906,21:37:16
289,0.6752402025657608,0.5759564727524743,0.24820932057493872,0.20147748835384846,83.75027126623836,74.89567026000734,89.71593256391883,82.11378242730717,97.03672368368936,95.70964092088225,92.00208192440151,88.61820307769088,89.71593256391883,82.11378242730717,90.81674742015447,84.85796578722874,97.03672368368936,95.70964092088225,97.03672368368936,95.70964092088225,97.03672368368936,95.70964092088225,0.004414899267825659,270.6673204898834,21:41:47
290,0.6889091558759455,0.5838436223290956,0.26266383163245155,0.20052326732873918,82.32927587278925,75.58432604261719,88.31930771270171,83.91030053951474,96.84931377145438,95.79399232810889,91.82779558474556,87.38225921313915,88.31930771270171,83.91030053951474,89.99035986614562,85.1851110782369,96.84931377145438,95.79399232810889,96.84931377145438,95.79399232810889,96.84931377145438,95.79399232810889,0.0043945306352582,273.57511281967163,21:46:21
291,0.6807169358884239,0.5777577924383672,0.25739785499755535,0.20014322014153005,83.12169944676967,74.46631627937825,89.23829810855922,80.77721370752957,96.85962656668032,95.78701547859413,91.77667863056526,89.40449799539635,89.23829810855922,80.77721370752957,90.46209813062136,84.4395774197378,96.85962656668032,95.78701547859413,96.85962656668032,95.78701547859413,96.85962656668032,95.78701547859413,0.004374151507404524,273.2221338748932,21:50:54
292,0.6786247245120618,0.5756272859194973,0.2574935941916227,0.19905346351861955,82.6276665098953,75.95062554523535,88.67882419501476,84.39486968843045,96.84321424292894,95.81625283893267,91.67959142257853,87.57202809332378,88.67882419501476,84.39486968843045,90.10319224830005,85.57148709993618,96.84321424292894,95.81625283893267,96.84321424292894,95.81625283893267,96.84321424292894,95.81625283893267,0.004353761824469646,269.93480825424194,21:55:24
293,0.6765091361098428,0.5768132256876324,0.24923977405133468,0.20057319386303424,83.72800440486007,74.92603358607606,89.61636166362625,82.88077572117493,97.02530581923303,95.6711424604657,92.10193352702217,88.21583397474147,89.61636166362625,82.88077572117493,90.81782547755924,84.8536330494015,97.02530581923303,95.6711424604657,97.02530581923303,95.6711424604657,97.02530581923303,95.6711424604657,0.004333361526004807,269.9993643760681,21:59:54
294,0.6776370739447806,0.577713463427881,0.249809024488477,0.20391985572874546,83.48882099861532,70.775116678339,89.56683502265724,78.66583351216427,97.02414953753775,95.62988843946853,91.84313794748759,87.70971546832996,89.56683502265724,78.66583351216427,90.6656951301515,80.51619803654594,97.02414953753775,95.62988843946853,97.02414953753775,95.62988843946853,97.02414953753775,95.62988843946853,0.004312950550896892,272.1441490650177,22:04:26
295,0.6756696797651818,0.5741444582817293,0.25381305154911527,0.2086294039785862,83.24305051689896,70.82380672889384,89.0670794668835,77.24175833242167,96.96471380344519,95.53587703071928,92.1964620446873,89.04504735740909,89.0670794668835,77.24175833242167,90.56837848572748,81.28867287244944,96.96471380344519,95.53587703071928,96.96471380344519,95.53587703071928,96.96471380344519,95.53587703071928,0.004292528837357583,271.2942123413086,22:08:57
296,0.6794449310817411,0.5751803267118348,0.26066150906587815,0.20318594215810298,83.30183869250733,75.2071970225505,89.26051448756024,82.02875869751706,96.9029489765333,95.73323695548737,91.98725883490656,88.92434686933845,89.26051448756024,82.02875869751706,90.56577127602884,84.91748359187996,96.9029489765333,95.73323695548737,96.9029489765333,95.73323695548737,96.9029489765333,95.73323695548737,0.00427209632291227,274.06119894981384,22:13:31
297,0.6782123608804022,0.575893492087792,0.2557971663848217,0.19278666293621063,83.7619394741201,72.94537153769342,89.6092180086257,80.57784675791007,96.97684097676017,95.81931471830988,92.16525630847201,86.96229867492544,89.6092180086257,80.57784675791007,90.84142942761592,82.55549608074917,96.97684097676017,95.81931471830988,96.97684097676017,95.81931471830988,96.97684097676017,95.81931471830988,0.004251735399266864,273.36177611351013,22:18:05
298,0.6793171153644948,0.5765323259322211,0.2569619732299505,0.1875994530469179,82.53820117689216,75.49322673944053,88.50967384351111,82.13117747401924,96.9484660640249,95.9665028084292,91.79691767067088,89.7009370356665,88.50967384351111,82.13117747401924,90.08300968739383,85.168195682778,96.9484660640249,95.9665028084292,96.9484660640249,95.9665028084292,96.9484660640249,95.9665028084292,0.004231281136977468,273.8776948451996,22:22:39
299,0.6790165370474266,0.577521182130709,0.2537383828976047,0.20583407288789748,83.73566244783281,75.5148744946042,89.45849295808405,83.2762975690514,96.98159940117293,95.46617407405404,92.31461667498442,88.32778525470667,89.45849295808405,83.2762975690514,90.82745940771618,85.35083704071494,96.98159940117293,95.46617407405404,96.98159940117293,95.46617407405404,96.98159940117293,95.46617407405404,0.004210815882388243,273.36585879325867,22:27:12
300,0.6824692473787546,0.577235644406413,0.26308400412393884,0.1939698905348778,82.7927006368934,73.89646212128798,88.51580994490912,81.18129911504893,96.92403717359385,95.90305054361886,92.30611514769353,88.57319460930128,88.51580994490912,81.18129911504893,90.31122350583406,83.92905750872568,96.92403717359385,95.90305054361886,96.92403717359385,95.90305054361886,96.92403717359385,95.90305054361886,0.004190339570166836,275.0560667514801,22:31:47
301,0.6802801861006218,0.5787090299088601,0.2539278868317764,0.2139935151487589,83.19441003528395,73.35398805641105,89.21004089976888,80.21976797788027,96.94425792708516,95.65662661355566,91.97407235908315,88.99407002397133,89.21004089976888,80.21976797788027,90.54047462993034,83.6689679859026,96.94425792708516,95.65662661355566,96.94425792708516,95.65662661355566,96.94425792708516,95.65662661355566,0.004169852134235585,273.3273391723633,22:36:20
302,0.6745586585461412,0.5710835027349981,0.25868788894664224,0.20123564690351486,83.80279446279454,74.25925315575807,89.6770581133255,82.0176762132169,97.03190516376637,95.93350074755145,92.22803108913999,88.15675747214377,89.6770581133255,82.0176762132169,90.9053580173986,83.96301992133897,97.03190516376637,95.93350074755145,97.03190516376637,95.93350074755145,97.03190516376637,95.93350074755145,0.004149353507758868,269.6424968242645,22:40:50
303,0.6717252380389372,0.5679495347852905,0.2594392540004723,0.19474699524044992,84.18355186847867,76.86590959172908,90.01317358600843,84.03056802193124,97.00408845119188,95.97963384138485,92.32240051624939,89.08333684133636,90.01317358600843,84.03056802193124,91.13350308109118,86.23035737030584,97.00408845119188,95.97963384138485,97.00408845119188,95.97963384138485,97.00408845119188,95.97963384138485,0.004128843623130186,271.88297843933105,22:45:22
304,0.6750122062415986,0.5725704323207282,0.25610443177083714,0.19460784444212914,83.93801169657222,74.12761661995638,89.65668104492941,82.66067253574171,97.04001397757352,96.01548328214787,92.34115335374531,87.8685085044286,89.65668104492941,82.66067253574171,90.95266565694654,83.69197725783081,97.04001397757352,96.01548328214787,97.04001397757352,96.01548328214787,97.04001397757352,96.01548328214787,0.004108322411959007,270.72318267822266,22:49:53
305,0.6783785217146626,0.5761706994517024,0.2555195520749089,0.19855383440852165,83.6489800046286,76.06874730567662,89.57150936922119,83.51265118851346,96.99839000151012,95.87554182890635,92.07534509663728,88.67212117043348,89.57150936922119,83.51265118851346,90.78119128079909,85.68919206707466,96.99839000151012,95.87554182890635,96.99839000151012,95.87554182890635,96.99839000151012,95.87554182890635,0.004087789805057244,270.300644159317,22:54:23
306,0.6746022140691164,0.5710926339501251,0.25877394633920064,0.19847881680727006,83.73390762302944,74.98436795043693,89.61018332002236,81.98317870989341,96.94544744462084,95.89002299821678,92.16366337703286,88.83008623054614,89.61018332002236,81.98317870989341,90.84313637765543,84.29228704852689,96.94544744462084,95.89002299821678,96.94544744462084,95.89002299821678,96.94544744462084,95.89002299821678,0.0040672457324254525,274.34495854377747,22:58:57
307,0.6755165583789148,0.5737635400684873,0.2543825449844135,0.21045623849332332,83.58436372100925,74.51036306910687,89.55243789472335,81.63228256493613,97.03600411792618,95.5942751989595,92.02639888564677,88.32035974388957,89.55243789472335,81.63228256493613,90.74305259981085,84.28189221338322,97.03600411792618,95.5942751989595,97.03600411792618,95.5942751989595,97.03600411792618,95.5942751989595,0.004046690123238693,273.1858673095703,23:03:30
308,0.6807861862041522,0.5753769035918967,0.2635232030233041,0.20551307278871536,83.02979969098287,73.99430369030038,89.16217858620726,80.81632182339466,96.9156333242223,95.62310624251764,91.75941702674419,88.80653913331797,89.16217858620726,80.81632182339466,90.41951934423948,83.99913643541834,96.9156333242223,95.62310624251764,96.9156333242223,95.62310624251764,96.9156333242223,95.62310624251764,0.004026205861566258,277.014719247818,23:08:07
309,0.6692952713111783,0.567178457193753,0.2552920334697491,0.19875868254899978,83.67148656971429,75.7495618561312,89.54714926648376,83.9108478585044,97.04943975855834,95.59039185304802,92.2376431089063,88.06822236070167,89.54714926648376,83.9108478585044,90.82931939585202,85.34611015604021,97.04943975855834,95.59039185304802,97.04943975855834,95.59039185304802,97.04943975855834,95.59039185304802,0.0040056270106668,272.6614418029785,23:12:40
310,0.6806573188577472,0.5761923583746759,0.2611624007792824,0.21198654977977277,83.87471169763883,77.146736766833,89.55469445645386,84.86735863174975,96.93649490236957,95.45272363641514,92.38871185116751,88.41116443452731,89.55469445645386,84.86735863174975,90.91631360887725,86.3187473145048,96.93649490236957,95.45272363641514,96.93649490236957,95.45272363641514,96.93649490236957,95.45272363641514,0.003985036405936186,275.3338363170624,23:17:15
311,0.6705236351161333,0.5697040271562622,0.2520490168282548,0.20901135627925396,84.08504441612298,74.05047887926375,89.78018165028979,80.52377876681908,97.06531272020187,95.82035199292476,92.47172007373962,89.80365096878484,89.78018165028979,80.52377876681908,91.0826808172822,83.92088719611762,97.06531272020187,95.82035199292476,97.06531272020187,95.82035199292476,97.06531272020187,95.82035199292476,0.0039644339731032315,273.58569526672363,23:21:49
312,0.6692303376223468,0.5648193924957742,0.2610273602184988,0.19989205537736415,84.3193423179271,76.08291695742302,89.97087127082747,84.07375651012167,97.00568182576771,95.8397352444221,92.50508087301273,88.08574874664792,89.97087127082747,84.07375651012167,91.19576683100617,85.55917510475143,97.00568182576771,95.8397352444221,97.00568182576771,95.8397352444221,97.00568182576771,95.8397352444221,0.0039438196369955955,269.508816242218,23:26:19
313,0.6768361428337925,0.572769452730681,0.26016672242184813,0.19561754696071149,83.94179927477677,75.73417291245218,89.66261501968796,82.39240259441688,97.07595409142795,95.86774122282719,92.3583011939211,89.19704131157431,89.66261501968796,82.39240259441688,90.96428955128039,85.36578231431277,97.07595409142795,95.86774122282719,97.07595409142795,95.86774122282719,97.07595409142795,95.86774122282719,0.003923193321523593,273.4693579673767,23:30:52
314,0.6714924897775605,0.569126830577209,0.2559141456008599,0.20484521514177323,84.044089165519,75.6316698243124,89.77440419303443,82.7936990034816,97.05695767249892,95.87925102347637,92.36762013999247,89.17545094327694,89.77440419303443,82.7936990034816,91.02037712907574,85.32458351432153,97.05695767249892,95.87925102347637,97.05695767249892,95.87925102347637,97.05695767249892,95.87925102347637,0.0039025549496635196,273.4430661201477,23:35:25
315,0.6722113882725721,0.5696463497517168,0.25641259725913956,0.20132210996747016,84.39648642443123,74.51710707858933,90.07126349555428,83.06694761170316,97.08296273844559,95.73457433310267,92.51521247564206,87.57193681254826,90.07126349555428,83.06694761170316,91.25642708132862,84.54639150594353,97.08296273844559,95.73457433310267,97.08296273844559,95.73457433310267,97.08296273844559,95.73457433310267,0.0038819044434406647,270.7684841156006,23:39:56
316,0.6757095145874562,0.5731110580731497,0.25649613836465784,0.19261073492467404,83.84849095105045,75.85564174667347,89.66602306728693,82.71595111077956,97.06352917108656,95.81595851553217,92.27966277077695,89.28885777621377,89.66602306728693,82.71595111077956,90.9291903267141,85.32138169305577,97.06352917108656,95.81595851553217,97.06352917108656,95.81595851553217,97.06352917108656,95.81595851553217,0.0038612417239118524,267.8024230003357,23:44:24
317,0.6664480955891747,0.5625481810859169,0.2597497826556111,0.20328148178756236,83.71884571069931,76.07877900620285,89.45574137742148,83.20926803226453,97.07969857821428,95.74168945681967,92.36364330981237,88.85123261400886,89.45574137742148,83.20926803226453,90.8529363645459,85.45860216048015,97.07969857821428,95.74168945681967,97.07969857821428,95.74168945681967,97.07969857821428,95.74168945681967,0.0038406501029271357,268.3899896144867,23:48:52
318,0.681396588753275,0.577984552026276,0.2585300887310433,0.20542922611534595,83.49415793536086,73.62847657514942,89.18633435969522,81.41877653148798,96.96849442360737,95.61325725898206,92.37254435319741,87.99767620089541,89.18633435969522,81.41877653148798,90.71327047244378,83.8658299473571,96.96849442360737,95.61325725898206,96.96849442360737,95.61325725898206,96.96849442360737,95.61325725898206,0.0038199627660530293,267.9708933830261,23:53:20
319,0.6698858994582233,0.5671689841437837,0.2567922852397286,0.19118060901761055,83.8484637006496,74.88516798616628,89.55091161903856,81.43542413148508,97.08160690885379,95.99905307907048,92.38513017307686,89.6725107814278,89.55091161903856,81.43542413148508,90.91970863731164,84.78697300879277,97.08160690885379,95.99905307907048,97.08160690885379,95.99905307907048,97.08160690885379,95.99905307907048,0.0037992629733844346,269.29344964027405,23:57:50
320,0.6664878716585856,0.5648301391490931,0.25414432832757017,0.19727812811732293,84.8189358261613,76.42300463574881,90.30859441314227,83.12520811494942,97.15874250151518,96.02490075857129,92.79481599183853,89.46890220821254,90.30859441314227,83.12520811494942,91.50821976762373,85.87156856663138,97.15874250151518,96.02490075857129,97.15874250151518,96.02490075857129,97.15874250151518,96.02490075857129,0.0037785506419255165,270.6021497249603,"1 day, 0:02:20"
321,0.6684519260239906,0.5673444868637237,0.25276859573864585,0.2002291662544012,84.19041655985392,78.04546847693598,90.08253875381712,85.10347037178478,97.11246622381155,95.979102554387,92.28174025821517,89.24324006027925,90.08253875381712,85.10347037178478,91.15024549879203,86.98818392123665,97.11246622381155,95.979102554387,97.11246622381155,95.979102554387,97.11246622381155,95.979102554387,0.0037578256876182295,268.98446130752563,"1 day, 0:06:49"
322,0.6684015870555263,0.5668136545913526,0.25396983223768715,0.19545695762336254,83.70259709097836,76.566163007919,89.72194265904857,83.41504404051992,97.07371348611798,96.02095307371714,92.02368764357169,89.5795341087268,89.72194265904857,83.41504404051992,90.83682018969942,86.00106882879099,97.07371348611798,96.02095307371714,97.07371348611798,96.02095307371714,97.07371348611798,96.02095307371714,0.003737088025322161,268.248291015625,"1 day, 0:11:18"
323,0.6707719415426254,0.5683976247475784,0.2559357900686046,0.1973770678937435,84.54174617734293,75.96606106742743,90.15192019567179,83.5861626115341,97.1266763222678,95.97458487012032,92.56419822120617,88.49151432974729,90.15192019567179,83.5861626115341,91.3154712659885,85.48674248570319,97.1266763222678,95.97458487012032,97.1266763222678,95.97458487012032,97.1266763222678,95.97458487012032,0.003716337568793761,268.33239793777466,"1 day, 0:15:46"
324,0.6727838718959286,0.56932536614326,0.25864626090941045,0.20540876591205598,84.10297556853551,72.06326200710375,89.73402138646796,79.44399314562847,97.06187801557685,95.71720968866964,92.49970133098697,87.56111767209352,89.73402138646796,79.44399314562847,91.06641893508302,82.46522229724478,97.06187801557685,95.71720968866964,97.06187801557685,95.71720968866964,97.06187801557685,95.71720968866964,0.003695574230665173,268.45222425460815,"1 day, 0:20:14"
325,0.6716422062334633,0.5704845487169555,0.25289414176703623,0.19656581057608127,84.0577085539118,77.08981318370292,89.82529493857048,84.23927771851658,97.07077499042931,95.93579481252968,92.35125764689211,88.67050015580661,89.82529493857048,84.23927771851658,91.04545192178544,86.14981375337422,97.07077499042931,95.93579481252968,97.07077499042931,95.93579481252968,97.07077499042931,95.93579481252968,0.0036747979224224384,270.89894366264343,"1 day, 0:24:45"
326,0.6669951505964045,0.5657785849917553,0.25304141399158114,0.20279221437871456,84.51265144556804,74.88986911451288,90.12645660473049,82.8264754191536,97.13877665969336,95.89686528119718,92.6081894674077,87.8783603814382,90.12645660473049,82.8264754191536,91.32499886918116,84.78254374626691,97.13877665969336,95.89686528119718,97.13877665969336,95.89686528119718,97.13877665969336,95.89686528119718,0.003654008554383153,269.4412488937378,"1 day, 0:29:15"
327,0.664373990526597,0.564707754098415,0.2491655883998701,0.19998721525073052,83.87103852526988,71.68302659688017,89.57036072377899,81.25319283705367,97.08384639689078,95.64804259906258,92.37544832770983,85.22159626134375,89.57036072377899,81.25319283705367,90.91524757343595,82.15229562862191,97.08384639689078,95.64804259906258,97.08384639689078,95.64804259906258,97.08384639689078,95.64804259906258,0.0036332060356735704,268.4786641597748,"1 day, 0:33:43"
328,0.6628518629851723,0.5653269287316528,0.24381233393274143,0.201890823289752,85.08865754389305,74.77507261814078,90.61018876944749,81.5854614557684,97.17350455754178,95.78473515379689,92.77254932048204,89.144878896007,90.61018876944749,81.5854614557684,91.66023089163244,84.55467267452575,97.17350455754178,95.78473515379689,97.17350455754178,95.78473515379689,97.17350455754178,95.78473515379689,0.003612390274205087,275.51945066452026,"1 day, 0:38:19"
329,0.6681899286170253,0.5672603622930676,0.2523239122549599,0.2062790137529373,84.70207603436958,75.13369449705343,90.28320994016343,82.7136231445283,97.13106200026101,95.8094344376954,92.68678990896856,88.22995734057925,90.28320994016343,82.7136231445283,91.44288957169836,84.8079036057776,97.13106200026101,95.8094344376954,97.13106200026101,95.8094344376954,97.13106200026101,95.8094344376954,0.0035916451918514987,276.12642884254456,"1 day, 0:42:55"
330,0.667835617394117,0.5667543565577601,0.25270314996143917,0.19174509692192077,84.64009306688783,77.24534563400233,90.08808888115611,85.00845358918735,97.12612452041675,96.03407734563136,92.7979785144104,88.61314500127419,90.08808888115611,85.00845358918735,91.38914895168494,86.5093186884517,97.12612452041675,96.03407734563136,97.12612452041675,96.03407734563136,97.12612452041675,96.03407734563136,0.003570802717966292,273.34009408950806,"1 day, 0:47:28"
331,0.6703402834124588,0.5699227529339287,0.2510438221829324,0.1951702539175749,84.18249506767323,75.49823426055379,89.917402869804,82.46291970577703,97.11649163391895,95.98873791082309,92.35634288864091,89.25785690954739,89.917402869804,82.46291970577703,91.08757455077922,85.24834471870116,97.11649163391895,95.98873791082309,97.11649163391895,95.98873791082309,97.11649163391895,95.98873791082309,0.003549946717911958,271.0175447463989,"1 day, 0:51:59"
332,0.6684981972860985,0.5725272638371268,0.2399273308491298,0.19786437259614467,84.57635911053558,74.72114245104251,90.3736988111587,82.2641703869746,97.21002637845292,95.72755320967144,92.4383045154233,88.09800448642197,90.3736988111587,82.2641703869746,91.37465584073172,84.42566064965142,97.21002637845292,95.72755320967144,97.21002637845292,95.72755320967144,97.21002637845292,95.72755320967144,0.0035290770944980477,269.7773196697235,"1 day, 0:56:29"
333,0.6650561456641817,0.5645774002133718,0.25119686058566487,0.20174278235435486,84.27940164961481,73.23099386239944,89.93801139044012,80.44528000350294,97.13894180992328,95.74573681251044,92.44673176295684,88.70263683238396,89.93801139044012,80.44528000350294,91.15051124402122,83.53481042644513,97.13894180992328,95.74573681251044,97.13894180992328,95.74573681251044,97.13894180992328,95.74573681251044,0.003508193749192118,272.68380212783813,"1 day, 1:01:02"
334,0.6584911147018527,0.5613513239675026,0.24284947430558387,0.20877387580275536,84.81257745439427,75.30750453888724,90.54343159113157,81.36275528796344,97.22565679170336,95.70208142226454,92.5482925924337,89.96423242190706,90.54343159113157,81.36275528796344,91.51727448146193,85.07355086064408,97.22565679170336,95.70208142226454,97.22565679170336,95.70208142226454,97.22565679170336,95.70208142226454,0.003487296582092201,272.4953181743622,"1 day, 1:05:34"
335,0.6663852021168284,0.5644052971126894,0.25494976206942543,0.20918430829048157,84.04683835553185,73.53486426249489,89.75449362364776,79.88573535535761,97.11401109846875,95.65046381523939,92.46489234377499,89.24783463745418,89.75449362364776,79.88573535535761,91.06057827399611,83.5823091980895,97.11401109846875,95.65046381523939,97.11401109846875,95.65046381523939,97.11401109846875,95.65046381523939,0.003466385491898529,269.89859414100647,"1 day, 1:10:04"
336,0.6616301619333153,0.5572847022694394,0.2608636457174916,0.19646050891280173,84.57525664298447,75.54466370029688,90.09450774042142,82.51355961973479,97.07032241738848,95.92377869711632,92.77005366044362,89.25391099230175,90.09450774042142,82.51355961973479,91.38293831189151,85.31954152315743,97.07032241738848,95.92377869711632,97.07032241738848,95.92377869711632,97.07032241738848,95.92377869711632,0.0034454603758844586,275.5153603553772,"1 day, 1:14:39"
337,0.6706263055397347,0.5708950433201171,0.24932815246258955,0.2036366472840309,85.16519581075057,73.33191112447216,90.597552883048,81.80434882204288,97.2204199621813,95.86040331189004,92.91957281707587,86.96286733948175,90.597552883048,81.80434882204288,91.72233986554038,83.4139744264207,97.2204199621813,95.86040331189004,97.2204199621813,95.86040331189004,97.2204199621813,95.86040331189004,0.0034245211298666108,273.49405312538147,"1 day, 1:19:13"
338,0.6612887444136202,0.5625109134220644,0.24694457813776735,0.20366467195749283,84.28470124031622,74.62809025136626,89.87208513660893,81.73279150566623,97.18956950389091,95.9067572300606,92.58625358932726,88.70745130181999,89.87208513660893,81.73279150566623,91.17775655428122,84.63590659173441,97.18956950389091,95.9067572300606,97.18956950389091,95.9067572300606,97.18956950389091,95.9067572300606,0.0034035676481741347,270.099769115448,"1 day, 1:23:43"
339,0.6633092821365888,0.5627567659569973,0.251381288314515,0.20344685147702693,85.17253583526785,75.0729010821976,90.64892622370678,81.95630198825022,97.19481812816278,95.9400730250707,92.86405220353545,89.04292377794522,90.64892622370678,81.95630198825022,91.72160113374098,84.66766277696456,97.19481812816278,95.9400730250707,97.19481812816278,95.9400730250707,97.19481812816278,95.9400730250707,0.0033826844002420742,273.9588510990143,"1 day, 1:28:17"
340,0.6618403426115355,0.5630596309659781,0.24695177720490125,0.19109175159037114,85.24875056500598,75.46299307531295,90.80175818246079,82.46502410500706,97.23458671144351,96.00372146913169,92.80833668849526,89.3154549715413,90.80175818246079,82.46502410500706,91.77539266616937,85.04563954574031,97.23458671144351,96.00372146913169,97.23458671144351,96.00372146913169,97.23458671144351,96.00372146913169,0.0033617021825724275,269.97666788101196,"1 day, 1:32:47"
341,0.6576167995407025,0.5581976734677977,0.24854781307786122,0.20489236572384834,84.6015369909367,74.73829899029272,90.43490501631149,82.13785322613971,97.15921825273507,95.66573515400518,92.46231646916874,88.63770778202502,90.43490501631149,82.13785322613971,91.4116255350057,84.75650173136175,97.15921825273507,95.66573515400518,97.15921825273507,95.66573515400518,97.15921825273507,95.66573515400518,0.0033407054034189456,272.12836480140686,"1 day, 1:37:19"
342,0.6613884753201259,0.5591425314575694,0.25561485740668677,0.20507866007089615,84.72902782142138,74.28725185833139,90.30000439781789,81.2731413775813,97.14806225885094,95.74476202300431,92.70710177721352,88.77249899962514,90.30000439781789,81.2731413775813,91.4663286414322,84.26508347606836,97.14806225885094,95.74476202300431,97.14806225885094,95.74476202300431,97.14806225885094,95.74476202300431,0.003319693950842897,269.76171875,"1 day, 1:41:49"
343,0.6572918716239384,0.5575855456207451,0.24926581342467222,0.2011236733198166,85.05299021111543,76.98616939433234,90.42512727380341,83.72701465911871,97.23942621807676,96.0227632880366,92.93628509033282,89.48171417172253,90.42512727380341,83.72701465911871,91.62945789581137,86.12665219929839,97.23942621807676,96.0227632880366,97.23942621807676,96.0227632880366,97.23942621807676,96.0227632880366,0.003298667711251187,271.33481884002686,"1 day, 1:46:20"
344,0.6646900330623204,0.560935397104441,0.25938658809593723,0.19644673866033555,84.62897534784014,74.34099222064827,90.09934515056726,82.52337602729537,97.08831989279048,95.95958419111003,92.81106045352197,87.81290548518874,90.09934515056726,82.52337602729537,91.40745971895008,84.33126246505537,97.08831989279048,95.95958419111003,97.08831989279048,95.95958419111003,97.08831989279048,95.95958419111003,0.0032776265693600032,269.39012384414673,"1 day, 1:50:50"
345,0.6664628392109233,0.5664975215864406,0.24991329233259182,0.2056758032888174,84.92164691276584,73.86775248716437,90.59130969666883,81.10077108467826,97.20752216468746,95.7548503692165,92.62859633811435,88.54281553420496,90.59130969666883,81.10077108467826,91.57936279922507,84.01918223275382,97.20752216468746,95.7548503692165,97.20752216468746,95.7548503692165,97.20752216468746,95.7548503692165,0.003256570408157405,270.07112312316895,"1 day, 1:55:20"
346,0.6587265052487566,0.5611700933694679,0.2438910282301518,0.18681672058999538,84.84553738251425,76.29284084246335,90.59389316641048,82.82077328413673,97.27797620302715,96.12656533907682,92.5389255486283,90.10380307050836,90.59389316641048,82.82077328413673,91.53930079163445,85.84122379810431,97.27797620302715,96.12656533907682,97.27797620302715,96.12656533907682,97.27797620302715,96.12656533907682,0.0032354991088648175,268.8266513347626,"1 day, 1:59:49"
347,0.6662569261972104,0.5650694396023631,0.2529687133255066,0.19577473616600036,84.71099657672005,77.08973632596944,90.34044991002975,85.70834872869148,97.15531014558582,96.10783452807787,92.64453842638062,87.60905576995958,90.34044991002975,85.70834872869148,91.45656279047778,86.42652881770788,97.15531014558582,96.10783452807787,97.15531014558582,96.10783452807787,97.15531014558582,96.10783452807787,0.003214412550897359,268.15040016174316,"1 day, 2:04:17"
348,0.6593179204917707,0.5617944405996006,0.24380869776130765,0.1938294114023447,84.65542468629366,75.52506360066184,90.23905261662134,84.10188619551691,97.22057738113631,95.8236792977028,92.67246166000618,87.44467830450485,90.23905261662134,84.10188619551691,91.4152401547787,85.21956529462615,97.22057738113631,95.8236792977028,97.22057738113631,95.8236792977028,97.22057738113631,95.8236792977028,0.00319331061182301,267.3306050300598,"1 day, 2:08:44"
349,0.6587487181201427,0.5595191182630048,0.24807399605033217,0.2088990722000599,84.76346224281819,74.8127879303894,90.25100845576748,81.73834805176308,97.24266470389848,95.9213773278676,92.80091822672641,88.76621522016978,90.25100845576748,81.73834805176308,91.48326840846117,84.71870306283252,97.24266470389848,95.9213773278676,97.24266470389848,95.9213773278676,97.24266470389848,95.9213773278676,0.003172278349609329,271.9959411621094,"1 day, 2:13:16"
350,0.6578435010872355,0.5590775129313267,0.24691496913214217,0.21093981145322324,85.27243181496364,73.43279394506422,90.82444445232903,80.85167989955937,97.24732084317786,95.62037521797447,92.78733315996712,88.68963016166997,90.82444445232903,80.85167989955937,91.78044110134941,83.74121007978461,97.24732084317786,95.62037521797447,97.24732084317786,95.62037521797447,97.24732084317786,95.62037521797447,0.0031511453367119983,273.7369372844696,"1 day, 2:17:50"
351,0.6609957460476876,0.5603720034800205,0.251559353232504,0.18546842336654662,85.59904653239023,76.06669269423882,90.89753115085057,82.91756101090132,97.24344239310506,96.07061379544334,93.15532665910148,89.68045372481039,90.89753115085057,82.91756101090132,91.99409994759871,85.50499623306885,97.24344239310506,96.07061379544334,97.24344239310506,96.07061379544334,97.24344239310506,96.07061379544334,0.003129996564422726,267.198379278183,"1 day, 2:22:17"
352,0.6610525070057672,0.5653356505907375,0.23929214015573003,0.19286387321352957,85.22448986884153,74.873226335026,90.7150218523577,82.64610116495919,97.2979936304992,95.92418686773064,92.8408591911407,87.96667347783558,90.7150218523577,82.64610116495919,91.74384687356243,84.86180091898066,97.2979936304992,95.92418686773064,97.2979936304992,95.92418686773064,97.2979936304992,95.92418686773064,0.0031088319024953808,266.6883683204651,"1 day, 2:26:44"
353,0.6577642390450616,0.558265179556011,0.2487476462123774,0.18867705433070658,85.0837197234243,76.70666900509006,90.6729987793853,84.98999390227627,97.24995090316632,96.19630024711529,92.74152506679414,88.11936482057278,90.6729987793853,84.98999390227627,91.67770641772486,86.01624426783884,97.24995090316632,96.19630024711529,97.24995090316632,96.19630024711529,97.24995090316632,96.19630024711529,0.0030876512186132237,270.3347201347351,"1 day, 2:31:14"
354,0.6558799305035111,0.5557778651331925,0.2502551616120034,0.1924711786210537,84.78044907508077,76.15885878497949,90.28712653354536,83.19041215395853,97.22029291834204,95.91599859225958,92.74636692799035,89.32063862118612,90.28712653354536,83.19041215395853,91.47193292263891,85.62554663212796,97.22029291834204,95.91599859225958,97.22029291834204,95.91599859225958,97.22029291834204,95.91599859225958,0.0030664543783399676,267.60352516174316,"1 day, 2:35:42"
355,0.6567138774369335,0.5574227386099746,0.2482278459951552,0.1959146880507469,85.6418841647613,75.35207837027453,90.95748482427828,81.95866644898912,97.31779058002353,95.9589748249885,93.09639139819417,89.68029810901558,90.95748482427828,81.95866644898912,91.99510242410757,85.11839659136596,97.31779058002353,95.9589748249885,97.31779058002353,95.9589748249885,97.31779058002353,95.95897482498852,0.003045241245069242,269.2247574329376,"1 day, 2:40:11"
356,0.6556340334454718,0.5579884043257751,0.24411407132365595,0.2001822903007269,85.45621693157081,75.45380779460393,90.88898166132164,81.5937157947701,97.2964691900453,95.92000614504514,92.91011697079601,90.24841168898139,90.88898166132164,81.5937157947701,91.87037434782856,85.1878688189485,97.2964691900453,95.92000614504514,97.2964691900453,95.92000614504514,97.2964691900453,95.92000614504514,0.003024011679972504,266.24046182632446,"1 day, 2:44:37"
357,0.6555613695913781,0.557787125693445,0.24443560602204786,0.19252063919603823,84.86031862638225,77.23007584798098,90.56551764303853,84.02779440186106,97.31400703549626,96.11587482398079,92.61556690668435,89.6400589722273,90.56551764303853,84.02779440186106,91.55819956391609,86.33695844737484,97.31400703549626,96.11587482398079,97.31400703549626,96.11587482398079,97.31400703549626,96.11587482398079,0.003002765541945245,270.3474898338318,"1 day, 2:49:07"
358,0.660192734977104,0.559525254064145,0.2516687004159943,0.19724817235767841,85.25044339202731,76.25391679099327,90.7436268735643,83.4943874355275,97.20843263041121,96.04313855879083,92.85238789402925,89.05018673874363,90.7436268735643,83.4943874355275,91.76261184835698,85.79385794477031,97.20843263041121,96.04313855879083,97.20843263041121,96.04313855879083,97.20843263041121,96.04313855879083,0.002981588458628056,270.1116614341736,"1 day, 2:53:38"
359,0.6558630971517351,0.5564182684597107,0.24861206968328098,0.19746027818322182,84.91842778670039,75.1369112123017,90.55475002807923,82.04753235639215,97.2386027079766,95.90610544385653,92.70929912448734,89.47542857615439,90.55475002807923,82.04753235639215,91.59660627574212,85.06900170803871,97.2386027079766,95.90610544385653,97.2386027079766,95.90610544385653,97.2386027079766,95.90610544385653,0.0029603088103318078,267.93070220947266,"1 day, 2:58:05"
360,0.660841232209536,0.558811850660426,0.25507345272286996,0.20192493231594563,85.00922085582245,73.95320773335284,90.63884287355086,81.2017011876496,97.20269785985676,95.83054993343761,92.70461168627115,88.74827395049121,90.63884287355086,81.2017011876496,91.6393180585936,83.60929326161548,97.20269785985676,95.83054993343761,97.20269785985676,95.83054993343761,97.20269785985676,95.83054993343761,0.002939012152174403,268.75574374198914,"1 day, 3:02:34"
361,0.6577145542946933,0.556550806582415,0.252909367552081,0.18992287740111352,84.94560133037584,73.8551581012618,90.36055000834044,81.35333383793446,97.19626774849988,95.93903575045584,92.93511731837958,88.39723219654131,90.36055000834044,81.35333383793446,91.60357848168587,83.63156083277265,97.19626774849988,95.93903575045584,97.19626774849988,95.93903575045584,97.19626774849988,95.93903575045584,0.002917698333384173,268.9913022518158,"1 day, 3:07:03"
362,0.6547685955884718,0.5546661192086534,0.2502561881987938,0.20740395732223987,85.18713791441327,72.36439682224183,90.63134456267866,79.57453412826413,97.22026971281792,95.70432848709989,92.95400454408103,88.66971406481605,90.63134456267866,79.57453412826413,91.74681831805488,82.32654132413909,97.22026971281792,95.70432848709989,97.22026971281792,95.70432848709989,97.22026971281792,95.70432848709989,0.0028963672006173894,268.3214728832245,"1 day, 3:11:32"
363,0.6503722074453512,0.5555690233448487,0.23700795751303014,0.20492633624374867,85.81277727770387,75.41601045898666,91.09414619458258,82.45619427676573,97.37437857848882,95.87621804209883,93.15794675360853,89.16154692371255,91.09414619458258,82.45619427676573,92.0977506793508,85.00149450410636,97.37437857848882,95.87621804209883,97.37437857848882,95.87621804209883,97.37437857848882,95.87621804209883,0.0028750185978929444,268.1107668876648,"1 day, 3:16:00"
364,0.6525106827785444,0.5543606143993424,0.24537516987576288,0.20492148756980896,85.7855047976499,76.16706976688327,91.13417096834698,82.328401592561,97.29266561973785,95.90951475352423,93.12977576526974,89.95731481156788,91.13417096834698,82.328401592561,92.10513161028983,85.60238379389095,97.29266561973785,95.90951475352423,97.29266561973785,95.90951475352423,97.29266561973785,95.90951475352423,0.002853652366524826,267.68448066711426,"1 day, 3:20:27"
365,0.6477050816323345,0.5502833297930874,0.24355437585529097,0.18400352090597152,86.11629855446319,77.71943300882486,91.29741065211564,84.71746917551206,97.34723432679115,96.16671720127117,93.3330155074762,89.58874829467126,91.29741065211564,84.71746917551206,92.28534392298869,86.85329904781621,97.34723432679115,96.16671720127117,97.34723432679115,96.16671720127117,97.34723432679115,96.16671720127117,0.0028322683450523207,270.57500982284546,"1 day, 3:24:58"
366,0.6481277709970878,0.5553514904417123,0.23194069931911154,0.1992190885692835,86.16499090869561,76.73209294316358,91.40326672441621,83.35441202845075,97.45006492892769,95.95596463486355,93.26169828726826,89.77448348878194,91.40326672441621,83.35441202845075,92.3066528074689,86.15033041326762,97.45006492892769,95.95596463486355,97.45006492892769,95.95596463486355,97.45006492892769,95.95596463486355,0.0028108663691677658,270.49448013305664,"1 day, 3:29:28"
367,0.6518045916762542,0.5536944338276472,0.24527539268747303,0.19707966220378875,85.78857232625221,75.87890819708595,90.99331069606545,83.28164362083722,97.34205253414949,95.99295320205916,93.23530303083602,88.7577280938908,90.99331069606545,83.28164362083722,92.07425720228414,85.46601372177994,97.34205253414949,95.99295320205916,97.34205253414949,95.99295320205916,97.34205253414949,95.99295320205916,0.0027894462716418563,269.2211699485779,"1 day, 3:33:58"
368,0.6584515464871059,0.5613859673635063,0.24266394587996507,0.188862083658576,85.56227275571383,76.20119541157065,90.98631333240547,83.52343338633436,97.32340646386373,96.02652133658344,92.96625629093397,88.80061099230294,90.98631333240547,83.52343338633436,91.95045712498352,85.67457010268846,97.32340646386373,96.02652133658344,97.32340646386373,96.02652133658344,97.32340646386373,96.02652133658344,0.0027680943643253334,268.2045147418976,"1 day, 3:38:26"
369,0.6461429326283347,0.54895786191484,0.24296267736495222,0.21167880068719386,86.4539162845147,75.67351378470111,91.62910134086101,83.25122604573112,97.39118868422979,95.76579158809086,93.39042975977017,88.50481162739901,91.62910134086101,83.25122604573112,92.48776201873102,85.17006452401829,97.39118868422979,95.76579158809086,97.39118868422979,95.76579158809086,97.39118868422979,95.76579158809086,0.002746637584561178,272.611469745636,"1 day, 3:42:58"
370,0.6477089264225302,0.550625457077036,0.2427086683231949,0.20632234559953214,86.32627543526382,75.54470564270534,91.49357013725626,82.75849591691615,97.38719422901092,95.85916473271892,93.38639476540645,88.69436525242118,91.49357013725626,82.75849591691615,92.41579619724547,85.21563083829585,97.38719422901092,95.85916473271892,97.38719422901092,95.85916473271892,97.38719422901092,95.85916473271892,0.002725162163868499,269.1977393627167,"1 day, 3:47:28"
371,0.6508803272115038,0.5518549980436626,0.24756332039181705,0.20158538118004798,85.99585173323193,75.60204380707752,91.14662185191186,81.25154016827872,97.35206430831967,95.96230300215899,93.38471067346987,90.72198746379784,91.14662185191186,81.25154016827872,92.23109817937274,85.22978367491554,97.35206430831967,95.96230300215899,97.35206430831967,95.96230300215899,97.35206430831967,95.96230300215899,0.0027036679225431915,268.1828260421753,"1 day, 3:51:56"
372,0.6431575341158933,0.5473574997497711,0.23950008430944728,0.1960904805958271,86.36020095508317,77.7479472466422,91.54922577072243,84.76845605396039,97.39139203206399,96.09516488167557,93.38345828959046,89.68620572970953,91.54922577072243,84.76845605396039,92.44385872189005,86.89097725414922,97.39139203206399,96.09516488167557,97.39139203206399,96.09516488167557,97.39139203206399,96.09516488167557,0.00268215467754456,267.59000515937805,"1 day, 3:56:23"
373,0.6516527382014338,0.554413275674196,0.24309865332182895,0.20634086233377458,86.05168651197059,75.89282090084498,91.34958504842866,82.36854091557008,97.39840148966333,95.89921539738988,93.19414969762117,89.7413638360334,91.34958504842866,82.36854091557008,92.24912135789339,85.42872602119701,97.39840148966333,95.89921539738988,97.39840148966333,95.89921539738988,97.39840148966333,95.89921539738988,0.002660622242403051,268.1628260612488,"1 day, 4:00:52"
374,0.6506321326990455,0.5533650834727143,0.2431676224996439,0.2003822776377201,85.75918814156657,75.16523410138012,91.18760542953052,82.88287855451149,97.35464505374296,95.93825245109099,93.01453181736937,88.36540630459318,91.18760542953052,82.88287855451149,92.07757944593786,84.84413837653136,97.35464505374296,95.93825245109099,97.35464505374296,95.93825245109099,97.35464505374296,95.93825245109099,0.0026390704271245587,267.9672362804413,"1 day, 4:05:20"
375,0.6496660930643806,0.5544586548307395,0.2380185913477436,0.2034772090613842,86.02682549111434,74.22076499541997,91.32929230164433,80.7047768181997,97.39407801000209,95.82258084656786,93.19931572286228,89.84530465906374,91.32929230164433,80.7047768181997,92.23364922931346,84.27434266889419,97.39407801000209,95.82258084656786,97.39407801000209,95.82258084656786,97.39407801000209,95.82258084656786,0.0026174990380912304,266.1318850517273,"1 day, 4:09:46"
376,0.6497438577553051,0.5536044973331405,0.24034840064455218,0.19729590612649917,86.3335197834057,76.66096110932564,91.63635051542984,84.48397871503785,97.41227870680764,96.0909336692774,93.24710113919706,88.17250223363705,91.63635051542984,84.48397871503785,92.4218819505079,86.09145643369617,97.41227870680764,96.0909336692774,97.41227870680764,96.0909336692774,97.41227870680764,96.0909336692774,0.0025959078779584518,267.8691289424896,"1 day, 4:14:14"
377,0.6538994343752178,0.5571515481185015,0.24186971265554588,0.20173281541466712,85.91064652650779,74.33368141316686,91.08013155616594,80.32047614589942,97.39015468971367,95.90058996073306,93.32473600299052,90.28891188838628,91.08013155616594,80.32047614589942,92.16657650623068,84.16163618459048,97.39015468971367,95.90058996073306,97.39015468971367,95.90058996073306,97.39015468971367,95.90058996073306,0.002574383927587962,272.3204448223114,"1 day, 4:18:46"
378,0.6487044803672937,0.5522024098786237,0.24125517438282965,0.20285555243492126,85.80566693522324,76.30916035959041,90.9569499252207,84.05308901358904,97.39086841174216,95.97923930190245,93.3341200529593,88.55515929578637,90.9569499252207,84.05308901358904,92.10682582305995,85.82272904128617,97.39086841174216,95.97923930190245,97.39086841174216,95.97923930190245,97.39086841174216,95.97923930190245,0.0025527526995548296,266.30205512046814,"1 day, 4:23:12"
379,0.6466033843915255,0.5495291021279866,0.24268570030264672,0.2048969219326973,86.16422554062014,75.60536516245206,91.44174983149847,83.45061092283098,97.36156380006784,95.8265554665387,93.26162229476394,88.05489361813214,91.44174983149847,83.45061092283098,92.32747171841984,85.36616244566079,97.36156380006784,95.8265554665387,97.36156380006784,95.8265554665387,97.36156380006784,95.8265554665387,0.0025311010857904243,267.062034368515,"1 day, 4:27:39"
380,0.6432748346137936,0.5470808862377191,0.24048487000322694,0.20168624407052993,85.86416640906978,76.71591965522686,91.21794063790493,84.29566998591746,97.42857025536611,95.94004685329742,93.11848935253234,88.84828545788368,91.21794063790493,84.29566998591746,92.13958702095245,86.17920828508876,97.42857025536611,95.94004685329742,97.42857025536611,95.94004685329742,97.42857025536611,95.94004685329742,0.0025094288729496867,266.97680854797363,"1 day, 4:32:06"
381,0.6495874302553185,0.5541750833382122,0.23853086527354297,0.19557456517219543,85.84457505791858,74.63380617945953,91.10901084278868,81.51383919732632,97.3835004368869,95.88747484893949,93.1862294491686,89.36352278104496,91.10901084278868,81.51383919732632,92.11113439299027,84.47737561112595,97.3835004368869,95.88747484893949,97.3835004368869,95.88747484893949,97.3835004368869,95.88747484893949,0.002487735843384024,268.2791574001312,"1 day, 4:36:34"
382,0.6449051043713903,0.5484129776169809,0.2412303139448727,0.1994621267169714,86.50807683760019,76.693053909363,91.65133070937856,83.58613668001948,97.44433958792712,96.23061013331433,93.41683333761782,89.42102145880541,91.65133070937856,83.58613668001948,92.51316332824491,86.1731967031079,97.44433958792712,96.23061013331433,97.44433958792712,96.23061013331433,97.44433958792712,96.23061013331433,0.0024660217750119362,267.76185035705566,"1 day, 4:41:02"
383,0.6474821089535812,0.550190964208887,0.24322786053395865,0.19893188060820102,85.95942880124777,75.51908005096304,91.15088202981254,82.70165804476693,97.37668785375936,96.1254206511424,93.37236023796616,89.1115715169415,91.15088202981254,82.70165804476693,92.22579357836089,85.18714673008706,97.37668785375936,96.1254206511424,97.37668785375936,96.1254206511424,97.37668785375936,96.1254206511424,0.002444286441184438,268.68033504486084,"1 day, 4:45:31"
384,0.6507542923183031,0.5517671972352863,0.24746773440563688,0.2004015806466341,86.2480713688068,72.77677653811661,91.47481809810222,80.27087508784265,97.37538050041121,95.81804124344106,93.32394123030716,88.23506374044584,91.47481809810222,80.27087508784265,92.3758336667829,82.91117906988957,97.37538050041121,95.81804124344106,97.37538050041121,95.81804124344106,97.37538050041121,95.81804124344106,0.002422529610544989,265.8785858154297,"1 day, 4:49:57"
385,0.6432095388277473,0.5464783366606711,0.24182800296255624,0.1990464137196541,86.22504795809942,75.43980854619173,91.46759939870056,83.21609129519189,97.43955436913284,96.02294703569494,93.32310196059407,88.34412458323466,91.46759939870056,83.21609129519189,92.36768878708469,85.12444609540296,97.43955436913284,96.02294703569494,97.43955436913284,96.02294703569494,97.43955436913284,96.02294703569494,0.0024007510468837335,266.6745171546936,"1 day, 4:54:23"
386,0.6435314594456711,0.5483854199285546,0.23786509710927095,0.19477916440367699,86.34624252039445,76.87796276894323,91.65059476215971,83.49069412272154,97.41036946017519,96.10082191047296,93.27893256262595,89.97473863662997,91.65059476215971,83.49069412272154,92.4458036569483,86.20378736928288,97.41036946017519,96.10082191047296,97.41036946017519,96.10082191047296,97.41036946017519,96.10082191047296,0.0023790384588320765,269.08852195739746,"1 day, 4:58:53"
387,0.6457381836704223,0.5484087611094528,0.24332355335354805,0.20249463775753976,86.28660709052207,75.53863517095007,91.46227548595508,82.39897904815405,97.40820210130875,95.94604749566832,93.39693229325171,89.50252963379765,91.46227548595508,82.39897904815405,92.4035989269527,85.21428102671365,97.40820210130875,95.94604749566832,97.40820210130875,95.94604749566832,97.40820210130875,95.94604749566831,0.002357215790419996,268.54879784584045,"1 day, 5:03:21"
388,0.6456757844516553,0.5480104926535164,0.24416322781433175,0.20013769298791886,86.15576421293997,75.21005923934753,91.35517237623584,82.26006042066946,97.45037462627153,95.99293215559148,93.35815672462185,88.91213280883676,91.35517237623584,82.26006042066946,92.32621007337177,84.91318857359005,97.45037462627153,95.99293215559148,97.45037462627153,95.99293215559148,97.45037462627153,95.99293215559146,0.0023353706507123085,267.5054123401642,"1 day, 5:07:49"
389,0.6482032995618424,0.5526829564639523,0.23880085389667818,0.19820119436085223,86.69736479638622,78.71380175922559,91.86460090433633,85.78659076349695,97.47553897981642,96.10846254158785,93.44800588091094,89.57760517930602,91.86460090433633,85.78659076349695,92.63972501961935,87.48194108452012,97.47553897981642,96.10846254158785,97.47553897981642,96.10846254158785,97.47553897981642,96.10846254158785,0.00231350278252515,266.9940731525421,"1 day, 5:12:16"
390,0.646584626655492,0.5552124685502005,0.2284303918836617,0.195173309892416,85.83414000401636,75.28120893116908,91.12586274816206,83.1088419262568,97.42153748423688,95.98776541134713,93.20725462715525,88.72869124483898,91.12586274816206,83.1088419262568,92.12707279332948,84.87207785888727,97.42153748423688,95.98776541134713,97.42153748423688,95.98776541134713,97.42153748423688,95.98776541134713,0.002291611922996139,266.8971643447876,"1 day, 5:16:42"
391,0.6439277270674786,0.55285631487974,0.22767852916161166,0.20586865536868573,86.6189884084118,77.04006708563497,91.7935155601602,83.61873985004445,97.53997925328747,96.10299187762614,93.42938027328097,90.02320174782383,91.7935155601602,83.61873985004445,92.59047708114817,86.24796641566314,97.53997925328747,96.10299187762614,97.53997925328747,96.10299187762614,97.53997925328747,96.10299187762614,0.0022696978033973003,266.1174077987671,"1 day, 5:21:09"
392,0.6397332943620182,0.5467698032533713,0.2324087264989556,0.19985354420542717,86.74024999794003,74.48454897059268,91.93862778627985,81.6608306902143,97.49017628648745,96.01734409522903,93.41189946436486,88.90925625825629,91.93862778627985,81.6608306902143,92.6570633457264,84.29707688430851,97.49017628648745,96.01734409522903,97.49017628648745,96.01734409522903,97.49017628648745,96.01734409522903,0.0022477601489397743,266.8976764678955,"1 day, 5:25:35"
393,0.6379654281337388,0.542959217315323,0.23751552432033946,0.20209880195558072,86.79049571782983,76.91457376768051,91.83718185264328,83.97147835894484,97.45226596910737,95.98054778151807,93.59104346323363,89.30874530951228,91.83718185264328,83.97147835894484,92.6923423849891,86.22408904389522,97.45226596910737,95.98054778151807,97.45226596910737,95.98054778151807,97.45226596910737,95.98054778151807,0.0022257986785698546,268.0951907634735,"1 day, 5:30:04"
394,0.6421682450020962,0.5471315592146593,0.23759171168276666,0.1974775669872761,86.7275513045413,77.62047887980907,91.8124059624943,84.80635168404979,97.46286878933013,95.99322015414675,93.55357168149293,89.38322882602475,91.8124059624943,84.80635168404979,92.6627541601912,86.58155914293957,97.46286878933013,95.99322015414675,97.46286878933013,95.99322015414675,97.46286878933014,95.99322015414675,0.0022039018050536248,267.8401770591736,"1 day, 5:34:31"
395,0.6387249407106065,0.5441639779615338,0.23640240480084906,0.1966661805510521,86.7916303501296,75.45607053326212,91.91173596139936,82.23681690823169,97.49241700069604,96.0300382776688,93.51999527423847,89.60615295283324,91.91173596139936,82.23681690823169,92.69752134771909,85.23110070572025,97.49241700069604,96.0300382776688,97.49241700069604,96.0300382776688,97.49241700069602,96.0300382776688,0.0021818919325405656,267.37646865844727,"1 day, 5:38:59"
396,0.6443698468750246,0.5441588383436042,0.2505275190187206,0.19752330227196216,86.85990464338123,75.43938584979031,91.96537154174202,82.22979889008691,97.38762862052992,96.04212963693037,93.54505821352434,89.5417942982251,91.96537154174202,82.22979889008691,92.73879954439349,85.07121799714709,97.38762862052992,96.04212963693037,97.38762862052992,96.04212963693037,97.38762862052992,96.04212963693037,0.002159857362412757,268.2445430755615,"1 day, 5:43:27"
397,0.6345912935794723,0.5375067057750653,0.2427114662141229,0.19652143409848213,86.83060573982502,78.09554960718592,91.90613628938621,85.21222418996614,97.50649656181668,96.10470940024852,93.59306119965505,89.27461008984334,91.90613628938621,85.21222418996614,92.73117510266144,86.99729868878727,97.50649656181668,96.10470940024852,97.50649656181668,96.10470940024852,97.50649656181668,96.10470940024852,0.0021377977863550443,267.61506843566895,"1 day, 5:47:55"
398,0.6418299491303674,0.5495499967827281,0.2306998804331868,0.1944825869947672,86.77690401918143,75.91567155703707,91.84315294451339,83.42468050975226,97.51940179311148,96.08853044619474,93.54520195944778,88.79082958546036,91.84315294451339,83.42468050975226,92.67227555157454,85.40168033298275,97.51940179311148,96.08853044619474,97.51940179311148,96.08853044619474,97.51940179311148,96.08853044619474,0.0021157128886199078,266.3569965362549,"1 day, 5:52:21"
399,0.6453240145431242,0.5538356877868418,0.22872081569821223,0.19817149968445302,87.01773950825806,76.46121582233239,92.08628835784168,83.31056247989795,97.55414294124427,96.10410090651945,93.61948472975863,89.62272993790388,92.08628835784168,83.31056247989795,92.83655616120964,85.96359565045539,97.55414294124427,96.10410090651945,97.55414294124427,96.10410090651945,97.55414294124427,96.10410090651946,0.00209360234575989,267.8954837322235,"1 day, 5:56:49"
400,0.632726010233264,0.5422954217110533,0.22607646787585473,0.19804602570831775,87.37318336808862,78.7688261893945,92.37368461372911,85.97613555073927,97.61912994292513,96.26305615305866,93.71866822408957,89.61479333094425,92.37368461372911,85.97613555073927,93.03309451439536,87.49444594936794,97.61912994292513,96.26305615305866,97.61912994292513,96.26305615305866,97.61912994292513,96.26305615305866,0.002071465826347153,271.3917031288147,"1 day, 6:01:20"
401,0.6321268184680464,0.5385164425288099,0.2340259363908614,0.20634059883654118,86.71791812381315,75.84992158810799,91.799999521681,83.0903014861282,97.51407474677758,96.02370907049401,93.5460054117937,89.11252474887434,91.799999521681,83.0903014861282,92.64965092495947,85.26905881639281,97.51407474677758,96.02370907049401,97.51407474677758,96.02370907049401,97.51407474677758,96.02370907049401,0.002049302990679351,267.11362504959106,"1 day, 6:05:47"
402,0.6413722490214148,0.5450941225728014,0.240695313821724,0.20846847866475582,86.66372745662834,76.06049748470248,91.82262117956323,83.71938655788547,97.4857414099557,96.07184037921836,93.48727503006782,88.48915261913571,91.82262117956323,83.71938655788547,92.63333649608964,85.57532683418864,97.4857414099557,96.07184037921836,97.4857414099557,96.07184037921836,97.4857414099557,96.07184037921836,0.002027113490471003,266.89316749572754,"1 day, 6:10:14"
403,0.6392696721688484,0.5498822542970904,0.22346854311111555,0.20012669603526592,86.66910104223619,74.44791381499451,91.82905555183952,83.39574345642087,97.56869393614491,95.97990864500443,93.46510063046057,87.04868052698419,91.82905555183952,83.39574345642087,92.62603666012315,84.43326979771713,97.56869393614491,95.97990864500443,97.56869393614491,95.97990864500443,97.56869393614491,95.97990864500443,0.0020048969685294428,269.5058853626251,"1 day, 6:14:44"
404,0.6381593298896014,0.5414356214533577,0.24180926765342167,0.19724444355070592,86.68028610234985,74.22004052138969,91.7073279063621,81.87651525409642,97.46258332215336,96.06498730038146,93.62253577959932,88.34845199479858,91.7073279063621,81.87651525409642,92.63840174107098,83.96085858305356,97.46258332215336,96.06498730038146,97.46258332215336,96.06498730038146,97.46258332215336,96.06498730038146,0.0019826530584143845,267.3806703090668,"1 day, 6:19:11"
405,0.6344022584707046,0.5385498379751108,0.23963104804731009,0.19993809017539024,86.8590551504651,76.39641268804769,91.82652720828042,82.8783909065363,97.53934755772445,96.05594767893496,93.7123045091606,90.10640826841573,91.82652720828042,82.8783909065363,92.74334592199797,85.91821807891729,97.53934755772445,96.05594767893496,97.53934755772445,96.05594767893496,97.53934755772445,96.05594767893496,0.001960381384080114,267.4603271484375,"1 day, 6:23:39"
406,0.6353050064904303,0.541164420900845,0.23535145954971115,0.19376292304694653,87.04925770855311,77.0064504345969,92.18715647590663,83.6205904031014,97.55126212793705,96.14787690502061,93.5514555245631,90.02188651225387,92.18715647590663,83.6205904031014,92.85567087279037,86.2101945023895,97.55126212793705,96.14787690502061,97.55126212793705,96.14787690502061,97.55126212793705,96.14787690502061,0.0019380815594990585,266.0514392852783,"1 day, 6:28:05"
407,0.6307121826124095,0.5379979800240017,0.2317855040760111,0.19877327202260495,86.90962996737099,75.84989079345407,91.95916450601986,83.25925756396697,97.54735147583618,96.138982755014,93.65102145661577,89.18476790845673,91.95916450601986,83.25925756396697,92.78595314451032,85.31958623552173,97.54735147583618,96.138982755014,97.54735147583618,96.138982755014,97.54735147583618,96.138982755014,0.0019158432798825878,269.9676823616028,"1 day, 6:32:35"
408,0.6381181320670313,0.5431297787019849,0.23747088065685326,0.19837698325514794,86.82075236919687,76.73832608177601,91.95463569860213,83.37137064653174,97.51962819671773,96.13287284548959,93.50281048713273,90.07819369571472,91.95463569860213,83.37137064653174,92.71335888814308,86.05458121080814,97.51962819671773,96.13287284548959,97.51962819671773,96.13287284548959,97.51962819671773,96.13287284548959,0.0018934860723779769,268.30272793769836,"1 day, 6:37:03"
409,0.6359896213016657,0.5414766841032558,0.23628233935841797,0.19669207979738712,86.89207018370539,76.78322223218007,91.86336931065003,83.36452850303063,97.51939474979737,96.03781576534821,93.69835366153102,89.82243394629607,91.86336931065003,83.36452850303063,92.75530694458436,86.2051209508477,97.51939474979737,96.03781576534821,97.51939474979737,96.03781576534821,97.51939474979737,96.03781576534821,0.001871099494294985,269.86930751800537,"1 day, 6:41:33"
410,0.6333777938481538,0.5395424185620111,0.23458843663204573,0.19852707712352277,87.50287862886998,77.40498323037149,92.43735459318835,84.49414341051043,97.5960868390042,96.15350885253525,93.81967755302468,89.35018277603038,92.43735459318835,84.49414341051043,93.11513385831309,86.58822842298245,97.5960868390042,96.15350885253525,97.5960868390042,96.15350885253525,97.5960868390042,96.15350885253525,0.0018486831155474853,266.8603746891022,"1 day, 6:46:00"
411,0.6270002173992637,0.5352638696133089,0.22934086732040257,0.19916802132129668,87.62539089371899,77.57379580245774,92.53664535747976,83.79248247642913,97.61694351625007,96.1992421725316,93.87031613488797,90.57627693970967,92.53664535747976,83.79248247642913,93.18962754584813,86.73052572325585,97.61694351625007,96.1992421725316,97.61694351625007,96.1992421725316,97.61694351625007,96.1992421725316,0.001826236493863459,266.72024416923523,"1 day, 6:50:26"
412,0.6328838145524444,0.537561443261677,0.23830592518054805,0.1898157693296671,87.41028136370407,76.98482045683312,92.31129830911827,83.59117421616105,97.57390115161783,96.15159209728867,93.8402980038384,90.0802918927148,92.31129830911827,83.59117421616105,93.0595609867825,86.3751721351507,97.57390115161783,96.15159209728867,97.57390115161783,96.15159209728867,97.57390115161783,96.15159209728867,0.0018037591742683014,267.2781538963318,"1 day, 6:54:54"
413,0.6346013381245478,0.5386416638907604,0.2398991833197325,0.1906684300750494,87.16303038828606,77.70054667303306,92.08722895896028,85.64110629902494,97.51941081771662,96.24429077350915,93.77740773217698,88.39546704981758,92.08722895896028,85.64110629902494,92.90968884467247,86.78578995613722,97.51941081771662,96.24429077350915,97.51941081771662,96.24429077350915,97.51941081771662,96.24429077350915,0.001781250688538795,266.2247562408447,"1 day, 6:59:20"
414,0.6318311116983206,0.536154496876201,0.2391915351688541,0.19658147758245467,86.84776897750986,76.82098679607438,91.82820403208038,84.2848921635719,97.54055610591764,96.18924477323161,93.7179148832896,89.0405122909816,91.82820403208038,84.2848921635719,92.75008100711368,86.16151880779486,97.54055610591764,96.18924477323161,97.54055610591764,96.18924477323161,97.54055610591764,96.18924477323161,0.0017587105546255592,268.7033269405365,"1 day, 7:03:49"
415,0.6385651475924651,0.54492097287348,0.23411043223792782,0.19834112629294395,87.22945517441345,76.70913321349356,92.24469305547117,83.38762049337721,97.52720847734294,96.05572183834126,93.71306712003455,89.87269621108265,92.24469305547117,83.38762049337721,92.96113429419268,86.15859724134928,97.52720847734294,96.05572183834126,97.52720847734294,96.05572183834126,97.52720847734294,96.05572183834126,0.0017361382760417647,267.10036754608154,"1 day, 7:08:16"
416,0.6309249911960854,0.5379212864429741,0.23250926033955094,0.20562970589101315,87.05236497541937,76.69251361798428,92.02590141590593,83.18181981493431,97.60927337764512,96.07072611597039,93.74322883472767,89.87118802152392,92.02590141590593,83.18181981493431,92.86480506687884,86.13093153380964,97.60927337764512,96.07072611597039,97.60927337764512,96.07072611597039,97.60927337764512,96.07072611597039,0.001713533341215561,267.9620864391327,"1 day, 7:12:44"
417,0.6302923723183467,0.5375918519621178,0.2317512988262555,0.20647617115080358,87.15669962817965,76.66144127214348,92.13288064484797,83.18724396503511,97.5800435668746,96.19363247102426,93.76281574400083,89.85134877778161,92.13288064484797,83.18724396503511,92.9286251208128,86.01794059078814,97.5800435668746,96.19363247102426,97.5800435668746,96.19363247102426,97.5800435668746,96.19363247102426,0.001690986572892547,266.69699811935425,"1 day, 7:17:10"
418,0.6262306424801031,0.5360700816477235,0.22540140015692542,0.19806260623037816,87.6184881531352,76.42907056739105,92.57699569277632,83.40940603783156,97.63239284731623,96.1438682617445,93.82863590160903,89.13612831201235,92.57699569277632,83.40940603783156,93.19051059537227,85.90613957488499,97.63239284731623,96.1438682617445,97.63239284731623,96.1438682617445,97.63239284731623,96.1438682617445,0.001668406350807862,266.8456337451935,"1 day, 7:21:37"
419,0.6261602915227212,0.5349691017069268,0.22797797266306216,0.20089297074079512,87.27744952160033,76.54952982762833,92.25945821680432,84.06394039150594,97.6518980576521,96.08029353484497,93.76678080509919,88.74541179041252,92.25945821680432,84.06394039150594,92.99601870472588,86.0238545021357,97.6518980576521,96.08029353484497,97.6518980576521,96.08029353484497,97.6518980576521,96.08029353484497,0.0016457004952323074,269.09849095344543,"1 day, 7:26:06"
420,0.6332628891603531,0.5409283932917216,0.2308362383788756,0.21113399903476238,87.23521816408561,73.47530710244182,92.13594403719998,80.0095890108029,97.62133797738935,95.97755122252502,93.86789341481183,89.25057784732712,92.13594403719998,80.0095890108029,92.98323552310151,83.49749606729027,97.62133797738935,95.97755122252502,97.62133797738935,95.97755122252502,97.62133797738935,95.97755122252502,0.001622959776642627,268.89795875549316,"1 day, 7:30:35"
421,0.6326055416402676,0.5411023393363542,0.22875800243533131,0.195786687374115,87.51300607342087,78.19269817030138,92.38081990805519,85.2071713554351,97.59600824952945,96.24474267279469,93.89447599289825,89.64528496085808,92.38081990805519,85.2071713554351,93.11931589911559,87.1775235569752,97.59600824952945,96.24474267279469,97.59600824952945,96.24474267279469,97.59600824952945,96.24474267279469,0.0016001835970110275,267.6365921497345,"1 day, 7:35:03"
422,0.6300482471657024,0.5380853019910286,0.22990735932914058,0.2005784103423357,87.54736696159864,75.85902294388858,92.41994821367149,83.00751730236529,97.6242761875076,96.1571773718076,93.90244669583635,89.26227323926106,92.41994821367149,83.00751730236529,93.14239891731188,85.19186039027265,97.6242761875076,96.1571773718076,97.6242761875076,96.1571773718076,97.6242761875076,96.1571773718076,0.001577371338414557,267.45221304893494,"1 day, 7:39:30"
423,0.621346659522451,0.5295027496234314,0.2296097712151621,0.19422263132035733,87.69775283412882,77.52751298978747,92.53182762876038,84.85058396730662,97.63208110428191,96.18995511877841,93.97768023683287,89.29148836835526,92.53182762876038,84.85058396730662,93.23893215858034,86.62837237033607,97.63208110428191,96.18995511877841,97.63208110428191,96.18995511877841,97.63208110428191,96.18995511877841,0.0015545223620422877,266.86230969429016,"1 day, 7:43:57"
424,0.6261224503495506,0.5317222742362558,0.2360004381061843,0.20036492243409157,87.60407346687522,76.96601479326108,92.33873589472542,83.69649557680717,97.64302406361838,96.1739605666773,94.07503519783681,89.69735313460895,92.33873589472542,83.69649557680717,93.18543008388774,86.2368766342119,97.64302406361838,96.1739605666773,97.64302406361838,96.1739605666773,97.64302406361838,96.1739605666773,0.00153163600713589,266.2763674259186,"1 day, 7:48:23"
425,0.6321448974146006,0.5396219991302843,0.2313072421433305,0.19885158498585223,87.41695204009974,75.15820673391242,92.3716768676815,82.20808176245913,97.60901994307942,96.13068183186871,93.81072275118292,87.91069964984271,92.3716768676815,82.20808176245913,93.07751980673912,84.52345186124059,97.60901994307942,96.13068183186871,97.60901994307942,96.13068183186871,97.60901994307942,96.13068183186871,0.001508711589857973,265.98668217658997,"1 day, 7:52:49"
426,0.6300289350904389,0.5391230638005546,0.22726467630569777,0.1963023919761181,87.26490069636374,76.75025822481375,92.21783045386711,84.96228733921045,97.60852945693539,96.13461653988527,93.80554876802285,87.9950165035945,92.21783045386711,84.96228733921045,92.99321682311404,86.08173593494932,97.60852945693539,96.13461653988527,97.60852945693539,96.13461653988527,97.60852945693539,96.13461653988527,0.0014857484020819208,268.2545123100281,"1 day, 7:57:18"
427,0.6294951842347487,0.5397839338168572,0.22427812259751995,0.1997009006291628,87.4715322552054,75.38104125904815,92.33400785075038,82.54970548520312,97.6701261379471,96.05743576234481,93.89975088621225,88.39208510044986,92.33400785075038,82.54970548520312,93.10035674959212,85.0201105019455,97.6701261379471,96.05743576234481,97.6701261379471,96.05743576234481,97.6701261379471,96.05743576234481,0.001462745710096383,266.2580347061157,"1 day, 8:01:44"
428,0.6308089675383032,0.5390398165044483,0.2294228770184533,0.2010267721116543,87.30991191168013,75.876662958424,92.13038553032297,82.84088143006362,97.61984284478447,96.13106873791723,93.93548497426139,89.16897704692819,92.13038553032297,82.84088143006362,93.00739643607227,85.3107415273404,97.61984284478447,96.13106873791723,97.61984284478447,96.13106873791723,97.61984284478447,96.13106873791723,0.0014397027532167487,266.8396759033203,"1 day, 8:06:11"
429,0.6336044095050751,0.5391757831368257,0.2360715641519249,0.19378859302401544,87.26917379839237,76.63547535368292,92.20253352439286,84.02346067397518,97.5737969133016,96.25045291753109,93.82075804187284,88.8312825267621,92.20253352439286,84.02346067397518,92.99250544325925,85.94823146270768,97.5737969133016,96.25045291753109,97.5737969133016,96.25045291753109,97.5737969133016,96.25045291753109,0.0014166187422951797,269.30280208587646,"1 day, 8:10:40"
430,0.6254026857533548,0.532606287628272,0.23199099404255094,0.20243503864109516,87.77660742626679,75.48615568242577,92.6240270656848,83.21511895044755,97.64884701253715,96.06516657702852,93.97690565470262,88.21092912506472,92.6240270656848,83.21511895044755,93.28629699495305,85.20629885226046,97.64884701253715,96.06516657702852,97.64884701253715,96.06516657702852,97.64884701253715,96.06516657702852,0.0013934928581198205,268.1604166030884,"1 day, 8:15:08"
431,0.6224874697460291,0.5300545072246896,0.23108240378808878,0.19389379088580608,87.77337528422046,76.66212343713148,92.5882862191044,83.37574542087536,97.63754028969687,96.15991341260732,94.00380314031158,89.56171446558815,92.5882862191044,83.37574542087536,93.28334857356315,86.09749652642151,97.63754028969687,96.15991341260732,97.63754028969687,96.15991341260732,97.63754028969687,96.15991341260732,0.0013703242496927105,271.0241873264313,"1 day, 8:19:39"
432,0.6230663029776377,0.5310518926594509,0.23003602328521738,0.21110205256938935,87.8554090153871,75.39510339100023,92.65113849930037,81.97393928265758,97.6816908362919,96.04872317901543,94.04943973878996,89.78660594255527,92.65113849930037,81.97393928265758,93.33550010856972,85.12900039874603,97.6816908362919,96.04872317901543,97.6816908362919,96.04872317901543,97.6816908362919,96.04872317901543,0.0013471120323747929,268.03050780296326,"1 day, 8:24:07"
433,0.6270824340701344,0.5370927627706336,0.22497417612430948,0.20296657803654672,87.798098146975,76.50838582935934,92.68024826399038,83.91668750841352,97.70250937799443,96.05810128872984,93.95124249155883,88.95600998466931,92.68024826399038,83.91668750841352,93.303555280872,86.00215150099622,97.70250937799443,96.05810128872984,97.70250937799443,96.05810128872984,97.70250937799443,96.05810128872984,0.0013238552858849696,267.188768863678,"1 day, 8:28:35"
434,0.6236854687523505,0.5327554235501665,0.22732511121671956,0.19624190452694892,88.00562419283017,75.43397022165209,92.78274930194618,83.08552035750508,97.6735461923395,96.0544207740614,94.08332439737607,88.15993299406519,92.78274930194618,83.08552035750508,93.42060081332768,85.03927142547573,97.6735461923395,96.0544207740614,97.6735461923395,96.0544207740614,97.6735461923395,96.0544207740614,0.001300553052138679,272.0097668170929,"1 day, 8:33:07"
435,0.6256086510363729,0.5340171432487101,0.22897876518269314,0.20142727702856064,87.57593489446478,75.83502800691588,92.32997893391669,83.18420455957585,97.68658086892141,96.18846343674974,94.0992741586203,89.19733330815808,92.32997893391669,83.18420455957585,93.18955200579651,85.32812653135323,97.68658086892141,96.18846343674974,97.68658086892141,96.18846343674974,97.68658086892141,96.18846343674974,0.0012772985756896377,271.35291600227356,"1 day, 8:37:38"
436,0.6249529569038386,0.5355469021387523,0.223515135920641,0.19576673488318921,88.00141086886475,78.66971438248368,92.84405595032551,85.97825509568298,97.73294262793638,96.27874853022729,93.99260465632456,89.33422533785937,92.84405595032551,85.97825509568298,93.40776570701328,87.43618913020272,97.73294262793638,96.27874853022729,97.73294262793638,96.27874853022729,97.73294262793638,96.27874853022729,0.0012539025238649042,267.5617730617523,"1 day, 8:42:05"
437,0.6237628324647517,0.5331195686375766,0.2266081575913043,0.19055336320400237,87.79853987111616,76.63450835708304,92.5963913513368,83.45617661548843,97.72039060172342,96.243006829931,94.02227457245561,89.68022951979017,92.5963913513368,83.45617661548843,93.29571435549484,86.06996391406389,97.72039060172342,96.243006829931,97.72039060172342,96.243006829931,97.72039060172342,96.243006829931,0.0012304578638055088,267.8740875720978,"1 day, 8:46:33"
438,0.6285109120823829,0.537258010375155,0.22813225135948728,0.19390487045049667,87.8150831375296,79.52840559299453,92.54185040783479,86.03769395907057,97.67075457319355,96.37900703221263,94.11484493829497,90.51856448912282,92.54185040783479,86.03769395907057,93.30973376483168,88.05496844304062,97.67075457319355,96.37900703221263,97.67075457319355,96.37900703221263,97.67075457319355,96.37900703221263,0.0012069634609740234,267.86307644844055,"1 day, 8:51:01"
439,0.6186036666868995,0.52819776983973,0.2260147406698957,0.19550920432806015,88.34192960921253,75.53087795563913,93.07809301019567,81.87810918309368,97.74763053381889,96.04716421371958,94.16304540562554,90.02799046967439,93.07809301019567,81.87810918309368,93.60923907396881,85.20373470579521,97.74763053381889,96.04716421371958,97.74763053381889,96.04716421371958,97.74763053381889,96.04716421371958,0.001183418129179354,269.1289486885071,"1 day, 8:55:30"
440,0.6262478832839397,0.5377050626975383,0.22135704804384718,0.19778295989334582,87.89466623300785,75.86419494977109,92.7377761176101,82.80560640139862,97.71234393973504,96.16477787287013,94.0009081116334,89.55609488915898,92.7377761176101,82.80560640139862,93.35781312781985,85.46855139767061,97.71234393973504,96.16477787287013,97.71234393973504,96.16477787287013,97.71234393973504,96.16477787287013,0.0011598206270279935,268.6021771430969,"1 day, 8:59:59"
441,0.6190518312752448,0.5293864424126855,0.22416346888455593,0.20226902110874653,88.39483832648615,75.08540849187104,93.02713550060035,82.28266210762794,97.78109272350112,96.09691173849386,94.27799224065436,89.11398150990483,93.02713550060035,82.28266210762794,93.63919127771663,84.76256163017321,97.78109272350112,96.09691173849386,97.78109272350112,96.09691173849386,97.78109272350112,96.09691173849386,0.0011361696540454333,268.0400264263153,"1 day, 9:04:27"
442,0.6246758399489909,0.5375028871996899,0.21793238042772978,0.19239486761391164,88.26453205519235,76.00125922615912,92.9152670595942,83.55720214795616,97.78448336089019,96.18730718961545,94.24375110519915,88.600569854565,92.9152670595942,83.55720214795616,93.56606085098989,85.57004292060168,97.78448336089019,96.18730718961545,97.78448336089019,96.18730718961545,97.78448336089019,96.18730718961545,0.001112463846428778,267.7372307777405,"1 day, 9:08:55"
443,0.61801631294727,0.5287109741185765,0.22326334452140068,0.202612378641963,88.04119488496251,74.49843637792225,92.79243089543782,80.74093375403616,97.75652224261037,96.10747750147053,94.10287153502543,89.92584972353231,92.79243089543782,80.74093375403616,93.43288664543967,84.31759509913405,97.75652224261037,96.10747750147053,97.75652224261037,96.10747750147053,97.75652224261037,96.10747750147053,0.001088797702168439,267.5265865325928,"1 day, 9:13:22"
444,0.6232668015086258,0.5333103026791395,0.22489124463862353,0.1934033841341734,88.15326096234315,77.72798021705086,92.74724734105494,84.59189308913905,97.73248259503707,96.25235865882307,94.28624164229747,89.93466599311041,92.74724734105494,84.59189308913905,93.50003153803034,86.75781900042567,97.73248259503707,96.25235865882307,97.73248259503707,96.25235865882307,97.73248259503707,96.25235865882307,0.0010649780928663737,269.40787863731384,"1 day, 9:17:52"
445,0.6183168888593089,0.5281909842096725,0.2253147593568497,0.1959130748361349,88.34606664766554,75.45426583722768,92.93177858052096,82.12933207614243,97.75215450756446,96.10479096894196,94.32162847604589,89.46426960785236,92.93177858052096,82.12933207614243,93.61428173777033,85.09614581483855,97.75215450756446,96.10479096894196,97.75215450756446,96.10479096894196,97.75215450756446,96.10479096894196,0.0010410991351118865,267.9628109931946,"1 day, 9:22:20"
446,0.617904448517233,0.5298533689057819,0.22012769789124947,0.19732377810776233,88.15363865622061,77.23837477390384,92.86101394350588,84.07838176777824,97.76577947676556,96.21493225967008,94.16032291940884,89.48006867246589,92.86101394350588,84.07838176777824,93.4968965289751,86.44177445135378,97.76577947676556,96.21493225967008,97.76577947676556,96.21493225967008,97.76577947676556,96.21493225967008,0.0010171591605839174,269.96387672424316,"1 day, 9:26:50"
447,0.6192690022916063,0.5320338236059049,0.21808794395598535,0.2012758300155401,88.04711222986332,76.26920868459823,92.7956595864362,83.18400442106672,97.79005975401178,96.20272345457585,94.13133562492804,89.58537333435697,92.7956595864362,83.18400442106672,93.44918041238627,85.73400718943157,97.79005975401178,96.20272345457585,97.79005975401178,96.20272345457585,97.79005975401178,96.20272345457586,0.0009931564090717832,270.1639726161957,"1 day, 9:31:20"
448,0.6151854954133839,0.5265057312315875,0.22169940817722877,0.20712698030471802,88.56720843338036,75.95536901949605,93.22030056700393,84.14919618173607,97.77582225296855,96.12994967651083,94.27585446868392,88.0285291324371,93.22030056700393,84.14919618173607,93.73963483801737,85.54082647724066,97.77582225296855,96.12994967651083,97.77582225296855,96.12994967651083,97.77582225296855,96.12994967651083,0.0009690890208017554,268.8637285232544,"1 day, 9:35:49"
449,0.6176906289994997,0.5263436512211144,0.22836744128435188,0.19263253878057002,87.96181392119745,76.53407196577714,92.74094530561332,83.9596226478648,97.68093689935274,96.1619680058599,94.10740532788134,88.6385935643819,92.74094530561332,83.9596226478648,93.40905627902204,85.91050649232542,97.68093689935274,96.1619680058599,97.68093689935274,96.1619680058599,97.68093689935274,96.1619680058599,0.000944955027892619,268.7048993110657,"1 day, 9:40:17"
450,0.6177020826512883,0.5295178948049186,0.22046046886435272,0.1906405785381794,88.1790324154937,77.04184272138444,92.872924695444,83.82954946250794,97.78091327932653,96.25158451957886,94.21087202857358,89.80345819250998,92.872924695444,83.82954946250794,93.5279554798823,86.39465727133636,97.78091327932653,96.25158451957886,97.78091327932653,96.25158451957886,97.78091327932653,96.25158451957886,0.0009207523448136178,269.42702198028564,"1 day, 9:44:47"
451,0.6220964950126694,0.5339225597063326,0.220434836221567,0.1966261766254902,88.1405061719037,75.16171729397942,92.82751479864754,81.8864155600358,97.7915579594759,96.11154535838372,94.19960772446127,89.81407906137416,92.82751479864754,81.8864155600358,93.49918577545463,84.878880984691,97.7915579594759,96.11154535838372,97.7915579594759,96.11154535838372,97.7915579594759,96.11154535838372,0.0008964787576957479,275.77686309814453,"1 day, 9:49:22"
452,0.6178851316319108,0.5283562095676723,0.22382230449420298,0.19261107450723647,88.46383100628235,76.82121308482328,93.15477642440119,83.55011102402659,97.75434113780888,96.24472686068165,94.24311443131857,89.75758895276738,93.15477642440119,83.55011102402659,93.69005877086556,86.1656295162725,97.75434113780888,96.24472686068165,97.75434113780888,96.24472686068165,97.75434113780888,96.24472686068165,0.0008721319123196778,271.19828152656555,"1 day, 9:53:54"
453,0.6135286431566692,0.5240904298819546,0.2235955298848816,0.19229683631658553,88.21086918568348,77.0457512956051,92.929597595116,83.99636019861363,97.75217377258573,96.29728872347741,94.16199326450018,89.3470040896727,92.929597595116,83.99636019861363,93.53412924148206,86.39628954807135,97.75217377258573,96.29728872347741,97.75217377258573,96.29728872347741,97.75217377258573,96.29728872347741,0.0008478079344989866,271.52623987197876,"1 day, 9:58:25"
454,0.6151080859252568,0.5268990236616968,0.2205226531561662,0.20292179960012435,88.14362494311776,76.18133420612882,92.79279939659611,83.897404936279,97.8275734201058,96.10428498132495,94.22754922598486,88.53370708249038,92.79279939659611,83.897404936279,93.49020687634307,85.71466088596623,97.8275734201058,96.10428498132495,97.8275734201058,96.10428498132495,97.8275734201058,96.10428498132495,0.0008233072009590984,272.29953145980835,"1 day, 10:02:58"
455,0.6129357105004523,0.5238340684909827,0.22275410270131749,0.20031226874887945,88.58037492289921,76.88956778807005,93.13252070380793,84.1283067494908,97.80870540825134,96.21597291480565,94.40495435628804,89.23916862221475,93.13252070380793,84.1283067494908,93.7572793915968,86.25524242576743,97.80870540825134,96.21597291480565,97.80870540825134,96.21597291480565,97.80870540825134,96.21597291480565,0.0007987251716676848,271.53621673583984,"1 day, 10:07:29"
456,0.6139821714014516,0.5232756720165639,0.22676624522294547,0.19251573003828526,88.58396932479899,76.92626915023465,93.16470955252383,83.75074588750655,97.7733338186764,96.18702758783743,94.36244549057612,89.74167769945869,93.16470955252383,83.75074588750655,93.75131649671388,86.26842404864323,97.7733338186764,96.18702758783743,97.7733338186764,96.18702758783743,97.7733338186764,96.18702758783743,0.0007740587770012264,268.916152715683,"1 day, 10:11:58"
457,0.6208335057291795,0.5324008847914371,0.22108154954349907,0.19692652218043805,88.25745680027009,77.21539224440924,92.99557400121964,84.20165121809741,97.7596993635787,96.20685237896005,94.16656583233808,89.44018581925182,92.99557400121964,84.20165121809741,93.56703739360741,86.39864374398996,97.7596993635787,96.20685237896005,97.7596993635787,96.20685237896005,97.7596993635787,96.20685237896005,0.0007493047181516319,269.1823136806488,"1 day, 10:16:27"
458,0.6152709884357356,0.5245350278718566,0.22683989855372513,0.2082707148194313,88.41563554557261,76.02804555081435,92.98756167627505,82.89890444792039,97.81377906413056,96.12843007792398,94.37110885632926,89.2967810516965,92.98756167627505,82.89890444792039,93.66652441821115,85.62196218024309,97.81377906413056,96.12843007792398,97.81377906413056,96.12843007792398,97.81377906413056,96.12843007792398,0.0007244594409297224,268.69896721839905,"1 day, 10:20:56"
459,0.6159707047170493,0.5275163722964206,0.22113583046534596,0.19819484883546828,88.54427402952687,76.20588867479027,93.17659910702666,83.28586079513951,97.79722355292381,96.1241265660021,94.33099111429534,89.0030874571836,93.17659910702666,83.28586079513951,93.74375337411814,85.75809917652106,97.79722355292381,96.1241265660021,97.79722355292381,96.1241265660021,97.79722355292381,96.1241265660021,0.0006995191054559155,267.999018907547,"1 day, 10:25:24"
460,0.6076164200210539,0.5196891814750878,0.21981809373441444,0.20021910847723484,88.675315644201,76.88269253185935,93.20507628635599,84.01308343503257,97.83405268482575,96.15435311032208,94.4191362595262,89.19982837827438,93.20507628635599,84.01308343503257,93.80112894096042,86.14751128105122,97.83405268482575,96.15435311032208,97.83405268482575,96.15435311032208,97.83405268482575,96.15435311032208,0.0006744795509026826,268.8453471660614,"1 day, 10:29:53"
461,0.6128086822299085,0.5236860175980925,0.22280665908933248,0.19784802994132042,88.92294713074651,76.3335663290056,93.41160482424009,83.28941427770205,97.84516928415489,96.1631345036054,94.52689014233646,89.43162957952086,93.41160482424009,83.28941427770205,93.96070706415412,85.87777889433627,97.84516928415489,96.1631345036054,97.84516928415489,96.1631345036054,97.84516928415489,96.1631345036054,0.0006494378532595598,269.41079926490784,"1 day, 10:34:22"
462,0.6145587180313362,0.524422890050105,0.22533956730754567,0.19993310160934924,88.52714523298921,77.29758397294259,93.05822456462329,83.99190568974994,97.79878985307175,96.14983826133084,94.41138264889052,89.9024569576736,93.05822456462329,83.99190568974994,93.72122903744852,86.49279606821236,97.79878985307175,96.14983826133084,97.79878985307175,96.14983826133084,97.79878985307175,96.14983826133084,0.0006242883752971913,268.50997257232666,"1 day, 10:38:51"
463,0.6134352454941948,0.525256791578577,0.22044613424791293,0.20322909672558306,88.29779734703862,77.85473766541645,92.97340199342852,84.45202273076443,97.81201797263111,96.30895250139281,94.24448256800338,90.07533561040603,92.97340199342852,84.45202273076443,93.59612919398084,86.94781286239713,97.81201797263111,96.30895250139281,97.81201797263111,96.30895250139281,97.81201797263111,96.30895250139281,0.0005989232676409985,268.77990555763245,"1 day, 10:43:19"
464,0.6123973987270059,0.5236857088023412,0.2217792231657197,0.1921914462298155,88.52468650676111,76.91358512434257,93.16869372386141,83.83916702390582,97.81074116922494,96.22607881791573,94.28155370823988,89.52315193582379,93.16869372386141,83.83916702390582,93.71497211712777,86.26603339518608,97.81074116922494,96.22607881791573,97.81074116922494,96.22607881791573,97.81074116922494,96.22607881791573,0.0005734381929255202,268.3826427459717,"1 day, 10:47:48"
465,0.6140553218731563,0.5277297464327758,0.215813934980881,0.19979982639849186,88.57458786809775,77.97444164104618,93.12867211518684,84.52955430389999,97.84809643214403,96.21439301209116,94.3817834607953,90.2078981686181,93.12867211518684,84.52955430389999,93.74170523826216,86.94806216838741,97.84809643214403,96.21439301209116,97.84809643214403,96.21439301209116,97.84809643214403,96.21439301209116,0.0005478265973742291,269.6916344165802,"1 day, 10:52:17"
466,0.6150057175733454,0.5278771713366024,0.21782136426658621,0.19835334578156472,88.48815728618746,75.5986442064892,93.12500561615707,82.21772711881941,97.81180615274494,96.11090622187008,94.30442756285133,89.60508369930729,93.12500561615707,82.21772711881941,93.70521027085475,85.21988690848626,97.81180615274494,96.11090622187008,97.81180615274494,96.11090622187008,97.81180615274494,96.11090622187008,0.0005220812076650753,268.25939083099365,"1 day, 10:56:46"
467,0.610220711755929,0.5250199638161791,0.21300186684308792,0.19380572511255742,88.7523930166965,77.39751461035088,93.27829950588757,84.31234166626209,97.84699789709997,96.34107682642372,94.43179502638831,89.86106376773071,93.27829950588757,84.31234166626209,93.84449416139189,86.5470696022012,97.84699789709997,96.34107682642372,97.84699789709997,96.34107682642372,97.84699789709997,96.34107682642372,0.0004961939078194294,268.48418259620667,"1 day, 11:01:14"
468,0.6085523991834901,0.5210455343798654,0.21876715858690515,0.19303334811329842,88.88975944609385,76.71574689085843,93.42646180776295,84.14200249145402,97.85843288633426,96.18426199474371,94.4662481469759,88.83106232927733,93.42646180776295,84.14200249145402,93.93671102679801,86.07067607394484,97.85843288633426,96.18426199474371,97.85843288633426,96.18426199474371,97.85843288633426,96.18426199474371,0.00047015558658916747,268.6845614910126,"1 day, 11:05:43"
469,0.6058895954487704,0.5176927624890366,0.22049207885191596,0.19821333219110965,88.97175643513326,76.98720660647723,93.47830479421421,83.97120087440099,97.88781900055697,96.18422404567242,94.49927508130448,89.4084724852356,93.47830479421421,83.97120087440099,93.98006961047356,86.29593532547777,97.88781900055697,96.18422404567242,97.88781900055697,96.18422404567242,97.88781900055697,96.18422404567242,0.0004439559459963441,269.38847160339355,"1 day, 11:10:12"
470,0.6127375373623077,0.526123695411214,0.21653460462220017,0.2010753311663866,88.80356952066624,76.61103095204784,93.24114026215007,83.14182061454993,97.87999529640871,96.16005593972271,94.53978802437362,89.89396833622739,93.24114026215007,83.14182061454993,93.8770333830265,85.9784766836169,97.87999529640871,96.16005593972271,97.87999529640871,96.16005593972271,97.87999529640871,96.16005593972271,0.0004175832579017257,272.8706884384155,"1 day, 11:14:45"
471,0.6141681430739849,0.5261416558499455,0.22006621727595893,0.19740912601351737,88.77916066049437,77.81594896060022,93.25596096268586,84.44942629128059,97.8312083630341,96.22345760577134,94.4959145400549,90.01953777790446,93.25596096268586,84.44942629128059,93.86310237383641,86.82810452608682,97.8312083630341,96.22345760577134,97.8312083630341,96.22345760577134,97.8312083630341,96.22345760577134,0.00039102404979491354,270.72443294525146,"1 day, 11:19:16"
472,0.6106460167103833,0.5221110854621053,0.22133732470855988,0.19600437983870506,88.83284462213355,77.83804912099575,93.39066698182698,84.09418480773935,97.84340147025013,96.18879025676875,94.44187504617328,90.50384781676337,93.39066698182698,84.09418480773935,93.90816926298605,86.83822249307886,97.84340147025013,96.18879025676875,97.84340147025013,96.18879025676875,97.84340147025013,96.18879025676875,0.00036426269222857786,271.0201244354248,"1 day, 11:23:47"
473,0.6118835670461411,0.524920854349223,0.21740678124876334,0.20605262592434884,88.90482732328519,76.59620436836093,93.36940298161049,83.24918634234425,97.86651745623935,96.12737077539992,94.53223840115412,89.85239006367517,93.36940298161049,83.24918634234425,93.94069976945782,86.04580839712985,97.86651745623935,96.12737077539992,97.86651745623935,96.12737077539992,97.86651745623935,96.12737077539992,0.00033728084638924707,269.18687558174133,"1 day, 11:28:16"
474,0.6058088209838296,0.5191447088781747,0.21666028029169504,0.19683798784017562,88.51902127492973,76.88931542222991,93.12122627216836,83.42337803001185,97.8786162360295,96.20012775991042,94.35160490708023,90.06056874253744,93.12122627216836,83.42337803001185,93.72551975567696,86.20430796690174,97.8786162360295,96.20012775991042,97.8786162360295,96.20012775991042,97.8786162360295,96.20012775991042,0.0003100567074264433,270.71104288101196,"1 day, 11:32:47"
475,0.6062575320048708,0.5188014946011144,0.21864009127722303,0.19789950919151306,88.77532319379607,76.0702662257965,93.26049831482486,82.82953225645338,97.88445091160737,96.1494528819691,94.47629504047718,89.55142620858922,93.26049831482486,82.82953225645338,93.85705661273197,85.62791420525765,97.88445091160737,96.1494528819691,97.88445091160737,96.1494528819691,97.88445091160737,96.1494528819691,0.0002825639401421429,269.7178227901459,"1 day, 11:37:17"
476,0.6108350700272276,0.5225658057496784,0.22067315835398,0.2021759274750948,89.0211410188971,75.41615697946253,93.46952696305235,81.5917869782607,97.88896334368607,96.11134329048409,94.57399549458741,90.32725479689742,93.46952696305235,81.5917869782607,94.0127655987013,85.08274927667895,97.88896334368607,96.11134329048409,97.88896334368607,96.11134329048409,97.88896334368607,96.11134329048409,0.00025477013400081286,270.1099407672882,"1 day, 11:41:47"
477,0.6103922735746867,0.5229150888578317,0.21869295941717126,0.20194210590422154,88.84819776863165,75.67830598960438,93.3770340454105,82.44449716235745,97.85436754993565,96.16457493257805,94.46334474499338,89.75380339077266,93.3770340454105,82.44449716235745,93.91005193436636,85.2129743216729,97.85436754993565,96.16457493257805,97.85436754993565,96.16457493257805,97.85436754993565,96.16457493257805,0.00022663447325908115,270.0954074859619,"1 day, 11:46:17"
478,0.6107519212471373,0.5246396759210534,0.21528060962749795,0.19803088833391666,88.83353341959351,76.46799282750905,93.34051972063713,83.07143809645791,97.87704294227039,96.21849423801531,94.48315610588175,89.86192320528478,93.34051972063713,83.07143809645791,93.90181011961654,85.90766758519975,97.87704294227039,96.21849423801531,97.87704294227039,96.21849423801531,97.87704294227039,96.21849423801531,0.00019810405430403395,274.69296503067017,"1 day, 11:50:51"
479,0.609305427370251,0.5217683943089977,0.2188425817011424,0.1976770679950714,88.62676760216645,77.06218050463949,93.1093393556988,83.43607595249038,97.8212239647141,96.21636898097482,94.51263507358244,90.18225851194678,93.1093393556988,83.43607595249038,93.79643353008782,86.29368606173334,97.8212239647141,96.21636898097482,97.8212239647141,96.21636898097482,97.8212239647141,96.21636898097482,0.00016922568464343248,270.0618712902069,"1 day, 11:55:21"
480,0.605508898979237,0.5205753674503935,0.21233382776489815,0.1991306812018156,88.90607704643637,76.35719560183664,93.36336525844771,82.85751086656772,97.91042920098072,96.18250041630296,94.55536756966947,89.97697311167462,93.36336525844771,82.85751086656772,93.94875680715288,85.85038046521956,97.91042920098072,96.18250041630296,97.91042920098072,96.18250041630296,97.91042920098072,96.18250041630296,0.0001396653066871926,271.6988773345947,"1 day, 11:59:53"
481,0.6053365694049548,0.517597503293739,0.21934766304336623,0.19119516395032407,89.24859618226249,76.68880984114031,93.64960583392391,83.29401610780107,97.91901669062368,96.23446381788274,94.66651490053736,89.91210853154892,93.64960583392391,83.29401610780107,94.15067416596355,86.0934696445527,97.91901669062368,96.23446381788274,97.91901669062368,96.23446381788274,97.91901669062368,96.23446381788274,0.00010938633652897851,270.6332504749298,"1 day, 12:04:24"
482,0.6074750047344928,0.5185766920106637,0.22224577841246856,0.19902743132412434,89.02453017148196,76.68799855063448,93.46643950123222,83.07819630295214,97.87826228613245,96.1666337787438,94.5928095358816,90.09151025213743,93.46643950123222,83.07819630295214,94.02085242524461,86.02202867666819,97.87826228613245,96.1666337787438,97.87826228613245,96.1666337787438,97.87826228613245,96.1666337787438,7.813061727271142e-05,272.23988461494446,"1 day, 12:08:56"
483,0.6074958934367866,0.5208729776906422,0.21655728853612677,0.1949404513835907,88.86203937292993,76.09093773035697,93.38342068415862,82.7033354620876,97.92206812713619,96.15258782421343,94.47477261213699,89.82843940140152,93.38342068415862,82.7033354620876,93.91930811397245,85.61702316765748,97.92206812713619,96.15258782421343,97.92206812713619,96.15258782421343,97.92206812713619,96.15258782421343,4.536665212415837e-05,275.2015860080719,"1 day, 12:13:31"
484,0.6056170145296457,0.5204349050064093,0.21295527325944366,0.1978879566192627,89.03251585891016,76.69868963807355,93.41412256979909,83.2003928327833,97.93696131283481,96.2000608037904,94.63455958778943,89.96796192420122,93.41412256979909,83.2003928327833,94.01177900274168,86.07334333140356,97.93696131283481,96.2000608037904,97.93696131283481,96.2000608037904,97.93696131283481,96.2000608037904,9.235189690541055e-06,273.03400111198425,"1 day, 12:18:04"
