split,filename,valid_pixels,void_pixels,unknown_nonvoid_pixels,ignored_pixels_total,total_pixels,valid_fraction,pixels_sky,contains_sky,pixels_building,contains_building,pixels_pole,contains_pole,pixels_road,contains_road,pixels_pavement,contains_pavement,pixels_tree,contains_tree,pixels_signsymbol,contains_signsymbol,pixels_fence,contains_fence,pixels_car,contains_car,pixels_pedestrian,contains_pedestrian,pixels_bicyclist,contains_bicyclist
train,0001TP_009210.png,641271,49929,0,49929,691200,0.9277647569444445,154264,1,53792,1,4059,1,73469,1,39178,1,188052,1,2856,1,0,0,112165,1,13069,1,367,1
train,0001TP_009240.png,654529,36671,0,36671,691200,0.9469458912037036,157468,1,38459,1,3872,1,50285,1,31174,1,181257,1,2858,1,0,0,163559,1,25597,1,0,0
train,0001TP_009390.png,640723,50477,0,50477,691200,0.9269719328703704,160038,1,63588,1,4462,1,71107,1,41976,1,182071,1,3105,1,0,0,107813,1,6221,1,342,1
train,0001TP_009420.png,640757,50443,0,50443,691200,0.9270211226851852,165138,1,62408,1,4377,1,70560,1,42271,1,178948,1,3140,1,0,0,107104,1,6614,1,197,1
train,0001TP_009450.png,642023,49177,0,49177,691200,0.9288527199074074,162175,1,62456,1,5249,1,70884,1,40738,1,184130,1,3080,1,0,0,106080,1,7090,1,141,1
train,0001TP_009480.png,641110,50090,0,50090,691200,0.9275318287037037,166859,1,60851,1,4297,1,71723,1,42897,1,181727,1,2826,1,0,0,101857,1,7884,1,189,1
train,0001TP_009510.png,640816,50384,0,50384,691200,0.9271064814814814,173453,1,61997,1,4238,1,85925,1,41585,1,177593,1,3003,1,0,0,83173,1,9849,1,0,0
train,0001TP_009540.png,638919,52281,0,52281,691200,0.9243619791666666,164462,1,59633,1,4103,1,105904,1,42917,1,187124,1,2474,1,832,1,52898,1,11507,1,7065,1
train,0001TP_009690.png,652499,38701,0,38701,691200,0.9440089699074075,144870,1,90213,1,11209,1,96491,1,53577,1,83615,1,8958,1,800,1,158399,1,4367,1,0,0
train,0001TP_009720.png,647685,43515,0,43515,691200,0.9370442708333333,174611,1,88444,1,19261,1,111000,1,44276,1,89458,1,18628,1,2157,1,95337,1,4513,1,0,0
train,0001TP_009750.png,642838,48362,0,48362,691200,0.9300318287037037,189637,1,126454,1,10704,1,105024,1,35488,1,82312,1,2462,1,4298,1,79614,1,6845,1,0,0
train,0001TP_009780.png,638315,52885,0,52885,691200,0.923488136574074,192391,1,139602,1,12288,1,119363,1,31842,1,73580,1,2981,1,5413,1,54336,1,6519,1,0,0
train,0001TP_009810.png,643076,48124,0,48124,691200,0.9303761574074074,191451,1,146462,1,2685,1,122506,1,25226,1,66963,1,3385,1,4548,1,72054,1,7796,1,0,0
train,0001TP_009840.png,648454,42746,0,42746,691200,0.9381568287037036,188988,1,138579,1,2925,1,117811,1,24087,1,77952,1,3837,1,9385,1,76087,1,8803,1,0,0
train,0001TP_009990.png,639336,51864,0,51864,691200,0.9249652777777778,0,0,365725,1,0,0,58001,1,47874,1,113938,1,8223,1,23468,1,11722,1,10385,1,0,0
train,0001TP_010020.png,647312,43888,0,43888,691200,0.9365046296296297,32164,1,246527,1,3503,1,136928,1,38090,1,156532,1,6456,1,0,0,27112,1,0,0,0,0
train,0001TP_010050.png,635988,55212,0,55212,691200,0.9201215277777778,129169,1,120459,1,2720,1,97748,1,17269,1,211018,1,288,1,9361,1,47561,1,395,1,0,0
train,0001TP_010080.png,656792,34408,0,34408,691200,0.9502199074074074,188930,1,88670,1,4944,1,97373,1,32994,1,124736,1,775,1,32164,1,85486,1,720,1,0,0
train,0001TP_010110.png,658417,32783,0,32783,691200,0.9525708912037038,196793,1,111043,1,7747,1,102029,1,39864,1,90971,1,574,1,37149,1,71327,1,920,1,0,0
train,0001TP_010140.png,654739,36461,0,36461,691200,0.9472497106481481,152818,1,143952,1,7188,1,117162,1,50798,1,119914,1,1031,1,31245,1,28971,1,1660,1,0,0
train,0001TP_010290.png,648291,42909,0,42909,691200,0.9379210069444445,90588,1,162506,1,20794,1,114266,1,66301,1,149160,1,7698,1,12658,1,23297,1,1023,1,0,0
train,0001TP_010320.png,646755,44445,0,44445,691200,0.9356987847222222,87206,1,172548,1,4137,1,123730,1,45104,1,147769,1,196,1,10740,1,53383,1,1942,1,0,0
train,0001TP_010350.png,651139,40061,0,40061,691200,0.9420413773148149,76972,1,157463,1,1942,1,153871,1,36298,1,116840,1,218,1,11554,1,92764,1,3217,1,0,0
train,0001TP_010380.png,648991,42209,0,42209,691200,0.938933738425926,101343,1,194191,1,2528,1,96175,1,36283,1,114410,1,377,1,13269,1,83357,1,7058,1,0,0
train,0006R0_f00930.png,654322,36878,0,36878,691200,0.946646412037037,218982,1,3537,1,7123,1,278495,1,21670,1,111239,1,3274,1,0,0,10002,1,0,0,0,0
train,0006R0_f00960.png,640627,50573,0,50573,691200,0.9268330439814815,220712,1,3851,1,6634,1,246910,1,62524,1,87186,1,1083,1,0,0,11678,1,49,1,0,0
train,0006R0_f01110.png,658845,32355,0,32355,691200,0.9531901041666667,215990,1,6625,1,2301,1,267085,1,8039,1,124132,1,5596,1,9063,1,20014,1,0,0,0,0
train,0006R0_f01140.png,654873,36327,0,36327,691200,0.9474435763888889,181327,1,6858,1,2026,1,291852,1,11028,1,131040,1,1183,1,16762,1,12797,1,0,0,0,0
train,0006R0_f01170.png,650796,40404,0,40404,691200,0.9415451388888889,139581,1,6525,1,3483,1,271609,1,9296,1,180730,1,0,0,26316,1,13256,1,0,0,0,0
train,0006R0_f01200.png,680817,10383,0,10383,691200,0.9849782986111111,111601,1,0,0,2885,1,246327,1,10386,1,224024,1,0,0,67805,1,17789,1,0,0,0,0
train,0006R0_f01230.png,674112,17088,0,17088,691200,0.9752777777777778,135163,1,8023,1,2404,1,256595,1,11423,1,209885,1,45,1,42774,1,7800,1,0,0,0,0
train,0006R0_f01260.png,678675,12525,0,12525,691200,0.9818793402777778,145074,1,7884,1,2658,1,253219,1,4194,1,243154,1,1126,1,15460,1,5673,1,0,0,233,1
train,0006R0_f01410.png,671386,19814,0,19814,691200,0.971333912037037,147579,1,1967,1,2672,1,304334,1,8967,1,193835,1,230,1,0,0,11399,1,403,1,0,0
train,0006R0_f01440.png,676001,15199,0,15199,691200,0.9780107060185185,191222,1,15480,1,5578,1,305339,1,10769,1,141218,1,2276,1,3829,1,197,1,93,1,0,0
train,0006R0_f01470.png,662285,28915,0,28915,691200,0.9581669560185185,239469,1,26898,1,6159,1,266848,1,26757,1,79473,1,9150,1,6878,1,566,1,87,1,0,0
train,0006R0_f01500.png,686305,4895,0,4895,691200,0.992918113425926,241692,1,31004,1,7374,1,241940,1,23092,1,116905,1,19931,1,3021,1,1346,1,0,0,0,0
train,0006R0_f01530.png,681575,9625,0,9625,691200,0.9860749421296297,187523,1,47961,1,9047,1,255791,1,23381,1,123750,1,26143,1,0,0,7979,1,0,0,0,0
train,0006R0_f01560.png,684260,6940,0,6940,691200,0.9899594907407407,235115,1,60162,1,7142,1,278784,1,11160,1,81117,1,2814,1,0,0,7966,1,0,0,0,0
train,0006R0_f01710.png,672832,18368,0,18368,691200,0.9734259259259259,168055,1,28523,1,4311,1,257375,1,44199,1,151004,1,10135,1,0,0,9230,1,0,0,0,0
train,0006R0_f01740.png,674132,17068,0,17068,691200,0.975306712962963,128905,1,40885,1,5989,1,282059,1,19335,1,175458,1,12910,1,0,0,8591,1,0,0,0,0
train,0006R0_f01770.png,667845,23355,0,23355,691200,0.9662109375,86556,1,49129,1,11288,1,244460,1,16044,1,211779,1,36458,1,0,0,12131,1,0,0,0,0
train,0006R0_f01800.png,660039,31161,0,31161,691200,0.9549175347222222,116959,1,32812,1,13192,1,199924,1,1642,1,150418,1,111158,1,0,0,33934,1,0,0,0,0
train,0006R0_f01830.png,665834,25366,0,25366,691200,0.9633015046296296,188556,1,5297,1,19093,1,193133,1,0,0,142245,1,90125,1,0,0,27385,1,0,0,0,0
train,0006R0_f01860.png,666118,25082,0,25082,691200,0.9637123842592593,187480,1,29592,1,16070,1,197302,1,3887,1,127457,1,83431,1,0,0,20899,1,0,0,0,0
train,0006R0_f02010.png,672177,19023,0,19023,691200,0.9724782986111111,98463,1,82365,1,19689,1,178201,1,50513,1,189600,1,11104,1,761,1,41481,1,0,0,0,0
train,0006R0_f02040.png,680057,11143,0,11143,691200,0.9838787615740741,129951,1,40008,1,17082,1,247145,1,38891,1,146369,1,34698,1,895,1,25018,1,0,0,0,0
train,0006R0_f02070.png,685365,5835,0,5835,691200,0.9915581597222223,166206,1,17594,1,18256,1,281930,1,7123,1,110914,1,50643,1,1040,1,31659,1,0,0,0,0
train,0006R0_f02100.png,676288,14912,0,14912,691200,0.9784259259259259,206978,1,21239,1,8786,1,252174,1,0,0,72208,1,29213,1,0,0,83013,1,2677,1,0,0
train,0006R0_f02130.png,682866,8334,0,8334,691200,0.9879427083333333,191463,1,34098,1,80,1,271844,1,0,0,85135,1,230,1,0,0,94317,1,5699,1,0,0
train,0006R0_f02160.png,682362,8838,0,8838,691200,0.9872135416666666,160387,1,33522,1,110,1,241107,1,0,0,116125,1,535,1,0,0,122166,1,8410,1,0,0
train,0006R0_f02310.png,682076,9124,0,9124,691200,0.9867997685185185,85891,1,44700,1,134,1,249634,1,0,0,203450,1,198,1,0,0,97160,1,909,1,0,0
train,0006R0_f02340.png,685738,5462,0,5462,691200,0.9920978009259259,64015,1,46519,1,79,1,250800,1,0,0,228872,1,194,1,0,0,93295,1,1964,1,0,0
train,0006R0_f02370.png,683385,7815,0,7815,691200,0.9886935763888889,81155,1,47252,1,159,1,250024,1,0,0,211919,1,205,1,0,0,91954,1,717,1,0,0
train,0006R0_f02400.png,683623,7577,0,7577,691200,0.9890379050925926,88119,1,45853,1,280,1,244904,1,0,0,203141,1,184,1,0,0,98658,1,2484,1,0,0
train,0006R0_f02430.png,683791,7409,0,7409,691200,0.9892809606481482,83685,1,53822,1,810,1,233666,1,0,0,198804,1,313,1,0,0,110030,1,2661,1,0,0
train,0006R0_f02460.png,683485,7715,0,7715,691200,0.9888382523148148,78855,1,64715,1,1061,1,235873,1,0,0,192815,1,512,1,0,0,108135,1,1519,1,0,0
train,0006R0_f02610.png,689111,2089,0,2089,691200,0.9969777199074074,130762,1,72890,1,1612,1,244479,1,0,0,117716,1,1660,1,0,0,114740,1,5252,1,0,0
train,0006R0_f02640.png,688754,2446,0,2446,691200,0.9964612268518519,130070,1,82329,1,2189,1,242895,1,1223,1,107318,1,2187,1,0,0,102116,1,18427,1,0,0
train,0006R0_f02670.png,689033,2167,0,2167,691200,0.9968648726851852,130061,1,89428,1,1870,1,239509,1,1835,1,112997,1,2001,1,0,0,110067,1,1265,1,0,0
train,0006R0_f02700.png,688566,2634,0,2634,691200,0.9961892361111111,132704,1,105450,1,2147,1,244290,1,2589,1,89110,1,2872,1,0,0,107988,1,1416,1,0,0
train,0006R0_f02730.png,687912,3288,0,3288,691200,0.9952430555555556,133418,1,111560,1,2707,1,249737,1,2663,1,79051,1,2459,1,0,0,103593,1,2724,1,0,0
train,0006R0_f02760.png,687815,3385,0,3385,691200,0.9951027199074074,130525,1,120064,1,2925,1,257695,1,1642,1,64494,1,2520,1,0,0,105647,1,2303,1,0,0
train,0006R0_f02910.png,688875,2325,0,2325,691200,0.9966362847222222,129787,1,225073,1,3012,1,236654,1,14985,1,18802,1,0,0,0,0,54300,1,6262,1,0,0
train,0006R0_f02940.png,688633,2567,0,2567,691200,0.9962861689814815,124360,1,251273,1,3177,1,246273,1,23337,1,7658,1,0,0,0,0,22335,1,10220,1,0,0
train,0006R0_f02970.png,688309,2891,0,2891,691200,0.9958174189814815,90331,1,291452,1,4418,1,246223,1,30698,1,4911,1,0,0,0,0,19387,1,889,1,0,0
train,0006R0_f03000.png,688017,3183,0,3183,691200,0.9953949652777778,56853,1,345294,1,4635,1,220142,1,41141,1,1768,1,0,0,0,0,16672,1,1512,1,0,0
train,0006R0_f03030.png,691092,108,0,108,691200,0.99984375,13097,1,412736,1,5731,1,196657,1,50297,1,0,0,0,0,0,0,12574,1,0,0,0,0
train,0006R0_f03060.png,691147,53,0,53,691200,0.9999233217592592,3156,1,433619,1,5652,1,184286,1,60362,1,0,0,0,0,0,0,4072,1,0,0,0,0
train,0006R0_f03210.png,674912,16288,0,16288,691200,0.9764351851851852,126656,1,121625,1,13473,1,261951,1,16873,1,76495,1,5791,1,510,1,49731,1,1807,1,0,0
train,0006R0_f03240.png,673457,17743,0,17743,691200,0.974330150462963,131375,1,98284,1,14747,1,258383,1,13892,1,80418,1,10432,1,259,1,63399,1,2268,1,0,0
train,0006R0_f03270.png,674298,16902,0,16902,691200,0.975546875,129642,1,89153,1,21057,1,268442,1,6842,1,77709,1,16372,1,773,1,61705,1,2603,1,0,0
train,0006R0_f03300.png,677377,13823,0,13823,691200,0.9800014467592593,126398,1,82866,1,13754,1,269787,1,3298,1,86092,1,15923,1,424,1,75159,1,3676,1,0,0
train,0006R0_f03330.png,676397,14803,0,14803,691200,0.9785836226851852,124865,1,87045,1,7193,1,278297,1,4957,1,94547,1,6189,1,865,1,68710,1,3569,1,160,1
train,0006R0_f03360.png,677959,13241,0,13241,691200,0.9808434606481482,125071,1,91418,1,8380,1,283051,1,7216,1,99991,1,7472,1,1541,1,51339,1,2271,1,209,1
train,0006R0_f03510.png,672408,18792,0,18792,691200,0.9728125,148548,1,44614,1,17323,1,242317,1,3932,1,114660,1,11458,1,3514,1,82605,1,1283,1,2154,1
train,0006R0_f03540.png,676076,15124,0,15124,691200,0.978119212962963,147678,1,44623,1,25718,1,243654,1,9010,1,105861,1,14971,1,5725,1,74213,1,542,1,4081,1
train,0006R0_f03570.png,671799,19401,0,19401,691200,0.9719314236111111,131866,1,45739,1,8522,1,300247,1,22650,1,116005,1,10276,1,5978,1,23069,1,625,1,6822,1
train,0006R0_f03600.png,672882,18318,0,18318,691200,0.9734982638888889,128763,1,46431,1,11917,1,296502,1,32169,1,106209,1,14011,1,6813,1,28952,1,700,1,415,1
train,0006R0_f03630.png,670530,20670,0,20670,691200,0.9700954861111111,158781,1,41659,1,11992,1,251863,1,37200,1,107847,1,19923,1,8100,1,32369,1,796,1,0,0
train,0006R0_f03660.png,668086,23114,0,23114,691200,0.9665596064814815,165442,1,19074,1,15641,1,235973,1,34988,1,129242,1,28395,1,10998,1,27661,1,672,1,0,0
train,0006R0_f03810.png,660243,30957,0,30957,691200,0.9552126736111111,149316,1,24409,1,15493,1,199604,1,37382,1,165516,1,21994,1,25482,1,15984,1,5063,1,0,0
train,0006R0_f03840.png,673009,18191,0,18191,691200,0.9736820023148148,172579,1,28814,1,11014,1,204716,1,29417,1,104279,1,57449,1,38417,1,24182,1,2142,1,0,0
train,0006R0_f03870.png,685408,5792,0,5792,691200,0.9916203703703703,194588,1,33923,1,14141,1,210823,1,28710,1,86915,1,10267,1,65250,1,37111,1,3680,1,0,0
train,0006R0_f03900.png,683925,7275,0,7275,691200,0.9894748263888888,232351,1,37862,1,16265,1,205520,1,24280,1,46105,1,15378,1,27563,1,72120,1,6481,1,0,0
train,0006R0_f03930.png,685656,5544,0,5544,691200,0.9919791666666666,233466,1,42238,1,15045,1,218629,1,33889,1,49585,1,26363,1,23952,1,42489,1,0,0,0,0
train,0016E5_00390.png,668272,22928,0,22928,691200,0.9668287037037037,167057,1,161835,1,8248,1,223529,1,65674,1,21746,1,6296,1,0,0,4881,1,0,0,9006,1
train,0016E5_00540.png,687442,3758,0,3758,691200,0.9945630787037038,85846,1,249568,1,4549,1,263252,1,20988,1,21238,1,4174,1,32388,1,5439,1,0,0,0,0
train,0016E5_00570.png,674251,16949,0,16949,691200,0.9754788773148149,49592,1,197454,1,3429,1,218467,1,25729,1,88074,1,0,0,85246,1,4505,1,1755,1,0,0
train,0016E5_00600.png,659851,31349,0,31349,691200,0.9546455439814815,114057,1,102252,1,3883,1,204383,1,29544,1,106283,1,0,0,87308,1,8438,1,3703,1,0,0
train,0016E5_00630.png,631694,59506,0,59506,691200,0.9139091435185185,185040,1,49523,1,3377,1,203191,1,45006,1,65334,1,0,0,61479,1,6524,1,1298,1,10922,1
train,0016E5_00660.png,635800,55400,0,55400,691200,0.9198495370370371,223975,1,62234,1,3202,1,200806,1,60855,1,27765,1,113,1,42588,1,10429,1,199,1,3634,1
train,0016E5_00690.png,667380,23820,0,23820,691200,0.9655381944444444,232555,1,81293,1,5590,1,208792,1,64326,1,33993,1,83,1,35305,1,4473,1,970,1,0,0
train,0016E5_00840.png,678930,12270,0,12270,691200,0.9822482638888889,207875,1,69286,1,6920,1,203200,1,70259,1,23516,1,2642,1,33995,1,61237,1,0,0,0,0
train,0016E5_00870.png,687104,4096,0,4096,691200,0.9940740740740741,208266,1,98814,1,5383,1,202454,1,77950,1,45410,1,1631,1,45607,1,1501,1,55,1,33,1
train,0016E5_00901.png,679662,11538,0,11538,691200,0.9833072916666666,199908,1,132231,1,7215,1,210661,1,69649,1,17897,1,3625,1,32012,1,6464,1,0,0,0,0
train,0016E5_00930.png,686418,4782,0,4782,691200,0.9930815972222222,180351,1,114295,1,10538,1,220801,1,74579,1,34920,1,19614,1,25858,1,5329,1,0,0,133,1
train,0016E5_00960.png,685890,5310,0,5310,691200,0.9923177083333333,183999,1,149734,1,10650,1,224150,1,60753,1,21758,1,1074,1,32537,1,1235,1,0,0,0,0
train,0016E5_00990.png,685245,5955,0,5955,691200,0.9913845486111111,167071,1,156925,1,6021,1,238601,1,64152,1,16835,1,864,1,32064,1,2098,1,449,1,165,1
train,0016E5_01140.png,679922,11278,0,11278,691200,0.9836834490740741,176542,1,104312,1,13000,1,208481,1,103064,1,55583,1,3808,1,5945,1,8052,1,975,1,160,1
train,0016E5_01170.png,679822,11378,0,11378,691200,0.9835387731481482,195412,1,97086,1,10049,1,205218,1,104045,1,44385,1,6968,1,4789,1,10644,1,1063,1,163,1
train,0016E5_01200.png,679920,11280,0,11280,691200,0.9836805555555556,200625,1,96539,1,10066,1,186524,1,104581,1,57457,1,3884,1,2944,1,15838,1,1285,1,177,1
train,0016E5_01230.png,675678,15522,0,15522,691200,0.9775434027777777,192194,1,99313,1,10138,1,176571,1,106210,1,62097,1,4513,1,2330,1,20653,1,1475,1,184,1
train,0016E5_01260.png,676373,14827,0,14827,691200,0.978548900462963,186384,1,102429,1,11197,1,177060,1,104752,1,59887,1,4562,1,2268,1,26440,1,1267,1,127,1
train,0016E5_01290.png,673962,17238,0,17238,691200,0.9750607638888888,183102,1,103535,1,10269,1,181955,1,91722,1,58940,1,5578,1,2487,1,34941,1,1305,1,128,1
train,0016E5_01440.png,681435,9765,0,9765,691200,0.9858723958333333,131171,1,122465,1,13217,1,241154,1,39878,1,70850,1,13014,1,8918,1,37335,1,3299,1,134,1
train,0016E5_01470.png,681803,9397,0,9397,691200,0.9864048032407408,116205,1,137263,1,21772,1,245719,1,38134,1,71827,1,10367,1,12963,1,24878,1,2576,1,99,1
train,0016E5_01500.png,685343,5857,0,5857,691200,0.9915263310185185,118527,1,133950,1,4209,1,235931,1,24030,1,92215,1,4455,1,24311,1,41847,1,5700,1,168,1
train,0016E5_01530.png,687979,3221,0,3221,691200,0.995339988425926,106154,1,138994,1,10192,1,216334,1,24856,1,94765,1,7275,1,54394,1,29345,1,5403,1,267,1
train,0016E5_01560.png,687231,3969,0,3969,691200,0.9942578125,104051,1,140665,1,1776,1,206974,1,21580,1,87960,1,2594,1,71720,1,46387,1,3297,1,227,1
train,0016E5_01590.png,685866,5334,0,5334,691200,0.9922829861111111,102921,1,147023,1,2809,1,198121,1,27608,1,64673,1,2232,1,96501,1,38060,1,5677,1,241,1
train,0016E5_01740.png,684312,6888,0,6888,691200,0.9900347222222222,130604,1,152528,1,3149,1,199803,1,85619,1,48842,1,3914,1,42118,1,16302,1,713,1,720,1
train,0016E5_01770.png,680954,10246,0,10246,691200,0.9851765046296296,119908,1,162819,1,4468,1,200033,1,83531,1,54010,1,3884,1,29808,1,20061,1,1016,1,1416,1
train,0016E5_01800.png,682300,8900,0,8900,691200,0.9871238425925926,109531,1,208505,1,8540,1,209560,1,83581,1,40880,1,3505,1,421,1,13414,1,2521,1,1842,1
train,0016E5_01830.png,684706,6494,0,6494,691200,0.9906047453703704,88521,1,221401,1,3727,1,225147,1,69738,1,30580,1,6008,1,2928,1,22192,1,5007,1,9457,1
train,0016E5_01860.png,683599,7601,0,7601,691200,0.9890031828703704,85081,1,193164,1,5848,1,243239,1,39897,1,58418,1,4566,1,11696,1,23089,1,10868,1,7733,1
train,0016E5_01890.png,672065,19135,0,19135,691200,0.972316261574074,67705,1,167969,1,8427,1,234743,1,42428,1,76770,1,8655,1,11831,1,34346,1,1375,1,17816,1
train,0016E5_02040.png,662643,28557,0,28557,691200,0.9586848958333334,73511,1,233012,1,10724,1,228420,1,47133,1,21364,1,14744,1,0,0,15494,1,18241,1,0,0
train,0016E5_02070.png,667737,23463,0,23463,691200,0.9660546875,62163,1,245543,1,8738,1,231217,1,57323,1,34574,1,9128,1,0,0,18002,1,1049,1,0,0
train,0016E5_02100.png,684268,6932,0,6932,691200,0.9899710648148148,70373,1,213644,1,4997,1,220491,1,56472,1,66047,1,3896,1,2162,1,43127,1,3059,1,0,0
train,0016E5_02130.png,666010,25190,0,25190,691200,0.9635561342592592,72166,1,282327,1,2501,1,222274,1,48422,1,6463,1,12505,1,0,0,8693,1,10659,1,0,0
train,0016E5_02160.png,678100,13100,0,13100,691200,0.9810474537037037,94679,1,262780,1,13381,1,198526,1,40694,1,8214,1,20014,1,0,0,35892,1,3920,1,0,0
train,0016E5_02190.png,674835,16365,0,16365,691200,0.9763237847222223,101978,1,261381,1,2712,1,203359,1,54933,1,23481,1,1216,1,0,0,14663,1,11112,1,0,0
train,0016E5_02340.png,673914,17286,0,17286,691200,0.9749913194444444,143200,1,23554,1,11191,1,220144,1,63934,1,141307,1,5977,1,22274,1,40930,1,1027,1,376,1
train,0016E5_02370.png,668343,22857,0,22857,691200,0.9669314236111111,163816,1,50992,1,8708,1,253698,1,56641,1,98394,1,1006,1,19765,1,14805,1,125,1,393,1
train,0016E5_02400.png,610327,80873,0,80873,691200,0.8829962384259259,185936,1,51991,1,7571,1,273839,1,18887,1,32246,1,379,1,6765,1,32713,1,0,0,0,0
train,0016E5_04350.png,686632,4568,0,4568,691200,0.9933912037037037,123850,1,126165,1,6895,1,248602,1,7028,1,52879,1,6444,1,0,0,107773,1,5692,1,1304,1
train,0016E5_04380.png,688392,2808,0,2808,691200,0.9959375,123815,1,108062,1,7358,1,244309,1,4499,1,62872,1,7132,1,0,0,122018,1,7016,1,1311,1
train,0016E5_04410.png,688936,2264,0,2264,691200,0.996724537037037,123363,1,101746,1,7335,1,229412,1,4153,1,61368,1,7506,1,0,0,142803,1,9551,1,1699,1
train,0016E5_04560.png,689845,1355,0,1355,691200,0.9980396412037037,134237,1,137646,1,8179,1,229160,1,6377,1,44323,1,7989,1,0,0,115501,1,4601,1,1832,1
train,0016E5_04590.png,689751,1449,0,1449,691200,0.9979036458333334,135189,1,174315,1,11653,1,223965,1,16985,1,35575,1,9053,1,0,0,75751,1,4920,1,2345,1
train,0016E5_04620.png,689677,1523,0,1523,691200,0.9977965856481481,125494,1,176653,1,8457,1,245290,1,39424,1,53861,1,4452,1,0,0,25907,1,9823,1,316,1
train,0016E5_04650.png,689940,1260,0,1260,691200,0.9981770833333333,120422,1,196799,1,9077,1,263148,1,42501,1,41546,1,4227,1,0,0,5215,1,6651,1,354,1
train,0016E5_04680.png,689382,1818,0,1818,691200,0.9973697916666666,132428,1,200911,1,11787,1,276002,1,15573,1,21765,1,5858,1,0,0,15604,1,9059,1,395,1
train,0016E5_04710.png,689240,1960,0,1960,691200,0.9971643518518518,117644,1,192018,1,14466,1,257697,1,13052,1,22962,1,12898,1,0,0,56287,1,1776,1,440,1
train,0016E5_04860.png,686637,4563,0,4563,691200,0.9933984375,93833,1,224526,1,7625,1,286793,1,16192,1,28602,1,6769,1,0,0,8615,1,4132,1,9550,1
train,0016E5_04890.png,687687,3513,0,3513,691200,0.9949175347222222,96754,1,226304,1,9952,1,280964,1,18108,1,28796,1,6964,1,0,0,11370,1,2999,1,5476,1
train,0016E5_04920.png,686772,4428,0,4428,691200,0.99359375,96342,1,226744,1,7281,1,279228,1,17699,1,27427,1,6936,1,0,0,17942,1,2177,1,4996,1
train,0016E5_04950.png,687797,3403,0,3403,691200,0.9950766782407408,96941,1,226915,1,8065,1,279683,1,17540,1,25749,1,7838,1,0,0,22211,1,2855,1,0,0
train,0016E5_04980.png,687549,3651,0,3651,691200,0.9947178819444444,97172,1,221099,1,8087,1,277865,1,15446,1,28602,1,6778,1,0,0,30006,1,2494,1,0,0
train,0016E5_05010.png,685749,5451,0,5451,691200,0.9921137152777778,97409,1,213671,1,8939,1,264757,1,15675,1,28064,1,7267,1,0,0,47715,1,2252,1,0,0
train,0016E5_05160.png,689781,1419,0,1419,691200,0.9979470486111112,96414,1,210151,1,5669,1,240731,1,5502,1,28212,1,5587,1,0,0,95246,1,741,1,1528,1
train,0016E5_05190.png,689518,1682,0,1682,691200,0.9975665509259259,91417,1,203751,1,7323,1,244679,1,8869,1,28196,1,4224,1,0,0,97738,1,3321,1,0,0
train,0016E5_05220.png,685060,6140,0,6140,691200,0.9911168981481482,84494,1,225578,1,8375,1,285594,1,9910,1,28283,1,5462,1,0,0,35988,1,1376,1,0,0
train,0016E5_05250.png,684131,7069,0,7069,691200,0.9897728587962963,81470,1,219174,1,5592,1,277390,1,5420,1,31260,1,5144,1,0,0,48339,1,2832,1,7510,1
train,0016E5_05280.png,684549,6651,0,6651,691200,0.9903776041666666,76095,1,231754,1,5008,1,298067,1,9488,1,33877,1,6132,1,0,0,16914,1,2206,1,5008,1
train,0016E5_05310.png,683679,7521,0,7521,691200,0.9891189236111111,73973,1,230170,1,6415,1,293223,1,8592,1,33103,1,6208,1,0,0,27362,1,1536,1,3097,1
train,0016E5_05460.png,685596,5604,0,5604,691200,0.9918923611111111,74931,1,233088,1,6372,1,252227,1,8063,1,36099,1,7281,1,0,0,66538,1,997,1,0,0
train,0016E5_05490.png,684013,7187,0,7187,691200,0.9896021412037037,74265,1,221505,1,6447,1,264568,1,3828,1,32730,1,7178,1,0,0,69885,1,2721,1,886,1
train,0016E5_05520.png,685961,5239,0,5239,691200,0.9924204282407407,74707,1,232848,1,7155,1,258232,1,7826,1,36909,1,7201,1,0,0,60142,1,941,1,0,0
train,0016E5_05550.png,684932,6268,0,6268,691200,0.990931712962963,74837,1,221027,1,6410,1,267309,1,4248,1,31378,1,7048,1,0,0,69809,1,2866,1,0,0
train,0016E5_05580.png,687776,3424,0,3424,691200,0.9950462962962963,75717,1,231306,1,4998,1,236436,1,8107,1,36313,1,7433,1,0,0,86774,1,692,1,0,0
train,0016E5_05610.png,682826,8374,0,8374,691200,0.987884837962963,76168,1,219513,1,6483,1,260423,1,4286,1,31105,1,7109,1,0,0,74890,1,2849,1,0,0
train,0016E5_05760.png,691134,66,0,66,691200,0.9999045138888889,0,0,461831,1,0,0,172004,1,50959,1,0,0,0,0,0,0,3805,1,2535,1,0,0
train,0016E5_05790.png,689753,1447,0,1447,691200,0.9979065393518518,27962,1,405798,1,527,1,146294,1,89756,1,0,0,3664,1,0,0,8267,1,7485,1,0,0
train,0016E5_05820.png,687384,3816,0,3816,691200,0.9944791666666667,70273,1,313724,1,1732,1,186885,1,81094,1,0,0,5570,1,374,1,24961,1,2771,1,0,0
train,0016E5_05850.png,689015,2185,0,2185,691200,0.9968388310185186,72404,1,320573,1,2089,1,192112,1,77869,1,0,0,5038,1,154,1,13490,1,5163,1,123,1
train,0016E5_05880.png,688060,3140,0,3140,691200,0.995457175925926,71065,1,309924,1,2585,1,204083,1,78792,1,0,0,8661,1,129,1,1292,1,11395,1,134,1
train,0016E5_05910.png,689409,1791,0,1791,691200,0.9974088541666667,68086,1,293341,1,3416,1,221997,1,78232,1,0,0,13614,1,353,1,2411,1,7760,1,199,1
train,0016E5_06060.png,687011,4189,0,4189,691200,0.9939395254629629,75789,1,266704,1,5055,1,236948,1,55381,1,0,0,8809,1,12718,1,2773,1,22642,1,192,1
train,0016E5_06090.png,685200,6000,0,6000,691200,0.9913194444444444,79473,1,281918,1,2546,1,245235,1,48171,1,0,0,3347,1,13828,1,3646,1,6613,1,423,1
train,0016E5_06120.png,686991,4209,0,4209,691200,0.9939105902777777,85891,1,288214,1,3798,1,245317,1,41986,1,0,0,5692,1,0,0,5859,1,9298,1,936,1
train,0016E5_06150.png,686528,4672,0,4672,691200,0.9932407407407408,84654,1,274761,1,6414,1,247124,1,38962,1,0,0,8114,1,0,0,10597,1,11018,1,4884,1
train,0016E5_06180.png,685747,5453,0,5453,691200,0.9921108217592592,80649,1,268728,1,4688,1,249070,1,34951,1,0,0,11155,1,0,0,23175,1,13331,1,0,0
train,0016E5_06210.png,683476,7724,0,7724,691200,0.9888252314814815,74810,1,261696,1,4525,1,247212,1,15647,1,0,0,3336,1,0,0,66742,1,9508,1,0,0
train,0016E5_06360.png,677297,13903,0,13903,691200,0.9798857060185185,55997,1,259271,1,2132,1,215259,1,6566,1,0,0,11323,1,0,0,126326,1,423,1,0,0
train,0016E5_06390.png,673011,18189,0,18189,691200,0.9736848958333333,59999,1,279263,1,2931,1,208462,1,21053,1,0,0,6279,1,0,0,94414,1,610,1,0,0
train,0016E5_06420.png,668197,23003,0,23003,691200,0.9667201967592592,59459,1,260944,1,2143,1,210129,1,20645,1,0,0,4406,1,0,0,109156,1,1315,1,0,0
train,0016E5_06450.png,663469,27731,0,27731,691200,0.9598799189814815,58699,1,257935,1,2524,1,198460,1,22564,1,0,0,7346,1,0,0,113376,1,2565,1,0,0
train,0016E5_06480.png,654975,36225,0,36225,691200,0.9475911458333334,59529,1,237376,1,2337,1,186309,1,11820,1,0,0,5604,1,0,0,146882,1,4974,1,144,1
train,0016E5_06510.png,646580,44620,0,44620,691200,0.9354456018518519,57250,1,233446,1,3383,1,203376,1,16663,1,0,0,6163,1,0,0,113469,1,12569,1,261,1
train,0016E5_06660.png,489226,201974,0,201974,691200,0.7077922453703703,61631,1,148837,1,1868,1,225287,1,31166,1,0,0,4011,1,0,0,15555,1,753,1,118,1
train,0016E5_06690.png,479106,212094,0,212094,691200,0.6931510416666666,61629,1,130986,1,2589,1,228073,1,14017,1,0,0,5000,1,0,0,35893,1,749,1,170,1
train,0016E5_06720.png,474432,216768,0,216768,691200,0.6863888888888889,68418,1,127695,1,2401,1,201969,1,3414,1,0,0,3776,1,827,1,63527,1,2190,1,215,1
train,0016E5_06750.png,505875,185325,0,185325,691200,0.7318793402777778,72505,1,164156,1,4171,1,219220,1,28026,1,0,0,2459,1,1818,1,9918,1,3306,1,296,1
train,0016E5_06780.png,601582,89618,0,89618,691200,0.8703443287037037,76246,1,217822,1,3617,1,223402,1,23474,1,0,0,2097,1,17018,1,33783,1,3475,1,648,1
train,0016E5_06810.png,678137,13063,0,13063,691200,0.9811009837962963,80129,1,248385,1,2446,1,219528,1,27081,1,1354,1,4132,1,24516,1,64176,1,4454,1,1936,1
train,0016E5_06960.png,685390,5810,0,5810,691200,0.9915943287037037,80200,1,292340,1,3095,1,212749,1,44929,1,4251,1,6447,1,598,1,38994,1,1787,1,0,0
train,0016E5_06990.png,685619,5581,0,5581,691200,0.9919256365740741,76824,1,289768,1,5363,1,208832,1,61967,1,10291,1,7306,1,1235,1,21369,1,2664,1,0,0
train,0016E5_07020.png,681413,9787,0,9787,691200,0.9858405671296296,67699,1,232906,1,11462,1,213641,1,64184,1,15369,1,28281,1,4414,1,38604,1,4391,1,462,1
train,0016E5_07050.png,680251,10949,0,10949,691200,0.9841594328703703,70264,1,247061,1,6193,1,226953,1,78415,1,15637,1,3694,1,15124,1,7279,1,9154,1,477,1
train,0016E5_07080.png,683513,7687,0,7687,691200,0.9888787615740741,77510,1,254775,1,4075,1,192609,1,72395,1,3979,1,10195,1,1036,1,41995,1,23763,1,1181,1
train,0016E5_07110.png,683576,7624,0,7624,691200,0.9889699074074074,76131,1,264702,1,7754,1,252030,1,43642,1,3806,1,3221,1,2490,1,12120,1,12863,1,4817,1
train,0016E5_07260.png,679167,12033,0,12033,691200,0.9825911458333333,64072,1,269683,1,20021,1,219308,1,70096,1,9733,1,5249,1,4680,1,2608,1,13328,1,389,1
train,0016E5_07290.png,678433,12767,0,12767,691200,0.9815292245370371,63013,1,266084,1,25678,1,193889,1,93860,1,11608,1,2650,1,6106,1,4664,1,10488,1,393,1
train,0016E5_07320.png,678413,12787,0,12787,691200,0.9815002893518519,63789,1,266090,1,26128,1,191015,1,91833,1,13726,1,3019,1,2107,1,6465,1,13846,1,395,1
train,0016E5_07350.png,678993,12207,0,12207,691200,0.9823394097222222,69473,1,269227,1,16527,1,197234,1,90019,1,12145,1,3807,1,2894,1,5125,1,12128,1,414,1
train,0016E5_07380.png,677802,13398,0,13398,691200,0.9806163194444445,70953,1,255788,1,9958,1,230985,1,53071,1,18247,1,7564,1,3296,1,7916,1,19675,1,349,1
train,0016E5_07410.png,678445,12755,0,12755,691200,0.9815465856481481,75725,1,258315,1,10662,1,226177,1,53225,1,23741,1,1163,1,4892,1,12571,1,11523,1,451,1
train,0016E5_07560.png,679234,11966,0,11966,691200,0.9826880787037037,68466,1,164339,1,3509,1,220325,1,26728,1,103059,1,12802,1,7774,1,59697,1,11367,1,1168,1
train,0016E5_07590.png,682464,8736,0,8736,691200,0.9873611111111111,75377,1,206231,1,5499,1,229181,1,56313,1,69411,1,5618,1,216,1,13057,1,19921,1,1640,1
train,0016E5_07620.png,685054,6146,0,6146,691200,0.9911082175925926,50987,1,201237,1,2107,1,230627,1,56002,1,96282,1,6233,1,1016,1,15133,1,23440,1,1990,1
train,0016E5_07650.png,684410,6790,0,6790,691200,0.9901765046296296,53072,1,182474,1,3073,1,223950,1,59704,1,98603,1,5409,1,1624,1,15432,1,38488,1,2581,1
train,0016E5_07680.png,683992,7208,0,7208,691200,0.9895717592592592,58453,1,182499,1,5136,1,194063,1,67088,1,106708,1,9021,1,2000,1,21705,1,34110,1,3209,1
train,0016E5_07710.png,684608,6592,0,6592,691200,0.990462962962963,59245,1,173916,1,8025,1,186900,1,66199,1,102710,1,4772,1,3471,1,64255,1,10942,1,4173,1
train,0016E5_07860.png,677788,13412,0,13412,691200,0.9805960648148148,65005,1,93806,1,5928,1,211658,1,29404,1,128997,1,2644,1,29506,1,101711,1,2208,1,6921,1
train,0016E5_07890.png,679395,11805,0,11805,691200,0.9829210069444444,57836,1,118314,1,1142,1,218861,1,36510,1,126706,1,3947,1,30471,1,76154,1,2828,1,6626,1
train,0016E5_07920.png,678723,12477,0,12477,691200,0.9819487847222222,57913,1,159141,1,1672,1,222991,1,56399,1,124126,1,5736,1,27490,1,13407,1,2802,1,7046,1
train,0016E5_07959.png,689519,1681,0,1681,691200,0.9975679976851852,60229,1,211421,1,1479,1,195752,1,61031,1,102187,1,2834,1,16622,1,24532,1,4260,1,9172,1
train,0016E5_07961.png,687295,3905,0,3905,691200,0.9943504050925925,57609,1,211699,1,1550,1,193682,1,61188,1,102170,1,2868,1,15376,1,27713,1,4230,1,9210,1
train,0016E5_07963.png,686917,4283,0,4283,691200,0.9938035300925926,60182,1,209519,1,1705,1,190925,1,60729,1,98797,1,3057,1,15017,1,33450,1,4200,1,9336,1
train,0016E5_07973.png,688250,2950,0,2950,691200,0.9957320601851852,54726,1,210906,1,2400,1,192673,1,63912,1,101361,1,3519,1,13432,1,31647,1,3594,1,10080,1
train,0016E5_07975.png,688871,2329,0,2329,691200,0.9966304976851852,55117,1,211185,1,2043,1,194624,1,67214,1,102548,1,3544,1,15043,1,23763,1,3857,1,9933,1
train,0016E5_07977.png,688533,2667,0,2667,691200,0.9961414930555555,57082,1,214057,1,2421,1,197694,1,70589,1,98914,1,3724,1,17098,1,12821,1,3795,1,10338,1
train,0016E5_07979.png,676224,14976,0,14976,691200,0.9783333333333334,58081,1,213942,1,2794,1,199126,1,70666,1,90803,1,3748,1,16800,1,5638,1,3508,1,11118,1
train,0016E5_07981.png,689133,2067,0,2067,691200,0.9970095486111111,57067,1,221948,1,2528,1,207151,1,67111,1,92591,1,3907,1,16107,1,5990,1,3427,1,11306,1
train,0016E5_07983.png,676160,15040,0,15040,691200,0.9782407407407407,57865,1,213067,1,3075,1,203602,1,66384,1,91576,1,3450,1,15948,1,6813,1,3793,1,10587,1
train,0016E5_07993.png,683820,7380,0,7380,691200,0.9893229166666667,62998,1,216510,1,3459,1,192823,1,70912,1,92975,1,4846,1,15244,1,6486,1,4806,1,12761,1
train,0016E5_07995.png,685250,5950,0,5950,691200,0.9913917824074074,57396,1,215870,1,3567,1,194424,1,71093,1,100412,1,4640,1,13204,1,7181,1,5142,1,12321,1
train,0016E5_07997.png,690985,215,0,215,691200,0.9996889467592592,62061,1,219834,1,3441,1,196101,1,66372,1,96904,1,4574,1,14780,1,7440,1,5657,1,13821,1
train,0016E5_07999.png,673376,17824,0,17824,691200,0.974212962962963,59448,1,213768,1,2772,1,183995,1,73850,1,94846,1,4930,1,12898,1,8225,1,4911,1,13733,1
train,0016E5_08001.png,689463,1737,0,1737,691200,0.9974869791666666,57174,1,220829,1,2361,1,188415,1,72902,1,98075,1,5256,1,13330,1,9861,1,6817,1,14443,1
train,0016E5_08003.png,690354,846,0,846,691200,0.9987760416666667,62432,1,220661,1,2059,1,186341,1,73155,1,95580,1,5477,1,13396,1,10159,1,6519,1,14575,1
train,0016E5_08013.png,683470,7730,0,7730,691200,0.9888165509259259,60310,1,211260,1,3320,1,181765,1,72577,1,100364,1,6053,1,13331,1,11777,1,4335,1,18378,1
train,0016E5_08015.png,682496,8704,0,8704,691200,0.9874074074074074,64081,1,210627,1,3764,1,180861,1,72977,1,96402,1,6204,1,14929,1,12414,1,2671,1,17566,1
train,0016E5_08017.png,685762,5438,0,5438,691200,0.9921325231481481,64184,1,211442,1,3609,1,179835,1,73173,1,97730,1,6679,1,15721,1,15499,1,2681,1,15209,1
train,0016E5_08019.png,684417,6783,0,6783,691200,0.9901866319444445,64696,1,210321,1,4153,1,179023,1,74570,1,97731,1,6579,1,16867,1,16101,1,2998,1,11378,1
train,0016E5_08021.png,683446,7754,0,7754,691200,0.9887818287037037,66274,1,213162,1,3915,1,177715,1,71024,1,97392,1,6564,1,16727,1,16687,1,2905,1,11081,1
train,0016E5_08023.png,680418,10782,0,10782,691200,0.9844010416666666,65602,1,211410,1,3844,1,173859,1,72779,1,97304,1,6772,1,16999,1,17972,1,2966,1,10911,1
train,0016E5_08033.png,683814,7386,0,7386,691200,0.9893142361111111,65429,1,199531,1,4837,1,177001,1,70027,1,100985,1,8137,1,15610,1,27138,1,3674,1,11445,1
train,0016E5_08035.png,682318,8882,0,8882,691200,0.9871498842592593,63185,1,198461,1,4453,1,177395,1,69128,1,99100,1,8357,1,18429,1,28468,1,3782,1,11560,1
train,0016E5_08037.png,683319,7881,0,7881,691200,0.9885980902777778,62406,1,193508,1,4372,1,178349,1,69289,1,102163,1,7993,1,15621,1,34090,1,3820,1,11708,1
train,0016E5_08039.png,683048,8152,0,8152,691200,0.9882060185185185,62761,1,192867,1,4093,1,174881,1,66962,1,104034,1,8023,1,15710,1,37695,1,3992,1,12030,1
train,0016E5_08041.png,683682,7518,0,7518,691200,0.9891232638888889,64371,1,191886,1,3972,1,173244,1,65547,1,101756,1,7425,1,16001,1,43224,1,4036,1,12220,1
train,0016E5_08043.png,683074,8126,0,8126,691200,0.9882436342592592,65039,1,189816,1,4667,1,170761,1,64638,1,102687,1,6817,1,15069,1,47236,1,4094,1,12250,1
train,0016E5_08053.png,679146,12054,0,12054,691200,0.9825607638888889,67724,1,181604,1,4609,1,174524,1,66644,1,102392,1,7632,1,16330,1,40351,1,4968,1,12368,1
train,0016E5_08055.png,687260,3940,0,3940,691200,0.9942997685185185,66721,1,188917,1,4440,1,175896,1,66708,1,107608,1,7915,1,16459,1,35002,1,5029,1,12565,1
train,0016E5_08057.png,686034,5166,0,5166,691200,0.9925260416666667,63374,1,191366,1,5843,1,178042,1,63144,1,111126,1,8680,1,20187,1,27788,1,3766,1,12718,1
train,0016E5_08059.png,686961,4239,0,4239,691200,0.9938671875,66576,1,187143,1,7783,1,180560,1,69265,1,111059,1,10000,1,18215,1,18877,1,4838,1,12645,1
train,0016E5_08061.png,688772,2428,0,2428,691200,0.9964872685185185,68411,1,193846,1,8548,1,191584,1,72262,1,103927,1,8646,1,17587,1,5521,1,5418,1,13022,1
train,0016E5_08063.png,689955,1245,0,1245,691200,0.9981987847222222,68363,1,190315,1,6832,1,191459,1,71425,1,110283,1,8699,1,17889,1,5808,1,5766,1,13116,1
train,0016E5_08073.png,687888,3312,0,3312,691200,0.9952083333333334,70430,1,179254,1,7181,1,193996,1,69296,1,114615,1,7162,1,19103,1,7439,1,6743,1,12669,1
train,0016E5_08075.png,680495,10705,0,10705,691200,0.9845124421296296,71291,1,167644,1,8155,1,192731,1,67053,1,119358,1,7302,1,19109,1,7711,1,7127,1,13014,1
train,0016E5_08077.png,688444,2756,0,2756,691200,0.9960127314814815,73153,1,172426,1,8346,1,193009,1,67239,1,117430,1,8751,1,19369,1,7986,1,7680,1,13055,1
train,0016E5_08079.png,688476,2724,0,2724,691200,0.9960590277777778,72791,1,169599,1,7025,1,195436,1,64733,1,119741,1,9302,1,20037,1,8469,1,7877,1,13466,1
train,0016E5_08081.png,688541,2659,0,2659,691200,0.9961530671296296,71844,1,166895,1,5207,1,196552,1,65019,1,120731,1,9794,1,21468,1,8947,1,8505,1,13579,1
train,0016E5_08083.png,689127,2073,0,2073,691200,0.9970008680555555,67705,1,161447,1,5254,1,203645,1,62755,1,123474,1,10544,1,21442,1,9689,1,9068,1,14104,1
train,0016E5_08093.png,685891,5309,0,5309,691200,0.9923191550925926,70470,1,135956,1,6977,1,209005,1,55608,1,130000,1,16642,1,21570,1,11081,1,13269,1,15313,1
train,0016E5_08095.png,686385,4815,0,4815,691200,0.9930338541666667,70397,1,135987,1,1733,1,210633,1,53937,1,131779,1,17720,1,22030,1,12278,1,14446,1,15445,1
train,0016E5_08097.png,686271,4929,0,4929,691200,0.9928689236111111,69600,1,132395,1,1626,1,214354,1,51335,1,133492,1,17365,1,21551,1,13092,1,15508,1,15953,1
train,0016E5_08099.png,686191,5009,0,5009,691200,0.9927531828703704,71665,1,130817,1,1677,1,214701,1,50284,1,134799,1,13048,1,21534,1,13977,1,17151,1,16538,1
train,0016E5_08101.png,686048,5152,0,5152,691200,0.9925462962962963,68084,1,134197,1,2188,1,213953,1,50447,1,139402,1,7363,1,20847,1,13719,1,18070,1,17778,1
train,0016E5_08103.png,686529,4671,0,4671,691200,0.9932421875,71313,1,142356,1,1713,1,214768,1,50450,1,137473,1,1826,1,20781,1,14801,1,12758,1,18290,1
train,0016E5_08113.png,686634,4566,0,4566,691200,0.9933940972222223,69131,1,138498,1,2604,1,221404,1,45182,1,140938,1,2536,1,21416,1,17554,1,6158,1,21213,1
train,0016E5_08115.png,687043,4157,0,4157,691200,0.9939858217592593,68282,1,137558,1,2391,1,220449,1,44101,1,142190,1,2791,1,22596,1,17438,1,7108,1,22139,1
train,0016E5_08117.png,686234,4966,0,4966,691200,0.9928153935185186,69626,1,137055,1,2551,1,221323,1,40821,1,139019,1,2947,1,24365,1,16678,1,8017,1,23832,1
train,0016E5_08119.png,686283,4917,0,4917,691200,0.9928862847222222,68736,1,136479,1,3081,1,221839,1,40593,1,136808,1,3143,1,24837,1,17104,1,8540,1,25123,1
train,0016E5_08121.png,687538,3662,0,3662,691200,0.9947019675925926,65461,1,136173,1,2644,1,225317,1,40666,1,135742,1,3249,1,26678,1,16866,1,8148,1,26594,1
train,0016E5_08123.png,688313,2887,0,2887,691200,0.9958232060185185,57993,1,139404,1,3301,1,228061,1,44809,1,133714,1,3657,1,28344,1,15814,1,5589,1,27627,1
train,0016E5_08133.png,686675,4525,0,4525,691200,0.9934534143518519,58184,1,136154,1,4470,1,233127,1,39790,1,124253,1,5527,1,40513,1,9692,1,1264,1,33701,1
train,0016E5_08135.png,686331,4869,0,4869,691200,0.9929557291666666,60058,1,137344,1,4629,1,225253,1,40169,1,129908,1,5668,1,41456,1,9901,1,1485,1,30460,1
train,0016E5_08137.png,688929,2271,0,2271,691200,0.9967144097222222,63338,1,145801,1,5537,1,223042,1,39626,1,128478,1,6253,1,40713,1,11077,1,1257,1,23807,1
train,0016E5_08139.png,685638,5562,0,5562,691200,0.991953125,65917,1,140321,1,6037,1,225455,1,42998,1,126680,1,7511,1,41048,1,10616,1,1542,1,17513,1
train,0016E5_08141.png,685588,5612,0,5612,691200,0.9918807870370371,65575,1,146066,1,2260,1,229130,1,41880,1,125747,1,8001,1,41627,1,11905,1,1110,1,12287,1
train,0016E5_08143.png,685977,5223,0,5223,691200,0.9924435763888889,63323,1,146131,1,1853,1,229409,1,44245,1,130398,1,4783,1,41446,1,11730,1,1331,1,11328,1
train,0016E5_08153.png,685431,5769,0,5769,691200,0.9916536458333334,58308,1,159085,1,2140,1,231849,1,44571,1,123943,1,2411,1,39630,1,6384,1,1636,1,15474,1
train,0016E5_08155.png,685106,6094,0,6094,691200,0.9911834490740741,56095,1,159062,1,1882,1,229500,1,45954,1,126158,1,2513,1,39006,1,6562,1,1556,1,16818,1
train,0016E5_08157.png,685221,5979,0,5979,691200,0.9913498263888889,58483,1,161135,1,2075,1,225730,1,45462,1,125721,1,2661,1,37341,1,7156,1,1729,1,17728,1
train,0016E5_08159.png,684296,6904,0,6904,691200,0.990011574074074,60359,1,163302,1,2132,1,219876,1,46730,1,124275,1,2770,1,37090,1,7101,1,1531,1,19130,1
train,0016E5_08190.png,662412,28788,0,28788,691200,0.9583506944444444,50629,1,178866,1,4493,1,245056,1,46590,1,93503,1,9163,1,28794,1,952,1,4222,1,144,1
train,0016E5_08220.png,660883,30317,0,30317,691200,0.9561385995370371,50175,1,199600,1,6017,1,248871,1,41735,1,80634,1,5150,1,22083,1,1063,1,5379,1,176,1
train,0016E5_08370.png,540184,151016,0,151016,691200,0.7815162037037037,55047,1,146627,1,1566,1,247220,1,29925,1,0,0,7049,1,0,0,6237,1,44051,1,2462,1
train,0016E5_08400.png,611796,79404,0,79404,691200,0.8851215277777778,57323,1,205896,1,3413,1,266394,1,31533,1,0,0,15256,1,0,0,10306,1,15262,1,6413,1
train,0016E5_08430.png,685460,5740,0,5740,691200,0.9916956018518519,39444,1,308933,1,6367,1,254722,1,31607,1,0,0,7702,1,0,0,12009,1,11762,1,12914,1
train,0016E5_08460.png,676437,14763,0,14763,691200,0.9786414930555556,50982,1,264509,1,5671,1,238018,1,53777,1,10207,1,2432,1,0,0,8205,1,16053,1,26583,1
train,0016E5_08490.png,662739,28461,0,28461,691200,0.9588237847222222,78373,1,202508,1,14225,1,213856,1,92835,1,33284,1,4204,1,0,0,10364,1,13090,1,0,0
train,0016E5_08520.png,658625,32575,0,32575,691200,0.9528718171296297,109980,1,162377,1,31767,1,171190,1,92467,1,53643,1,2077,1,9779,1,10445,1,14900,1,0,0
train,Seq05VD_f00000.png,491882,199318,0,199318,691200,0.711634837962963,34513,1,32909,1,2203,1,215715,1,37395,1,100579,1,0,0,57341,1,11227,1,0,0,0,0
train,Seq05VD_f00030.png,657535,33665,0,33665,691200,0.951294849537037,55826,1,53394,1,6492,1,223375,1,69913,1,177140,1,4776,1,28082,1,38432,1,105,1,0,0
train,Seq05VD_f00060.png,624078,67122,0,67122,691200,0.902890625,69717,1,25135,1,11571,1,219238,1,67160,1,167980,1,2532,1,25145,1,35306,1,294,1,0,0
train,Seq05VD_f00090.png,627711,63489,0,63489,691200,0.9081467013888889,56707,1,14222,1,4712,1,207070,1,67776,1,197112,1,10470,1,27143,1,42214,1,285,1,0,0
train,Seq05VD_f00120.png,679430,11770,0,11770,691200,0.9829716435185185,64456,1,38251,1,5898,1,218340,1,86329,1,213864,1,16489,1,29878,1,5039,1,886,1,0,0
train,Seq05VD_f00150.png,667225,23975,0,23975,691200,0.9653139467592593,64950,1,50863,1,5083,1,208420,1,100750,1,199862,1,11332,1,15108,1,10000,1,857,1,0,0
train,Seq05VD_f00300.png,665501,25699,0,25699,691200,0.9628197337962963,138522,1,157506,1,16173,1,183166,1,76198,1,28383,1,2415,1,29134,1,32009,1,1995,1,0,0
train,Seq05VD_f00330.png,681971,9229,0,9229,691200,0.9866478587962964,144958,1,151026,1,6273,1,196842,1,89253,1,37646,1,3954,1,26372,1,18487,1,7160,1,0,0
train,Seq05VD_f00360.png,683387,7813,0,7813,691200,0.9886964699074074,164121,1,183652,1,5141,1,183524,1,85393,1,41454,1,6295,1,10786,1,2765,1,256,1,0,0
train,Seq05VD_f00390.png,684779,6421,0,6421,691200,0.9907103587962963,129710,1,160946,1,10971,1,217388,1,74614,1,48400,1,23645,1,16940,1,1736,1,429,1,0,0
train,Seq05VD_f00420.png,686346,4854,0,4854,691200,0.9929774305555555,126616,1,219766,1,4990,1,254096,1,32881,1,31769,1,1414,1,12499,1,1701,1,614,1,0,0
train,Seq05VD_f00450.png,685989,5211,0,5211,691200,0.9924609375,102382,1,225795,1,9405,1,202249,1,73439,1,50847,1,4448,1,15102,1,1295,1,1027,1,0,0
train,Seq05VD_f00600.png,687625,3575,0,3575,691200,0.9948278356481481,100317,1,304889,1,13285,1,182254,1,66968,1,13894,1,2434,1,0,0,2551,1,1033,1,0,0
train,Seq05VD_f00630.png,688266,2934,0,2934,691200,0.9957552083333333,91537,1,255735,1,3458,1,202484,1,66967,1,62944,1,1092,1,642,1,2383,1,742,1,282,1
train,Seq05VD_f00660.png,685559,5641,0,5641,691200,0.9918388310185186,94132,1,234819,1,5572,1,199125,1,69190,1,71844,1,1991,1,3960,1,3706,1,1220,1,0,0
train,Seq05VD_f00690.png,647548,43652,0,43652,691200,0.9368460648148148,82193,1,264997,1,2090,1,193219,1,75305,1,21211,1,111,1,0,0,1883,1,2540,1,3999,1
train,Seq05VD_f00720.png,672390,18810,0,18810,691200,0.9727864583333333,89586,1,248225,1,6294,1,201231,1,70535,1,37136,1,253,1,5594,1,11766,1,1628,1,142,1
train,Seq05VD_f00750.png,681856,9344,0,9344,691200,0.9864814814814815,97021,1,214596,1,4472,1,201925,1,67402,1,48025,1,987,1,30587,1,12910,1,3790,1,141,1
train,Seq05VD_f00900.png,678133,13067,0,13067,691200,0.9810951967592593,82027,1,272270,1,11499,1,208626,1,69344,1,11879,1,6446,1,0,0,5419,1,5560,1,5063,1
train,Seq05VD_f00930.png,684904,6296,0,6296,691200,0.9908912037037036,102709,1,253525,1,4858,1,207708,1,66206,1,36517,1,4858,1,0,0,1938,1,1617,1,4968,1
train,Seq05VD_f00960.png,685661,5539,0,5539,691200,0.9919864004629629,125320,1,251487,1,7902,1,203511,1,69858,1,8018,1,12301,1,0,0,3740,1,3524,1,0,0
train,Seq05VD_f00990.png,668090,23110,0,23110,691200,0.9665653935185186,115670,1,186981,1,12810,1,204358,1,83403,1,46230,1,264,1,0,0,15580,1,2794,1,0,0
train,Seq05VD_f01020.png,638637,52563,0,52563,691200,0.9239539930555556,81523,1,259556,1,11696,1,161582,1,69405,1,43630,1,823,1,0,0,1985,1,8437,1,0,0
train,Seq05VD_f01050.png,664911,26289,0,26289,691200,0.9619661458333333,78954,1,249555,1,9375,1,179250,1,85035,1,51757,1,4345,1,0,0,3416,1,3038,1,186,1
train,Seq05VD_f01200.png,681665,9535,0,9535,691200,0.986205150462963,113997,1,217528,1,7552,1,178338,1,74541,1,79207,1,1920,1,0,0,1108,1,7474,1,0,0
train,Seq05VD_f01230.png,667124,24076,0,24076,691200,0.9651678240740741,91923,1,285090,1,9662,1,187105,1,72090,1,13916,1,4497,1,0,0,1421,1,1420,1,0,0
train,Seq05VD_f01260.png,686801,4399,0,4399,691200,0.9936357060185185,81279,1,304607,1,10666,1,184460,1,71523,1,20095,1,10276,1,0,0,2114,1,1781,1,0,0
train,Seq05VD_f01290.png,679841,11359,0,11359,691200,0.9835662615740741,76298,1,264873,1,7635,1,219408,1,59333,1,37052,1,12663,1,0,0,2539,1,40,1,0,0
train,Seq05VD_f01320.png,684628,6572,0,6572,691200,0.9904918981481482,61663,1,266804,1,5303,1,181504,1,82184,1,80798,1,2157,1,0,0,3829,1,386,1,0,0
train,Seq05VD_f01350.png,682919,8281,0,8281,691200,0.9880193865740741,64259,1,214579,1,8850,1,174270,1,71310,1,122654,1,2438,1,483,1,24076,1,0,0,0,0
train,Seq05VD_f01500.png,686471,4729,0,4729,691200,0.993158275462963,115990,1,152750,1,11055,1,176944,1,90596,1,87992,1,4890,1,24155,1,20973,1,1126,1,0,0
train,Seq05VD_f01530.png,687716,3484,0,3484,691200,0.9949594907407407,110191,1,149322,1,9174,1,189065,1,92496,1,107602,1,3187,1,2559,1,21761,1,2359,1,0,0
train,Seq05VD_f01560.png,687806,3394,0,3394,691200,0.9950896990740741,70324,1,158184,1,12887,1,189953,1,83978,1,139708,1,4551,1,9168,1,12868,1,6185,1,0,0
train,Seq05VD_f01590.png,686438,4762,0,4762,691200,0.9931105324074074,56077,1,138139,1,6406,1,203034,1,78931,1,151129,1,2614,1,45572,1,1317,1,3219,1,0,0
train,Seq05VD_f01620.png,675337,15863,0,15863,691200,0.9770500578703704,73537,1,206434,1,10432,1,197770,1,72495,1,82379,1,5423,1,15022,1,4266,1,7579,1,0,0
train,Seq05VD_f01650.png,687548,3652,0,3652,691200,0.9947164351851852,69030,1,251644,1,4609,1,171482,1,90263,1,70842,1,3937,1,0,0,25127,1,614,1,0,0
train,Seq05VD_f01800.png,679285,11915,0,11915,691200,0.982761863425926,73709,1,202823,1,16260,1,193181,1,107056,1,68101,1,10168,1,0,0,753,1,7234,1,0,0
train,Seq05VD_f01830.png,681554,9646,0,9646,691200,0.9860445601851852,90645,1,223285,1,13213,1,205455,1,104040,1,22105,1,15763,1,0,0,951,1,6097,1,0,0
train,Seq05VD_f01860.png,680413,10787,0,10787,691200,0.9843938078703703,74658,1,212562,1,20595,1,211525,1,102087,1,31077,1,20303,1,0,0,1118,1,6488,1,0,0
train,Seq05VD_f01890.png,683015,8185,0,8185,691200,0.988158275462963,73920,1,212746,1,16723,1,218340,1,97300,1,32064,1,22950,1,0,0,1144,1,7828,1,0,0
train,Seq05VD_f01920.png,672192,19008,0,19008,691200,0.9725,82195,1,212298,1,16643,1,210772,1,98048,1,21909,1,21650,1,0,0,1566,1,7111,1,0,0
train,Seq05VD_f01950.png,678920,12280,0,12280,691200,0.9822337962962963,81667,1,210585,1,15151,1,207398,1,100083,1,32662,1,21638,1,0,0,1454,1,8282,1,0,0
train,Seq05VD_f02100.png,682806,8394,0,8394,691200,0.9878559027777778,82135,1,207680,1,23860,1,205256,1,99551,1,31112,1,21992,1,0,0,1984,1,9236,1,0,0
train,Seq05VD_f02130.png,685631,5569,0,5569,691200,0.9919429976851852,71358,1,216358,1,15802,1,202748,1,103402,1,43988,1,21384,1,0,0,2029,1,8562,1,0,0
train,Seq05VD_f02160.png,677812,13388,0,13388,691200,0.980630787037037,89240,1,211069,1,13656,1,208269,1,99012,1,24592,1,22322,1,0,0,2170,1,6827,1,655,1
train,Seq05VD_f02190.png,685923,5277,0,5277,691200,0.9923654513888889,78272,1,209598,1,21493,1,208412,1,98957,1,35837,1,23098,1,0,0,2484,1,7772,1,0,0
train,Seq05VD_f02220.png,680695,10505,0,10505,691200,0.9848017939814815,89859,1,214433,1,14635,1,211133,1,98169,1,24827,1,20496,1,0,0,1751,1,5392,1,0,0
train,Seq05VD_f02250.png,685106,6094,0,6094,691200,0.9911834490740741,82248,1,216759,1,16747,1,210632,1,98170,1,30648,1,21677,1,0,0,2652,1,5573,1,0,0
train,Seq05VD_f02400.png,687309,3891,0,3891,691200,0.9943706597222223,91907,1,216262,1,12466,1,197177,1,99415,1,25168,1,22213,1,0,0,19499,1,3202,1,0,0
train,Seq05VD_f02430.png,674845,16355,0,16355,691200,0.9763382523148149,77499,1,205851,1,13838,1,188235,1,96142,1,34701,1,19942,1,0,0,37743,1,894,1,0,0
train,Seq05VD_f02460.png,677045,14155,0,14155,691200,0.9795211226851852,70905,1,211838,1,14022,1,190094,1,95397,1,42433,1,19913,1,0,0,29399,1,2715,1,329,1
train,Seq05VD_f02490.png,676637,14563,0,14563,691200,0.9789308449074074,78009,1,214888,1,13728,1,208902,1,99950,1,35240,1,20288,1,0,0,2299,1,3333,1,0,0
train,Seq05VD_f02520.png,682815,8385,0,8385,691200,0.9878689236111111,84149,1,214090,1,13847,1,210997,1,100208,1,31088,1,20425,1,0,0,2216,1,5795,1,0,0
train,Seq05VD_f02550.png,677976,13224,0,13224,691200,0.9808680555555556,96972,1,215406,1,14292,1,208090,1,98159,1,16938,1,20451,1,0,0,1978,1,5690,1,0,0
train,Seq05VD_f02700.png,682324,8876,0,8876,691200,0.9871585648148148,80952,1,213589,1,15938,1,204937,1,97747,1,27069,1,21647,1,0,0,17182,1,3263,1,0,0
train,Seq05VD_f02730.png,682534,8666,0,8666,691200,0.9874623842592593,82482,1,217280,1,14175,1,200115,1,103215,1,23273,1,22862,1,0,0,17000,1,1313,1,819,1
train,Seq05VD_f02760.png,680598,10602,0,10602,691200,0.9846614583333333,81785,1,212083,1,13874,1,203090,1,96919,1,33032,1,20515,1,0,0,16621,1,2679,1,0,0
train,Seq05VD_f02790.png,683419,7781,0,7781,691200,0.9887427662037037,84969,1,208413,1,14378,1,199471,1,95460,1,29959,1,21635,1,0,0,26648,1,2394,1,92,1
train,Seq05VD_f02820.png,683187,8013,0,8013,691200,0.9884071180555556,82493,1,205827,1,13943,1,185522,1,92181,1,31211,1,21837,1,0,0,46698,1,3394,1,81,1
train,Seq05VD_f02850.png,672978,18222,0,18222,691200,0.9736371527777777,83379,1,214663,1,15930,1,209724,1,99444,1,22065,1,21106,1,0,0,3446,1,3221,1,0,0
train,Seq05VD_f03000.png,657006,34194,0,34194,691200,0.9505295138888888,99015,1,198087,1,13643,1,184739,1,54129,1,49713,1,12066,1,0,0,31115,1,14499,1,0,0
train,Seq05VD_f03030.png,662465,28735,0,28735,691200,0.9584273726851852,75997,1,179315,1,8368,1,169490,1,89336,1,81160,1,1648,1,0,0,51731,1,5420,1,0,0
train,Seq05VD_f03060.png,664975,26225,0,26225,691200,0.9620587384259259,68599,1,200134,1,10729,1,168982,1,97075,1,81508,1,5277,1,0,0,24656,1,8015,1,0,0
train,Seq05VD_f03090.png,670960,20240,0,20240,691200,0.9707175925925926,96781,1,245419,1,10756,1,170023,1,90626,1,27300,1,4030,1,0,0,24612,1,1413,1,0,0
train,Seq05VD_f03120.png,607062,84138,0,84138,691200,0.8782725694444444,76650,1,224100,1,8776,1,181643,1,91168,1,0,0,13256,1,0,0,5519,1,5950,1,0,0
train,Seq05VD_f03150.png,678117,13083,0,13083,691200,0.9810720486111111,74030,1,294350,1,11538,1,189506,1,90565,1,3427,1,5885,1,0,0,1700,1,7116,1,0,0
train,Seq05VD_f03300.png,679125,12075,0,12075,691200,0.9825303819444444,116172,1,200099,1,4398,1,245957,1,40751,1,58388,1,756,1,6061,1,550,1,5895,1,98,1
train,Seq05VD_f03330.png,683462,7738,0,7738,691200,0.9888049768518519,115493,1,124705,1,7668,1,250192,1,32673,1,114239,1,3557,1,32765,1,6,1,1849,1,315,1
train,Seq05VD_f03360.png,686113,5087,0,5087,691200,0.9926403356481481,154208,1,47012,1,1747,1,183098,1,75204,1,155868,1,0,0,59718,1,661,1,8007,1,590,1
train,Seq05VD_f03390.png,683244,7956,0,7956,691200,0.9884895833333334,173716,1,45774,1,4356,1,175611,1,73008,1,139132,1,0,0,67356,1,0,0,427,1,3864,1
train,Seq05VD_f03420.png,684106,7094,0,7094,691200,0.9897366898148148,187077,1,37493,1,936,1,177100,1,73812,1,141043,1,0,0,65381,1,0,0,616,1,648,1
train,Seq05VD_f03450.png,684722,6478,0,6478,691200,0.9906278935185185,171721,1,24174,1,1303,1,178443,1,69860,1,166734,1,0,0,65524,1,58,1,2353,1,4552,1
train,Seq05VD_f03600.png,690209,991,0,991,691200,0.998566261574074,177466,1,10768,1,4901,1,174655,1,67340,1,160105,1,750,1,93126,1,894,1,204,1,0,0
train,Seq05VD_f03630.png,685703,5497,0,5497,691200,0.9920471643518518,91590,1,47863,1,2657,1,187448,1,72595,1,225985,1,1479,1,54194,1,1757,1,135,1,0,0
train,Seq05VD_f03660.png,683228,7972,0,7972,691200,0.9884664351851852,111551,1,51760,1,8136,1,189723,1,72172,1,169888,1,4307,1,63357,1,11741,1,593,1,0,0
train,Seq05VD_f03690.png,684061,7139,0,7139,691200,0.9896715856481482,67145,1,59790,1,2137,1,201542,1,76510,1,211770,1,218,1,60599,1,3254,1,1096,1,0,0
train,Seq05VD_f03720.png,683616,7584,0,7584,691200,0.9890277777777777,95613,1,165469,1,4631,1,206916,1,74990,1,84687,1,1159,1,34121,1,16030,1,0,0,0,0
train,Seq05VD_f03750.png,691198,2,0,2,691200,0.9999971064814814,126535,1,253999,1,6495,1,210973,1,78061,1,1307,1,203,1,0,0,5202,1,8232,1,191,1
train,Seq05VD_f03900.png,690743,457,0,457,691200,0.9993388310185185,131130,1,255728,1,3620,1,211155,1,66699,1,16404,1,2855,1,0,0,1899,1,295,1,958,1
train,Seq05VD_f03930.png,689537,1663,0,1663,691200,0.9975940393518519,134989,1,216101,1,10216,1,227211,1,69996,1,12061,1,10067,1,0,0,2815,1,244,1,5837,1
train,Seq05VD_f03960.png,682861,8339,0,8339,691200,0.987935474537037,123890,1,206952,1,6519,1,277701,1,24386,1,21066,1,8148,1,5133,1,6694,1,735,1,1637,1
train,Seq05VD_f03990.png,680468,10732,0,10732,691200,0.9844733796296297,131170,1,199622,1,9480,1,237953,1,38045,1,39808,1,9248,1,0,0,6120,1,216,1,8806,1
train,Seq05VD_f04020.png,680438,10762,0,10762,691200,0.9844299768518519,130413,1,163316,1,9592,1,203791,1,73103,1,65170,1,21293,1,0,0,11173,1,2587,1,0,0
train,Seq05VD_f04050.png,680693,10507,0,10507,691200,0.9847989004629629,150492,1,195335,1,4475,1,210117,1,55438,1,19311,1,3783,1,0,0,41742,1,0,0,0,0
train,Seq05VD_f04200.png,627775,63425,0,63425,691200,0.9082392939814815,105174,1,183230,1,4785,1,228416,1,52832,1,49160,1,1393,1,888,1,1069,1,828,1,0,0
train,Seq05VD_f04230.png,676019,15181,0,15181,691200,0.9780367476851852,131348,1,224753,1,12164,1,234703,1,66598,1,0,0,2166,1,1452,1,1336,1,1499,1,0,0
train,Seq05VD_f04260.png,668252,22948,0,22948,691200,0.9667997685185186,138409,1,230417,1,10152,1,221410,1,53904,1,2366,1,2468,1,0,0,5974,1,3152,1,0,0
train,Seq05VD_f04290.png,652857,38343,0,38343,691200,0.9445269097222222,135355,1,222189,1,12166,1,189444,1,76051,1,0,0,1032,1,0,0,13694,1,2926,1,0,0
train,Seq05VD_f04320.png,656979,34221,0,34221,691200,0.9504904513888889,140594,1,219361,1,10500,1,180922,1,79819,1,0,0,2535,1,0,0,21451,1,1797,1,0,0
train,Seq05VD_f04350.png,683548,7652,0,7652,691200,0.9889293981481482,142324,1,208503,1,3383,1,174897,1,101091,1,8222,1,2110,1,0,0,29904,1,12790,1,324,1
train,Seq05VD_f04500.png,683437,7763,0,7763,691200,0.9887688078703704,149471,1,179797,1,5414,1,186642,1,82934,1,54704,1,4980,1,0,0,14881,1,4614,1,0,0
train,Seq05VD_f04530.png,675471,15729,0,15729,691200,0.9772439236111111,147516,1,205523,1,6997,1,190226,1,69916,1,36677,1,1149,1,0,0,7945,1,9522,1,0,0
train,Seq05VD_f04560.png,668860,22340,0,22340,691200,0.9676793981481482,158193,1,153349,1,3852,1,196850,1,89267,1,52432,1,4047,1,0,0,5220,1,5650,1,0,0
train,Seq05VD_f04590.png,672843,18357,0,18357,691200,0.9734418402777778,155619,1,187445,1,4787,1,215259,1,54347,1,8741,1,5803,1,0,0,40703,1,139,1,0,0
train,Seq05VD_f04620.png,661375,29825,0,29825,691200,0.9568504050925926,137418,1,211331,1,8750,1,187297,1,85646,1,2146,1,3828,1,0,0,20154,1,4632,1,173,1
train,Seq05VD_f04650.png,673341,17859,0,17859,691200,0.9741623263888889,130876,1,209186,1,11128,1,205668,1,78742,1,6857,1,17738,1,0,0,10140,1,2502,1,504,1
train,Seq05VD_f04800.png,657893,33307,0,33307,691200,0.9518127893518519,144420,1,173035,1,4558,1,215705,1,45716,1,60554,1,6116,1,0,0,4905,1,2884,1,0,0
train,Seq05VD_f04830.png,628406,62794,0,62794,691200,0.9091521990740741,121086,1,168101,1,7823,1,219858,1,54442,1,41841,1,3798,1,0,0,10034,1,1423,1,0,0
train,Seq05VD_f04860.png,645929,45271,0,45271,691200,0.9345037615740741,107944,1,155061,1,1509,1,207936,1,61231,1,79000,1,937,1,2040,1,25887,1,3989,1,395,1
train,Seq05VD_f04890.png,675071,16129,0,16129,691200,0.9766652199074074,107227,1,200901,1,3395,1,195106,1,70944,1,89022,1,1978,1,0,0,1372,1,4192,1,934,1
train,Seq05VD_f04920.png,642461,48739,0,48739,691200,0.9294864004629629,157336,1,163464,1,4322,1,194477,1,60329,1,30125,1,7524,1,0,0,2787,1,17327,1,4770,1
train,Seq05VD_f04950.png,665562,25638,0,25638,691200,0.9629079861111111,175567,1,184657,1,5479,1,197939,1,68478,1,20175,1,4222,1,2326,1,2874,1,3845,1,0,0
train,Seq05VD_f05100.png,665951,25249,0,25249,691200,0.963470775462963,145457,1,204628,1,5137,1,178356,1,61991,1,3280,1,11521,1,0,0,55517,1,64,1,0,0
val,0001TP_009030.png,648138,43062,0,43062,691200,0.9376996527777778,164946,1,38596,1,2973,1,101843,1,33520,1,123626,1,1288,1,0,0,177262,1,1732,1,2352,1
val,0001TP_009060.png,650914,40286,0,40286,691200,0.9417158564814815,154180,1,41377,1,3329,1,104616,1,32751,1,140493,1,1350,1,0,0,162662,1,6962,1,3194,1
val,0001TP_009270.png,638929,52271,0,52271,691200,0.9243764467592592,165562,1,49178,1,4095,1,71875,1,39732,1,178897,1,2760,1,0,0,107160,1,19153,1,517,1
val,0001TP_009300.png,638061,53139,0,53139,691200,0.9231206597222222,163706,1,56670,1,4826,1,70769,1,40365,1,177524,1,2917,1,0,0,107585,1,13326,1,373,1
val,0001TP_009870.png,640635,50565,0,50565,691200,0.9268446180555555,187865,1,122564,1,3274,1,131276,1,28600,1,86592,1,3859,1,5809,1,62276,1,8520,1,0,0
val,0001TP_009900.png,635710,55490,0,55490,691200,0.9197193287037037,192613,1,101469,1,3442,1,123459,1,30623,1,92132,1,5322,1,11833,1,64398,1,10419,1,0,0
val,0001TP_009930.png,628678,62522,0,62522,691200,0.9095457175925926,179695,1,98768,1,4315,1,135428,1,23999,1,116075,1,6544,1,17852,1,15627,1,12726,1,17649,1
val,0001TP_009960.png,634111,57089,0,57089,691200,0.9174059606481482,166076,1,148189,1,4426,1,114323,1,19017,1,122681,1,2439,1,18978,1,17504,1,5710,1,14768,1
val,0006R0_f01050.png,643377,47823,0,47823,691200,0.9308116319444445,149776,1,5382,1,3145,1,267430,1,2095,1,201422,1,1390,1,100,1,12637,1,0,0,0,0
val,0006R0_f01080.png,660559,30641,0,30641,691200,0.955669849537037,182397,1,4374,1,4334,1,273283,1,7879,1,168650,1,2195,1,5295,1,12152,1,0,0,0,0
val,0006R0_f01290.png,673615,17585,0,17585,691200,0.9745587384259259,135195,1,11030,1,3322,1,268794,1,2005,1,234609,1,1304,1,11572,1,5576,1,208,1,0,0
val,0006R0_f01320.png,673481,17719,0,17719,691200,0.9743648726851852,166895,1,14051,1,1612,1,265867,1,2787,1,205270,1,1701,1,9056,1,5993,1,249,1,0,0
val,0006R0_f01890.png,639483,51717,0,51717,691200,0.9251779513888889,136425,1,44910,1,11189,1,226880,1,0,0,129431,1,66075,1,0,0,24573,1,0,0,0,0
val,0006R0_f01920.png,680943,10257,0,10257,691200,0.9851605902777778,132859,1,58165,1,9191,1,258174,1,13943,1,158407,1,22671,1,0,0,27533,1,0,0,0,0
val,0006R0_f01950.png,673392,17808,0,17808,691200,0.9742361111111111,126645,1,52844,1,11907,1,237712,1,22352,1,154145,1,32965,1,0,0,34734,1,88,1,0,0
val,0006R0_f01980.png,682071,9129,0,9129,691200,0.9867925347222222,79545,1,76700,1,20055,1,178734,1,42065,1,196343,1,47232,1,0,0,41397,1,0,0,0,0
val,0006R0_f02550.png,685614,5586,0,5586,691200,0.9919184027777778,123190,1,57807,1,1110,1,222862,1,347,1,162122,1,1276,1,0,0,114609,1,2291,1,0,0
val,0006R0_f02580.png,686457,4743,0,4743,691200,0.9931380208333334,144800,1,67268,1,1229,1,232430,1,0,0,115413,1,1544,1,0,0,120602,1,3171,1,0,0
val,0006R0_f02790.png,689650,1550,0,1550,691200,0.9977575231481481,122253,1,149318,1,464,1,245466,1,3481,1,60123,1,522,1,0,0,105164,1,2859,1,0,0
val,0006R0_f02820.png,688434,2766,0,2766,691200,0.9959982638888889,130957,1,172254,1,529,1,236089,1,5753,1,36042,1,261,1,0,0,101905,1,4644,1,0,0
val,0006R0_f03390.png,674898,16302,0,16302,691200,0.9764149305555555,146173,1,84367,1,9350,1,263175,1,5680,1,93582,1,7483,1,1890,1,58071,1,5127,1,0,0
val,0006R0_f03420.png,679146,12054,0,12054,691200,0.9825607638888889,155329,1,64361,1,10460,1,244539,1,4075,1,107801,1,6376,1,1109,1,81551,1,2355,1,1190,1
val,0006R0_f03450.png,674035,17165,0,17165,691200,0.9751663773148148,163792,1,51128,1,13082,1,226096,1,4216,1,96576,1,7311,1,2875,1,106362,1,822,1,1775,1
val,0006R0_f03480.png,676431,14769,0,14769,691200,0.9786328125,156185,1,47384,1,13966,1,240603,1,4462,1,107269,1,10634,1,3402,1,89469,1,1676,1,1381,1
val,0016E5_00480.png,665064,26136,0,26136,691200,0.9621875,154506,1,151371,1,8135,1,243637,1,41218,1,45523,1,11917,1,0,0,6005,1,989,1,1763,1
val,0016E5_00510.png,666156,25044,0,25044,691200,0.9637673611111112,115706,1,188476,1,7006,1,253781,1,34111,1,33142,1,12503,1,7569,1,10592,1,253,1,3017,1
val,0016E5_00720.png,659442,31758,0,31758,691200,0.9540538194444445,225738,1,69636,1,4048,1,200368,1,67280,1,51454,1,1256,1,32765,1,3654,1,3243,1,0,0
val,0016E5_00750.png,674202,16998,0,16998,691200,0.9754079861111111,222226,1,60575,1,12636,1,191659,1,74697,1,63708,1,467,1,43695,1,4539,1,0,0,0,0
val,0016E5_01320.png,674924,16276,0,16276,691200,0.9764525462962963,188562,1,103455,1,12441,1,183996,1,85772,1,54590,1,6722,1,2545,1,36841,1,0,0,0,0
val,0016E5_01350.png,673523,17677,0,17677,691200,0.9744256365740741,178781,1,103639,1,12899,1,186291,1,82803,1,54443,1,8641,1,3223,1,41282,1,1521,1,0,0
val,0016E5_01380.png,674196,17004,0,17004,691200,0.9753993055555555,160616,1,120970,1,14405,1,194962,1,86560,1,54023,1,10940,1,4498,1,26796,1,426,1,0,0
val,0016E5_01410.png,681675,9525,0,9525,691200,0.9862196180555556,141083,1,115082,1,12080,1,204620,1,70323,1,65963,1,15404,1,5105,1,50621,1,1394,1,0,0
val,0016E5_01980.png,681788,9412,0,9412,691200,0.9863831018518519,64101,1,210878,1,8274,1,224316,1,55524,1,66464,1,18301,1,10672,1,18834,1,2041,1,2383,1
val,0016E5_02010.png,649336,41864,0,41864,691200,0.9394328703703704,66463,1,223898,1,13243,1,225249,1,54281,1,10001,1,36634,1,0,0,15286,1,4281,1,0,0
val,0016E5_02220.png,680003,11197,0,11197,691200,0.9838006365740741,122462,1,238286,1,5686,1,196375,1,72733,1,14604,1,2265,1,0,0,23355,1,4237,1,0,0
val,0016E5_02250.png,643156,48044,0,48044,691200,0.9304918981481481,161194,1,143465,1,5917,1,182575,1,73551,1,24264,1,6530,1,0,0,28888,1,16772,1,0,0
val,0016E5_04740.png,688489,2711,0,2711,691200,0.9960778356481481,105802,1,186466,1,11691,1,245472,1,11470,1,24204,1,16490,1,0,0,85315,1,1043,1,536,1
val,0016E5_04770.png,688729,2471,0,2471,691200,0.9964250578703704,104793,1,197694,1,7525,1,240347,1,9831,1,26645,1,16183,1,0,0,82400,1,1920,1,1391,1
val,0016E5_04800.png,688915,2285,0,2285,691200,0.9966941550925926,96865,1,214599,1,11339,1,261616,1,7368,1,27980,1,13816,1,0,0,48516,1,4152,1,2664,1
val,0016E5_04830.png,687980,3220,0,3220,691200,0.9953414351851851,93779,1,220202,1,7431,1,275218,1,12689,1,28683,1,8597,1,0,0,20224,1,3799,1,17358,1
val,0016E5_05400.png,685903,5297,0,5297,691200,0.9923365162037037,75573,1,227408,1,7231,1,257780,1,6932,1,35328,1,6731,1,0,0,66031,1,2382,1,507,1
val,0016E5_05430.png,685599,5601,0,5601,691200,0.9918967013888889,75124,1,235760,1,6553,1,277640,1,7034,1,32499,1,6887,1,0,0,40946,1,2906,1,250,1
val,0016E5_05640.png,684185,7015,0,7015,691200,0.9898509837962963,76364,1,234692,1,7178,1,289230,1,10743,1,36602,1,7031,1,0,0,19511,1,2834,1,0,0
val,0016E5_05670.png,684464,6736,0,6736,691200,0.9902546296296296,77868,1,236379,1,7815,1,282960,1,11699,1,36758,1,7675,1,0,0,22211,1,882,1,217,1
val,0016E5_06240.png,684434,6766,0,6766,691200,0.9902112268518518,74585,1,251292,1,4186,1,235515,1,677,1,0,0,3734,1,0,0,114140,1,305,1,0,0
val,0016E5_06270.png,683056,8144,0,8144,691200,0.9882175925925926,70993,1,263654,1,1654,1,234038,1,2722,1,0,0,6934,1,0,0,102750,1,311,1,0,0
val,0016E5_06300.png,681868,9332,0,9332,691200,0.9864988425925926,70320,1,257625,1,2803,1,232694,1,6878,1,0,0,10071,1,0,0,100313,1,1164,1,0,0
val,0016E5_06330.png,679736,11464,0,11464,691200,0.9834143518518519,65107,1,272452,1,3389,1,218854,1,4379,1,0,0,7085,1,0,0,108096,1,374,1,0,0
val,0016E5_06900.png,678482,12718,0,12718,691200,0.9816001157407407,94457,1,241519,1,2074,1,244974,1,37007,1,0,0,4177,1,26411,1,12199,1,15664,1,0,0
val,0016E5_06930.png,679337,11863,0,11863,691200,0.9828370949074074,84358,1,266622,1,2608,1,237673,1,42559,1,0,0,4605,1,22548,1,4618,1,13746,1,0,0
val,0016E5_07140.png,680142,11058,0,11058,691200,0.9840017361111111,75223,1,275265,1,11761,1,250990,1,41753,1,3792,1,1743,1,6320,1,7874,1,5223,1,198,1
val,0016E5_07170.png,680579,10621,0,10621,691200,0.9846339699074074,74663,1,284422,1,6714,1,237775,1,52452,1,4595,1,2438,1,5845,1,8045,1,3336,1,294,1
val,0016E5_07740.png,685416,5784,0,5784,691200,0.9916319444444445,60798,1,174605,1,1855,1,209189,1,71249,1,104176,1,2425,1,6972,1,25632,1,23338,1,5177,1
val,0016E5_07770.png,685285,5915,0,5915,691200,0.9914424189814814,74484,1,163501,1,1879,1,188574,1,59349,1,105830,1,842,1,8204,1,67783,1,8915,1,5924,1
val,0016E5_07800.png,684217,6983,0,6983,691200,0.9898972800925926,87421,1,138123,1,3224,1,193178,1,61252,1,101742,1,1307,1,18859,1,48399,1,24309,1,6403,1
val,0016E5_07830.png,681439,9761,0,9761,691200,0.9858781828703703,75193,1,128243,1,4890,1,205290,1,56078,1,116082,1,1718,1,26147,1,55048,1,5933,1,6817,1
val,0016E5_07989.png,675655,15545,0,15545,691200,0.9775101273148148,61576,1,216016,1,4610,1,189996,1,71499,1,90563,1,4321,1,14797,1,6435,1,4125,1,11717,1
val,0016E5_07991.png,678663,12537,0,12537,691200,0.9818619791666666,63973,1,211573,1,3243,1,191175,1,73972,1,92945,1,4283,1,14662,1,6770,1,4295,1,11772,1
val,0016E5_08005.png,688488,2712,0,2712,691200,0.9960763888888889,62760,1,218976,1,3074,1,189668,1,69177,1,93846,1,5247,1,15093,1,11267,1,4509,1,14871,1
val,0016E5_08007.png,685672,5528,0,5528,691200,0.9920023148148148,62129,1,218224,1,3381,1,186639,1,71467,1,96209,1,4523,1,13179,1,10122,1,4853,1,14946,1
val,0016E5_08045.png,681898,9302,0,9302,691200,0.9865422453703704,65606,1,187159,1,4516,1,170019,1,64979,1,101266,1,6788,1,15601,1,49279,1,4210,1,12475,1
val,0016E5_08047.png,688184,3016,0,3016,691200,0.995636574074074,54684,1,195247,1,5786,1,170708,1,68224,1,100387,1,6752,1,21301,1,48252,1,4043,1,12800,1
val,0016E5_08049.png,681034,10166,0,10166,691200,0.9852922453703704,65902,1,185828,1,3831,1,169746,1,65283,1,102115,1,6858,1,14924,1,49649,1,4472,1,12426,1
val,0016E5_08051.png,679071,12129,0,12129,691200,0.9824522569444445,63140,1,182634,1,4697,1,172435,1,65553,1,105322,1,7007,1,15028,1,45885,1,4903,1,12467,1
val,0016E5_08089.png,686764,4436,0,4436,691200,0.9935821759259259,66331,1,145928,1,8281,1,208222,1,56828,1,130247,1,13625,1,21429,1,10472,1,10785,1,14616,1
val,0016E5_08091.png,686756,4444,0,4444,691200,0.9935706018518519,69584,1,140308,1,6700,1,207571,1,56743,1,130199,1,15127,1,21960,1,11486,1,12078,1,15000,1
val,0016E5_08105.png,687010,4190,0,4190,691200,0.9939380787037037,69974,1,139994,1,2216,1,216862,1,48801,1,141187,1,1981,1,20219,1,15469,1,11269,1,19038,1
val,0016E5_08107.png,685831,5369,0,5369,691200,0.992232349537037,70218,1,142226,1,2292,1,218598,1,48876,1,140698,1,2068,1,17705,1,16754,1,7088,1,19308,1
val,0016E5_08145.png,685415,5785,0,5785,691200,0.9916304976851852,63567,1,151661,1,1946,1,227536,1,42566,1,131212,1,2186,1,41107,1,10243,1,1334,1,12057,1
val,0016E5_08147.png,686169,5031,0,5031,691200,0.9927213541666666,63341,1,153348,1,1681,1,226549,1,44595,1,130225,1,2156,1,40977,1,9022,1,1457,1,12818,1
val,0016E5_08149.png,685160,6040,0,6040,691200,0.9912615740740741,62578,1,158289,1,1679,1,226098,1,42932,1,129795,1,2199,1,39973,1,6727,1,1423,1,13467,1
val,0016E5_08151.png,684709,6491,0,6491,691200,0.9906090856481482,62269,1,158503,1,1753,1,227472,1,45512,1,124520,1,2254,1,40079,1,6202,1,1732,1,14413,1
val,0016E5_08610.png,652420,38780,0,38780,691200,0.9438946759259259,105050,1,127009,1,3876,1,254283,1,34621,1,90021,1,5545,1,14265,1,6381,1,11369,1,0,0
val,0016E5_08640.png,631747,59453,0,59453,691200,0.9139858217592592,108677,1,123298,1,2699,1,248791,1,32922,1,86571,1,3961,1,9219,1,8268,1,7341,1,0,0
val,Seq05VD_f00180.png,681748,9452,0,9452,691200,0.9863252314814814,75187,1,32448,1,5812,1,269739,1,31053,1,189003,1,14133,1,21186,1,43003,1,184,1,0,0
val,Seq05VD_f00210.png,683017,8183,0,8183,691200,0.9881611689814814,88538,1,48789,1,8174,1,212743,1,95076,1,172462,1,5282,1,28012,1,21375,1,2566,1,0,0
val,Seq05VD_f00780.png,681139,10061,0,10061,691200,0.9854441550925926,91908,1,251167,1,8921,1,244805,1,34766,1,32415,1,2444,1,364,1,11166,1,3021,1,162,1
val,Seq05VD_f00810.png,671022,20178,0,20178,691200,0.9708072916666667,93168,1,287187,1,3548,1,203764,1,65114,1,2083,1,4687,1,824,1,1819,1,8469,1,359,1
val,Seq05VD_f00840.png,676187,15013,0,15013,691200,0.9782798032407407,102415,1,271901,1,7721,1,199674,1,69511,1,7458,1,4396,1,7719,1,2292,1,2509,1,591,1
val,Seq05VD_f00870.png,678246,12954,0,12954,691200,0.9812586805555555,97109,1,271376,1,4641,1,198598,1,71767,1,27767,1,1881,1,0,0,1280,1,2906,1,921,1
val,Seq05VD_f01440.png,686568,4632,0,4632,691200,0.9932986111111111,64551,1,127384,1,15643,1,243865,1,38943,1,116997,1,4010,1,52782,1,19700,1,2693,1,0,0
val,Seq05VD_f01470.png,689182,2018,0,2018,691200,0.9970804398148149,69410,1,127236,1,11001,1,175930,1,73933,1,131936,1,4647,1,39885,1,45625,1,9579,1,0,0
val,Seq05VD_f01680.png,687088,4112,0,4112,691200,0.9940509259259259,57962,1,217577,1,11397,1,183540,1,94700,1,110087,1,3917,1,0,0,6917,1,991,1,0,0
val,Seq05VD_f01710.png,656729,34471,0,34471,691200,0.9501287615740741,66833,1,178318,1,26931,1,185978,1,89994,1,84863,1,10431,1,0,0,11852,1,1529,1,0,0
val,Seq05VD_f02280.png,664940,26260,0,26260,691200,0.9620081018518518,88707,1,205200,1,17933,1,204531,1,98180,1,22838,1,18801,1,0,0,2138,1,6612,1,0,0
val,Seq05VD_f02310.png,664358,26842,0,26842,691200,0.961166087962963,96963,1,217349,1,14882,1,203934,1,98466,1,7061,1,19897,1,0,0,1563,1,4243,1,0,0
val,Seq05VD_f02340.png,679031,12169,0,12169,691200,0.9823943865740741,87480,1,211716,1,16388,1,203680,1,104417,1,28098,1,20804,1,0,0,2775,1,3673,1,0,0
val,Seq05VD_f02370.png,682446,8754,0,8754,691200,0.9873350694444445,82990,1,213844,1,11053,1,209247,1,97544,1,32630,1,19487,1,0,0,12747,1,2904,1,0,0
val,Seq05VD_f02940.png,680706,10494,0,10494,691200,0.9848177083333334,101328,1,221406,1,11478,1,227693,1,55940,1,40384,1,11318,1,0,0,6336,1,4823,1,0,0
val,Seq05VD_f02970.png,670084,21116,0,21116,691200,0.9694502314814815,88328,1,218834,1,9393,1,240666,1,33471,1,48096,1,10793,1,0,0,12382,1,8121,1,0,0
val,Seq05VD_f03180.png,684357,6843,0,6843,691200,0.9900998263888889,73914,1,316531,1,4884,1,187386,1,86618,1,10726,1,1262,1,822,1,2024,1,190,1,0,0
val,Seq05VD_f03210.png,679636,11564,0,11564,691200,0.983269675925926,98933,1,293229,1,8829,1,187716,1,72338,1,9186,1,2465,1,1014,1,5618,1,308,1,0,0
val,Seq05VD_f03780.png,677123,14077,0,14077,691200,0.9796339699074074,127970,1,260301,1,1208,1,197515,1,68969,1,0,0,956,1,0,0,17065,1,1929,1,1210,1
val,Seq05VD_f03810.png,689617,1583,0,1583,691200,0.9977097800925926,120550,1,274724,1,2443,1,210166,1,71339,1,1360,1,1299,1,0,0,649,1,0,0,7087,1
val,Seq05VD_f03840.png,672650,18550,0,18550,691200,0.9731626157407407,125855,1,259887,1,7801,1,199604,1,72299,1,1903,1,3715,1,0,0,1071,1,0,0,515,1
val,Seq05VD_f03870.png,656720,34480,0,34480,691200,0.9501157407407408,131488,1,251660,1,4432,1,185717,1,73696,1,6227,1,1522,1,0,0,1190,1,0,0,788,1
val,Seq05VD_f04440.png,690674,526,0,526,691200,0.9992390046296297,153082,1,214963,1,15740,1,172950,1,77592,1,22643,1,12068,1,0,0,11353,1,5802,1,4481,1
val,Seq05VD_f04470.png,679432,11768,0,11768,691200,0.9829745370370371,143626,1,191015,1,2093,1,190812,1,74101,1,42797,1,3217,1,0,0,8579,1,23192,1,0,0
val,Seq05VD_f04680.png,673188,18012,0,18012,691200,0.9739409722222222,114207,1,219132,1,13062,1,209817,1,70382,1,14811,1,3965,1,11884,1,13637,1,1535,1,756,1
val,Seq05VD_f04710.png,674629,16571,0,16571,691200,0.9760257523148148,109040,1,238649,1,5365,1,202465,1,69069,1,40628,1,1369,1,0,0,1905,1,4901,1,1238,1
test,0001TP_006690.png,662597,28603,0,28603,691200,0.9586183449074074,95196,1,259032,1,7609,1,64434,1,47344,1,9264,1,10155,1,0,0,166603,1,2960,1,0,0
test,0001TP_006720.png,657470,33730,0,33730,691200,0.9512008101851852,97030,1,272534,1,7109,1,78140,1,49287,1,11813,1,12149,1,0,0,125244,1,4164,1,0,0
test,0001TP_006750.png,654996,36204,0,36204,691200,0.9476215277777778,99559,1,283927,1,9373,1,88288,1,52269,1,11405,1,24943,1,0,0,75022,1,10210,1,0,0
test,0001TP_006780.png,659516,31684,0,31684,691200,0.9541608796296296,97460,1,267706,1,12395,1,95018,1,65035,1,13492,1,3947,1,0,0,98058,1,6405,1,0,0
test,0001TP_006810.png,656372,34828,0,34828,691200,0.9496122685185185,110121,1,254959,1,3866,1,74988,1,57251,1,20814,1,5424,1,0,0,114591,1,13988,1,370,1
test,0001TP_006840.png,650408,40792,0,40792,691200,0.9409837962962962,110568,1,211169,1,6245,1,87287,1,62119,1,22839,1,9384,1,0,0,134200,1,6222,1,375,1
test,0001TP_006870.png,647817,43383,0,43383,691200,0.9372352430555555,120091,1,163918,1,10911,1,85147,1,61654,1,39802,1,7211,1,0,0,145072,1,13826,1,185,1
test,0001TP_006900.png,647523,43677,0,43677,691200,0.9368098958333333,136074,1,107700,1,16794,1,92945,1,70131,1,53202,1,13741,1,0,0,152607,1,4329,1,0,0
test,0001TP_006930.png,645835,45365,0,45365,691200,0.9343677662037037,135606,1,116328,1,13536,1,100090,1,59388,1,82662,1,5576,1,0,0,129981,1,2341,1,327,1
test,0001TP_006960.png,640455,50745,0,50745,691200,0.9265842013888889,122981,1,108344,1,13319,1,144172,1,14848,1,115736,1,9869,1,0,0,102708,1,8098,1,380,1
test,0001TP_006990.png,626924,64276,0,64276,691200,0.9070081018518519,112123,1,90461,1,26091,1,127977,1,30801,1,120168,1,23099,1,0,0,91828,1,4056,1,320,1
test,0001TP_007020.png,606145,85055,0,85055,691200,0.8769458912037037,111459,1,124022,1,15240,1,134378,1,18400,1,147309,1,11367,1,0,0,42509,1,1051,1,410,1
test,0001TP_007050.png,618565,72635,0,72635,691200,0.8949146412037037,91938,1,142179,1,13109,1,141923,1,40419,1,154156,1,15295,1,0,0,15865,1,2016,1,1665,1
test,0001TP_007080.png,615946,75254,0,75254,691200,0.8911255787037037,82361,1,134516,1,22635,1,154921,1,34705,1,150999,1,10061,1,0,0,20145,1,3628,1,1975,1
test,0001TP_007110.png,622673,68527,0,68527,691200,0.9008579282407407,91331,1,107042,1,22964,1,121164,1,61175,1,128371,1,52152,1,0,0,29599,1,8355,1,520,1
test,0001TP_007140.png,623770,67430,0,67430,691200,0.9024450231481481,131831,1,112415,1,6744,1,113207,1,47854,1,146348,1,3332,1,0,0,46228,1,15234,1,577,1
test,0001TP_007170.png,647037,44163,0,44163,691200,0.9361067708333334,146875,1,91172,1,1362,1,116606,1,53645,1,164524,1,412,1,0,0,71219,1,439,1,783,1
test,0001TP_007200.png,632968,58232,0,58232,691200,0.9157523148148148,174053,1,78612,1,2834,1,119171,1,57251,1,154597,1,2857,1,0,0,41883,1,757,1,953,1
test,0001TP_007230.png,624479,66721,0,66721,691200,0.903470775462963,129727,1,58824,1,2702,1,115408,1,56446,1,236801,1,10382,1,0,0,10292,1,2840,1,1057,1
test,0001TP_007260.png,638917,52283,0,52283,691200,0.9243590856481482,99640,1,60043,1,3036,1,118564,1,55898,1,277363,1,5436,1,0,0,11373,1,5973,1,1591,1
test,0001TP_007290.png,619782,71418,0,71418,691200,0.8966753472222222,101624,1,34638,1,2504,1,127536,1,49994,1,274339,1,1889,1,0,0,19088,1,5789,1,2381,1
test,0001TP_007320.png,650837,40363,0,40363,691200,0.9416044560185185,117897,1,71979,1,5117,1,142546,1,33695,1,247468,1,5332,1,0,0,12671,1,10616,1,3516,1
test,0001TP_007350.png,649487,41713,0,41713,691200,0.9396513310185185,149973,1,71820,1,5711,1,148822,1,24663,1,201316,1,4985,1,0,0,29880,1,6659,1,5658,1
test,0001TP_007380.png,639545,51655,0,51655,691200,0.925267650462963,157672,1,87061,1,3467,1,160559,1,9030,1,168174,1,1405,1,0,0,33239,1,7789,1,11149,1
test,0001TP_007410.png,649822,41378,0,41378,691200,0.9401359953703704,162530,1,124257,1,5167,1,138829,1,17005,1,132346,1,3118,1,0,0,36107,1,706,1,29757,1
test,0001TP_007440.png,650401,40799,0,40799,691200,0.9409736689814815,145094,1,117030,1,4665,1,153359,1,23351,1,169484,1,5578,1,0,0,30768,1,1072,1,0,0
test,0001TP_007470.png,631943,59257,0,59257,691200,0.9142693865740741,139731,1,105187,1,1994,1,146631,1,27116,1,181971,1,334,1,8483,1,17925,1,2571,1,0,0
test,0001TP_007500.png,656814,34386,0,34386,691200,0.9502517361111111,138471,1,133205,1,3989,1,151133,1,27462,1,149685,1,1291,1,16345,1,32538,1,2695,1,0,0
test,0001TP_007530.png,656378,34822,0,34822,691200,0.9496209490740741,152590,1,126172,1,1645,1,141744,1,16895,1,101653,1,3292,1,21973,1,90414,1,0,0,0,0
test,0001TP_007560.png,653729,37471,0,37471,691200,0.9457884837962963,163897,1,97708,1,2601,1,144983,1,19691,1,125887,1,4946,1,15509,1,77967,1,540,1,0,0
test,0001TP_007590.png,648113,43087,0,43087,691200,0.9376634837962963,184613,1,142918,1,3259,1,148954,1,31430,1,106168,1,1364,1,17038,1,10033,1,2336,1,0,0
test,0001TP_007620.png,650746,40454,0,40454,691200,0.9414728009259259,196282,1,158863,1,5338,1,143263,1,34784,1,82027,1,2631,1,4516,1,17041,1,6001,1,0,0
test,0001TP_007650.png,647352,43848,0,43848,691200,0.9365625,194600,1,170373,1,2139,1,150296,1,31320,1,66248,1,3515,1,0,0,24665,1,4196,1,0,0
test,0001TP_007680.png,657851,33349,0,33349,691200,0.951752025462963,183348,1,212690,1,3706,1,143004,1,15097,1,30171,1,7158,1,378,1,56062,1,5963,1,274,1
test,0001TP_007710.png,648599,42601,0,42601,691200,0.9383666087962963,162589,1,159337,1,4005,1,118580,1,27825,1,81281,1,5234,1,685,1,73971,1,14710,1,382,1
test,0001TP_007740.png,653768,37432,0,37432,691200,0.9458449074074075,141546,1,196806,1,4898,1,133777,1,24406,1,56456,1,11157,1,2737,1,64252,1,17206,1,527,1
test,0001TP_007770.png,656565,34635,0,34635,691200,0.9498914930555555,154841,1,263443,1,1423,1,137723,1,31145,1,28540,1,8310,1,14517,1,14956,1,1056,1,611,1
test,0001TP_007800.png,661670,29530,0,29530,691200,0.957277199074074,166437,1,256958,1,2684,1,138390,1,22012,1,6321,1,13620,1,36983,1,14211,1,3026,1,1028,1
test,0001TP_007830.png,659727,31473,0,31473,691200,0.9544661458333333,162805,1,253828,1,3918,1,140351,1,24144,1,6949,1,25074,1,24618,1,15068,1,1925,1,1047,1
test,0001TP_007860.png,655288,35912,0,35912,691200,0.9480439814814815,150268,1,285047,1,3197,1,143954,1,20919,1,4363,1,8543,1,14983,1,18529,1,3831,1,1654,1
test,0001TP_007890.png,661140,30060,0,30060,691200,0.9565104166666667,139034,1,295337,1,1328,1,142556,1,29426,1,7232,1,12452,1,0,0,27539,1,3641,1,2595,1
test,0001TP_007920.png,657763,33437,0,33437,691200,0.9516247106481481,138378,1,287222,1,1777,1,134124,1,27037,1,10103,1,7648,1,0,0,42885,1,3784,1,4805,1
test,0001TP_007950.png,651601,39599,0,39599,691200,0.9427097800925925,120527,1,281220,1,2492,1,148890,1,29923,1,10141,1,10812,1,0,0,39044,1,1137,1,7415,1
test,0001TP_007980.png,649025,42175,0,42175,691200,0.9389829282407407,117778,1,273227,1,3876,1,146641,1,23278,1,11056,1,4509,1,0,0,58010,1,815,1,9835,1
test,0001TP_008010.png,654488,36712,0,36712,691200,0.9468865740740741,112864,1,279636,1,4992,1,151100,1,14651,1,14273,1,6090,1,0,0,62466,1,386,1,8030,1
test,0001TP_008040.png,656958,34242,0,34242,691200,0.9504600694444445,109022,1,285673,1,4829,1,153303,1,12839,1,17465,1,6918,1,0,0,60026,1,504,1,6379,1
test,0001TP_008070.png,656592,34608,0,34608,691200,0.9499305555555555,113930,1,283066,1,4940,1,143181,1,9889,1,15835,1,7188,1,0,0,72908,1,393,1,5262,1
test,0001TP_008100.png,659777,31423,0,31423,691200,0.9545384837962962,114706,1,276507,1,5326,1,128236,1,7221,1,16022,1,7064,1,0,0,99318,1,473,1,4904,1
test,0001TP_008130.png,667119,24081,0,24081,691200,0.9651605902777778,113848,1,301886,1,6042,1,99191,1,18244,1,12853,1,6413,1,0,0,108642,1,0,0,0,0
test,0001TP_008160.png,664731,26469,0,26469,691200,0.9617057291666666,115530,1,285861,1,4639,1,118500,1,13400,1,16129,1,6562,1,0,0,104110,1,0,0,0,0
test,0001TP_008190.png,661468,29732,0,29732,691200,0.9569849537037037,118534,1,303472,1,5279,1,133782,1,15348,1,12237,1,7204,1,0,0,60599,1,3013,1,2000,1
test,0001TP_008220.png,657537,33663,0,33663,691200,0.9512977430555556,119409,1,284364,1,4678,1,151715,1,9399,1,14752,1,7347,1,0,0,58609,1,5050,1,2214,1
test,0001TP_008250.png,659031,32169,0,32169,691200,0.9534592013888888,117441,1,302710,1,5918,1,156344,1,21018,1,16226,1,7240,1,0,0,26208,1,3959,1,1967,1
test,0001TP_008280.png,659911,31289,0,31289,691200,0.954732349537037,122836,1,291858,1,5548,1,139535,1,15782,1,16235,1,7226,1,0,0,28090,1,3555,1,29246,1
test,0001TP_008310.png,659732,31468,0,31468,691200,0.9544733796296296,122646,1,304002,1,6422,1,132074,1,23125,1,20283,1,9212,1,0,0,25790,1,4140,1,12038,1
test,0001TP_008340.png,661267,29933,0,29933,691200,0.9566941550925926,119907,1,294383,1,1327,1,134184,1,24172,1,17368,1,8787,1,0,0,44943,1,4281,1,11915,1
test,0001TP_008370.png,656998,34202,0,34202,691200,0.9505179398148148,117459,1,291001,1,1582,1,139221,1,21304,1,22587,1,4975,1,0,0,46554,1,5617,1,6698,1
test,0001TP_008400.png,665304,25896,0,25896,691200,0.9625347222222222,125137,1,241616,1,2325,1,111147,1,17385,1,26109,1,2391,1,0,0,127575,1,4905,1,6714,1
test,0001TP_008430.png,646605,44595,0,44595,691200,0.9354817708333333,127250,1,185781,1,2051,1,105908,1,3787,1,33200,1,455,1,0,0,167129,1,7376,1,13668,1
test,0001TP_008460.png,655279,35921,0,35921,691200,0.9480309606481482,120994,1,204058,1,3155,1,126049,1,10672,1,42324,1,1934,1,0,0,121256,1,18525,1,6312,1
test,0001TP_008490.png,654027,37173,0,37173,691200,0.9462196180555555,122975,1,250679,1,4700,1,135946,1,14036,1,48213,1,2714,1,0,0,65224,1,3226,1,6314,1
test,0001TP_008520.png,657038,34162,0,34162,691200,0.9505758101851852,131164,1,223914,1,5024,1,133247,1,10641,1,59273,1,4032,1,0,0,77905,1,5019,1,6819,1
test,0001TP_008550.png,652103,39097,0,39097,691200,0.9434360532407408,144649,1,211756,1,4004,1,143741,1,24083,1,69611,1,8091,1,0,0,32978,1,5690,1,7500,1
test,0001TP_008580.png,652406,38794,0,38794,691200,0.9438744212962963,167855,1,164370,1,5439,1,134818,1,36621,1,96553,1,10112,1,0,0,23487,1,4305,1,8846,1
test,0001TP_008610.png,637766,53434,0,53434,691200,0.9226938657407407,188167,1,114239,1,3727,1,143061,1,32218,1,121371,1,78,1,0,0,7115,1,14735,1,13055,1
test,0001TP_008640.png,639686,51514,0,51514,691200,0.9254716435185185,138255,1,88640,1,5683,1,141807,1,25836,1,192775,1,117,1,0,0,8054,1,3327,1,35192,1
test,0001TP_008670.png,647156,44044,0,44044,691200,0.9362789351851852,128145,1,95084,1,2687,1,152146,1,34036,1,215431,1,1681,1,0,0,9608,1,8338,1,0,0
test,0001TP_008700.png,647785,43415,0,43415,691200,0.9371889467592592,107557,1,158477,1,2911,1,157246,1,23793,1,175678,1,4215,1,0,0,12696,1,5212,1,0,0
test,0001TP_008730.png,648698,42502,0,42502,691200,0.938509837962963,127006,1,128120,1,4172,1,151639,1,32922,1,167069,1,1231,1,0,0,20607,1,15932,1,0,0
test,0001TP_008760.png,643934,47266,0,47266,691200,0.9316174768518518,144325,1,103138,1,2070,1,165883,1,19657,1,164234,1,2002,1,0,0,30620,1,12005,1,0,0
test,0001TP_008790.png,648684,42516,0,42516,691200,0.9384895833333333,130382,1,87839,1,2437,1,141750,1,20859,1,200282,1,2675,1,0,0,48106,1,14354,1,0,0
test,0001TP_008820.png,637856,53344,0,53344,691200,0.9228240740740741,145556,1,75583,1,3412,1,126363,1,31005,1,196803,1,3941,1,0,0,41259,1,13934,1,0,0
test,0001TP_008850.png,638467,52733,0,52733,691200,0.9237080439814814,145232,1,70353,1,4574,1,119001,1,38190,1,194077,1,6253,1,0,0,43643,1,17144,1,0,0
test,0001TP_008880.png,641692,49508,0,49508,691200,0.9283738425925926,149736,1,58960,1,5339,1,109160,1,35435,1,191696,1,9169,1,0,0,51784,1,5746,1,24667,1
test,0001TP_008910.png,638500,52700,0,52700,691200,0.9237557870370371,155180,1,65314,1,2197,1,101276,1,31788,1,183079,1,1976,1,0,0,65872,1,5701,1,26117,1
test,0001TP_008940.png,647604,43596,0,43596,691200,0.9369270833333333,142966,1,66551,1,2461,1,95687,1,38248,1,197145,1,1659,1,0,0,85230,1,7351,1,10306,1
test,0001TP_008970.png,654507,36693,0,36693,691200,0.9469140625,141590,1,65333,1,2833,1,85311,1,40737,1,200607,1,1220,1,0,0,108397,1,3420,1,5059,1
test,0001TP_009000.png,650627,40573,0,40573,691200,0.941300636574074,151921,1,52490,1,2353,1,88323,1,40090,1,167323,1,1260,1,0,0,142791,1,1297,1,2779,1
test,0001TP_009090.png,646128,45072,0,45072,691200,0.9347916666666667,159000,1,45572,1,3374,1,108175,1,31817,1,140099,1,2078,1,0,0,143430,1,7035,1,5548,1
test,0001TP_009120.png,644218,46982,0,46982,691200,0.9320283564814815,159635,1,49911,1,3893,1,96458,1,34502,1,152242,1,2207,1,0,0,117314,1,7935,1,20121,1
test,0001TP_009150.png,648250,42950,0,42950,691200,0.9378616898148148,168320,1,49534,1,3749,1,88450,1,34715,1,158690,1,2467,1,0,0,130948,1,11377,1,0,0
test,0001TP_009180.png,655335,35865,0,35865,691200,0.9481119791666667,159354,1,47848,1,4158,1,61674,1,34340,1,174056,1,2597,1,0,0,154926,1,16026,1,356,1
test,0001TP_009330.png,639782,51418,0,51418,691200,0.9256105324074074,165635,1,60189,1,4237,1,73032,1,40491,1,175547,1,2968,1,0,0,105618,1,11567,1,498,1
test,0001TP_009360.png,642262,48938,0,48938,691200,0.9291984953703704,165753,1,62068,1,4252,1,70741,1,41830,1,176807,1,2891,1,0,0,108413,1,8952,1,555,1
test,0001TP_009570.png,642517,48683,0,48683,691200,0.9295674189814814,166017,1,60477,1,4630,1,117118,1,42380,1,188854,1,2997,1,843,1,42848,1,14650,1,1703,1
test,0001TP_009600.png,650857,40343,0,40343,691200,0.9416333912037037,175379,1,72478,1,5695,1,117407,1,43412,1,164358,1,4215,1,351,1,50749,1,12085,1,4728,1
test,0001TP_009630.png,651490,39710,0,39710,691200,0.9425491898148148,154745,1,65976,1,6607,1,113016,1,46426,1,134504,1,4725,1,331,1,104324,1,20836,1,0,0
test,0001TP_009660.png,655602,35598,0,35598,691200,0.9484982638888889,133499,1,88025,1,7786,1,89770,1,52766,1,92389,1,5413,1,719,1,181661,1,3574,1,0,0
test,0001TP_010170.png,656032,35168,0,35168,691200,0.9491203703703703,140979,1,190976,1,4179,1,99789,1,36570,1,65025,1,238,1,25366,1,89196,1,3714,1,0,0
test,0001TP_010200.png,654075,37125,0,37125,691200,0.9462890625,111844,1,166724,1,6561,1,100091,1,41349,1,102994,1,370,1,22988,1,100454,1,700,1,0,0
test,0001TP_010230.png,631362,59838,0,59838,691200,0.9134288194444444,97955,1,176046,1,6259,1,104053,1,46331,1,128416,1,534,1,8479,1,63289,1,0,0,0,0
test,0001TP_010260.png,642773,48427,0,48427,691200,0.9299377893518519,89475,1,192152,1,11151,1,122203,1,60395,1,134864,1,1842,1,14544,1,15540,1,607,1,0,0
test,0006R0_f00990.png,666651,24549,0,24549,691200,0.9644835069444444,190716,1,0,0,8951,1,232714,1,54135,1,170513,1,287,1,0,0,9335,1,0,0,0,0
test,0006R0_f01020.png,656821,34379,0,34379,691200,0.9502618634259259,167247,1,182,1,2823,1,262779,1,13054,1,198954,1,764,1,594,1,10424,1,0,0,0,0
test,0006R0_f01350.png,667095,24105,0,24105,691200,0.9651258680555556,170740,1,18503,1,2509,1,277613,1,3286,1,178881,1,2149,1,5964,1,7131,1,319,1,0,0
test,0006R0_f01380.png,665668,25532,0,25532,691200,0.9630613425925926,158458,1,23804,1,3475,1,304844,1,8667,1,153941,1,2978,1,0,0,9070,1,431,1,0,0
test,0006R0_f01590.png,679652,11548,0,11548,691200,0.983292824074074,231659,1,61620,1,7058,1,283631,1,20095,1,68085,1,1432,1,0,0,6072,1,0,0,0,0
test,0006R0_f01620.png,672329,18871,0,18871,691200,0.9726982060185185,216100,1,68849,1,5087,1,266901,1,14415,1,92781,1,3939,1,0,0,4257,1,0,0,0,0
test,0006R0_f01650.png,667884,23316,0,23316,691200,0.9662673611111111,222041,1,36795,1,7711,1,262487,1,22054,1,102104,1,8570,1,0,0,6122,1,0,0,0,0
test,0006R0_f01680.png,673770,17430,0,17430,691200,0.9747829861111111,195585,1,26535,1,11655,1,254720,1,42875,1,120931,1,14457,1,0,0,6802,1,210,1,0,0
test,0006R0_f02190.png,681110,10090,0,10090,691200,0.9854021990740741,138600,1,30409,1,103,1,242964,1,0,0,138346,1,658,1,0,0,114116,1,15914,1,0,0
test,0006R0_f02220.png,680079,11121,0,11121,691200,0.9839105902777778,100541,1,35460,1,51,1,243003,1,0,0,183901,1,87,1,0,0,86530,1,30506,1,0,0
test,0006R0_f02250.png,682424,8776,0,8776,691200,0.9873032407407407,90480,1,41735,1,220,1,257474,1,0,0,196079,1,200,1,0,0,95711,1,525,1,0,0
test,0006R0_f02280.png,682151,9049,0,9049,691200,0.986908275462963,82405,1,46533,1,138,1,251713,1,0,0,203939,1,205,1,0,0,96769,1,449,1,0,0
test,0006R0_f02490.png,685617,5583,0,5583,691200,0.9919227430555555,70959,1,66882,1,1200,1,235034,1,0,0,197675,1,384,1,0,0,111539,1,1944,1,0,0
test,0006R0_f02520.png,683773,7427,0,7427,691200,0.9892549189814814,116482,1,49566,1,1191,1,224786,1,384,1,164373,1,839,1,0,0,124280,1,1872,1,0,0
test,0006R0_f02850.png,687930,3270,0,3270,691200,0.9952690972222222,132344,1,189116,1,1139,1,237907,1,6031,1,21302,1,0,0,0,0,94864,1,5227,1,0,0
test,0006R0_f02880.png,689618,1582,0,1582,691200,0.9977112268518519,132260,1,205856,1,1513,1,236666,1,6549,1,19591,1,0,0,0,0,81290,1,5893,1,0,0
test,0006R0_f03090.png,691142,58,0,58,691200,0.9999160879629629,4963,1,447606,1,5030,1,169424,1,59520,1,0,0,0,0,0,0,3306,1,1293,1,0,0
test,0006R0_f03120.png,691033,167,0,167,691200,0.9997583912037037,15941,1,426520,1,6970,1,169188,1,58744,1,0,0,0,0,0,0,4157,1,9513,1,0,0
test,0006R0_f03150.png,683588,7612,0,7612,691200,0.9889872685185185,45697,1,317536,1,8099,1,206831,1,48606,1,23661,1,1530,1,0,0,19077,1,12551,1,0,0
test,0006R0_f03180.png,680886,10314,0,10314,691200,0.985078125,112384,1,194054,1,10939,1,257178,1,28131,1,37608,1,4609,1,711,1,24910,1,10362,1,0,0
test,0006R0_f03690.png,669443,21757,0,21757,691200,0.9685228587962963,143775,1,24247,1,17602,1,241215,1,35349,1,149348,1,15661,1,14261,1,23239,1,1308,1,3438,1
test,0006R0_f03720.png,670294,20906,0,20906,691200,0.9697540509259259,149458,1,22552,1,15264,1,240009,1,31973,1,148132,1,17428,1,17381,1,19931,1,1389,1,6777,1
test,0006R0_f03750.png,669135,22065,0,22065,691200,0.9680772569444445,147532,1,22239,1,14681,1,231354,1,32028,1,155628,1,19860,1,17246,1,16794,1,2538,1,9235,1
test,0006R0_f03780.png,666999,24201,0,24201,691200,0.9649869791666666,142349,1,22292,1,16910,1,220903,1,33542,1,156156,1,27471,1,19589,1,13469,1,3511,1,10807,1
test,0016E5_00420.png,655453,35747,0,35747,691200,0.9482826967592592,114910,1,157331,1,4493,1,279764,1,42363,1,21506,1,3964,1,0,0,4297,1,0,0,26825,1
test,0016E5_00450.png,662524,28676,0,28676,691200,0.9585127314814815,181259,1,130764,1,9166,1,257206,1,28912,1,39638,1,5768,1,0,0,8204,1,610,1,997,1
test,0016E5_00780.png,648690,42510,0,42510,691200,0.9384982638888889,222888,1,58516,1,3715,1,190598,1,85169,1,48548,1,460,1,29270,1,7688,1,1838,1,0,0
test,0016E5_00810.png,675649,15551,0,15551,691200,0.9775014467592592,222270,1,87800,1,6407,1,192655,1,86637,1,16762,1,1324,1,40832,1,16174,1,4788,1,0,0
test,0016E5_01020.png,684241,6959,0,6959,691200,0.9899320023148148,167450,1,151641,1,7956,1,240506,1,62054,1,24628,1,1362,1,24923,1,2768,1,649,1,304,1
test,0016E5_01050.png,681399,9801,0,9801,691200,0.9858203125,176919,1,118210,1,4495,1,228660,1,71604,1,42724,1,1708,1,31650,1,4152,1,916,1,361,1
test,0016E5_01080.png,678761,12439,0,12439,691200,0.9820037615740741,164042,1,104702,1,6261,1,235404,1,75086,1,57831,1,1914,1,23916,1,6183,1,2465,1,957,1
test,0016E5_01110.png,682312,8888,0,8888,691200,0.9871412037037037,154975,1,104295,1,9225,1,224292,1,87884,1,77770,1,3348,1,5589,1,6804,1,5558,1,2572,1
test,0016E5_01620.png,685073,6127,0,6127,691200,0.9911357060185185,130874,1,148852,1,5629,1,180162,1,37933,1,43159,1,3843,1,90100,1,33794,1,10727,1,0,0
test,0016E5_01650.png,681734,9466,0,9466,691200,0.9863049768518518,130591,1,154144,1,2588,1,207857,1,80871,1,35632,1,1585,1,60256,1,4587,1,3260,1,363,1
test,0016E5_01680.png,681383,9817,0,9817,691200,0.9857971643518518,130154,1,141485,1,3623,1,197791,1,78752,1,53891,1,2775,1,55997,1,7628,1,8872,1,415,1
test,0016E5_01710.png,680408,10792,0,10792,691200,0.984386574074074,152482,1,123951,1,5668,1,192342,1,78535,1,42256,1,3206,1,52646,1,27625,1,1030,1,667,1
test,0016E5_01920.png,677394,13806,0,13806,691200,0.9800260416666666,70530,1,173080,1,4435,1,208697,1,26271,1,80606,1,6139,1,11635,1,38612,1,487,1,56902,1
test,0016E5_01950.png,683753,7447,0,7447,691200,0.9892259837962963,60951,1,197155,1,3404,1,219891,1,38095,1,78889,1,10045,1,15503,1,25999,1,1122,1,32699,1
test,0016E5_02280.png,676629,14571,0,14571,691200,0.9789192708333333,183856,1,35883,1,12331,1,209399,1,57094,1,104533,1,8235,1,22287,1,42660,1,233,1,118,1
test,0016E5_02310.png,621160,70040,0,70040,691200,0.8986689814814814,187809,1,59607,1,7608,1,201628,1,71943,1,62158,1,3910,1,2696,1,23459,1,342,1,0,0
test,0016E5_04440.png,689254,1946,0,1946,691200,0.9971846064814814,123583,1,110679,1,7960,1,226477,1,5289,1,62428,1,7973,1,0,0,135024,1,8191,1,1650,1
test,0016E5_04470.png,690602,598,0,598,691200,0.999134837962963,124819,1,119095,1,7895,1,227673,1,4570,1,60751,1,6553,1,0,0,128792,1,8797,1,1657,1
test,0016E5_04500.png,689782,1418,0,1418,691200,0.9979484953703703,124344,1,117436,1,8243,1,229045,1,5086,1,66838,1,7611,1,0,0,124804,1,4614,1,1761,1
test,0016E5_04530.png,690000,1200,0,1200,691200,0.9982638888888888,126425,1,120886,1,8057,1,226071,1,5328,1,63416,1,7753,1,0,0,125320,1,5065,1,1679,1
test,0016E5_05040.png,686150,5050,0,5050,691200,0.9926938657407407,97607,1,219121,1,9348,1,271914,1,17125,1,27487,1,7054,1,0,0,32926,1,3568,1,0,0
test,0016E5_05070.png,684971,6229,0,6229,691200,0.990988136574074,97495,1,221644,1,9731,1,273602,1,18045,1,26950,1,7122,1,0,0,24959,1,5423,1,0,0
test,0016E5_05100.png,685529,5671,0,5671,691200,0.9917954282407407,97151,1,211725,1,7600,1,248440,1,8126,1,26944,1,7210,1,0,0,61698,1,4185,1,12450,1
test,0016E5_05130.png,686488,4712,0,4712,691200,0.9931828703703703,98748,1,215045,1,8047,1,238087,1,6048,1,27584,1,6241,1,0,0,80936,1,657,1,5095,1
test,0016E5_05340.png,685824,5376,0,5376,691200,0.9922222222222222,75012,1,238510,1,6248,1,254787,1,8297,1,33865,1,6552,1,0,0,57720,1,2645,1,2188,1
test,0016E5_05370.png,686683,4517,0,4517,691200,0.9934649884259259,72605,1,237323,1,4971,1,274069,1,7143,1,34948,1,6204,1,0,0,45171,1,2847,1,1402,1
test,0016E5_05700.png,684478,6722,0,6722,691200,0.9902748842592592,79186,1,236438,1,7043,1,264828,1,10687,1,33647,1,7709,1,0,0,41392,1,3229,1,319,1
test,0016E5_05730.png,690842,358,0,358,691200,0.9994820601851852,80200,1,271281,1,2842,1,262475,1,18616,1,36442,1,5790,1,0,0,8405,1,4212,1,579,1
test,0016E5_05940.png,688411,2789,0,2789,691200,0.995964988425926,72940,1,283281,1,4245,1,223635,1,67168,1,0,0,10933,1,266,1,5798,1,19955,1,190,1
test,0016E5_05970.png,688048,3152,0,3152,691200,0.9954398148148148,75197,1,268953,1,5203,1,205556,1,63786,1,0,0,23830,1,836,1,36064,1,8530,1,93,1
test,0016E5_06000.png,687932,3268,0,3268,691200,0.9952719907407407,79322,1,259164,1,14129,1,213543,1,63815,1,0,0,37670,1,3851,1,9308,1,3328,1,3802,1
test,0016E5_06030.png,687192,4008,0,4008,691200,0.9942013888888889,75973,1,284328,1,4108,1,199477,1,62793,1,0,0,9610,1,6315,1,37140,1,7326,1,122,1
test,0016E5_06540.png,633626,57574,0,57574,691200,0.9167042824074074,57676,1,260117,1,4929,1,202766,1,25633,1,0,0,5589,1,0,0,76451,1,0,0,465,1
test,0016E5_06570.png,620543,70657,0,70657,691200,0.8977763310185185,59508,1,254688,1,669,1,201740,1,20088,1,0,0,4322,1,0,0,78076,1,0,0,1452,1
test,0016E5_06600.png,590098,101102,0,101102,691200,0.8537297453703704,59636,1,207443,1,1185,1,195091,1,9814,1,0,0,5749,1,0,0,104255,1,569,1,6356,1
test,0016E5_06630.png,555613,135587,0,135587,691200,0.8038382523148148,56904,1,144029,1,1360,1,183724,1,2025,1,0,0,2764,1,0,0,164029,1,667,1,111,1
test,0016E5_06840.png,681671,9529,0,9529,691200,0.9862138310185186,80743,1,262389,1,2957,1,223523,1,15767,1,0,0,3334,1,1570,1,62108,1,8812,1,20468,1
test,0016E5_06870.png,679834,11366,0,11366,691200,0.9835561342592593,90528,1,265797,1,2936,1,208185,1,25255,1,0,0,4209,1,4551,1,65671,1,12702,1,0,0
test,0016E5_07200.png,680001,11199,0,11199,691200,0.9837977430555556,62917,1,277332,1,8156,1,237490,1,59902,1,6462,1,3967,1,7301,1,12248,1,3890,1,336,1
test,0016E5_07230.png,677275,13925,0,13925,691200,0.9798538773148148,58663,1,260841,1,11016,1,235927,1,64474,1,8048,1,8177,1,6132,1,11793,1,11848,1,356,1
test,0016E5_07440.png,677128,14072,0,14072,691200,0.9796412037037037,76075,1,236473,1,4797,1,216012,1,50514,1,31168,1,2153,1,7622,1,43554,1,8127,1,633,1
test,0016E5_07470.png,683966,7234,0,7234,691200,0.9895341435185185,70248,1,216510,1,6870,1,259036,1,43804,1,51187,1,2858,1,14442,1,6743,1,11663,1,605,1
test,0016E5_07500.png,683227,7973,0,7973,691200,0.9884649884259259,65625,1,193241,1,13878,1,247123,1,42356,1,70907,1,4566,1,24127,1,11285,1,9376,1,743,1
test,0016E5_07530.png,681222,9978,0,9978,691200,0.9855642361111111,64626,1,167771,1,2630,1,232110,1,35832,1,101387,1,5393,1,21963,1,27009,1,21542,1,959,1
test,0016E5_07965.png,687676,3524,0,3524,691200,0.9949016203703703,58337,1,209513,1,1746,1,189861,1,57077,1,100421,1,3054,1,14440,1,40569,1,2960,1,9698,1
test,0016E5_07967.png,687248,3952,0,3952,691200,0.9942824074074074,55087,1,208649,1,1648,1,188690,1,58772,1,102241,1,3370,1,13479,1,43239,1,2138,1,9935,1
test,0016E5_07969.png,687549,3651,0,3651,691200,0.9947178819444444,58019,1,210398,1,1934,1,188421,1,59740,1,98699,1,3371,1,12375,1,42781,1,2266,1,9545,1
test,0016E5_07971.png,688045,3155,0,3155,691200,0.9954354745370371,57236,1,210044,1,2187,1,189299,1,61845,1,99423,1,3329,1,13117,1,39093,1,2571,1,9901,1
test,0016E5_07985.png,673572,17628,0,17628,691200,0.9744965277777777,56529,1,215220,1,2862,1,199186,1,67482,1,91380,1,3984,1,14819,1,6412,1,3648,1,12050,1
test,0016E5_07987.png,670978,20222,0,20222,691200,0.9707436342592592,59161,1,216895,1,3330,1,193120,1,71932,1,88259,1,3839,1,13676,1,6619,1,3588,1,10559,1
test,0016E5_08009.png,682719,8481,0,8481,691200,0.9877300347222222,61582,1,213558,1,2921,1,184398,1,73945,1,96160,1,5482,1,13153,1,10438,1,4999,1,16083,1
test,0016E5_08011.png,681190,10010,0,10010,691200,0.9855179398148148,61612,1,210068,1,3232,1,183726,1,72588,1,97956,1,5773,1,13399,1,11368,1,5013,1,16455,1
test,0016E5_08025.png,685653,5547,0,5547,691200,0.9919748263888889,67393,1,211449,1,3571,1,173259,1,73896,1,98325,1,7936,1,16325,1,19055,1,3122,1,11322,1
test,0016E5_08027.png,684209,6991,0,6991,691200,0.9898857060185186,67527,1,206524,1,4833,1,174824,1,72338,1,99024,1,7788,1,16045,1,20989,1,3037,1,11280,1
test,0016E5_08029.png,681494,9706,0,9706,691200,0.9859577546296296,58671,1,219395,1,5963,1,170915,1,69947,1,95578,1,9062,1,15430,1,21569,1,3077,1,11887,1
test,0016E5_08031.png,685097,6103,0,6103,691200,0.9911704282407408,59804,1,200982,1,4679,1,167408,1,85006,1,104237,1,9211,1,16380,1,23233,1,3511,1,10646,1
test,0016E5_08065.png,688464,2736,0,2736,691200,0.9960416666666667,69453,1,187378,1,6664,1,192279,1,71017,1,109520,1,8585,1,18997,1,5789,1,6031,1,12751,1
test,0016E5_08067.png,689006,2194,0,2194,691200,0.9968258101851852,66297,1,182918,1,8355,1,192946,1,71246,1,115476,1,7999,1,18287,1,6434,1,6197,1,12851,1
test,0016E5_08069.png,687837,3363,0,3363,691200,0.9951345486111111,69604,1,180673,1,7987,1,193739,1,70469,1,112415,1,7625,1,18950,1,7041,1,6445,1,12889,1
test,0016E5_08071.png,688622,2578,0,2578,691200,0.9962702546296296,68925,1,179817,1,6459,1,195304,1,69763,1,114801,1,7090,1,19440,1,7135,1,6760,1,13128,1
test,0016E5_08085.png,688986,2214,0,2214,691200,0.996796875,68611,1,155312,1,6727,1,203953,1,61001,1,126499,1,11282,1,21871,1,10016,1,9866,1,13848,1
test,0016E5_08087.png,686043,5157,0,5157,691200,0.9925390625,67227,1,150978,1,7345,1,206983,1,58679,1,126599,1,12499,1,21321,1,9903,1,10010,1,14499,1
test,0016E5_08109.png,685931,5269,0,5269,691200,0.9923770254629629,67357,1,142811,1,2413,1,220198,1,48273,1,141461,1,2368,1,19102,1,16691,1,5234,1,20023,1
test,0016E5_08111.png,683509,7691,0,7691,691200,0.988872974537037,66143,1,141327,1,2605,1,220842,1,45607,1,140812,1,2313,1,20189,1,17786,1,5371,1,20514,1
test,0016E5_08125.png,690445,755,0,755,691200,0.9989076967592593,51622,1,140511,1,3809,1,232293,1,42063,1,135131,1,3883,1,30254,1,16249,1,4404,1,30226,1
test,0016E5_08127.png,686858,4342,0,4342,691200,0.9937181712962962,59480,1,135127,1,3011,1,235023,1,40916,1,125729,1,4650,1,33138,1,14334,1,3101,1,32349,1
test,0016E5_08129.png,686812,4388,0,4388,691200,0.9936516203703704,57586,1,134872,1,4070,1,236282,1,39683,1,125729,1,4592,1,34609,1,12898,1,2105,1,34386,1
test,0016E5_08131.png,686915,4285,0,4285,691200,0.993800636574074,57283,1,135919,1,4188,1,233030,1,39287,1,125127,1,5242,1,37426,1,11249,1,1239,1,36925,1
test,0016E5_08250.png,650891,40309,0,40309,691200,0.9416825810185185,54429,1,221484,1,3248,1,247631,1,45299,1,53841,1,1595,1,13271,1,1229,1,8383,1,481,1
test,0016E5_08280.png,643313,47887,0,47887,691200,0.9307190393518519,65401,1,257019,1,4277,1,233820,1,51378,1,12743,1,2969,1,7212,1,1784,1,5701,1,1009,1
test,0016E5_08310.png,625926,65274,0,65274,691200,0.9055642361111111,58940,1,255788,1,846,1,237953,1,51555,1,0,0,3280,1,0,0,3012,1,11905,1,2647,1
test,0016E5_08340.png,581451,109749,0,109749,691200,0.8412196180555556,54983,1,200146,1,1344,1,245970,1,43026,1,0,0,4474,1,0,0,3577,1,27044,1,887,1
test,0016E5_08550.png,652884,38316,0,38316,691200,0.9445659722222223,112552,1,153643,1,15837,1,217369,1,49408,1,62250,1,3631,1,17717,1,6447,1,14030,1,0,0
test,0016E5_08580.png,636935,54265,0,54265,691200,0.9214916087962963,112566,1,123292,1,2982,1,242538,1,31161,1,82373,1,5647,1,19343,1,4662,1,12371,1,0,0
test,Seq05VD_f00240.png,678769,12431,0,12431,691200,0.9820153356481481,128498,1,140148,1,10928,1,206006,1,92611,1,42930,1,9279,1,36504,1,11188,1,667,1,10,1
test,Seq05VD_f00270.png,680494,10706,0,10706,691200,0.9845109953703703,118323,1,176051,1,10003,1,193676,1,73242,1,50211,1,1240,1,9381,1,47561,1,806,1,0,0
test,Seq05VD_f00480.png,688842,2358,0,2358,691200,0.9965885416666667,87378,1,205881,1,5437,1,197302,1,68604,1,119167,1,567,1,0,0,1201,1,3305,1,0,0
test,Seq05VD_f00510.png,675273,15927,0,15927,691200,0.9769574652777778,89431,1,227341,1,7318,1,201155,1,71219,1,73387,1,1899,1,0,0,2996,1,527,1,0,0
test,Seq05VD_f00540.png,682096,9104,0,9104,691200,0.9868287037037037,87333,1,291436,1,8274,1,206269,1,74900,1,8822,1,3188,1,0,0,1062,1,812,1,0,0
test,Seq05VD_f00570.png,683145,8055,0,8055,691200,0.9883463541666667,82648,1,279884,1,12744,1,245215,1,52951,1,4929,1,3136,1,0,0,1177,1,461,1,0,0
test,Seq05VD_f01080.png,663897,27303,0,27303,691200,0.9604991319444445,57144,1,241042,1,7735,1,171403,1,69335,1,60797,1,2442,1,0,0,49481,1,4043,1,475,1
test,Seq05VD_f01110.png,690110,1090,0,1090,691200,0.9984230324074074,72254,1,282635,1,5919,1,218443,1,37932,1,65135,1,1222,1,0,0,803,1,4652,1,1115,1
test,Seq05VD_f01140.png,689588,1612,0,1612,691200,0.9976678240740741,73364,1,204778,1,14491,1,188493,1,70238,1,113933,1,5867,1,0,0,1114,1,13156,1,4154,1
test,Seq05VD_f01170.png,684543,6657,0,6657,691200,0.9903689236111111,120806,1,208390,1,5860,1,175074,1,75611,1,87988,1,1459,1,0,0,6423,1,2932,1,0,0
test,Seq05VD_f01380.png,672440,18760,0,18760,691200,0.9728587962962963,78277,1,174210,1,11166,1,180333,1,69914,1,142825,1,1542,1,4745,1,9320,1,108,1,0,0
test,Seq05VD_f01410.png,686204,4996,0,4996,691200,0.9927719907407407,91745,1,149727,1,12418,1,192872,1,54520,1,101572,1,2205,1,36487,1,43339,1,1319,1,0,0
test,Seq05VD_f01740.png,683763,7437,0,7437,691200,0.9892404513888889,92875,1,191203,1,7607,1,192370,1,99941,1,76411,1,3873,1,0,0,17056,1,2427,1,0,0
test,Seq05VD_f01770.png,683074,8126,0,8126,691200,0.9882436342592592,84554,1,196547,1,7321,1,193391,1,104165,1,86145,1,6006,1,0,0,698,1,4247,1,0,0
test,Seq05VD_f01980.png,682672,8528,0,8528,691200,0.987662037037037,82689,1,209415,1,22012,1,212463,1,93431,1,31086,1,21175,1,0,0,1916,1,8485,1,0,0
test,Seq05VD_f02010.png,669569,21631,0,21631,691200,0.968705150462963,84656,1,210972,1,18705,1,207140,1,97463,1,18684,1,21249,1,0,0,1963,1,8737,1,0,0
test,Seq05VD_f02040.png,679135,12065,0,12065,691200,0.982544849537037,80265,1,212086,1,19741,1,205543,1,100754,1,27697,1,22163,1,0,0,2114,1,8772,1,0,0
test,Seq05VD_f02070.png,688047,3153,0,3153,691200,0.9954383680555555,76454,1,210145,1,23623,1,205841,1,99368,1,38835,1,23228,1,0,0,1111,1,9442,1,0,0
test,Seq05VD_f02580.png,678514,12686,0,12686,691200,0.9816464120370371,96821,1,213829,1,15708,1,205856,1,100440,1,16957,1,19958,1,0,0,1784,1,7161,1,0,0
test,Seq05VD_f02610.png,680311,10714,175,10889,691200,0.984246238425926,86839,1,216146,1,14728,1,208278,1,99853,1,28835,1,20145,1,0,0,1961,1,3526,1,0,0
test,Seq05VD_f02640.png,681031,10169,0,10169,691200,0.9852879050925926,96480,1,211794,1,14199,1,207311,1,96392,1,16810,1,20368,1,0,0,13565,1,4112,1,0,0
test,Seq05VD_f02670.png,679756,11444,0,11444,691200,0.983443287037037,96625,1,207518,1,13936,1,206911,1,96191,1,16476,1,20100,1,0,0,18933,1,3066,1,0,0
test,Seq05VD_f02880.png,677532,13668,0,13668,691200,0.9802256944444444,86947,1,214594,1,19502,1,204728,1,93301,1,27537,1,24160,1,0,0,4026,1,2737,1,0,0
test,Seq05VD_f02910.png,673495,17705,0,17705,691200,0.9743851273148149,87216,1,205456,1,13944,1,211368,1,83843,1,35764,1,28390,1,0,0,3460,1,4054,1,0,0
test,Seq05VD_f03240.png,683262,7938,0,7938,691200,0.988515625,104436,1,250427,1,3743,1,210338,1,63715,1,22163,1,314,1,1724,1,25813,1,545,1,44,1
test,Seq05VD_f03270.png,683212,7988,0,7988,691200,0.988443287037037,106549,1,245099,1,4878,1,199624,1,79685,1,34620,1,2037,1,3047,1,5742,1,1931,1,0,0
test,Seq05VD_f03480.png,684455,6745,0,6745,691200,0.9902416087962963,312003,1,28661,1,2569,1,183479,1,66762,1,19942,1,0,0,61310,1,180,1,9549,1,0,0
test,Seq05VD_f03510.png,686417,4783,0,4783,691200,0.9930801504629629,309693,1,67865,1,393,1,175782,1,69765,1,23228,1,0,0,38071,1,897,1,723,1,0,0
test,Seq05VD_f03540.png,682416,8784,0,8784,691200,0.9872916666666667,283234,1,121076,1,1117,1,162245,1,71067,1,30113,1,104,1,4504,1,5806,1,3150,1,0,0
test,Seq05VD_f03570.png,678462,12738,0,12738,691200,0.9815711805555556,246925,1,102856,1,2742,1,165952,1,72788,1,67030,1,357,1,19125,1,589,1,98,1,0,0
test,Seq05VD_f04080.png,681402,9798,0,9798,691200,0.9858246527777778,151460,1,187797,1,3220,1,221175,1,11305,1,6226,1,3055,1,0,0,96798,1,366,1,0,0
test,Seq05VD_f04110.png,679972,11228,0,11228,691200,0.983755787037037,130628,1,213415,1,2207,1,252844,1,18232,1,10467,1,1746,1,0,0,50380,1,53,1,0,0
test,Seq05VD_f04140.png,670403,20797,0,20797,691200,0.9699117476851852,126729,1,205546,1,3316,1,248588,1,29399,1,22119,1,4557,1,0,0,29786,1,363,1,0,0
test,Seq05VD_f04170.png,647651,43549,0,43549,691200,0.9369950810185185,108487,1,174852,1,4894,1,237351,1,46207,1,56424,1,18114,1,0,0,950,1,372,1,0,0
test,Seq05VD_f04380.png,685886,5314,0,5314,691200,0.9923119212962963,136062,1,214373,1,11349,1,167039,1,94752,1,5171,1,3161,1,0,0,52085,1,1405,1,489,1
test,Seq05VD_f04410.png,682200,9000,0,9000,691200,0.9869791666666666,127423,1,216458,1,5310,1,215082,1,80618,1,21508,1,6691,1,0,0,5458,1,3652,1,0,0
test,Seq05VD_f04740.png,669663,21537,0,21537,691200,0.9688411458333334,112735,1,215268,1,2682,1,188678,1,75869,1,65144,1,4792,1,0,0,446,1,1198,1,2851,1
test,Seq05VD_f04770.png,688726,2474,0,2474,691200,0.9964207175925925,131662,1,212812,1,8120,1,182301,1,88733,1,32315,1,18338,1,0,0,1790,1,1681,1,10974,1
test,Seq05VD_f04980.png,652434,38766,0,38766,691200,0.9439149305555555,153532,1,179518,1,8941,1,204825,1,65030,1,14516,1,12591,1,6044,1,3677,1,3760,1,0,0
test,Seq05VD_f05010.png,667288,23912,0,23912,691200,0.9654050925925926,138298,1,140058,1,9284,1,241474,1,41836,1,38515,1,10250,1,35123,1,8521,1,3929,1,0,0
test,Seq05VD_f05040.png,663035,28165,0,28165,691200,0.959252025462963,112436,1,134013,1,5903,1,198080,1,65828,1,36123,1,3314,1,66463,1,39907,1,0,0,968,1
test,Seq05VD_f05070.png,616036,75164,0,75164,691200,0.891255787037037,136172,1,149419,1,4114,1,175321,1,64722,1,8470,1,1155,1,38600,1,38063,1,0,0,0,0
