epoch,phase,train_total_loss,train_main_loss,train_aux_loss,train_miou,train_macc,train_aacc,val_total_loss,val_miou,val_macc,val_aacc,learning_rate,epoch_time_sec,total_training_time_str,train_Precision_Macro,train_Recall_Macro,train_F1_Macro,train_Precision_Micro,train_Recall_Micro,train_F1_Micro,val_Precision_Macro,val_Recall_Macro,val_F1_Macro,val_Precision_Micro,val_Recall_Micro,val_F1_Micro
1,train/val,3.4910258559388607,2.386089022879482,2.7623420243866104,19.40252361885919,25.515920433954907,69.04569695438242,0.5301059299707412,30.6368676903986,38.13498475400349,84.51618623798544,0.009981553027149672,272.6304407119751,0:04:32,27.748630031681138,25.515920433954907,26.093476417173868,69.04569695438242,69.04569695438242,69.04569695438242,43.74986968732313,38.13498475400349,38.54025270877771,84.51618623798544,84.51618623798544,84.51618623798542
2,train/val,1.5561783961104962,1.1354388506042132,1.0518488467501248,32.51841166523868,39.196888643064405,84.95129597044038,0.393746434494853,39.699860654837195,47.91939002415329,87.98001781619476,0.009962952243779773,274.58730578422546,0:09:07,52.05892161735017,39.196888643064405,41.62420843211221,84.95129597044038,84.95129597044038,84.95129597044038,61.136129558987875,47.91939002415329,50.73630476265376,87.98001781619476,87.98001781619476,87.98001781619476
3,train/val,1.3414732664322484,1.0216680875182071,0.7995129304198346,39.604548627034966,46.84968139868572,87.79014837261091,0.3391163187325001,45.44219123110791,54.37628619966412,89.67992552656155,0.00994434760098751,275.10346269607544,0:13:42,61.86745651614876,46.84968139868572,50.76665676056217,87.79014837261091,87.79014837261091,87.79014837261091,68.37287200602883,54.37628619966412,57.69490214220835,89.67992552656155,89.67992552656155,89.67992552656155
4,train/val,1.2339535057745128,0.9641807473339166,0.6744318827736193,44.23841763651365,51.70040539201627,89.3210709929196,0.28552282583713534,49.38227041520255,57.83084535460813,91.33717913510901,0.00992573908994599,272.21075773239136,0:18:14,67.10174578428463,51.70040539201627,56.15424920661014,89.3210709929196,89.3210709929196,89.3210709929196,75.5395430239011,57.83084535460813,61.522449603643246,91.33717913510901,91.33717913510901,91.33717913510901
5,train/val,1.1523024443018413,0.918129296373343,0.5854328603915264,48.39979395909161,56.07306218626583,90.68351014715668,0.26178023536503314,55.4307263957205,65.51873927384871,92.03280382278093,0.009907126701789679,272.64716935157776,0:22:47,70.71854868054912,56.07306218626583,60.84351118420292,90.68351014715668,90.68351014715668,90.68351014715668,73.89086469506371,65.51873927384871,68.69059524996476,92.03280382278093,92.03280382278093,92.03280382278093
6,train/val,1.1125378520118365,0.8957986531236786,0.5418479886023727,50.97780368908826,59.03199468981859,91.31056731865793,0.2542209115326405,57.11588964372921,68.08112345455297,92.38387395262212,0.009888510427614162,271.08372735977173,0:27:18,72.51350082137049,59.03199468981859,63.67887782937356,91.31056731865793,91.31056731865793,91.31056731865793,75.35811387236129,68.08112345455297,70.19333062652476,92.38387395262212,92.38387395262212,92.38387395262212
7,train/val,1.0854682228712724,0.882616965900593,0.5071281357527421,53.15012475425762,61.31252532711669,91.64083302938363,0.24144878274202347,57.85542997063043,67.70810038595427,92.69079829861533,0.009869890258475959,271.4640896320343,0:31:49,74.34996142884796,61.31252532711669,65.9418223296472,91.64083302938363,91.64083302938363,91.64083302938363,78.15797085896271,67.70810038595427,70.81375206143322,92.69079829861533,92.69079829861533,92.69079829861533
8,train/val,1.0643646872596766,0.870275676891799,0.4852225157484242,54.81670228753565,62.93769656908793,92.03976794603608,0.21925872924923898,58.940021677075514,67.58439119873046,93.26644928747996,0.009851266185392157,270.4947693347931,0:36:20,76.2067451856458,62.93769656908793,67.82524471342992,92.03976794603608,92.03976794603608,92.03976794603608,79.7104370779513,67.58439119873046,71.498651959516,93.26644928747996,93.26644928747996,93.26644928747996
9,train/val,1.0585046764099926,0.8690792573885222,0.4735635392362829,55.67538375312808,64.00262477012532,92.17896854305587,0.21792436738312243,61.48545276510266,71.9590270839121,93.38555888157234,0.009832638199340204,270.18140149116516,0:40:50,76.24895390626358,64.00262477012532,68.50045937697155,92.17896854305587,92.17896854305587,92.17896854305587,78.0724468458407,71.9590270839121,74.13823249309756,93.38555888157234,93.38555888157234,93.38555888157234
10,train/val,1.0242079954140926,0.8516626880124021,0.4313632607480064,57.35035497129209,65.74100165731583,92.81112193683202,0.20714431439340114,63.694908195428724,73.67378261214927,93.70310362411897,0.0098140062912577,271.93897438049316,0:45:22,77.2629911112989,65.74100165731583,70.23714063308167,92.81112193683202,92.81112193683202,92.81112193683202,80.45438126546071,73.67378261214927,76.10805503360113,93.70310362411897,93.70310362411897,93.70310362411897
11,train/val,1.0199780948785784,0.8503910212325986,0.42396767417416126,57.60755411131273,65.87404538403646,92.90153817759402,0.2200310549438,64.13897448595381,75.55067432777894,93.31520828256714,0.009795370452042037,271.6843419075012,0:49:54,77.63734618502266,65.87404538403646,70.3846993294013,92.90153817759402,92.90153817759402,92.90153817759402,79.15449108358851,75.55067432777894,76.68136300098709,93.31520828256714,93.31520828256714,93.31520828256714
12,train/val,0.9872918106520344,0.8302352400578022,0.39264142090390813,60.296996675583436,68.95936655849138,93.43522121057005,0.20519676481187343,62.88717118481774,72.86805888135959,93.85677795205282,0.009776730672550268,272.2116882801056,0:54:26,78.9246759753341,68.95936655849138,72.98545804024423,93.43522121057005,93.43522121057005,93.43522121057005,79.61425913072489,72.86805888135959,75.075843707653,93.85677795205282,93.85677795205282,93.85677795205284
13,train/val,0.980271358636697,0.823944076605106,0.390818198364937,60.43039889336864,68.8662062683797,93.452254588991,0.19574151556193828,66.345734889822,77.23748605826745,94.22847765504541,0.009758086943598695,269.4146625995636,0:58:55,79.60258208269548,68.8662062683797,73.20976254824222,93.452254588991,93.452254588991,93.452254588991,80.62091319536859,77.23748605826745,78.26952778982103,94.22847765504541,94.22847765504541,94.22847765504541
14,train/val,0.9760672013151942,0.8174002920130234,0.3966672691768981,61.24232759160198,69.85659960378844,93.40341761242212,0.1947494721338153,65.8843963894141,75.84136953013355,94.25949284213397,0.009739439255962665,269.4109570980072,1:03:25,79.73931627431065,69.85659960378844,73.91280839452376,93.40341761242212,93.40341761242212,93.40341761242213,81.92192522466148,75.84136953013355,77.92626486182735,94.25949284213397,94.25949284213397,94.25949284213397
15,train/val,0.9542754088661858,0.8069374415605118,0.3683449102073367,62.522187207243995,71.05232415353868,93.70770196003252,0.19407662031054496,66.24970175756427,77.92513629763242,94.23416303659718,0.009720787600376351,268.7171847820282,1:07:53,80.74106390468279,71.05232415353868,75.07986717554122,93.70770196003252,93.70770196003252,93.70770196003252,79.67512697564553,77.92513629763242,78.25216484013451,94.23416303659718,94.23416303659718,94.23416303659718
16,train/val,0.9533233103851544,0.8054013790984882,0.36980482144249954,63.31208396855739,71.84761048411093,93.75990957372017,0.1955605818629265,68.29502503143846,78.51484148662004,94.15545568133032,0.009702131967532437,268.113929271698,1:12:21,81.28628407177946,71.84761048411093,75.7911574975347,93.75990957372017,93.75990957372017,93.75990957372017,82.00577489891775,78.51484148662004,80.02061278465033,94.15545568133032,94.15545568133032,94.15545568133032
17,train/val,0.930350541707727,0.7901041562234946,0.350615958720145,64.67243580962713,73.334964045157,94.12670057637543,0.18037438050657512,68.98317039594927,80.1909156018581,94.56308464899446,0.009683472348081775,270.44401955604553,1:16:52,81.8408476418348,73.334964045157,77.00925961242335,94.12670057637543,94.12670057637543,94.12670057637543,81.22390507869342,80.1909156018581,80.50332877454731,94.56308464899446,94.56308464899446,94.56308464899446
18,train/val,0.9324712187312318,0.795704136138485,0.34191770231314933,65.42877250747901,73.98624237089936,94.19747901424972,0.1828231646567583,69.49505306587326,78.01969053123709,94.60101779910786,0.009664808732633237,270.6756570339203,1:21:23,82.33627239688835,73.98624237089936,77.61956046008045,94.19747901424972,94.19747901424972,94.19747901424972,84.67236687387481,78.01969053123709,80.83975356245479,94.60101779910786,94.60101779910786,94.60101779910786
19,train/val,0.9201705559396711,0.7861307508687325,0.3350995080626965,65.21351669447569,73.56485031176095,94.25271195537222,0.18362018313258888,68.76916617036566,77.56459824888265,94.60807981593487,0.009646141111753355,268.59430480003357,1:25:51,82.55264634673007,73.56485031176095,77.41802565304067,94.25271195537222,94.25271195537222,94.25271195537222,84.37634639131385,77.56459824888265,80.22963689199322,94.60807981593487,94.60807981593487,94.60807981593487
20,train/val,0.9243573407919998,0.7886555832187522,0.3392543915882156,65.33456111189648,73.80475030927929,94.18569427168522,0.17967927678674459,69.53124139253063,78.75935315236292,94.68625762898877,0.00962754477289464,272.8965940475464,1:30:24,82.50354869872555,73.80475030927929,77.52766431099073,94.18569427168522,94.18569427168522,94.18569427168522,84.03143590626601,78.75935315236292,80.90983428503353,94.68625762898877,94.68625762898877,94.68625762898877
21,train/val,0.9176167402198512,0.7811137263455804,0.34125753042677065,65.66049661197528,74.5135837009338,94.1055772751915,0.17833897465467452,70.13361313007154,80.53188914439377,94.79684471225531,0.0096088691289276,268.74747824668884,1:34:53,82.17825328387246,74.5135837009338,77.83743737160908,94.1055772751915,94.1055772751915,94.1055772751915,83.09498216697187,80.53188914439377,81.41264268015598,94.79684471225531,94.79684471225531,94.79684471225531
22,train/val,0.9048084943544649,0.7751996486316853,0.32402210960712063,66.97710746840751,75.33724848725313,94.42695071999263,0.17855035619437695,70.30238833189225,79.91253706607449,94.83531252988729,0.009590189451010646,268.6338427066803,1:39:21,83.6091090670948,75.33724848725313,78.92014084003961,94.42695071999263,94.42695071999263,94.42695071999263,83.57127267782589,79.91253706607449,81.44096489483897,94.83531252988729,94.83531252988729,94.83531252988729
23,train/val,0.8977382016526667,0.7684184733500157,0.3232993156810134,67.20169477208641,75.6215586450754,94.55078992334545,0.17752389113605022,70.10525089488443,79.9824765254369,94.78854400720812,0.009571505729538307,268.67441415786743,1:43:50,83.63262802614709,75.6215586450754,79.08887203320437,94.55078992334545,94.55078992334545,94.55078992334545,83.5012247416503,79.9824765254369,81.25528918362087,94.78854400720812,94.78854400720812,94.78854400720812
24,train/val,0.8933409510559898,0.7696571402407045,0.30920952380144445,67.41044040961826,75.89087956363805,94.68643824528199,0.17899627474695445,70.6624947905951,81.64122808379803,94.80385002357352,0.009552817954861396,268.2349853515625,1:48:18,83.54646328509186,75.89087956363805,79.19339990303244,94.68643824528199,94.68643824528199,94.68643824528199,82.25126727808218,81.64122808379803,81.77569950801603,94.80385002357352,94.80385002357352,94.80385002357352
25,train/val,0.8987157399532534,0.7699967066593915,0.32179758002293857,67.63360915524274,75.93815135470173,94.50971393850106,0.1702948760986328,71.76859691525564,81.72349007528554,95.01880555867398,0.009534126117286655,268.6331079006195,1:52:47,83.88758829104115,75.93815135470173,79.42873213174214,94.50971393850106,94.50971393850106,94.50971393850106,83.87660168649762,81.72349007528554,82.6302720225938,95.01880555867398,95.01880555867398,95.01880555867398
26,train/val,0.8927997986422181,0.7653965764223688,0.31850805198216325,68.82866520557543,77.04038325367875,94.62678806754835,0.18602934701740742,70.40541735752046,81.01792496618617,94.75058195909504,0.00951550560200208,267.99597096443176,1:57:15,84.68956584578228,77.04038325367875,80.39516249459693,94.62678806754835,94.62678806754835,94.62678806754835,82.75691115025798,81.01792496618617,81.61688228923983,94.75058195909504,94.75058195909504,94.75058195909504
27,train/val,0.8850315460721037,0.7614448643524373,0.3089666984870118,68.53260915037133,76.90058835571001,94.78548072622362,0.16674417615681886,72.71016106914591,82.43309637142349,95.21808594635654,0.009496805625855255,267.8149275779724,2:01:43,84.27352135650615,76.90058835571001,80.16559602016102,94.78548072622362,94.78548072622362,94.78548072622362,84.60070267483555,82.43309637142349,83.27252537035088,95.21808594635654,95.21808594635654,95.21808594635654
28,train/val,0.8776781719927028,0.7573995860976185,0.300696464772784,69.67546037177806,77.95598931056071,94.81868506938181,0.1734881208240986,71.19598754253354,81.42635666360692,94.96085241962881,0.009478101557503216,268.10565853118896,2:06:11,84.98606636013734,77.95598931056071,81.09117160684123,94.81868506938181,94.81868506938181,94.81868506938181,83.8639570437615,81.42635666360692,82.06684660264807,94.96085241962881,94.96085241962881,94.96085241962881
29,train/val,0.8725237948187422,0.7541526696107976,0.2959278105547064,69.09245264748151,77.64668915996658,94.85868046130183,0.17439321761578322,71.05683958548717,81.15084470373488,95.02776775529114,0.00945939338707367,267.09397530555725,2:10:38,84.35923150114611,77.64668915996658,80.65904906624209,94.85868046130183,94.85868046130183,94.85868046130183,83.68945363791372,81.15084470373488,81.96539696344223,95.02776775529114,95.02776775529114,95.02776775529114
30,train/val,0.8726931762879698,0.753901121134556,0.29698013630523407,70.6738887309521,78.9935070010543,94.97070157209862,0.1711289445385337,73.26023112866751,82.5445999564501,95.18321500276753,0.009440681104648749,267.18694496154785,2:15:05,85.39322491822408,78.9935070010543,81.91165706784027,94.97070157209862,94.97070157209862,94.97070157209862,85.35272487345725,82.5445999564501,83.69542437837481,95.18321500276753,95.18321500276753,95.18321500276753
31,train/val,0.8685879145962485,0.7487995013063516,0.29947103161637867,70.97013566393852,79.2795320114938,94.99523371887729,0.16799105681478976,72.2568864751519,81.73883974159094,95.08440947039618,0.00942196470026473,269.35735726356506,2:19:34,85.58649382263438,79.2795320114938,82.13254602917708,94.99523371887729,94.99523371887729,94.99523371887729,84.99596190188065,81.73883974159094,82.96223195523032,95.08440947039618,95.08440947039618,95.08440947039617
32,train/val,0.8682492324868223,0.7471891259016731,0.30265026334635586,70.54509972946255,78.66991195921453,94.82154239411739,0.17164956576377152,71.09619343000868,81.60118362449384,95.11134295134151,0.009403244163911648,268.8353886604309,2:24:03,85.56052703627485,78.66991195921453,81.73761415172135,94.82154239411739,94.82154239411739,94.82154239411739,83.30249203780375,81.60118362449384,82.02546812262456,95.11134295134151,95.11134295134151,95.11134295134151
33,train/val,0.86496087774464,0.7486810806660181,0.29069949062722755,71.58740107808626,80.00749215279808,95.1397248131876,0.1756566991880536,71.470436809579,83.73416015006484,94.97977308503319,0.009384519485533063,267.9522707462311,2:28:31,85.64169480994467,80.00749215279808,82.57697933469646,95.1397248131876,95.1397248131876,95.13972481318758,81.63990994859695,83.73416015006484,82.38610698212896,94.97977308503319,94.97977308503319,94.97977308503319
34,train/val,0.8552093936560053,0.7443764671913794,0.2770823120780254,70.97474715979341,79.33326982378081,95.23111176367209,0.17804089263826609,71.83954316116832,82.04506113516476,94.79775559901498,0.009365790655025704,270.73787236213684,2:33:02,85.39850369256217,79.33326982378081,82.07875780153744,95.23111176367209,95.23111176367209,95.23111176367209,84.22989591079994,82.04506113516476,82.75607296966466,94.79775559901498,94.79775559901498,94.79775559901498
35,train/val,0.8587491683256089,0.7460762708076472,0.28168223816312715,70.75167714988474,78.99021737533195,95.01879684622587,0.1687605242058635,72.62118954018518,81.63201929214769,95.09831638738093,0.009347057662239153,268.9600462913513,2:37:31,85.39814868926496,78.99021737533195,81.8692830906721,95.01879684622587,95.01879684622587,95.01879684622587,86.06269474544469,81.63201929214769,83.17273210816116,95.09831638738093,95.09831638738093,95.09831638738093
36,train/val,0.8407624336040974,0.7343807931345585,0.26595409488068705,72.96692022685806,81.08512284242929,95.40109411248406,0.16353611594438552,72.31601554806191,81.94291416689543,95.28644825393482,0.009328320496975484,269.26742672920227,2:42:00,86.47716613492697,81.08512284242929,83.56801164706829,95.40109411248406,95.40109411248406,95.40109411248406,84.66654898156246,81.94291416689543,82.96986010397646,95.28644825393482,95.28644825393482,95.28644825393484
37,train/val,0.8583737586918659,0.744235145219958,0.2853465285289985,71.64115438449613,79.82697072312956,95.10112678947245,0.16776045801490544,72.37776421167602,82.27720530805037,95.1406711495432,0.009309579148988986,271.58057594299316,2:46:32,85.9862181510955,79.82697072312956,82.58687979594906,95.10112678947245,95.10112678947245,95.10112678947245,84.80717604565183,82.27720530805037,82.88064561368658,95.1406711495432,95.1406711495432,95.1406711495432
38,train/val,0.8503899909781384,0.7387267291425617,0.27915815231418484,72.11925534856455,80.40084309903487,95.22315218011383,0.1610835014283657,72.953625726711,82.30168365890056,95.33926834489375,0.009290833607985783,269.1534490585327,2:51:01,86.04369351448841,80.40084309903487,82.981534152107,95.22315218011383,95.22315218011383,95.22315218011384,85.53102349445035,82.30168365890056,83.4792881320292,95.33926834489375,95.33926834489375,95.33926834489375
39,train/val,0.8512452864454509,0.7399407214339179,0.2782614102089814,71.73598482233135,79.60692470115458,95.1686179609262,0.1746764105632901,71.68987287604332,82.86146380618537,95.13218756923013,0.009272083863623638,268.31332206726074,2:55:29,86.4234009618118,79.60692470115458,82.67542686961646,95.1686179609262,95.1686179609262,95.1686179609262,82.79048179522573,82.86146380618537,82.47395515889832,95.13218756923013,95.13218756923013,95.13218756923013
40,train/val,0.8494116059669169,0.7374479666442461,0.27990909602941483,72.13323755415351,79.96822431874648,95.23665636549725,0.1615511465370655,73.75432727682197,83.49157206260156,95.33708431041241,0.009253329905511353,268.69013690948486,2:59:58,86.72241608427822,79.96822431874648,82.97398759350344,95.23665636549725,95.23665636549725,95.23665636549725,85.03199228448676,83.49157206260156,84.06959576351971,95.33708431041241,95.33708431041241,95.33708431041241
41,train/val,0.8452071684594914,0.7358846121292909,0.2733063923486865,72.39954856993918,80.41343568591806,95.33952034108691,0.17403400386869908,72.6543675855267,81.79700318790452,95.13453375965683,0.009234571723208629,272.4303722381592,3:04:30,86.4809539773129,80.41343568591806,83.16673729578555,95.33952034108691,95.33952034108691,95.33952034108691,85.66305311523872,81.79700318790452,83.20049131762227,95.13453375965683,95.13453375965683,95.13453375965683
42,train/val,0.834088555641758,0.724190290273238,0.2747456619532299,73.06510963626529,81.26246813218425,95.26543252737386,0.16212000121921302,74.44511677041874,83.76993259150237,95.50424462597722,0.009215884969650187,269.1187722682953,3:09:00,86.47712041905085,81.26246813218425,83.67358804544828,95.26543252737386,95.26543252737386,95.26543252737386,85.78492474625557,83.76993259150237,84.60457065666938,95.50424462597722,95.50424462597722,95.50424462597722
43,train/val,0.8334316888870452,0.7277912268641817,0.26410115121913263,73.96131840166072,82.06053465374704,95.49768856212654,0.16020285373181103,74.50620660264174,84.42819702175521,95.45851806702231,0.00919711832458648,268.07555413246155,3:13:28,86.95338211372471,82.06053465374704,84.31990530940648,95.49768856212654,95.49768856212654,95.49768856212654,85.13724593382945,84.42819702175521,84.58600430830448,95.45851806702231,95.45851806702231,95.45851806702231
44,train/val,0.8275786137612938,0.719591385599103,0.26996806827602404,73.35227299389695,81.37369708670576,95.42591130536263,0.1663060477375984,73.81797604490635,83.27562235371856,95.27827895299939,0.009178347423755942,268.40946912765503,3:17:56,86.87725234231596,81.37369708670576,83.90450592921198,95.42591130536263,95.42591130536263,95.42591130536263,85.28516240113511,83.27562235371856,83.97704941445141,95.27827895299939,95.27827895299939,95.27827895299939
45,train/val,0.8257060671461935,0.7197552916782369,0.2648769349896956,73.36795851442096,81.12176839003014,95.53897316129142,0.1710066885575652,72.18420417856791,81.51843294334105,95.22362858269481,0.00915957225651842,267.1450426578522,3:22:23,87.17072648968977,81.12176839003014,83.8718430238632,95.53897316129142,95.53897316129142,95.53897316129142,85.09650888951566,81.51843294334105,82.92832000466036,95.22362858269481,95.22362858269481,95.22362858269481
46,train/val,0.8264941981396743,0.7212978659577232,0.26299082805986923,74.32700066480757,81.99540316733604,95.535626325847,0.17070383821427823,74.07696746877427,82.76805401658191,95.28030203107497,0.009140868544351498,271.22977805137634,3:26:54,87.61126449131667,81.99540316733604,84.57782743129657,95.535626325847,95.535626325847,95.535626325847,86.40151172682883,82.76805401658191,84.23883935038002,95.28030203107497,95.28030203107497,95.28030203107497
47,train/val,0.8264927670269423,0.7197363694882987,0.2668909909705949,72.9187472303434,80.87908644309918,95.3674866252606,0.16549559620022775,74.05913655881946,83.39314028759408,95.24267847122982,0.009122084829486884,273.1408689022064,3:31:28,86.67744682964916,80.87908644309918,83.51879752925389,95.3674866252606,95.3674866252606,95.3674866252606,85.62991705039191,83.39314028759408,84.21473935892081,95.24267847122982,95.24267847122982,95.24267847122982
48,train/val,0.8259354520341095,0.717254538582569,0.2717022789265176,74.31208971304022,82.23319254845507,95.37326325936215,0.16921728359907864,74.44129003047607,84.25388968336914,95.22398342832103,0.009103296816031564,268.8036425113678,3:35:56,87.29438031726626,82.23319254845507,84.56577060605287,95.37326325936215,95.37326325936215,95.37326325936215,85.11532537282427,84.25388968336914,84.55256057080156,95.22398342832103,95.22398342832103,95.22398342832103
49,train/val,0.8260700221460942,0.7216763705436062,0.26098412322412823,74.88072434677005,82.78977963189466,95.56099442147352,0.15471273186802864,75.89975575696663,84.88067775055323,95.66571890569591,0.009084504493139843,269.77986454963684,3:40:26,87.50164427282444,82.78977963189466,84.97962630547838,95.56099442147352,95.56099442147352,95.56099442147352,86.5965840288971,84.88067775055323,85.6027936759155,95.66571890569591,95.66571890569591,95.66571890569591
50,train/val,0.8210433984492237,0.717454681409712,0.25897178860542835,74.20727134426662,82.1004880363324,95.56868326482554,0.16297765463590622,74.20633928540866,83.92492674210679,95.5095919554573,0.009065707849913613,273.755784034729,3:45:00,87.22561271118353,82.1004880363324,84.48078849326053,95.56868326482554,95.56868326482554,95.56868326482554,85.74889633198374,83.92492674210679,84.34542047914168,95.5095919554573,95.5095919554573,95.5095919554573
51,train/val,0.8142184588279031,0.7119884951329504,0.2555749084256845,75.17260726453591,82.7433098085874,95.66442643262,0.17002320859581233,72.87486499284545,82.4402041871951,95.29393632542124,0.009046906875402055,268.5203115940094,3:49:28,87.97904928830866,82.7433098085874,85.16774500234746,95.66442643262,95.66442643262,95.66442643261999,85.23814102946147,82.4402041871951,83.21778826458323,95.29393632542124,95.29393632542124,95.29393632542124
52,train/val,0.8169614706331239,0.7114312230698919,0.26382561491973944,74.57372209559551,82.47164574910045,95.5737054895448,0.1703584366440773,72.96649739723352,82.69407112861458,95.12449426742147,0.00902810155860122,267.96929264068604,3:53:56,87.37881724708471,82.47164574910045,84.74675080523356,95.5737054895448,95.5737054895448,95.5737054895448,85.1966963004268,82.69407112861458,83.41474075399252,95.12449426742147,95.12449426742147,95.12449426742147
53,train/val,0.813486355358751,0.7080453262083789,0.2636025707389616,73.98023973121559,81.9252202228744,95.58936785056616,0.15864729565382005,74.73882371282492,84.66319568028155,95.49289905320546,0.009009291888453674,268.2254180908203,3:58:25,87.19564472419752,81.9252202228744,84.35046466424488,95.58936785056616,95.58936785056616,95.58936785056616,85.47171900157663,84.66319568028155,84.79619107796474,95.49289905320546,95.49289905320546,95.49289905320546
54,train/val,0.8117704845428787,0.7088358726029277,0.25733652614713437,75.64834833294975,83.30620971991095,95.67798207431086,0.1703101807832718,74.48215070707317,84.71858010244878,95.36221531952121,0.008990477853848083,267.3840260505676,4:02:52,88.01268544900962,83.30620971991095,85.46479701225674,95.67798207431086,95.67798207431086,95.67798207431086,84.80116889993256,84.71858010244878,84.54755777200346,95.36221531952121,95.36221531952121,95.36221531952121
55,train/val,0.8118814057604771,0.7054103484230708,0.2661776414144817,75.33910881739901,83.10928381831678,95.53939809076216,0.15708962143212557,75.56184634397836,84.27926510835559,95.67116754174843,0.008971735333106518,266.9286959171295,4:07:19,87.8149859489198,83.10928381831678,85.29851115162207,95.53939809076216,95.53939809076216,95.53939809076216,86.70874957226417,84.27926510835559,85.37196569380559,95.67116754174843,95.67116754174843,95.67116754174843
56,train/val,0.8082325463937927,0.7073583437759923,0.2521855026037603,75.0527248218392,82.8186210811182,95.7016570768909,0.17270414562523365,73.24195573013826,83.73111391075454,95.24364660874357,0.00895291255374497,267.93953824043274,4:11:47,87.7662682160539,82.8186210811182,85.10098652777494,95.7016570768909,95.7016570768909,95.7016570768909,84.61919471928034,83.73111391075454,83.71188255657331,95.24364660874357,95.24364660874357,95.24364660874357
57,train/val,0.8035146751977809,0.7043509176696157,0.24790939059867584,75.4817547336301,82.97847381153484,95.77221074558679,0.17276177342236043,74.25693061944996,85.46113594574713,95.31520438079193,0.00893408537630986,268.06608605384827,4:16:15,88.22567596001717,82.97847381153484,85.41664386414467,95.77221074558679,95.77221074558679,95.77221074558679,83.68383887958024,85.46113594574713,84.46387356116361,95.31520438079193,95.31520438079193,95.31520438079193
58,train/val,0.798581223842195,0.6977072034654958,0.2521850471137431,75.97938661639088,83.75865638769481,95.80438066453432,0.16270154390484096,74.58991141122544,84.3239831114539,95.46734809618435,0.008915253789470634,268.1551105976105,4:20:43,87.99632963730694,83.75865638769481,85.74896394894847,95.80438066453432,95.80438066453432,95.80438066453432,85.4882761369122,84.3239831114539,84.6087673364569,95.46734809618435,95.46734809618435,95.46734809618435
59,train/val,0.8076112643535617,0.70318251965466,0.26107185957771706,75.48198126862506,83.07613423117442,95.65455317969213,0.16748192100971937,74.14350984708328,85.65041088548489,95.5094951198961,0.008896417781840905,267.69355034828186,4:25:11,87.98427387723878,83.07613423117442,85.33896495591328,95.65455317969213,95.65455317969213,95.65455317969213,83.96817230103434,85.65041088548489,84.25643373667737,95.5094951198961,95.5094951198961,95.5094951198961
60,train/val,0.802167456724857,0.6995205963587873,0.25661715060953494,75.06351367197331,82.56219859305527,95.56587450123413,0.16444283551722766,74.88441970080929,84.95395863444787,95.48211268398973,0.008877577341978025,269.5649092197418,4:29:40,88.0100892184549,82.56219859305527,85.06575147940883,95.56587450123413,95.56587450123413,95.56587450123413,85.31233138924969,84.95395863444787,84.92693636699987,95.48211268398973,95.48211268398973,95.48211268398973
61,train/val,0.7987162350766516,0.6952870263296562,0.25857301791923193,76.72004740776481,84.23670279551926,95.71992489949676,0.1643531648144126,74.96681063775996,83.64120171133123,95.45476252660376,0.008858732458382682,273.0535614490509,4:34:13,88.58566601398013,84.23670279551926,86.2726928512554,95.71992489949676,95.71992489949676,95.71992489949676,86.56767726546347,83.64120171133123,84.79120332451025,95.45476252660376,95.45476252660376,95.45476252660376
62,train/val,0.8012330958365432,0.6977223808643557,0.2587767831264684,75.43975779904126,82.89219907393648,95.74854994466554,0.15755819726735354,74.88621631367236,83.31696795836937,95.63230245840768,0.008839883119498437,274.77297854423523,4:38:48,88.31017456217218,82.89219907393648,85.37455062388119,95.74854994466554,95.74854994466554,95.74854994466554,87.14786518421846,83.31696795836937,84.81800576768605,95.63230245840768,95.63230245840768,95.63230245840768
63,train/val,0.7965683382913901,0.6907618454762089,0.26451622974315425,75.41596274772486,83.40972445139762,95.74080948640423,0.16443331179022788,74.29131376795675,83.80438228886531,95.52942547050434,0.008821029313711367,268.5880925655365,4:43:17,87.60286899677814,83.40972445139762,85.36513424858202,95.74080948640423,95.74080948640423,95.74080948640423,85.47793018693699,83.80438228886531,84.47340254669555,95.52942547050434,95.52942547050434,95.52942547050434
64,train/val,0.786047672996925,0.6856725346985967,0.2509378415570615,76.86853408867857,84.38026498955443,95.81960343140273,0.1620575745999813,74.9832995819867,83.89514388330039,95.53597124910314,0.008802171029349574,268.8185830116272,4:47:46,88.63440402761881,84.38026498955443,86.37689204475886,95.81960343140273,95.81960343140273,95.81960343140273,86.43681533924772,83.89514388330039,84.92082276035525,95.53597124910314,95.53597124910314,95.53597124910314
65,train/val,0.7924444992308177,0.6913604906083115,0.2527100165232405,76.14911735841193,83.45851698091012,95.83925963801059,0.16815317738056182,74.81444875395158,84.09306039270443,95.44993743304995,0.008783384323290365,268.76581144332886,4:52:14,88.67928627027094,83.45851698091012,85.88215631650309,95.83925963801059,95.83925963801059,95.83925963801059,86.34251279435597,84.09306039270443,84.8564041086516,95.44993743304995,95.44993743304995,95.44993743304995
66,train/val,0.8032457514264556,0.7021627167406383,0.2527075831571039,75.93307631871232,83.36203701967327,95.76493623203991,0.16589861664175987,75.13871923284832,84.17446402529718,95.45825056968944,0.008764517064707052,271.19529914855957,4:56:46,88.38490025910983,83.36203701967327,85.70506919892823,95.76493623203991,95.76493623203991,95.76493623203991,86.52494279341735,84.17446402529718,85.04927677132603,95.45825056968944,95.45825056968944,95.45825056968944
67,train/val,0.7923475478267862,0.6902920010010508,0.2551388627603379,76.0108320857805,83.43545678119312,95.77819138611041,0.1656597663462162,73.92923585465665,85.01835753183533,95.42352378895166,0.00874564529222942,271.7760112285614,5:01:17,88.52716867627976,83.43545678119312,85.79481872037903,95.77819138611041,95.77819138611041,95.77819138611041,84.10576505266106,85.01835753183533,84.31909314753673,95.42352378895166,95.42352378895166,95.42352378895166
68,train/val,0.7902795697669496,0.6883135214598289,0.25491511701495356,77.03671082028086,84.42843904922697,95.87766299291798,0.17361242979764938,74.43508575032692,84.11068322828147,95.52349341998926,0.008726768993949783,272.3038420677185,5:05:50,88.82521742171257,84.42843904922697,86.49072485158241,95.87766299291798,95.87766299291798,95.87766299291798,85.88753729558944,84.11068322828147,84.60091493601756,95.52349341998926,95.52349341998926,95.52349341998926
69,train/val,0.7898584459761124,0.6869412212662033,0.2572930561830794,77.0948366524633,84.44271079155214,95.76266483103572,0.17528086751699448,74.38876642847569,84.99082790661895,95.45930529215316,0.008707888157900356,270.3577105998993,5:10:20,88.77885229710337,84.44271079155214,86.47165473827518,95.76266483103572,95.76266483103572,95.76266483103572,84.86754527287879,84.99082790661895,84.46910115307593,95.45930529215316,95.45930529215316,95.45930529215316
70,train/val,0.7933975440909098,0.6894916890448344,0.2597646370590254,76.49182961853963,84.16898140929493,95.8168495268632,0.16678757072240114,74.81411937162721,82.98267440857788,95.44649737154863,0.00868900277205276,270.8775906562805,5:14:51,88.287805273761,84.16898140929493,86.10479652254132,95.8168495268632,95.8168495268632,95.8168495268632,87.13231308325084,82.98267440857788,84.66876645856188,95.44649737154863,95.44649737154863,95.44649737154863
71,train/val,0.7824364106328037,0.6824739792840787,0.24990607675593335,77.15513775828978,84.64412881129661,96.01767200427551,0.1636370572298765,75.47575194260429,83.39613062227303,95.71863572316698,0.008670112824317632,275.8828504085541,5:19:27,88.74090132149813,84.64412881129661,86.5656163280771,96.01767200427551,96.01767200427551,96.01767200427551,87.79710030067346,83.39613062227303,85.32801252440517,95.71863572316698,95.71863572316698,95.71863572316698
72,train/val,0.7876763309739786,0.6854018084980452,0.25568630532803116,75.96826004596863,83.42027412055548,95.88965448227594,0.1670176406055689,75.5955464859837,85.35730814357736,95.64547972816283,0.008651218302544105,276.02616572380066,5:24:03,88.36136024415104,83.42027412055548,85.71071188578188,95.88965448227594,95.88965448227594,95.88965448227594,85.825807088189,85.35730814357736,85.34454073111922,95.64547972816283,95.64547972816283,95.64547972816283
73,train/val,0.7829606241641144,0.6805109368448059,0.25612421779722355,77.07500776462835,84.47586297171318,95.8779769409047,0.17007790032029152,74.97758208673585,84.61984186917316,95.44603369496511,0.008632319194519428,270.9278836250305,5:28:34,88.70328412555442,84.47586297171318,86.46821483775211,95.8779769409047,95.8779769409047,95.8779769409047,85.94248554376152,84.61984186917316,84.80147577989207,95.44603369496511,95.44603369496511,95.44603369496511
74,train/val,0.7828569519656091,0.6808644265096783,0.25498131028280696,76.46693833166506,84.06706909589111,95.90501500943509,0.17095094673335554,75.13674951339364,84.78333363274892,95.5754950977875,0.008613491721841842,274.67915868759155,5:33:08,88.30778993688396,84.06706909589111,86.05628412920444,95.90501500943509,95.90501500943509,95.90501500943509,85.88237999758557,84.78333363274892,84.89294694065501,95.5754950977875,95.5754950977875,95.5754950977875
75,train/val,0.7779199739951933,0.6795097916777213,0.24602545333103037,77.46431278089604,85.12013352205831,95.97065078658132,0.16112331196665763,76.014663917696,84.98932980644982,95.82661119060599,0.008594583423043402,271.69396924972534,5:37:40,88.60314401021576,85.12013352205831,86.76619305405107,95.97065078658132,95.97065078658132,95.97065078658132,86.63223271357646,84.98932980644982,85.63952330793313,95.82661119060599,95.82661119060599,95.82661119060599
76,train/val,0.7728271050267197,0.6754328793499721,0.24348556296430182,78.58960819702573,85.71343890901089,96.09221420594302,0.159914270080626,76.81737699009832,85.182367487877,95.79809573501413,0.008575670501029226,270.15678882598877,5:42:10,89.45814945043509,85.71343890901089,87.48280502329179,96.09221420594302,96.09221420594302,96.09221420594302,87.61071192812547,85.182367487877,86.20904085974533,95.79809573501413,95.79809573501413,95.79809573501413
77,train/val,0.780667620813117,0.6789681525962339,0.2542486693021148,77.65172702979362,84.64551609469866,95.98271917825218,0.16426445257663727,75.60044055603686,84.1073246542672,95.55144531006287,0.00855675294333435,270.12013268470764,5:46:40,89.44129286604013,84.64551609469866,86.89580829671041,95.98271917825218,95.98271917825218,95.98271917825218,87.11629328722907,84.1073246542672,85.34894022797228,95.55144531006287,95.55144531006287,95.55144531006287
78,train/val,0.7762159950274626,0.6765768445011106,0.24909787358015917,76.00013309749706,83.84322436534053,95.88046227329579,0.17974366088211535,73.26446582351824,83.53459303647878,95.3435304181746,0.008537830737429444,269.51453733444214,5:51:10,88.03788193271569,83.84322436534053,85.78935756419786,95.88046227329579,95.88046227329579,95.88046227329579,84.99864239565798,83.53459303647878,83.7774955308227,95.3435304181746,95.3435304181746,95.3435304181746
79,train/val,0.7765273675873685,0.6777892286495306,0.24684534463643146,77.7565358292764,84.93093177464478,96.04578100029177,0.16822129574418068,75.27201053515769,82.74956101421796,95.55980490159997,0.008518903870720376,269.10090374946594,5:55:39,89.26109626037174,84.93093177464478,86.95917490832855,96.04578100029177,96.04578100029177,96.04578100029177,88.55752538708546,82.74956101421796,85.05648928128933,95.55980490159997,95.55980490159997,95.55980490159997
80,train/val,0.7812855369746484,0.6792837311917692,0.255004512463028,76.53011847217658,84.15700188805539,95.85996796886889,0.169449009552598,75.34396624023172,84.56452325505218,95.5349180533262,0.008499972330547698,270.2747972011566,6:00:09,88.44166731098669,84.15700188805539,86.15901462851583,95.85996796886889,95.85996796886889,95.85996796886889,86.28036609486239,84.56452325505218,85.1899946295467,95.5349180533262,95.5349180533262,95.5349180533262
81,train/val,0.7720837897916087,0.674317667307113,0.24441530082998617,77.06777743215994,84.56060718199019,96.06110393637634,0.16715928323566914,75.41393350459616,83.90738320012507,95.61433357315875,0.008481036104186214,269.23905205726624,6:04:38,88.54555146445664,84.56060718199019,86.44045653946,96.06110393637634,96.06110393637634,96.06110393637634,87.29675425414527,83.90738320012507,85.21909787681142,95.61433357315875,95.61433357315875,95.61433357315875
82,train/val,0.7727970994192238,0.6743448844333583,0.24613053340116603,77.07062755896212,84.56987061671578,95.99340200454405,0.17037539833784104,74.58463214306752,83.82958566232416,95.57419686878309,0.008462095178844359,270.03019404411316,6:09:08,88.72424882071378,84.56987061671578,86.51151113834038,95.99340200454405,95.99340200454405,95.99340200454405,86.35081747849492,83.82958566232416,84.48869631565792,95.57419686878309,95.57419686878309,95.5741968687831
83,train/val,0.770861738146594,0.6686992621213378,0.25540618848985047,77.96892731970925,85.23257823382231,95.95128006674454,0.16332029324769973,76.00282518479966,85.31496352570379,95.81280896071442,0.008443225944840697,273.2757947444916,6:13:42,89.16886377894497,85.23257823382231,87.06962675958471,95.95128006674454,95.95128006674454,95.95128006674454,86.46854980725625,85.31496352570379,85.5506965775385,95.81280896071442,95.81280896071442,95.81280896071442
84,train/val,0.7634923489364747,0.6646624367431097,0.24707477744706302,78.6379370555467,85.80157215434626,96.13435289398429,0.17051678656041622,74.57143897316601,84.60355947792492,95.61851189676503,0.008424275601973164,269.8674397468567,6:18:12,89.45609585439219,85.80157215434626,87.53705402412012,96.13435289398429,96.13435289398429,96.13435289398429,85.35292779080169,84.60355947792492,84.53754910673622,95.61851189676503,95.61851189676503,95.61851189676503
85,train/val,0.772547129724518,0.671614698790109,0.2523310745176286,78.24302717164332,85.50374976379157,95.97649901511174,0.17332448019087315,75.42522847205382,83.91180519475195,95.52000766693375,0.008405320521400146,269.0454697608948,6:22:41,89.28354747808953,85.50374976379157,87.29276796638065,95.97649901511174,95.97649901511174,95.97649901511174,87.22416093381685,83.91180519475195,85.22637623473909,95.52000766693375,95.52000766693375,95.52000766693375
86,train/val,0.7674011099474817,0.6679446376063476,0.24864117777389652,77.10599431695563,84.39171280288825,95.96470812334236,0.1721860386133194,74.23314469033828,82.47672995602821,95.54185651757344,0.008386360690059939,268.44860768318176,6:27:09,88.92804160937322,84.39171280288825,86.51791099450624,95.96470812334236,95.96470812334236,95.96470812334236,87.01817031459792,82.47672995602821,84.29020352572847,95.54185651757344,95.54185651757344,95.54185651757344
87,train/val,0.765996688973126,0.665585999921335,0.25102671704028945,78.08916195826976,85.38169920362002,96.03250340703013,0.1683387620896101,75.96735079477162,86.10106019762475,95.63027152880011,0.008367396094821934,270.1762766838074,6:31:39,89.18710509883863,85.38169920362002,87.18118895549448,96.03250340703013,96.03250340703013,96.03250340703013,85.51166424768437,86.10106019762475,85.66314660334558,95.63027152880011,95.63027152880011,95.63027152880011
88,train/val,0.7688599439499437,0.6676800038362399,0.25294984678193555,77.56285880598867,84.8217629416489,96.02348366999533,0.1743955234438181,75.14179217354244,82.84531482082906,95.58503296436807,0.00834842672248609,269.24172163009644,6:36:09,89.18175696093094,84.8217629416489,86.87176513647597,96.02348366999533,96.02348366999533,96.02348366999533,87.93985429464654,82.84531482082906,84.93626396398557,95.58503296436807,95.58503296436807,95.58503296436807
89,train/val,0.7662366410390434,0.6665128073539202,0.2493095801593316,77.98284188124398,85.09562581338712,96.05654358439978,0.17277305817604066,73.51143452169616,82.85867896311396,95.58718679226106,0.008329452559782312,270.6477806568146,6:40:39,89.36000471534473,85.09562581338712,87.09136569965426,96.05654358439978,96.05654358439978,96.05654358439978,85.7882314221638,82.85867896311396,83.56954830660219,95.58718679226106,95.58718679226106,95.58718679226106
90,train/val,0.7685808217918304,0.6701335248806048,0.24611823938451283,76.82315077706652,84.11892932562556,96.06890177899665,0.16767923967540263,75.76944850639568,85.79437001189169,95.73418928088809,0.00831047359336999,271.1133532524109,6:45:10,88.9127013959739,84.11892932562556,86.35934389917375,96.06890177899665,96.06890177899665,96.06890177899665,85.48756974655323,85.79437001189169,85.48027039850538,95.73418928088809,95.73418928088809,95.73418928088809
91,train/val,0.7578039702626789,0.6624366698965741,0.2384182496075271,78.72459462511972,85.95096331099971,96.22697605353503,0.1662501694113016,76.59296195889847,85.95020127061017,95.83631993705636,0.008291489809837396,269.59668350219727,6:49:40,89.45334007321108,85.95096331099971,87.6151691502154,96.22697605353503,96.22697605353503,96.22697605353503,86.35983361604768,85.95020127061017,86.06273227044584,95.83631993705636,95.83631993705636,95.83631993705636
92,train/val,0.7632746341529916,0.6656315884958118,0.2441076109813377,77.89599492401793,85.10168441410973,96.11734649417548,0.17178326340019703,75.61599396686934,84.5222749420081,95.6495060373859,0.008272577772411558,269.8908567428589,6:54:10,89.24691421113607,85.10168441410973,87.04954088348245,96.11734649417548,96.11734649417548,96.11734649417548,86.81085890838514,84.5222749420081,85.28303560530087,95.6495060373859,95.6495060373859,95.6495060373859
93,train/val,0.7621077328178814,0.6599850145036451,0.2553067939667872,77.6894200326967,84.91747545821492,96.00648706745743,0.16518944762647153,76.71752063370423,85.4758475679693,95.84742691049493,0.008253584333676204,269.68784046173096,6:58:39,89.24317238929098,84.91747545821492,86.9555857539574,96.00648706745743,96.00648706745743,96.00648706745743,87.07562964156095,85.4758475679693,86.16133512596502,95.84742691049493,95.84742691049493,95.84742691049493
94,train/val,0.7604234781374287,0.6618803758086498,0.24635775277056626,78.47417095681355,85.61139251993494,96.19486961172286,0.18160527069866658,73.51169960356003,81.55795219790683,95.48294047536919,0.008234586037208232,273.5142695903778,7:03:13,89.4526159612239,85.61139251993494,87.41781495291858,96.19486961172286,96.19486961172286,96.19486961172286,87.53501720161651,81.55795219790683,83.57675273045817,95.48294047536919,95.48294047536919,95.48294047536919
95,train/val,0.7689048047625305,0.6674963047360924,0.2535212475733823,77.85323004897849,84.99488940717983,95.94552795030242,0.1714207416921854,76.10478246953846,84.10789551363703,95.72524878503295,0.008215582869306107,271.76832342147827,7:07:45,89.34503360767309,84.99488940717983,87.01472683620881,95.94552795030242,95.94552795030242,95.94552795030242,87.82084761771432,84.10789551363703,85.6210366209305,95.72524878503295,95.72524878503295,95.72524878503295
96,train/val,0.7553333977403942,0.655097507696947,0.25058972246308575,78.25947891531025,85.3850635346299,96.06432492722017,0.16581377394497396,76.26307218114088,84.82707997421069,95.81518426723892,0.00819657481619432,269.5691764354706,7:12:14,89.56900763978793,85.3850635346299,87.33657297225913,96.06432492722017,96.06432492722017,96.06432492722017,87.18682758594277,84.82707997421069,85.77082348877558,95.81518426723892,95.81518426723892,95.81518426723892
97,train/val,0.7576939364608375,0.6580191450625678,0.24918697519877972,78.88049639205015,85.96349963541172,96.1486569032705,0.17158044804632663,75.1058924243029,83.45119308648434,95.5912425447291,0.008177561864022805,272.54999923706055,7:16:47,89.60643180752619,85.96349963541172,87.68036333030214,96.1486569032705,96.1486569032705,96.1486569032705,87.14375908395373,83.45119308648434,84.8987350603481,95.5912425447291,95.5912425447291,95.5912425447291
98,train/val,0.7605827673818734,0.6590269964235936,0.2538894264311821,78.1478312069654,85.35343819756281,96.04123316648622,0.18653084962069988,73.5204921698852,82.92709850808787,95.35892541856917,0.008158543998866391,273.4345579147339,7:21:20,89.14882960800335,85.35343819756281,87.14981281632642,96.04123316648622,96.04123316648622,96.04123316648624,86.01567398004299,82.92709850808787,83.63620658039895,95.35892541856917,95.35892541856917,95.35892541856917
99,train/val,0.7507886858738423,0.6519440251384394,0.24711164668773594,78.5348339358418,85.54467474004524,96.16005815061463,0.17215317548811435,75.65907194008105,85.5424070471384,95.60294841557987,0.008139521206724095,273.67842984199524,7:25:54,89.61055396493153,85.54467474004524,87.4644755550386,96.16005815061463,96.16005815061463,96.16005815061463,85.76909284144355,85.5424070471384,85.35230920605693,95.60294841557987,95.60294841557987,95.60294841557987
100,train/val,0.7558772038234988,0.6552132545158057,0.25165986961158393,78.74390364468262,85.75913657078034,96.17431376477766,0.17163015198707582,77.20048803544188,85.35546806888121,95.842280667473,0.008120493473518568,270.3914427757263,7:30:24,89.65163132190105,85.75913657078034,87.59907527625008,96.17431376477766,96.17431376477766,96.17431376477766,88.02528545070643,85.35546806888121,86.45371425256923,95.842280667473,95.842280667473,95.842280667473
101,train/val,0.7652541136853873,0.6623894863968017,0.25716156763523795,78.51043917787169,85.69841272746129,96.04915599067833,0.17805710020661353,74.92522480258847,85.48684162119388,95.63898760169927,0.008101460785095506,270.0369727611542,7:34:54,89.40636922670221,85.69841272746129,87.44370572918777,96.04915599067833,96.04915599067833,96.04915599067833,85.25332315643766,85.48684162119388,84.83603444718989,95.63898760169927,95.63898760169927,95.63898760169927
102,train/val,0.7524807564388126,0.6544258676885195,0.24513722077843803,78.01860033504478,85.20342196282984,96.20830319110166,0.1735553725063801,75.7699787574812,84.40437069161024,95.69844125574659,0.008082499901970165,269.3076400756836,7:39:24,89.46004818992691,85.20342196282984,87.18039156106826,96.20830319110166,96.20830319110166,96.20830319110166,87.10255312662187,84.40437069161024,85.35171788273317,95.69844125574659,95.69844125574659,95.69844125574659
103,train/val,0.7521651952797402,0.6537724712208445,0.2459818079977446,79.13487730472745,86.1007721534748,96.16352636639132,0.17897778445482254,73.99421848092832,84.66881618664776,95.53100668180748,0.00806345728046255,268.2499828338623,7:43:52,89.86732669828893,86.1007721534748,87.88014421578198,96.16352636639132,96.16352636639132,96.16352636639132,84.90048467040758,84.66881618664776,84.13468096125479,95.53100668180748,95.53100668180748,95.53100668180748
104,train/val,0.7553915610911466,0.6555922431338932,0.24949829355533604,78.81164331483878,85.9859032483508,96.14610857010186,0.1770576346516609,73.6259768070986,82.7694853443993,95.65145910596793,0.008044409660864397,268.77225947380066,7:48:21,89.59596548223996,85.9859032483508,87.70373316272254,96.14610857010186,96.14610857010186,96.14610857010186,86.72118252072674,82.7694853443993,83.76999905406475,95.65145910596793,95.65145910596793,95.65145910596793
105,train/val,0.7523037854784995,0.6520471830915587,0.2506415004407951,78.82411669785866,85.64664680264985,96.14331641066329,0.17163196302950381,75.62153662366225,83.47170031198647,95.65359952082711,0.00802535702870746,269.769407749176,7:52:51,89.96288663621102,85.64664680264985,87.6650453813812,96.14331641066329,96.14331641066329,96.14331641066329,88.03495456947334,83.47170031198647,85.23016167724225,95.65359952082711,95.65359952082711,95.65359952082711
106,train/val,0.7521047137412115,0.6548202685165021,0.24321111148096766,79.01991686100523,86.12840239550874,96.26601739596148,0.1758623635917902,76.2000215507378,84.25225814672419,95.69115198068815,0.008006299369443318,267.97437047958374,7:57:18,89.64047475211355,86.12840239550874,87.80079019058098,96.26601739596148,96.26601739596148,96.26601739596148,87.9003129779638,84.25225814672419,85.83551455506098,95.69115198068815,95.69115198068815,95.69115198068815
107,train/val,0.7460336687184855,0.650493189532162,0.23885119622466783,79.57938636919451,86.60601471421654,96.30970470472288,0.17073504567146303,75.97369189222488,83.91790873253733,95.7391224420558,0.00798723666844272,270.7970678806305,8:01:49,89.94842449325704,86.60601471421654,88.19768848783089,96.30970470472288,96.30970470472288,96.30970470472288,88.04130960564152,83.91790873253733,85.58859632161727,95.7391224420558,95.7391224420558,95.7391224420558
108,train/val,0.7466645622782524,0.6493828487861213,0.24320428248772946,78.04852954794873,85.25939411221574,96.25759026775116,0.17337143102288247,73.45716404928034,83.6182220901659,95.63696147025014,0.007968168910994935,269.75434947013855,8:06:19,89.38341908016282,85.25939411221574,87.21122962243469,96.25759026775116,96.25759026775116,96.25759026775116,85.5451142626336,83.6182220901659,83.61996537437226,95.63696147025014,95.63696147025014,95.63696147025014
109,train/val,0.7563644229624202,0.6520092983873562,0.2608878106685517,78.27412136734773,85.44403381539753,96.04429682902035,0.18305577713251114,75.56741972182597,82.90626032476209,95.55595263466928,0.007949096082307056,268.5725507736206,8:10:48,89.49193999834233,85.44403381539753,87.3434636276149,96.04429682902035,96.04429682902035,96.04429682902035,88.38051206780784,82.90626032476209,85.23883730477965,95.55595263466928,95.55595263466928,95.55595263466927
110,train/val,0.7457957646954196,0.6460233504189368,0.2494310331959891,79.50134143021909,86.4561349650212,96.29964480425228,0.18405687746405602,75.4518971793741,85.5355021825706,95.56119036984869,0.00793001816750334,267.8839192390442,8:15:15,89.88563864938855,86.4561349650212,88.08685807780243,96.29964480425228,96.29964480425228,96.29964480425228,85.58929927821256,85.5355021825706,85.25318244007511,95.56119036984869,95.56119036984869,95.56119036984869
111,train/val,0.7474707933224202,0.646290135016839,0.2529516433489026,79.20331055234638,86.14204340773534,96.2162116540284,0.1799594361782074,75.03472489207262,84.05844896161202,95.60537977331883,0.007911012109532226,272.28702783584595,8:19:48,89.86126075516675,86.14204340773534,87.90513833465513,96.2162116540284,96.2162116540284,96.2162116540284,86.717702987554,84.05844896161202,84.9473207474721,95.60537977331883,95.60537977331883,95.60537977331883
112,train/val,0.7449339612386494,0.6499618670646986,0.23743023243861144,79.65853768132062,86.62463730612355,96.34312448645184,0.17482238656282426,76.56524185307349,84.91026439068517,95.74452985756538,0.007891923998194703,269.5760142803192,8:24:17,90.0611714641008,86.62463730612355,88.2562313356079,96.34312448645184,96.34312448645184,96.34312448645183,87.63859166897973,84.91026439068517,85.84247114916778,95.74452985756538,95.74452985756538,95.74452985756538
113,train/val,0.7505737975810948,0.6523161328271803,0.24564415876075335,78.42600700372587,85.59620740135865,96.18578950534915,0.19227725712955,73.42833808260322,83.65759399715179,95.3919825492199,0.007872907754876203,268.896288394928,8:28:46,89.43940922734198,85.59620740135865,87.41784072828442,96.18578950534915,96.18578950534915,96.18578950534915,85.06429120621377,83.65759399715179,83.78899712632759,95.3919825492199,95.3919825492199,95.3919825492199
114,train/val,0.7424723329705204,0.6406046350529792,0.254669241186309,78.99801811776409,85.76642706345608,96.31298294204575,0.17638070656359195,76.4746705392277,84.84316489506571,95.81060278927484,0.007853809386735631,269.7136175632477,8:33:16,90.11335254041197,85.76642706345608,87.79542139058391,96.31298294204575,96.31298294204575,96.31298294204575,87.71249482116498,84.84316489506571,85.94208150562139,95.81060278927484,95.81060278927484,95.81060278927484
115,train/val,0.7442965659224594,0.6447815741359105,0.24878747566341952,79.00896455878423,85.88289382059166,96.22571145167663,0.17497178268432617,76.27773192477973,83.900147372835,95.72921533537368,0.00783470585695737,267.3969008922577,8:37:43,89.97809600669136,85.88289382059166,87.79163224262882,96.22571145167663,96.22571145167663,96.22571145167663,87.93723801722662,83.900147372835,85.68695850791083,95.72921533537368,95.72921533537368,95.72921533537368
116,train/val,0.7438797338063394,0.6448906025352619,0.2474728251613862,78.63581107906657,85.98893646126969,96.29424532282141,0.17715229722857476,74.83048749615786,83.58023235924166,95.7184024672375,0.007815597150154662,271.795209646225,8:42:15,89.32367568924377,85.98893646126969,87.5798303968384,96.29424532282141,96.29424532282141,96.29424532282141,86.94823753922716,83.58023235924166,84.63088228104739,95.7184024672375,95.7184024672375,95.7184024672375
117,train/val,0.7453019671497845,0.6451640571514552,0.25034477173650754,79.0321959641342,86.10895015931763,96.23916179041066,0.17967061384022237,73.81961274646729,83.97063570204676,95.57966895038253,0.007796483250852935,275.24059891700745,8:46:50,89.71439576766873,86.10895015931763,87.82692305271691,96.23916179041066,96.23916179041066,96.23916179041066,85.51348419615302,83.97063570204676,83.93893485264542,95.57966895038253,95.57966895038253,95.57966895038253
118,train/val,0.7425315498143295,0.6442164569572065,0.24578772988308173,79.51583338081186,86.26726628298401,96.244360549449,0.17693068453669547,75.49580401313091,84.81103907388507,95.64250835950158,0.007777364143489071,269.0416769981384,8:51:19,90.16472499039529,86.26726628298401,88.10514356064179,96.244360549449,96.244360549449,96.244360549449,86.11571969827637,84.81103907388507,85.17607324503737,95.64250835950158,95.64250835950158,95.64250835950158
119,train/val,0.7409159489021097,0.6453190091458758,0.23899234777721048,78.94913872697632,85.93732080665278,96.40742852404009,0.17599129223823548,76.17004822113057,83.92300228082739,95.68841026933754,0.007758239812410681,272.986971616745,8:55:52,89.81557011984415,85.93732080665278,87.77305081242794,96.40742852404009,96.40742852404009,96.40742852404009,87.81598758679125,83.92300228082739,85.56004495871197,95.68841026933754,95.68841026933754,95.68841026933754
120,train/val,0.7395441123881272,0.6370282595740442,0.2562896291090886,79.20699876403529,86.16829026898614,96.22034417092549,0.17948227578401565,76.80569113599789,85.51662530151913,95.9619236204953,0.007739110241875276,269.95956349372864,9:00:22,89.9675568171624,86.16829026898614,87.96313254504359,96.22034417092549,96.22034417092549,96.22034417092549,87.38040933018266,85.51662530151913,86.1427205195416,95.9619236204953,95.9619236204953,95.9619236204953
121,train/val,0.7353859812762806,0.637655624534832,0.2443258889675862,79.91676918795008,86.85526466975219,96.38557477606618,0.17568835662305354,76.35536360862564,85.09733584705424,95.74619089277708,0.0077199754160496075,268.99240493774414,9:04:51,90.10778477550929,86.85526466975219,88.40315566582389,96.38557477606618,96.38557477606618,96.38557477606618,87.08410279885298,85.09733584705424,85.84604689895133,95.74619089277708,95.74619089277708,95.74619089277708
122,train/val,0.7365148135216026,0.6331161614043967,0.2584966278980062,79.40025528361217,86.52952550836413,96.25568990739096,0.1983490219116211,72.77403671086911,82.36137478569778,95.30869109881164,0.007700835319008776,269.31593775749207,9:09:21,89.77722958533381,86.52952550836413,88.07362397725433,96.25568990739096,96.25568990739096,96.25568990739096,85.70791996739835,82.36137478569778,83.19166053796658,95.30869109881164,95.30869109881164,95.30869109881164
123,train/val,0.7338007945660063,0.632864209674875,0.25234146070965363,79.68604848296016,86.55107930311603,96.32843659525842,0.18034632839262485,77.09688907973438,84.79397345789032,95.84698537086966,0.007681767144503902,268.60536909103394,9:13:49,90.18215147553018,86.55107930311603,88.27436529622979,96.32843659525842,96.32843659525842,96.32843659525842,88.38771021762,84.79397345789032,86.25141786699342,95.84698537086966,95.84698537086966,95.84698537086966
124,train/val,0.7413971970244871,0.640815498048055,0.25145424559972956,79.17933569051809,86.10784722103342,96.27691581619987,0.17718060790002346,76.18351767270038,84.95383000242501,95.78810891347251,0.007662616478304724,268.79813861846924,9:18:18,89.89573431870251,86.10784722103342,87.88922872508819,96.27691581619987,96.27691581619987,96.27691581619987,87.06412764757404,84.95383000242501,85.49254472666111,95.78810891347251,95.78810891347251,95.78810891347251
125,train/val,0.737486181619108,0.6354953758694136,0.25497701231492953,78.67986427567679,85.72083308810402,96.30514765039503,0.18693990749120712,75.79171301004332,83.05262580290612,95.51901750151082,0.007643460492623794,268.3697690963745,9:22:46,89.62231525102371,85.72083308810402,87.56245107378575,96.30514765039503,96.30514765039503,96.30514765039503,88.62618111109525,83.05262580290612,85.28445670656333,95.51901750151082,95.51901750151082,95.51901750151082
126,train/val,0.7430805347073215,0.6411398095257265,0.25485180893057374,78.67262021142491,85.52453303685678,96.18600371814946,0.18437806187570094,75.61349620860547,83.8774653723977,95.59415742597966,0.007624299171162335,270.86744952201843,9:27:17,89.85389954057894,85.52453303685678,87.5527804969364,96.18600371814946,96.18600371814946,96.18600371814946,87.47499426315667,83.8774653723977,85.30831331254234,95.59415742597966,95.59415742597966,95.59415742597966
127,train/val,0.7368119324143493,0.6331931767583134,0.25904688539726267,79.10641820583902,86.00339291229666,96.2515949551457,0.18849007627367972,75.0925566370517,85.34263212516213,95.56337505862437,0.007605132497525904,268.65591287612915,9:31:46,90.0684141780666,86.00339291229666,87.9121876478644,96.2515949551457,96.2515949551457,96.2515949551457,85.96484174607924,85.34263212516213,84.85039439870033,95.56337505862437,95.56337505862437,95.56337505862437
128,train/val,0.7373103557133242,0.6337538888651649,0.2588911643596247,79.31992834882028,86.40782009043049,96.2085115315048,0.18017753992974758,76.12971104692768,84.27178072962208,95.7417135566609,0.007585960455223653,267.13564562797546,9:36:13,89.7174096655178,86.40782009043049,87.98407712634108,96.2085115315048,96.2085115315048,96.2085115315048,87.42139231206284,84.27178072962208,85.64678179198133,95.7417135566609,95.7417135566609,95.7417135566609
129,train/val,0.7379241717206446,0.6349698167041234,0.2573858864289767,79.47858816189581,86.40301595084794,96.25976528575386,0.1823264316469431,75.7799767933831,84.36636841921784,95.56361213127079,0.007566783027667454,268.209406375885,9:40:41,90.01225448044985,86.40301595084794,88.10782824406364,96.25976528575386,96.25976528575386,96.25976528575386,86.830303897807,84.36636841921784,85.38683981487011,95.56361213127079,95.56361213127079,95.56361213127079
130,train/val,0.7338799201528258,0.6291754709427679,0.26176112075539826,80.18685072826067,86.77776288671426,96.33503436459846,0.1891131964176893,74.85820612676669,84.14549081465114,95.51756933005524,0.007547600198171045,269.02320671081543,9:45:10,90.6034004957307,86.77776288671426,88.5808710867319,96.33503436459846,96.33503436459846,96.33503436459846,86.4174861084105,84.14549081465114,84.52485620336955,95.51756933005524,95.51756933005524,95.51756933005524
131,train/val,0.7333924256079776,0.6345143765211105,0.24719512008666672,80.3047543342014,87.21912582861809,96.45014223571901,0.1828198577463627,77.44982736381783,84.61898905155572,95.87643788499449,0.0075284119499492,270.46326208114624,9:49:41,90.2288274473945,87.21912582861809,88.65952019055987,96.45014223571901,96.45014223571901,96.45014223571901,88.99959454510196,84.61898905155572,86.58570929180995,95.87643788499449,95.87643788499449,95.87643788499449
132,train/val,0.7311707299751328,0.6318886358323479,0.248205232586168,79.9042593018826,86.55560359380085,96.43143029452263,0.18332382498681546,75.68961073203559,83.27352119494336,95.69529573574388,0.00750921826611683,267.74561524391174,9:54:09,90.46783967253296,86.55560359380085,88.41085674942987,96.43143029452263,96.43143029452263,96.43143029452263,88.31091957605206,83.27352119494336,85.22907615309595,95.69529573574388,95.69529573574388,95.69529573574388
133,train/val,0.7340474850632797,0.6352438432763868,0.24700909993775996,79.98346496972178,86.66264128192088,96.37258430909597,0.1816547913700342,76.81243298554718,83.88212444178986,95.62211913046826,0.007490019129688106,268.8276927471161,9:58:37,90.50112916132666,86.66264128192088,88.46578734404495,96.37258430909597,96.37258430909597,96.37258430909597,89.15218803829556,83.88212444178986,86.10125024424828,95.62211913046826,95.62211913046826,95.62211913046826
134,train/val,0.7359986612880158,0.6326341603274465,0.2584112502519284,80.01685075116481,86.82166195533753,96.25333618403603,0.177027019277215,76.77585404306227,84.43594030971884,95.80991981504093,0.0074708145235755745,268.83255553245544,10:03:06,90.33066040308752,86.82166195533753,88.48490917845936,96.25333618403603,96.25333618403603,96.25333618403603,88.47552986224117,84.43594030971884,86.16252853911108,95.80991981504093,95.80991981504093,95.80991981504093
135,train/val,0.7319531565395553,0.6305294238987912,0.25355933087539095,79.46329259180199,86.32141148440854,96.28030701418714,0.18016203767061234,73.55340548467139,81.32883547062598,95.67193579234366,0.007451681901682352,268.99320435523987,10:07:35,90.04147580230622,86.32141148440854,88.08434184639106,96.28030701418714,96.28030701418714,96.28030701418714,87.81088336956294,81.32883547062598,83.6085355679229,95.67193579234366,95.67193579234366,95.67193579234366
136,train/val,0.7288270345572746,0.6272550458645932,0.2539299707271023,80.20421142271405,86.92180773287352,96.40448674874541,0.19654742723703383,75.93617472967014,83.75117931982267,95.56881529789962,0.007432466326757986,269.5343163013458,10:12:05,90.46323229847238,86.92180773287352,88.60853766502832,96.40448674874541,96.40448674874541,96.40448674874541,88.15599829459178,83.75117931982267,85.45160687743231,95.56881529789962,95.56881529789962,95.56881529789962
137,train/val,0.7238664335665802,0.6253608223188621,0.24626402399567204,80.66173659571012,87.34281584972109,96.47300002248002,0.17189740309119225,76.29837822748212,84.06273177426542,95.87921165676737,0.007413245230339062,268.05850052833557,10:16:33,90.6289827013602,87.34281584972109,88.90933108735875,96.47300002248002,96.47300002248002,96.47300002248002,88.31791625508224,84.06273177426542,85.7930869650761,95.87921165676737,95.87921165676737,95.87921165676737
138,train/val,0.7326254286899131,0.6295221764907472,0.2577581284085455,79.91895132501978,86.86905179221979,96.29981172327155,0.18784702315926552,76.19476364839393,84.78963406023541,95.65450048412274,0.007394018594922977,269.7578229904175,10:21:03,90.15453202381876,86.86905179221979,88.43697595388652,96.29981172327155,96.29981172327155,96.29981172327155,87.207861049001,84.78963406023541,85.70556581155459,95.65450048412274,95.65450048412274,95.65450048412274
139,train/val,0.7295938164456707,0.6288011765912946,0.2519815976467803,79.42133323128542,86.29572782889898,96.4005200108723,0.18571171560883523,75.5239430734591,85.39562908966906,95.79458740880415,0.007374786402900873,270.8598096370697,10:25:33,90.12351764562374,86.29572782889898,88.10484689975758,96.4005200108723,96.4005200108723,96.4005200108723,85.69373903133575,85.39562908966906,85.16822824839844,95.79458740880415,95.79458740880415,95.79458740880415
140,train/val,0.730739199582089,0.6283965202971602,0.25585669448953713,79.39440816743,86.27103018870062,96.354657687551,0.19192031875252724,75.5442469790848,84.25420703946304,95.68228214862089,0.007355548636556744,274.1563050746918,10:30:08,90.06730191727655,86.27103018870062,88.07538460185556,96.354657687551,96.354657687551,96.354657687551,87.12876869125289,84.25420703946304,85.19859385624589,95.68228214862089,95.68228214862089,95.68228214862089
141,train/val,0.7304098346166027,0.6262873634645902,0.26030617215806556,78.70483417747407,85.6591117863728,96.29596700750963,0.17827813698351383,77.06174772911336,84.34109059029569,95.907145880894,0.007336305278066434,271.7930746078491,10:34:39,89.8982883385569,85.6591117863728,87.66191724723734,96.29596700750963,96.29596700750963,96.29596700750963,88.78724830116774,84.34109059029569,86.25628879664878,95.907145880894,95.907145880894,95.907145880894
142,train/val,0.723237685603669,0.6211069538117097,0.25532682816214264,80.76474566265924,87.4208337925207,96.41546244307828,0.1919521714001894,75.68837728143947,83.72865384835615,95.56621469602669,0.007317056309496658,272.7572867870331,10:39:12,90.58289144090588,87.4208337925207,88.93067267586467,96.41546244307828,96.41546244307828,96.41546244307828,88.02858784292651,83.72865384835615,85.26403259047211,95.56621469602669,95.56621469602669,95.56621469602669
143,train/val,0.7246162741674861,0.6244375252070328,0.2504468710382833,80.0009742136192,86.55576818866588,96.4363190613883,0.1837388707101345,75.98655413965565,85.42158111115947,95.66593471377652,0.007297801712804002,271.4403176307678,10:43:44,90.57005870719411,86.55576818866588,88.45410597951529,96.4363190613883,96.4363190613883,96.4363190613883,86.20286152162505,85.42158111115947,85.59688276162575,95.66593471377652,95.66593471377652,95.66593471377652
144,train/val,0.7249667768159326,0.6240587850385011,0.25226997702852866,80.60929556197786,87.2773743096067,96.42888494001312,0.1776559361219406,76.7085928201183,85.37587822329075,95.79781678753044,0.007278541469833954,270.6935214996338,10:48:14,90.63861213242505,87.2773743096067,88.87929894697692,96.42888494001312,96.42888494001312,96.42888494001312,87.17293238870782,85.37587822329075,86.1444334714502,95.79781678753044,95.79781678753044,95.79781678753044
145,train/val,0.7343491237277382,0.6305019704784093,0.2596178801170354,77.94225756459436,84.75784240321286,96.2735180584565,0.19442988185584545,73.09292108023261,80.9092104426759,95.39721843056537,0.00725935325882973,274.7686824798584,10:52:49,89.79545011177316,84.75784240321286,87.09576086311893,96.2735180584565,96.2735180584565,96.2735180584565,87.15172957399939,80.9092104426759,83.33570505119386,95.39721843056537,95.39721843056537,95.39721843056537
146,train/val,0.729368770090461,0.6259757485178067,0.258482551679426,79.4185010355763,86.09164248245649,96.3541068563685,0.1875535679012537,75.90684215073094,83.46365647888597,95.6004520646039,0.007240081691343884,268.41154050827026,10:57:17,90.22517194784362,86.09164248245649,88.03507499858588,96.3541068563685,96.3541068563685,96.3541068563685,88.46400560605971,83.46365647888597,85.41195149980899,95.6004520646039,95.6004520646039,95.6004520646039
147,train/val,0.7238923677399244,0.6240358490549484,0.24964129436252577,80.50399705703664,87.12537240490164,96.4545778625382,0.18127230955660342,76.26670563005611,83.60059663314884,95.88936085235245,0.007220804422515039,268.5364806652069,11:01:46,90.50890157067778,87.12537240490164,88.73610044953458,96.4545778625382,96.4545778625382,96.4545778625382,88.73924648952155,83.60059663314884,85.69377264608141,95.88936085235245,95.88936085235245,95.88936085235245
148,train/val,0.7299552820597869,0.6298036703585617,0.25037902612652485,80.08339269935092,86.96985497071542,96.44593027247018,0.19337811143696307,75.45290983388911,83.63859066111662,95.71137872662892,0.0072015214337344475,269.34049367904663,11:06:15,90.20359410256667,86.96985497071542,88.50082053264892,96.44593027247018,96.44593027247018,96.44593027247018,87.68408090361052,83.63859066111662,85.13361750885173,95.71137872662892,95.71137872662892,95.71137872662892
149,train/val,0.726150165449154,0.621139052075352,0.26252778346456773,79.77198792970654,86.30695786098998,96.28894372784866,0.19557245387136937,73.57913756641864,80.42810983593135,95.4890738304405,0.00718223270627704,271.8187918663025,11:10:47,90.48026820380613,86.30695786098998,88.27199325065803,96.28894372784866,96.28894372784866,96.28894372784866,88.52412528840176,80.42810983593135,83.75232326751116,95.4890738304405,95.4890738304405,95.4890738304405
150,train/val,0.7217160251690544,0.6204885691604761,0.2530686382251894,79.89666977058653,86.52078022588124,96.43091036082836,0.17856559978425504,76.56726005640759,84.26694068201861,95.89810625944752,0.0071629382213004005,268.41596269607544,11:15:16,90.43210324369039,86.52078022588124,88.36295650180915,96.43091036082836,96.43091036082836,96.43091036082836,88.07555219115626,84.26694068201861,85.87025546787692,95.89810625944752,95.89810625944752,95.89810625944752
151,train/val,0.7219991640869852,0.6179584869519928,0.2601016884533126,81.00743325321066,87.5669263409786,96.47226043185158,0.18597903943061828,75.6770763791598,85.24383556760355,95.66473168459747,0.007143637959843616,269.84385442733765,11:19:45,90.80614659425504,87.5669263409786,89.11831290307474,96.47226043185158,96.47226043185158,96.47226043185158,86.38010522398743,85.24383556760355,85.34036611839655,95.66473168459747,95.66473168459747,95.66473168459747
152,train/val,0.7154765264572677,0.6146877320143868,0.2519719846466482,80.94349991794512,87.59488105251447,96.5023135006743,0.18505089451372622,75.16836175840919,83.14658756421794,95.74513049976248,0.007124331902826228,268.8731281757355,11:24:14,90.70858972517848,87.59488105251447,89.08559576032363,96.5023135006743,96.5023135006743,96.5023135006743,87.45742266109981,83.14658756421794,85.0373877154453,95.74513049976248,95.74513049976248,95.74513049976248
153,train/val,0.7191091155597005,0.6168975804725106,0.25552883309831376,80.99104983609864,87.78059028178696,96.48307008837051,0.18381106595695018,75.96312094778935,83.01317319699578,95.75350339528433,0.007105020031047122,268.4300916194916,11:28:43,90.47435853366515,87.78059028178696,89.07589026784851,96.48307008837051,96.48307008837051,96.48307008837051,88.99138721268181,83.01317319699578,85.51959947035857,95.75350339528433,95.75350339528433,95.75350339528433
154,train/val,0.7265021273291343,0.6242496416263318,0.25563121190208193,79.12914765766054,85.92340894635629,96.36330280326725,0.18819599822163582,76.20861067546244,84.88437258452683,95.80959713888603,0.007085702325183297,271.3165338039398,11:33:14,90.14669804587498,85.92340894635629,87.90920575931386,96.36330280326725,96.36330280326725,96.36330280326725,86.90177410358811,84.88437258452683,85.58070336136302,95.80959713888603,95.80959713888603,95.80959713888603
155,train/val,0.7166387535576542,0.615847289872875,0.25197865437683675,80.4998758314191,87.3388680777746,96.53880662102303,0.19320408092439176,72.68877931962673,80.68269589377618,95.62903502156105,0.007066378765788884,267.60406398773193,11:37:42,90.36938769122096,87.3388680777746,88.79117292553426,96.53880662102303,96.53880662102303,96.53880662102303,87.51752054692209,80.68269589377618,83.07517162298373,95.62903502156105,95.62903502156105,95.62903502156105
156,train/val,0.7272436303345244,0.6226415836277951,0.2615051126381897,78.75055307019703,85.76830772722337,96.28825965031363,0.19264298798143864,75.00336594433107,83.2476928196113,95.51084907296782,0.007047127286373331,270.36732745170593,11:42:12,89.82399689209241,85.76830772722337,87.65174818575261,96.28825965031363,96.28825965031363,96.28825965031363,87.53374653300085,83.2476928196113,84.79345315078551,95.51084907296782,95.51084907296782,95.51084907296782
157,train/val,0.7187923059298356,0.6119051029618827,0.2672180048044127,80.81773573861862,87.34674333812826,96.39190982728259,0.18968276165425776,76.21990354502145,84.51644827767781,95.65461454943467,0.0070277919848832976,272.8216037750244,11:46:45,90.81195880505696,87.34674333812826,89.00239715202912,96.39190982728259,96.39190982728259,96.39190982728259,87.72855605730231,84.51644827767781,85.59251163168511,95.65461454943467,95.65461454943467,95.65461454943467
158,train/val,0.7293366709850583,0.626457753883726,0.25719728996750485,78.44834594349314,85.55721116897537,96.341328131033,0.19733745707571507,74.45261108243649,83.19952517427211,95.38796071100809,0.007008450770855677,274.1112205982208,11:51:19,89.58201467485978,85.55721116897537,87.45627411449058,96.341328131033,96.341328131033,96.341328131033,86.48457314387743,83.19952517427211,84.4409977893527,95.38796071100809,95.38796071100809,95.38796071100809
159,train/val,0.719244064323519,0.6157963737975694,0.2586192237595303,80.93762344387201,87.51996008989616,96.47819294005573,0.19068143562972545,74.81049444293343,82.80851887620973,95.55645426032407,0.006989103624341523,270.1367931365967,11:55:49,90.7805054714347,87.51996008989616,89.07076660509517,96.47819294005573,96.47819294005573,96.47819294005573,87.52976091519635,82.80851887620973,84.66879727613644,95.55645426032407,95.55645426032407,95.55645426032407
160,train/val,0.7176764106381717,0.61783854988051,0.24959465028078026,80.1872322368182,86.81865815138417,96.49856820771586,0.184992632240057,75.44075304929237,82.86183112655608,95.75333186112019,0.006969750525262966,269.8727443218231,12:00:19,90.52020603350289,86.81865815138417,88.56982657444495,96.49856820771586,96.49856820771586,96.49856820771586,88.34083345229882,82.86183112655608,85.09146650436551,95.75333186112019,95.75333186112019,95.75333186112019
161,train/val,0.7178460585445707,0.6151218353679858,0.2568105577686006,80.91763553744383,87.28468604696378,96.48539686068818,0.1930138118863106,73.93323383150565,83.34218869386805,95.39976799748037,0.006950391453412044,268.2339062690735,12:04:47,91.06694359126267,87.28468604696378,89.05437235616107,96.48539686068818,96.48539686068818,96.48539686068818,86.38807352518813,83.34218869386805,84.06311581814116,95.39976799748037,95.39976799748037,95.39976799748037
162,train/val,0.7233758626885276,0.6184545211048036,0.26230334973046665,80.32504864909572,87.03041679027595,96.37019872166402,0.19676799099147319,73.13009902044399,80.59635277156893,95.46708103504771,0.0069310263884493906,271.3789916038513,12:09:19,90.43031618819732,87.03041679027595,88.65562711739535,96.37019872166402,96.37019872166402,96.37019872166402,87.97407473374219,80.59635277156893,83.47567375941496,95.46708103504771,95.46708103504771,95.4670810350477
163,train/val,0.7150239627595387,0.614159589526873,0.2521609291283974,80.81922588891453,87.26974900890151,96.49853320070376,0.2017668219357729,75.4262355882247,84.23475194022808,95.40987706301307,0.006911655309903025,266.3078098297119,12:13:45,90.89227344903173,87.26974900890151,88.99485298424483,96.49853320070376,96.49853320070376,96.49853320070376,86.76212400063281,84.23475194022808,85.12657548787661,95.40987706301307,95.40987706301307,95.40987706301307
164,train/val,0.7163169267358761,0.6171820391002083,0.24783721754594223,80.20692924062031,86.92331192086024,96.50556286760286,0.18063909782469273,76.83176526482157,84.8924782816114,95.92900890791091,0.006892278197167021,268.9263994693756,12:18:14,90.44968304922492,86.92331192086024,88.59419594772127,96.50556286760286,96.50556286760286,96.50556286760286,88.07729463454571,84.8924782816114,85.9774209820609,95.92900890791091,95.92900890791091,95.92900890791091
165,train/val,0.7263033996914245,0.622062032715378,0.2606034154309149,79.20238740566059,85.74366169285447,96.31582944732662,0.1929852152466774,75.08372838316643,85.01545481743223,95.60865255356917,0.006872895029500253,268.60492753982544,12:22:42,90.42632296120485,85.74366169285447,87.91840997006926,96.31582944732662,96.31582944732662,96.31582944732662,85.85533016445476,85.01545481743223,84.8658953394246,95.60865255356917,95.60865255356917,95.60865255356917
166,train/val,0.7247406275543335,0.618033051651119,0.26676893599516766,79.54911179101846,86.21088230681636,96.33571042662759,0.18317388452589511,76.01996172035817,84.50780719394136,95.7252183603465,0.006853505786025064,272.28978967666626,12:27:15,90.48222603077764,86.21088230681636,88.20393258574836,96.33571042662759,96.33571042662759,96.33571042662759,86.9990680763987,84.50780719394136,85.49452977197546,95.7252183603465,95.7252183603465,95.7252183603465
167,train/val,0.7136402838608524,0.6109663613325971,0.2566848032291736,80.12157665508637,86.61006858474617,96.49934041360326,0.18801846830546856,76.15935894209966,83.51661208133353,95.73634965172442,0.006834110445725932,271.21483612060547,12:31:46,90.67863949792475,86.61006858474617,88.52029421177568,96.49934041360326,96.49934041360326,96.49934041360328,88.42957444882774,83.51661208133353,85.6477153956054,95.73634965172442,95.73634965172442,95.73634965172442
168,train/val,0.7148508111662566,0.6160814107646859,0.2469234956627575,81.12488253736065,87.72652646311337,96.56708969628991,0.18947670936584474,76.01633613414828,85.0499082538517,95.6383082260842,0.006814787231448002,269.2868778705597,12:36:15,90.7772796950728,87.72652646311337,89.18804785947407,96.56708969628991,96.56708969628991,96.56708969628991,86.76290723293005,85.0499082538517,85.65928128275885,95.6383082260842,95.6383082260842,95.6383082260842
169,train/val,0.7116613627562366,0.6111601215925646,0.25125310064444384,80.79273121720384,87.25570603429901,96.57667540762885,0.1988904623389244,73.39718941705323,81.94863897321308,95.35596048380219,0.006795379658694276,268.36192440986633,12:40:44,90.79617907016905,87.25570603429901,88.93825261988918,96.57667540762885,96.57667540762885,96.57667540762885,86.83526254777391,81.94863897321308,83.60418661988737,95.35596048380219,95.35596048380219,95.35596048380219
170,train/val,0.7137065968340327,0.6109292572007214,0.2569433457613312,80.72895692309953,87.46468900534789,96.52313600447184,0.19840620848536492,75.95037149421962,83.67481337706225,95.66961348366009,0.006775965925315996,267.8558654785156,12:45:11,90.48143882115477,87.46468900534789,88.91773377242713,96.52313600447184,96.52313600447184,96.52313600447184,87.99323058478346,83.67481337706225,85.54376532635528,95.66961348366009,95.66961348366009,95.66961348366009
171,train/val,0.7121127089278844,0.6087842827967213,0.25832106073329975,80.98697373291611,87.45428291791008,96.5518574650194,0.19035465914011002,76.40178497480883,83.77969709806351,95.7792257774205,0.006756546009733149,273.3350794315338,12:49:45,90.90090361502602,87.45428291791008,89.10155352092819,96.5518574650194,96.5518574650194,96.55185746501938,88.72888218414869,83.77969709806351,85.82780026392773,95.7792257774205,95.7792257774205,95.7792257774205
172,train/val,0.7188744192646106,0.6164852790609654,0.25597284761305694,80.67274361826189,87.1316829497462,96.46248012161115,0.18931476873159409,76.31724317664566,85.00196427110815,95.71650337793788,0.006737119890220879,270.60747241973877,12:54:15,90.82971070628686,87.1316829497462,88.87841028906139,96.46248012161115,96.46248012161115,96.46248012161115,87.24765387974985,85.00196427110815,85.76020004455783,95.71650337793788,95.71650337793788,95.71650337793788
173,train/val,0.7136425890213864,0.6121149089766094,0.25381919709563494,80.8072473352688,87.4338680873425,96.56847591060857,0.1858793651610613,74.11698074407308,81.12865094731326,95.75150496229526,0.006717687544908187,269.3088927268982,12:58:45,90.74557926533379,87.4338680873425,89.01917547027921,96.56847591060857,96.56847591060857,96.56847591060857,88.5497306932859,81.12865094731326,84.26909324744247,95.75150496229526,95.75150496229526,95.75150496229526
174,train/val,0.7110555224075522,0.6088760289756259,0.2554487292733101,81.3520823661309,87.91598220223369,96.58205447883284,0.20214142538607122,72.68776214289694,81.27213632434305,95.42708544014972,0.006698248951776325,268.42590260505676,13:03:13,90.87049329334045,87.91598220223369,89.33737337106909,96.58205447883284,96.58205447883284,96.58205447883284,86.26148939203011,81.27213632434305,83.0665247575287,95.42708544014972,95.42708544014972,95.42708544014972
175,train/val,0.7129484498128045,0.6107233764945699,0.2555626784103704,80.29286777115875,86.92387120679311,96.56011608203276,0.20371589444577695,74.30361806665789,82.70209492542958,95.41929639327043,0.006678804088657463,268.5808439254761,13:07:42,90.48685377138075,86.92387120679311,88.61157386254183,96.56011608203276,96.56011608203276,96.56011608203276,87.05790040631403,82.70209492542958,84.24656481870964,95.41929639327043,95.41929639327043,95.41929639327043
176,train/val,0.7121879570862553,0.6062480931063186,0.26484965822122686,80.99566953787485,87.55107970258167,96.46285112979217,0.1881238189637661,74.72260979996163,81.857470953492,95.54108205118207,0.006659352933233094,269.9019031524658,13:12:12,90.84079673286203,87.55107970258167,89.12331986084737,96.46285112979217,96.46285112979217,96.46285112979217,88.54053803582144,81.857470953492,84.4854944505198,95.54108205118207,95.54108205118207,95.54108205118207
177,train/val,0.7172563546903997,0.6132186326450683,0.2600943034849234,80.3599540010853,86.7613147576552,96.42538500681863,0.1846476548165083,74.65684145862737,84.60928165604699,95.67580496187793,0.006639973933283926,268.18929171562195,13:16:40,90.8782732247071,86.7613147576552,88.7073626142486,96.42538500681863,96.42538500681863,96.42538500681864,85.14629470831609,84.60928165604699,84.54694625809755,95.67580496187793,95.67580496187793,95.67580496187793
178,train/val,0.7072326075373356,0.6046076424084178,0.25656241092582877,80.8842398733418,87.3143953968173,96.5509811666715,0.19675157682597638,75.21211718769658,83.03830173918602,95.7515723546115,0.006620510151282543,268.4297685623169,13:21:08,90.88595308698099,87.3143953968173,89.00879905580007,96.5509811666715,96.5509811666715,96.5509811666715,87.52891146576091,83.03830173918602,84.91695467804874,95.7515723546115,95.7515723546115,95.7515723546115
179,train/val,0.7139750367936145,0.6108016913560067,0.2579333624215678,80.7127257025855,87.23811402197411,96.52275523230841,0.18669987539947033,75.45856206638717,83.26066850538774,95.81036048227377,0.006601040009193207,268.6828465461731,13:25:37,90.80840047995545,87.23811402197411,88.90492552643406,96.52275523230841,96.52275523230841,96.52275523230841,87.85703371731674,83.26066850538774,85.18726004192914,95.81036048227377,95.81036048227377,95.81036048227377
180,train/val,0.7157701575764089,0.6118187399902998,0.2598785405280851,80.24815658255028,86.91090718219783,96.45992798644734,0.20523379980027676,72.91620183463263,79.38329568776344,95.40845800765528,0.006581563484080128,270.09975838661194,13:30:07,90.47976730268881,86.91090718219783,88.6132841445626,96.45992798644734,96.45992798644734,96.45992798644734,88.70063221450302,79.38329568776344,82.87590878437842,95.40845800765528,95.40845800765528,95.40845800765528
181,train/val,0.7173106844944688,0.6130282189935025,0.26070616228935617,80.63351349713199,87.50218459122185,96.50693697318339,0.19330756564438342,75.35064785880355,84.89417629599238,95.62918300112922,0.006562159125950151,268.4794328212738,13:34:35,90.38597694578125,87.50218459122185,88.86950979721509,96.50693697318339,96.50693697318339,96.50693697318339,86.1720414093508,84.89417629599238,85.07428642197252,95.62918300112922,95.62918300112922,95.62918300112922
182,train/val,0.7097274296301359,0.6059708521020597,0.25939144273792725,81.37558067884339,87.78959103196587,96.54155618868626,0.1915063908100128,74.88807447036788,82.78906966930583,95.7922484156151,0.006542669791318649,268.2042233943939,13:39:04,91.04620446947273,87.78959103196587,89.35083640011288,96.54155618868626,96.54155618868626,96.54155618868626,87.91850814757207,82.78906966930583,84.78352193571797,95.7922484156151,95.7922484156151,95.7922484156151
183,train/val,0.7119057262272505,0.6102851618735199,0.2540514091306592,80.92605986022167,87.39407981387511,96.59543724865478,0.19965904358029365,73.44066317139719,81.3766505794087,95.58516687660808,0.00652317400399371,267.94925260543823,13:43:32,90.89824805815013,87.39407981387511,89.05930972312743,96.59543724865478,96.59543724865478,96.59543724865478,87.72178979640266,81.3766505794087,83.24515620658893,95.58516687660808,95.58516687660808,95.58516687660808
184,train/val,0.7087896251806735,0.6059895669283607,0.25700014240403424,80.0100351932046,86.54145912673093,96.50316271222287,0.19088815617561342,76.63778938500026,84.11576127755733,95.89124576527486,0.006503671740396686,269.91486382484436,13:48:02,90.66338282169913,86.54145912673093,88.48677081002873,96.50316271222287,96.50316271222287,96.50316271222287,88.41876099143641,84.11576127755733,85.9790540227593,95.89124576527486,95.89124576527486,95.89124576527486
185,train/val,0.7157995375956796,0.6087970455861685,0.2675062272379522,79.77490757453594,86.59758510460769,96.47741260456914,0.18295756341516972,77.18809235306254,85.30962194427586,95.92699160943526,0.006484162976783902,269.28107476234436,13:52:31,90.30778056018643,86.59758510460769,88.36844749121875,96.47741260456914,96.47741260456914,96.47741260456914,87.83756049267997,85.30962194427586,86.43239154845152,95.92699160943526,95.92699160943526,95.92699160943526
186,train/val,0.7076556592197649,0.6049143403628247,0.25685329289346553,80.7556395796045,87.37391098262363,96.54938857046507,0.19220394794642925,72.84215749647367,81.75754979000006,95.53230916372505,0.006464647689244936,274.5132532119751,13:57:05,90.64171704641475,87.37391098262363,88.93515299477197,96.54938857046507,96.54938857046507,96.54938857046507,86.28589744082883,81.75754979000006,83.13509319879951,95.53230916372505,95.53230916372505,95.53230916372505
187,train/val,0.7119031421233923,0.6072492982588443,0.26163460373397474,80.09865935788717,86.72989813697536,96.45645968275008,0.19988659577071666,74.39922422623438,81.94578103679738,95.4330287227175,0.006445125853700901,268.0793857574463,14:01:33,90.52231629060499,86.72989813697536,88.52938427541046,96.45645968275008,96.45645968275008,96.45645968275008,87.80364494268737,81.94578103679738,84.46371087424836,95.4330287227175,95.4330287227175,95.4330287227175
188,train/val,0.7197643461528848,0.6149183855452791,0.26211489679413347,80.77572959027972,87.25256766440619,96.52144040902087,0.18527696453034878,75.68111327651089,82.83819755619247,95.86414478498044,0.00642559744590266,267.7535388469696,14:06:01,90.83661310204093,87.25256766440619,88.95317162909,96.52144040902087,96.52144040902087,96.52144040902087,88.66384111210512,82.83819755619247,85.42527367198683,95.86414478498044,95.86414478498044,95.86414478498044
189,train/val,0.7159849691286774,0.6096192352228222,0.2659143294084369,80.27403496168552,86.91358975188251,96.42398341006492,0.2005090217590332,74.02875984317512,82.57115006546918,95.59955698995726,0.006406062441429068,268.79141759872437,14:10:30,90.58693771553503,86.91358975188251,88.6672540282385,96.42398341006492,96.42398341006492,96.42398341006492,86.8525697064591,82.57115006546918,84.11632604663329,95.59955698995726,95.59955698995726,95.59955698995725
190,train/val,0.7109537832714522,0.6042370229117727,0.26679189747203175,80.30593210454049,86.86767577082665,96.44441609450016,0.19080211670696737,76.44430978245262,84.2908962830639,95.92232638179665,0.006386520815685147,269.0637266635895,14:14:59,90.68775812130163,86.86767577082665,88.66934764847282,96.44441609450016,96.44441609450016,96.44441609450016,88.04030030125027,84.2908962830639,85.85354380180164,95.92232638179665,95.92232638179665,95.92232638179665
191,train/val,0.711035858416365,0.6037521485161605,0.26820927069202394,80.8559304154225,87.43509746897394,96.51274783035856,0.19566679140925408,75.88296781799669,83.43182364845414,95.70346743575854,0.006366972543900254,268.33362460136414,14:19:27,90.81410138030229,87.43509746897394,89.04834327336152,96.51274783035856,96.51274783035856,96.51274783035856,88.41219015007879,83.43182364845414,85.49221195082642,95.70346743575854,95.70346743575854,95.70346743575854
192,train/val,0.7153623779107038,0.6075465807236515,0.2695394903371297,80.36460483887741,86.85428889900614,96.39910281133466,0.18385627256333828,74.51747455503558,82.58666442439258,95.81928669270266,0.00634741760112625,267.33440470695496,14:23:55,90.78290631243661,86.85428889900614,88.71024890006551,96.39910281133466,96.39910281133466,96.39910281133466,87.9619723464603,82.58666442439258,84.23687144549268,95.81928669270266,95.81928669270266,95.81928669270266
193,train/val,0.7001612505499115,0.5981127571342131,0.2551212282782444,81.5436852121104,88.07188718104406,96.65341881849041,0.19108986681699752,73.0941009497703,80.94870540096653,95.80055991651875,0.0063278559622355676,267.8393859863281,14:28:22,90.95948650298936,88.07188718104406,89.45527440090459,96.65341881849041,96.65341881849041,96.65341881849041,87.33493357090113,80.94870540096653,83.0666385320469,95.80055991651875,95.80055991651875,95.80055991651875
194,train/val,0.7083860419304803,0.6031051612513612,0.2632022007558277,80.38646547087292,86.80295827208656,96.53565054113064,0.1965621187388897,74.79204790338365,83.07580639774173,95.85718123945045,0.006308287601919365,269.06192898750305,14:32:52,90.87657656155092,86.80295827208656,88.71662603580651,96.53565054113064,96.53565054113064,96.53565054113065,87.73943287302941,83.07580639774173,84.69090162644059,95.85718123945045,95.85718123945045,95.85718123945045
195,train/val,0.706816293685005,0.6028394628248522,0.2599420752413897,80.52159766783375,87.24406735013244,96.60093841804328,0.19638047835230826,74.50197979745509,81.56049999165197,95.60134397682793,0.006288712494685531,268.50011587142944,14:37:20,90.62807791412058,87.24406735013244,88.85276756093475,96.60093841804328,96.60093841804328,96.60093841804328,88.72033076521323,81.56049999165197,84.60336508728786,95.60134397682793,95.60134397682793,95.60134397682793
196,train/val,0.7070182019941103,0.6012478197230215,0.2644259528067181,81.24104178606719,87.61836320099731,96.51858844154319,0.19723256558179855,74.68451997737792,80.82292962340794,95.69178959051501,0.006269130614856718,268.03700947761536,14:41:48,91.05620148846441,87.61836320099731,89.26465491175809,96.51858844154319,96.51858844154319,96.51858844154319,89.69887256226447,80.82292962340794,84.3101028111,95.69178959051501,95.69178959051501,95.69178959051501
197,train/val,0.705201116238333,0.6018801018164794,0.2583025338299818,80.54750875614778,87.14692397625784,96.52942287567429,0.18956229765713214,76.43182850621024,85.37543610904879,95.85959831176316,0.006249541936568382,267.58193016052246,14:46:16,90.65256985993413,87.14692397625784,88.81741464968144,96.52942287567429,96.52942287567429,96.52942287567429,87.07401082751304,85.37543610904879,85.88497031593639,95.85959831176316,95.85959831176316,95.85959831176316
198,train/val,0.709444108691565,0.6040448691112208,0.2634980964130536,81.6295500746969,88.07014596248858,96.55726733552018,0.18633607897162438,75.68039878553678,84.1889893789313,95.65162289764912,0.006230025461629586,268.21664023399353,14:50:44,90.98380579979847,88.07014596248858,89.46847243855044,96.55726733552018,96.55726733552018,96.55726733552018,86.70860774759753,84.1889893789313,85.2903151666426,95.65162289764912,95.65162289764912,95.65162289764912
199,train/val,0.7103318959254102,0.6038732410038408,0.2661466337064007,81.20395992138094,87.39260357241093,96.49011021784064,0.19376078006625175,76.65473625420024,83.77113892120926,95.8752483778983,0.0062104231357466184,268.3358085155487,14:55:12,91.20913352062455,87.39260357241093,89.19492491869534,96.49011021784064,96.49011021784064,96.49011021784064,89.0639211936156,83.77113892120926,85.95922919736194,95.8752483778983,95.8752483778983,95.8752483778983
200,train/val,0.7122906301854518,0.6071802861512549,0.2627758560595732,80.86302544088652,87.28037581269815,96.50550814417929,0.1861872988343239,74.374902496024,81.84914593101875,95.79317500543874,0.00619089301598543,269.89466309547424,14:59:42,90.94349578832131,87.28037581269815,89.00477515744501,96.50550814417929,96.50550814417929,96.50550814417929,88.40847241070465,81.84914593101875,84.3811512462287,95.79317500543874,95.79317500543874,95.79317500543874
201,train/val,0.7095926156080884,0.603005859552411,0.26646688529907175,81.03888064844081,87.55545700020389,96.57562468983463,0.20227622658014296,73.61301449040448,80.70637823452783,95.53171321063735,0.006171276937181203,276.3475787639618,15:04:18,90.85851563588729,87.55545700020389,89.14041290077671,96.57562468983463,96.57562468983463,96.57562468983463,88.35924936178714,80.70637823452783,83.63321368621708,95.53171321063735,95.53171321063735,95.53171321063735
202,train/val,0.7067117183979679,0.6018897428978347,0.2620549362951986,80.22015664107691,86.83274629127187,96.5059473438594,0.20420367714762688,74.81646118399308,82.7546492282824,95.77756964941631,0.006151653927932007,270.58215284347534,15:08:49,90.59494883099258,86.83274629127187,88.62250819770031,96.5059473438594,96.5059473438594,96.5059473438594,87.66350406505697,82.7546492282824,84.75363486909465,95.77756964941631,95.77756964941631,95.77756964941631
203,train/val,0.7091025296240424,0.6037649429718279,0.26334396354408174,81.63120931572433,88.10296999925083,96.52046526993917,0.20097110217809677,74.54326448312052,81.75059215892296,95.59829223901286,0.006132023961208178,269.6446409225464,15:13:19,91.021343439795,88.10296999925083,89.49927005103045,96.52046526993917,96.52046526993917,96.52046526993917,88.45389611748287,81.75059215892296,84.51465571139967,95.59829223901286,95.59829223901286,95.59829223901286
204,train/val,0.7111056788743705,0.6061215711846477,0.26246026710988535,81.55717851862538,87.99533583393921,96.54221031450908,0.19900569008290767,75.66381782806863,82.48517839745745,95.64539717802789,0.006112387009778094,270.97573685646057,15:17:50,91.10987009908943,87.99533583393921,89.48845905833895,96.54221031450908,96.54221031450908,96.54221031450908,88.83970262057434,82.48517839745745,85.02998402860774,95.64539717802789,95.64539717802789,95.64539717802789
205,train/val,0.7096753641712481,0.5996753077580773,0.2750001375857182,80.0533519322773,86.47694468289573,96.46125824559967,0.21562177166342736,71.22523552275793,80.17356586566116,95.23736014879847,0.006092743046205903,270.2369177341461,15:22:20,90.79782692686322,86.47694468289573,88.51189048547191,96.46125824559967,96.46125824559967,96.46125824559967,85.50493216111249,80.17356586566116,81.40342860860898,95.23736014879847,95.23736014879847,95.23736014879847
206,train/val,0.7092964169597498,0.606131327717434,0.2579127211166294,80.95235033838179,87.29860500113193,96.58013244591014,0.18843708768486978,73.81499264114323,81.28911816907467,95.74107725542271,0.006073092042849277,269.4644274711609,15:26:49,91.06491414438523,87.29860500113193,89.08844309349654,96.58013244591014,96.58013244591014,96.58013244591014,88.30725499783432,81.28911816907467,83.91831015988215,95.74107725542271,95.74107725542271,95.74107725542271
207,train/val,0.7136059459136008,0.6064359659245131,0.26792494589920085,81.53428182643992,87.86846785833585,96.49660174539359,0.20327658005058766,74.69162484901433,82.08627102608553,95.46507235144743,0.006053433971857113,269.04658365249634,15:31:18,91.11644985498278,87.86846785833585,89.42591036821244,96.49660174539359,96.49660174539359,96.49660174539359,88.25550846175737,82.08627102608553,84.45335206976725,95.46507235144743,95.46507235144743,95.46507235144743
208,train/val,0.7099622062532069,0.6030118676364702,0.26737584194222314,80.97400970387683,87.39509685008414,96.54800410729165,0.1994922008663416,75.42444695993194,82.5849369890299,95.54984207085054,0.006033768805167208,269.0336401462555,15:35:47,90.97023227986541,87.39509685008414,89.09143208828387,96.54800410729165,96.54800410729165,96.54800410729165,88.25965013292102,82.5849369890299,85.06921787024734,95.54984207085054,95.54984207085054,95.54984207085054
209,train/val,0.6990959993648145,0.5967466776192228,0.2558733022595783,81.65516857403018,87.77530771993058,96.72102580410187,0.19520076382160187,75.2625039756507,84.37016575670701,95.6566808109362,0.0060140965145038675,267.97048687934875,15:40:15,91.37944857555932,87.77530771993058,89.47898915568621,96.72102580410187,96.72102580410187,96.72102580410187,86.57963065252076,84.37016575670701,84.97116760446181,95.6566808109362,95.6566808109362,95.6566808109362
210,train/val,0.7109007904733198,0.6055519460990434,0.2633721081298233,80.14521857122051,86.75020075028644,96.60771251969227,0.19428580738604068,74.43675207224635,81.13345715754224,95.75544414132308,0.005994496438369176,268.11061930656433,15:44:44,90.6128769774896,86.75020075028644,88.57450719193724,96.60771251969227,96.60771251969227,96.60771251969227,89.0178222571104,81.13345715754224,84.4117304864922,95.75544414132308,95.75544414132308,95.75544414132308
211,train/val,0.703162132130426,0.597663195153652,0.26374734010454703,80.70564682573907,87.07545262125474,96.55166504332307,0.1932602408528328,74.9933204885431,81.54757351857201,95.75158129663404,0.005974809843080123,268.9413676261902,15:49:12,90.97575169995984,87.07545262125474,88.89966345424624,96.55166504332307,96.55166504332307,96.55166504332307,89.2101131514486,81.54757351857201,84.5958255392011,95.75158129663404,95.75158129663404,95.75158129663404
212,train/val,0.7014456591152392,0.5972336845042806,0.26052993553532156,81.38544509504048,87.80284841016048,96.61884973730302,0.19662753631174565,75.25414664543902,82.03584088477768,95.59956353290059,0.005955116037802488,271.99985694885254,15:53:44,91.0074160762432,87.80284841016048,89.33390670863112,96.61884973730302,96.61884973730302,96.61884973730302,88.89874278833551,82.03584088477768,84.67336609390782,95.59956353290059,95.59956353290059,95.5995635329006
213,train/val,0.7031180653984144,0.5975972712440786,0.2638019830208941,81.34568690113976,87.84285457098507,96.63407596105478,0.20354049859941006,76.0664375976514,84.01253816954981,95.5592540948212,0.005935414993383094,268.8374195098877,15:58:13,90.88415123155143,87.84285457098507,89.29799198900507,96.63407596105478,96.63407596105478,96.63407596105478,88.07948553323213,84.01253816954981,85.38230554282484,95.5592540948212,95.5592540948212,95.55925409482121
214,train/val,0.7092358050886705,0.603378326803065,0.2646436921966581,80.70134295673817,87.43513476299064,96.5700393481743,0.1972012028247118,74.16119133193453,80.97583181434047,95.67792411217131,0.005915706680442923,269.0620160102844,16:02:42,90.65064693697951,87.43513476299064,88.97139307825874,96.5700393481743,96.5700393481743,96.5700393481743,88.98795285048632,80.97583181434047,84.1938719772545,95.67792411217131,95.67792411217131,95.67792411217131
215,train/val,0.7065717089713301,0.5987284176988577,0.2696082228550433,81.10409035628675,87.5578683764304,96.49733232016409,0.19871209518611432,73.08076311514279,80.2521661653056,95.59681167998784,0.00589599106937447,273.89766001701355,16:07:16,90.99961208036872,87.5578683764304,89.20281666288521,96.49733232016409,96.49733232016409,96.49733232016409,88.479010170976,80.2521661653056,83.07520865435339,95.59681167998784,95.59681167998784,95.59681167998784
216,train/val,0.6997938176169841,0.5968544580788924,0.25734839387984587,82.07315138552107,88.34009271921742,96.72438326383146,0.1912872090190649,74.56844901921609,82.44359474711584,95.64772930112645,0.0058762681303391375,270.9642288684845,16:11:47,91.33227008443757,88.34009271921742,89.7763079812533,96.72438326383146,96.72438326383146,96.72438326383146,87.48297266055279,82.44359474711584,84.43418578665094,95.64772930112645,95.64772930112645,95.64772930112645
217,train/val,0.7096201404277799,0.6026036195411887,0.2675413006682402,80.20036197119103,86.93966471673127,96.41725235505115,0.2004676749110222,72.07196601706087,81.87720694802724,95.26363431915493,0.005856537833264566,268.50068759918213,16:16:16,90.39039804178785,86.93966471673127,88.58764888901727,96.41725235505115,96.41725235505115,96.41725235505115,85.50623577231983,81.87720694802724,82.83036170384686,95.26363431915493,95.26363431915493,95.26363431915493
218,train/val,0.7021879073791081,0.5994937606581763,0.2567353650135888,81.65931234255437,87.95212129591742,96.70711276601355,0.1942725532054901,72.89474542651807,79.59141796338871,95.6920272084067,0.005836800147841897,269.9246163368225,16:20:46,91.297724079975,87.95212129591742,89.542116399827,96.70711276601355,96.70711276601355,96.70711276601355,89.14317148192254,79.59141796338871,82.96430329494018,95.6920272084067,95.6920272084067,95.6920272084067
219,train/val,0.7091755876424093,0.6032538912644223,0.26480423892574495,81.00328603184504,87.40206976778605,96.56442524434438,0.2070891478061676,73.16971216243854,79.98691504937723,95.34641345710098,0.00581705504352303,269.6350362300873,16:25:15,91.07245687070899,87.40206976778605,89.14560996822098,96.56442524434438,96.56442524434438,96.56442524434438,89.347310674369,79.98691504937723,83.56671461913831,95.34641345710098,95.34641345710098,95.34641345710098
220,train/val,0.6994029712019627,0.5927285292983135,0.26668610137203996,81.26319257725388,87.71398807526192,96.58389633403274,0.19793733118474482,75.3405641001628,82.87876573584991,95.6657854256197,0.005797302489517872,271.33963084220886,16:29:47,90.98031819312074,87.71398807526192,89.27218141447115,96.58389633403274,96.58389633403274,96.58389633403274,88.34051741342947,82.87876573584991,85.07430172896659,95.6657854256197,95.6657854256197,95.6657854256197
221,train/val,0.7031091968926633,0.5979667314564372,0.2628561610352215,81.57208222451932,87.93928648845683,96.577171652348,0.20398250630497933,75.4497456665277,83.41410548772672,95.69548057389277,0.005777542454791374,276.69453525543213,16:34:23,91.12099836483671,87.93928648845683,89.45540563512331,96.577171652348,96.577171652348,96.577171652348,88.0672502992941,83.41410548772672,85.13035815241068,95.69548057389277,95.69548057389277,95.69548057389277
222,train/val,0.703026662457286,0.5980833334235753,0.26235831900178463,82.08990928481641,88.2053530698396,96.61710409715903,0.19294597561657428,76.52975338548099,83.4294075602567,95.88039516616551,0.0057577749080607735,274.298460483551,16:38:58,91.5192333635785,88.2053530698396,89.79090983462387,96.61710409715903,96.61710409715903,96.61710409715904,89.09804994786914,83.4294075602567,85.9888976017903,95.88039516616551,95.88039516616551,95.88039516616551
223,train/val,0.7023618739967629,0.5976156273201639,0.2618656133695505,81.68359534566599,87.95983450688715,96.66667247735477,0.20340749435126781,74.39312468369037,80.86423054526165,95.67079481207712,0.0057379998177926154,271.70718026161194,16:43:29,91.34127301188862,87.95983450688715,89.57476836689902,96.66667247735477,96.66667247735477,96.66667247735477,89.3280323175178,80.86423054526165,84.29713363397828,95.67079481207712,95.67079481207712,95.67079481207712
224,train/val,0.7048709833469661,0.6009739365005301,0.2597426134133467,81.34622858143783,87.79424334390177,96.6472254996414,0.189602424249053,76.71713032522028,85.28740016031196,95.7823893995664,0.005718296936266587,272.8308916091919,16:48:02,90.91363393682249,87.79424334390177,89.28225043378362,96.6472254996414,96.6472254996414,96.6472254996414,87.26783189806582,85.28740016031196,86.05153178082962,95.7823893995664,95.7823893995664,95.7823893995664
225,train/val,0.6969927696870651,0.592594342978913,0.2609960657432325,82.12110519927232,88.38131476434361,96.70946504009022,0.21438909281790255,74.25070774575718,81.71209206078196,95.08549418135014,0.005698506694044724,271.88991928100586,16:52:34,91.37381523008689,88.38131476434361,89.8199109366703,96.70946504009022,96.70946504009022,96.70946504009022,87.62663343353519,81.71209206078196,84.2294279520941,95.08549418135014,95.08549418135014,95.08549418135014
226,train/val,0.6994718008980947,0.5919718237815483,0.268749938201768,81.58440440852588,87.80789701405848,96.59328357910762,0.19485901498794556,75.09631957865236,82.84679829001192,95.77978181855393,0.005678708812281468,268.6327700614929,16:57:03,91.30973353293219,87.80789701405848,89.47261723354704,96.59328357910762,96.59328357910762,96.59328357910762,87.8944171807189,82.84679829001192,84.82039352024954,95.77978181855393,95.77978181855393,95.77978181855393
227,train/val,0.7018108092744477,0.5963239162839653,0.26371722936469916,81.08883886790204,87.41426499665704,96.62511622382006,0.207298107996583,72.62740666925062,80.52693155067779,95.47924578432355,0.005658903258411405,269.400514125824,17:01:32,91.21270405637908,87.41426499665704,89.1915108544774,96.62511622382006,96.62511622382006,96.62511622382006,87.46164583462559,80.52693155067779,82.73494932764854,95.47924578432355,95.47924578432355,95.47924578432355
228,train/val,0.6982316263345719,0.593390380065555,0.2621031131698088,81.42350711211063,87.6031083080301,96.66136174801903,0.20131482002139092,74.88462777116021,81.96329039566986,95.68393369656476,0.005639089999603019,268.91906213760376,17:06:01,91.37811302488969,87.6031083080301,89.404254820545,96.66136174801903,96.66136174801903,96.66136174801903,88.68736187529957,81.96329039566986,84.6834961405271,95.68393369656476,95.68393369656476,95.68393369656475
229,train/val,0.6984099161729126,0.5932094907812729,0.2630010613145729,82.13445957567508,88.47093552878063,96.65583867639559,0.19655788476765157,76.03769134939424,83.31875058103525,95.71897235760096,0.005619269002755566,268.2852144241333,17:10:29,91.27302810839659,88.47093552878063,89.8193994212379,96.65583867639559,96.65583867639559,96.65583867639559,88.49691624471568,83.31875058103525,85.57698791659647,95.71897235760096,95.71897235760096,95.71897235760096
230,train/val,0.6970699297435827,0.5909552944031191,0.2652865858208676,81.93262890571532,88.34046844684448,96.66717370580405,0.20689008423686028,74.82377604685236,82.34342392214828,95.54002602012967,0.005599440234495745,269.44924664497375,17:14:59,91.19666441871217,88.34046844684448,89.71373622065994,96.66717370580405,96.66717370580405,96.66717370580405,88.17136373742024,82.34342392214828,84.58285627563508,95.54002602012967,95.54002602012967,95.54002602012967
231,train/val,0.7030895402668784,0.5971349162007629,0.26488655681828965,81.05390005858581,87.36156707115417,96.60309506928783,0.19656832906603813,72.3484095425151,81.66428785752832,95.5321775415152,0.005579603661174392,269.34763860702515,17:19:28,91.18948763679361,87.36156707115417,89.16644916285094,96.60309506928783,96.60309506928783,96.60309506928783,85.9730878383428,81.66428785752832,82.80954989296099,95.5321775415152,95.5321775415152,95.5321775415152
232,train/val,0.6989307592559678,0.5943455008868812,0.2614631461732405,81.7742167292175,88.17725990705941,96.67234304908307,0.19593342871963979,75.79626499837158,83.24137966836733,95.75713919984005,0.005559759248863098,267.73068261146545,17:23:56,91.22901997172764,88.17725990705941,89.6382682365313,96.67234304908307,96.67234304908307,96.67234304908307,88.34683626518853,83.24137966836733,85.34577812255378,95.75713919984005,95.75713919984005,95.75713919984005
233,train/val,0.6968841661561954,0.5907589977089799,0.2653129188282504,80.94366823996958,87.39891782466287,96.6829793646438,0.19825776980817317,73.93857904263407,82.79658148611104,95.63989445364389,0.005539906963350768,267.18139362335205,17:28:23,90.94938186517325,87.39891782466287,89.09649758515268,96.6829793646438,96.6829793646438,96.6829793646438,86.72560759317808,82.79658148611104,83.94383406435773,95.63989445364389,95.63989445364389,95.63989445364389
234,train/val,0.6953639421353984,0.5946326399699264,0.2518282546671189,82.62917931712842,88.7934321886041,96.82981138053508,0.192800008893013,74.74909794816142,82.65816397389857,95.7647198539745,0.005520046770140138,269.33056378364563,17:32:52,91.59647026840896,88.7934321886041,90.13920463579576,96.82981138053508,96.82981138053508,96.82981138053508,87.72279500526376,82.65816397389857,84.62330082452657,95.7647198539745,95.7647198539745,95.7647198539745
235,train/val,0.6987428498612849,0.5908440745009138,0.2697469355549761,81.29170637970249,87.65818293816082,96.68356176649007,0.20928132309019565,71.44782480109487,78.57267530147872,95.3326909420689,0.005500178634444218,269.5569021701813,17:37:22,91.15014316428832,87.65818293816082,89.31936476441533,96.68356176649007,96.68356176649007,96.68356176649007,87.69072874034404,78.57267530147872,82.03823565078032,95.3326909420689,95.3326909420689,95.3326909420689
236,train/val,0.6939325827676815,0.5924421275271292,0.253726133657087,82.12874773479749,88.31481792449574,96.7456752347463,0.22762916061282157,74.08163175502513,81.53828753313249,94.9298706015512,0.005480302521182703,269.7620532512665,17:41:52,91.46314456808953,88.31481792449574,89.82726537300859,96.7456752347463,96.7456752347463,96.7456752347463,88.0060935566858,81.53828753313249,84.11290853615134,94.9298706015512,94.9298706015512,94.9298706015512
237,train/val,0.6970895219546641,0.5913871647470657,0.2642558893663577,81.95290960034343,88.32600062103229,96.62945195128006,0.20260302025079727,76.58957038097297,83.33788657139569,95.53614507329743,0.005460418394978266,268.9140179157257,17:46:21,91.229483799135,88.32600062103229,89.72330467804485,96.62945195128006,96.62945195128006,96.62945195128006,89.55472435189242,83.33788657139569,86.04837026155703,95.53614507329743,95.53614507329743,95.53614507329743
238,train/val,0.6951338743393903,0.589281101914645,0.26463192976414956,81.12411005915918,87.4740384686878,96.68603012648059,0.17805725339055062,76.22174200725712,83.43954374597871,95.96720541149307,0.005440526220152892,268.6559896469116,17:50:49,91.11173803546299,87.4740384686878,89.20107685937249,96.68603012648059,96.68603012648059,96.68603012648059,88.79810209698998,83.43954374597871,85.6913749151133,95.96720541149307,95.96720541149307,95.96720541149307
239,train/val,0.6982278556894278,0.5948815927480641,0.2583656543170596,82.57801648953914,88.80245386103338,96.7839943143254,0.19150074769556522,75.37676801048431,82.0086714207195,95.74080212465597,0.005420625960724043,267.6248106956482,17:55:17,91.47057677016862,88.80245386103338,90.0849877719845,96.7839943143254,96.7839943143254,96.7839943143254,89.36745963924467,82.0086714207195,85.16934758505332,95.74080212465597,95.74080212465597,95.74080212465597
240,train/val,0.694940490155871,0.5906381526787808,0.2607558386471741,82.52027321380636,88.71212752164406,96.71338503073562,0.20478484085202217,74.45997282604985,81.81802428544556,95.6570037051892,0.005400878164433511,268.49017119407654,17:59:45,91.54992117131656,88.71212752164406,90.07637212550887,96.71338503073562,96.71338503073562,96.71338503073562,88.04262413031924,81.81802428544556,84.517484191015,95.6570037051892,95.6570037051892,95.6570037051892
241,train/val,0.6932828215319756,0.5896314935509439,0.259128315954218,82.21193231318851,88.54653281991958,96.73570707717137,0.18465356916189193,76.75063014124777,84.6083429336046,95.96479030206336,0.005380961692546277,269.7064995765686,18:04:15,91.32347958125641,88.54653281991958,89.87676791166054,96.73570707717137,96.73570707717137,96.73570707717137,88.35840673241127,84.6083429336046,86.12195787064421,95.96479030206336,95.96479030206336,95.96479030206336
242,train/val,0.6950627573601095,0.5932573663583119,0.25451347520969503,82.41660506528827,88.40304732978692,96.81238896902846,0.195868037045002,75.7445787985777,82.91388671506898,95.69004120700994,0.00536103702654107,268.3800551891327,18:08:43,91.77774746235018,88.40304732978692,90.01503263334261,96.81238896902846,96.81238896902846,96.81238896902846,88.88517123300824,82.91388671506898,85.51861494824469,95.69004120700994,95.69004120700994,95.69004120700994
243,train/val,0.6935077574161691,0.5884025453438916,0.26276302863245615,82.19856270688636,88.32016615013009,96.73409728859414,0.1911657868772745,74.09998647341688,82.26678791120149,95.88172491034693,0.0053411041291807765,268.6921908855438,18:13:12,91.51425565337814,88.32016615013009,89.84704129182775,96.73409728859414,96.73409728859414,96.73409728859414,87.56964308507905,82.26678791120149,84.13384717874702,95.88172491034693,95.88172491034693,95.88172491034693
244,train/val,0.693657651814183,0.5861567888952536,0.26875215450147694,82.02652859915055,88.18961899879714,96.66691362942778,0.195951981022954,75.74785250164823,83.0446045812574,95.86196064145005,0.0053211629629038365,268.82975029945374,18:17:41,91.43006589786772,88.18961899879714,89.74236870112072,96.66691362942778,96.66691362942778,96.66691362942778,88.62347097672819,83.0446045812574,85.39863259896346,95.86196064145005,95.86196064145005,95.86196064145005
245,train/val,0.6993786258311102,0.5882611800418577,0.2777936107954405,81.12869294949952,87.62584907636626,96.54626979711195,0.20918056160211562,73.68140748836028,83.35494941075643,95.44281205872174,0.005301213489820126,269.15116477012634,18:22:10,90.96306935923944,87.62584907636626,89.22387661781444,96.54626979711195,96.54626979711195,96.54626979711195,85.3500610771422,83.35494941075643,83.99447849458036,95.44281205872174,95.44281205872174,95.44281205872174
246,train/val,0.6900786731214273,0.5876074320891598,0.25617809857228657,82.46266373068192,88.54566312880874,96.82303827461142,0.2055652380436659,74.04523222875255,81.6683773538339,95.4186332659646,0.005281255671706694,269.5463225841522,18:26:40,91.67493220363447,88.54566312880874,90.04457473930285,96.82303827461142,96.82303827461142,96.82303827461142,87.81187369439249,81.6683773538339,84.11247353427616,95.4186332659646,95.4186332659646,95.4186332659646
247,train/val,0.6947519018013524,0.5899138437094268,0.26209514344608376,81.64499730353799,87.76409438690045,96.69357277527452,0.20615208348631858,75.23468945296192,82.11672440549677,95.54541925926206,0.005261289470003366,268.9958429336548,18:31:09,91.531862489656,87.76409438690045,89.55381923561735,96.69357277527452,96.69357277527452,96.69357277527452,88.52995419997619,82.11672440549677,84.71302686099187,95.54541925926206,95.54541925926206,95.54541925926208
248,train/val,0.7011019739033636,0.5942114961872825,0.26722619183005786,81.32258380896063,87.92363727734724,96.66885154714615,0.19990436623990535,72.81273142848516,81.00463534739696,95.65630339215548,0.005241314845808414,269.1025159358978,18:35:38,90.89136207435038,87.92363727734724,89.3463444553388,96.66885154714615,96.66885154714615,96.66885154714615,86.95908133438381,81.00463534739696,82.74961009306764,95.65630339215548,95.65630339215548,95.65630339215548
249,train/val,0.6875847455291998,0.5822257665515187,0.26339744435774853,82.8667988766462,89.0936225781802,96.71977452439467,0.1973286271095276,75.44025812695759,83.8697795789295,95.6941903054694,0.005221331759874003,268.83263206481934,18:40:07,91.58601571573897,89.0936225781802,90.29849648022336,96.71977452439467,96.71977452439467,96.71977452439467,87.31878287866826,83.8697795789295,85.22105249852873,95.6941903054694,95.6941903054694,95.6941903054694
250,train/val,0.691396175692686,0.5852264338038315,0.26542435081897364,81.80628641942475,88.16413574849015,96.70022311320373,0.19299368926882743,76.02130081701816,83.39523255956968,95.89829458716616,0.0052013401726016826,268.4147663116455,18:44:35,91.30466685628362,88.16413574849015,89.66209549106544,96.70022311320373,96.70022311320373,96.70022311320373,88.79871448860484,83.39523255956968,85.58231584611869,95.89829458716616,95.89829458716616,95.89829458716616
251,train/val,0.69352223579324,0.5874245371005643,0.2652442444519221,82.74040175136938,88.83652760635992,96.75722901352599,0.20891303938627243,72.85672288674918,79.53215414887698,95.5343788057473,0.005181340044037716,274.45199966430664,18:49:09,91.69646176764547,88.83652760635992,90.20703756250305,96.75722901352599,96.75722901352599,96.75722901352599,89.41929436818026,79.53215414887698,82.67345945529907,95.5343788057473,95.5343788057473,95.5343788057473
252,train/val,0.6983062900908457,0.5943298776055954,0.2599410283822058,81.61282923166829,87.74578668469269,96.69814992277573,0.18737163071334362,76.41431616849088,83.35748259579519,95.96335445315106,0.005161331333868333,273.38480591773987,18:53:43,91.4472853029982,87.74578668469269,89.4944902059814,96.69814992277573,96.69814992277573,96.69814992277573,89.3316787336506,83.35748259579519,85.89029075124664,95.96335445315106,95.96335445315106,95.96335445315106
253,train/val,0.6905079592011804,0.5873229927117182,0.25796241394639335,81.97329732783922,88.12873949500084,96.73816645502103,0.19944072096049786,74.16457763091508,81.84997870769722,95.49216777024002,0.005141314001414967,272.3603353500366,18:58:15,91.46718963370493,88.12873949500084,89.72298565125713,96.73816645502103,96.73816645502103,96.73816645502103,87.7406148539514,81.84997870769722,84.34839408087325,95.49216777024002,95.49216777024002,95.49216777024002
254,train/val,0.6901223533652177,0.5843295432331583,0.2644820226044485,81.81418728911216,87.97424352803503,96.73548489153983,0.21226257793605327,74.50348378856219,82.60551815865477,95.66110874783027,0.005121288005629329,269.86310029029846,19:02:45,91.43111512032641,87.97424352803503,89.61303795885212,96.73548489153983,96.73548489153983,96.73548489153983,87.27843583459854,82.60551815865477,84.41320454947373,95.66110874783027,95.66110874783027,95.66110874783027
255,train/val,0.6911259817251361,0.5823278245744724,0.2719953909325936,82.26222779049625,88.44500335403505,96.65324044204469,0.19779660028219223,75.72351917984592,84.73011976916005,95.82387275072706,0.0051012533050884285,269.9953420162201,19:07:15,91.53374345125073,88.44500335403505,89.92491873885274,96.65324044204469,96.65324044204469,96.65324044204469,86.658924558137,84.73011976916005,85.40270881567155,95.82387275072706,95.82387275072706,95.82387275072706
256,train/val,0.6956039509399673,0.5918321183005194,0.25942957715933646,81.50440940207176,87.93630442660509,96.76454593731695,0.19810459412634374,76.11187489551153,83.28881601221927,95.78704143226932,0.0050812098579895125,275.4102900028229,19:11:50,91.16225941459855,87.93630442660509,89.48279446078699,96.76454593731695,96.76454593731695,96.76454593731695,88.7405704959261,83.28881601221927,85.73370718077378,95.78704143226932,95.78704143226932,95.78704143226932
257,train/val,0.692993728562979,0.5825139284634959,0.2761994981292758,81.4167893272178,87.77738854188559,96.61481835986403,0.1922225756198168,76.6440673052036,84.74238021729053,96.03569977747745,0.0050612384956391435,274.91205763816833,19:16:25,91.28944564373752,87.77738854188559,89.4374571158654,96.61481835986403,96.61481835986403,96.61481835986403,88.06925057768883,84.74238021729053,86.02195277208378,96.03569977747745,96.03569977747745,96.03569977747745
258,train/val,0.6877586613506299,0.5852020729706443,0.2563914680288555,82.68362791319375,88.96128836628552,96.80957794816163,0.21843454395234585,74.85510559001821,81.6690581921145,95.01589667512145,0.0050411774641671726,274.1417324542999,19:21:00,91.46532540838972,88.96128836628552,90.17143205544534,96.80957794816163,96.80957794816163,96.80957794816163,89.32683075666613,81.6690581921145,84.72362537808458,95.01589667512145,95.01589667512145,95.01589667512145
259,train/val,0.6916779588755138,0.5856006437087107,0.26519328665436714,82.32493972781376,88.56778772275955,96.71920182318806,0.20632759015262128,74.36533931449311,81.65994920838959,95.60315702642283,0.005021107558572313,272.0409197807312,19:25:32,91.40247317470387,88.56778772275955,89.93260893838676,96.71920182318806,96.71920182318806,96.71920182318806,88.74037769653353,81.65994920838959,84.3497356528995,95.60315702642283,95.60315702642283,95.60315702642283
260,train/val,0.6882145922097409,0.585575799765247,0.2565969769224755,82.92379410271458,88.81635495053551,96.85213926442992,0.19069340707361698,75.11805466316186,82.12153759942679,95.90125385138228,0.005001028735481803,269.08836102485657,19:30:01,91.97904596721351,88.81635495053551,90.336771190758,96.85213926442992,96.85213926442992,96.85213926442992,88.95633798795673,82.12153759942679,84.99581387858296,95.90125385138228,95.90125385138228,95.90125385138228
261,train/val,0.6861571241483323,0.5778115323388344,0.27086397480637975,82.45482064981965,88.37179575148349,96.73830480138777,0.19592030470073224,74.33905418283484,83.43830523880847,95.79276389049993,0.0049809409511163884,273.77937412261963,19:34:34,91.91313213394132,88.37179575148349,90.06200508802624,96.73830480138777,96.73830480138777,96.73830480138777,86.60739542646863,83.43830523880847,84.21934185148592,95.79276389049993,95.79276389049993,95.79276389049993
262,train/val,0.6885657908937317,0.5819699232138958,0.2664896659477894,82.18706701824601,88.41877634573683,96.78591957945278,0.19812416246533393,73.13933690929471,79.48343920534263,95.6104953735562,0.004960925214869932,273.9399576187134,19:39:08,91.44299098270604,88.41877634573683,89.85981372471586,96.78591957945278,96.78591957945278,96.78591957945278,89.32618708455166,79.48343920534263,83.39684917887918,95.6104953735562,95.6104953735562,95.6104953735562
263,train/val,0.685191248336252,0.5812767620906785,0.2597862130786319,82.1260364938754,88.35229711477463,96.83730269443073,0.2091499676555395,73.24882473131072,79.9218993350156,95.62640944745444,0.004940819411544884,277.3306393623352,19:43:46,91.4921177339282,88.35229711477463,89.85535718127868,96.83730269443073,96.83730269443073,96.83730269443073,88.8200935810306,79.9218993350156,83.34999144781726,95.62640944745444,95.62640944745444,95.62640944745444
264,train/val,0.6889796192684507,0.582544105890299,0.26608878111300166,81.65896702577179,87.90320174282682,96.71653889022289,0.21138211998343467,73.14542613317407,79.51621475650384,95.54324045913539,0.004920704513293496,272.07148694992065,19:48:18,91.34028798195313,87.90320174282682,89.53991605038402,96.71653889022289,96.71653889022289,96.71653889022289,89.42910642134188,79.51621475650384,83.06721540995822,95.54324045913539,95.54324045913539,95.54324045913539
265,train/val,0.6890930597944074,0.5855866882752153,0.25876592770569584,82.4554646100615,88.56611146275843,96.81982946265563,0.20179753798246383,73.81066776320114,82.16863919007622,95.85100971720975,0.004900580474654634,273.67194652557373,19:52:51,91.69769580797241,88.56611146275843,90.06220013457022,96.81982946265563,96.81982946265563,96.81982946265563,87.17137146144348,82.16863919007622,83.89127267228679,95.85100971720975,95.85100971720975,95.85100971720975
266,train/val,0.6870050086378651,0.5837974794153888,0.2580188205810145,82.68722680176491,88.86113308840352,96.8977104910921,0.1948644363731146,76.19865372379857,83.5578899661987,95.8128872579362,0.0048804472497314035,276.2259290218353,19:57:28,91.57931260075127,88.86113308840352,90.1737270773751,96.8977104910921,96.8977104910921,96.8977104910921,88.81012350270495,83.5578899661987,85.77832087425001,95.8128872579362,95.8128872579362,95.8128872579362
267,train/val,0.6856562501244202,0.5816564923997846,0.2599993904535211,82.20768773520206,88.33487152396972,96.76571357878827,0.20793405984342098,72.55565773438299,80.25153443098296,95.49774737420806,0.004860304792184886,276.4001741409302,20:02:04,91.61683022717526,88.33487152396972,89.9091589829562,96.76571357878827,96.76571357878827,96.76571357878827,87.88518384710098,80.25153443098296,82.48973126587146,95.49774737420806,95.49774737420806,95.49774737420806
268,train/val,0.6890261493918874,0.5852896197277504,0.2593413229878909,82.07634041989525,88.20059027806005,96.82088907031375,0.1952904943525791,75.21207111935337,82.44962485985471,95.83793222734029,0.004840153055227882,272.41539335250854,20:06:36,91.57402299413849,88.20059027806005,89.79135618910962,96.82088907031375,96.82088907031375,96.82088907031375,88.53059618727967,82.44962485985471,85.07799809996314,95.83793222734029,95.83793222734029,95.83793222734029
269,train/val,0.6902755165488911,0.5857147727344528,0.2614018567903537,82.91052003781697,88.93796915756091,96.81448710626293,0.19528725111484527,74.370807599239,81.88705340283002,95.80356432704379,0.004819991991618446,274.392196893692,20:11:11,91.81278522657132,88.93796915756091,90.31724198534803,96.81448710626293,96.81448710626293,96.81448710626293,88.26749544476876,81.88705340283002,84.38515543539656,95.80356432704379,95.80356432704379,95.80356432704379
270,train/val,0.686922857944967,0.5822097232017889,0.26178283350593545,82.58858294377865,88.52078443124505,96.81336210295093,0.1984898047298193,73.74374317377362,81.14881971760387,95.71860856995218,0.004799821553653305,272.49798107147217,20:15:43,91.90781332412436,88.52078443124505,90.11677526191801,96.81336210295093,96.81336210295093,96.81336210295093,88.16670096631422,81.14881971760387,83.90713449978776,95.71860856995218,95.71860856995218,95.71860856995218
271,train/val,0.683194947747793,0.5796184067306859,0.2589413502529795,82.78344651123261,88.8904058608165,96.82452322681345,0.20036706776916982,75.77559243895595,83.80137618998752,95.73999810597059,0.004779641693161256,274.76872277259827,20:20:18,91.6949092858862,88.8904058608165,90.24409921469004,96.82452322681345,96.82452322681345,96.82452322681345,87.85506060587949,83.80137618998752,85.44041226225657,95.73999810597059,95.73999810597059,95.73999810597059
272,train/val,0.683061107762644,0.5778906281734363,0.2629261960869839,82.98466188450013,89.04271475781599,96.83876471914738,0.21103274838626385,75.03682384037502,82.77050298831844,95.18556937187337,0.004759452361496283,271.5650460720062,20:24:50,91.71751436236995,89.04271475781599,90.331885675658,96.83876471914738,96.83876471914738,96.83876471914738,87.84095863350075,82.77050298831844,84.89493734681741,95.18556937187337,95.18556937187337,95.18556937187337
273,train/val,0.6806471924815469,0.576403670328611,0.26060880193513114,82.98422859154853,88.97271211818145,96.79303388165116,0.19331747779250144,74.57653365789545,81.4851844885486,95.80380085444493,0.004739253509530663,269.95656538009644,20:29:20,91.86401332037232,88.97271211818145,90.35201593349723,96.79303388165116,96.79303388165116,96.79303388165116,88.87433231817835,81.4851844885486,84.26374770739066,95.80380085444493,95.80380085444493,95.80380085444493
274,train/val,0.6903810196461578,0.5835727673692838,0.26702062813684135,82.78465451493517,88.71072250196384,96.74161744320763,0.19604086203873158,75.26433835021787,82.63199136962344,95.79871044453935,0.004719045087647867,271.73486399650574,20:33:51,91.84434462185465,88.71072250196384,90.20896357802334,96.74161744320763,96.74161744320763,96.74161744320763,88.2026174539022,82.63199136962344,84.82089339345993,95.79871044453935,95.79871044453935,95.79871044453935
275,train/val,0.6868538125778255,0.5841869584910406,0.25666713389419593,82.58271437258612,88.67029908512653,96.86830543016124,0.1966485597193241,76.44715526436376,84.18336990940752,95.85257249922253,0.0046988270457353435,270.12602257728577,20:38:22,91.67963515332757,88.67029908512653,90.11605881176014,96.86830543016124,96.86830543016124,96.86830543016124,88.05044837041092,84.18336990940752,85.82967245753326,95.85257249922253,95.85257249922253,95.85257249922253
276,train/val,0.6876620182112391,0.58200810486908,0.26413477983303174,82.61199865990065,88.6354286506829,96.8239987296529,0.1967040969580412,75.33995278869024,83.01970984825988,95.67504467186374,0.004678599333177209,272.58118414878845,20:42:54,91.80011756017335,88.6354286506829,90.14450271352175,96.8239987296529,96.8239987296529,96.8239987296529,88.24338681607266,83.01970984825988,84.95441634076174,95.67504467186374,95.67504467186374,95.67504467186374
277,train/val,0.6805468278598208,0.577795090595988,0.2568793405641544,83.27196176533596,89.25003398837772,96.96798982536563,0.205815024420619,75.27616287418017,83.3387294183995,95.61618151845137,0.004658361898846661,270.9468140602112,20:47:25,91.92630002558087,89.25003398837772,90.53601128204151,96.96798982536563,96.96798982536563,96.96798982536563,87.67594961862184,83.3387294183995,85.18786259786096,95.61618151845137,95.61618151845137,95.61618151845137
278,train/val,0.6892968986205952,0.5857395229118337,0.2588934365311724,83.11225500702248,89.07997375140847,96.8741106858258,0.19939880242943764,73.1241344369505,79.87088708513352,95.71343964472673,0.004638114691098416,275.0406210422516,20:52:00,91.95415997875116,89.07997375140847,90.4613129124113,96.8741106858258,96.8741106858258,96.8741106858258,88.65267232719786,79.87088708513352,83.43757885374634,95.71343964472673,95.71343964472673,95.71343964472673
279,train/val,0.681560977581931,0.578780434469529,0.2569513582219273,83.01958102202744,89.06070206934153,96.87965256380147,0.20483908939361573,75.59106893271905,84.1397951590616,95.73379844907357,0.0046178576577608705,272.84583950042725,20:56:33,91.78653452350456,89.06070206934153,90.37351975142063,96.87965256380147,96.87965256380147,96.87965256380147,87.3579732822549,84.1397951590616,85.20104843232214,95.73379844907357,95.73379844907357,95.73379844907357
280,train/val,0.6829182931698643,0.5818126947188746,0.25276399421347173,83.54173722395191,89.5581349929414,96.9654193285527,0.19124824780225755,76.32693059072658,83.61708934392897,95.86101693092472,0.004597672487452569,275.2732255458832,21:01:08,91.96947573675361,89.5581349929414,90.72058577390054,96.9654193285527,96.9654193285527,96.9654193285527,89.10689206740452,83.61708934392897,85.89401121544125,95.86101693092472,95.86101693092472,95.86101693092472
281,train/val,0.6876630756024474,0.5872425521650648,0.2510513064138987,83.10471257581096,89.1454732085314,96.90452887063053,0.2306402692645788,74.602113133605,82.76214242386772,94.85199289149774,0.00457739568443058,270.6191153526306,21:05:39,91.77501548297359,89.1454732085314,90.40576447033499,96.90452887063053,96.90452887063053,96.90452887063053,87.84264229803527,82.76214242386772,84.62664352022404,94.85199289149774,94.85199289149774,94.85199289149774
282,train/val,0.6783545275382251,0.5745241803736517,0.2595758676984884,82.96401156897457,89.05978744481011,96.88405160923527,0.19981532372534275,76.3294864425214,84.15045564115056,95.81751573604313,0.00455710889628425,270.0669753551483,21:10:09,91.77449337752087,89.05978744481011,90.36429949827944,96.88405160923527,96.88405160923527,96.88405160923527,88.06849841670088,84.15045564115056,85.78743242711514,95.81751573604313,95.81751573604313,95.81751573604313
283,train/val,0.6892539985883773,0.5880898577239422,0.25291034931513634,82.51137930509603,88.64940383704419,96.88288500780361,0.1936908227354288,73.95286505452361,81.35006134532159,95.84728514672292,0.004536812068657773,269.1336736679077,21:14:38,91.67970430079565,88.64940383704419,90.10603298076276,96.88288500780361,96.88288500780361,96.88288500780361,88.37935580115251,81.35006134532159,83.88391073161604,95.84728514672292,95.84728514672292,95.84728514672292
284,train/val,0.6825046024630353,0.5797064505773017,0.25699537708383324,82.73428767689197,88.9874592764043,96.80397269291672,0.19764114794135093,73.50205292514053,80.04993146318739,95.69348257709993,0.004516587049721311,271.03190755844116,21:19:09,91.55859309802639,88.9874592764043,90.22806432737185,96.80397269291672,96.80397269291672,96.80397269291672,88.98169727097863,80.04993146318739,83.68033417780826,95.69348257709993,95.69348257709993,95.69348257709993
285,train/val,0.6776048104756618,0.5767983567037275,0.25201613093753267,83.4948831811579,89.42671364899913,96.97201574931404,0.20532542905211448,74.22369914887237,82.35495397401996,95.65648561312705,0.004496270018826878,269.35569429397583,21:23:38,92.05847145332132,89.42671364899913,90.69585185596432,96.97201574931404,96.97201574931404,96.97201574931404,87.36638852320957,82.35495397401996,84.23425566439319,95.65648561312705,95.65648561312705,95.65648561312705
286,train/val,0.6798001297103854,0.5743940267974927,0.2635152524170574,83.09144945695861,89.1066848216713,96.87517400480246,0.19011870001256465,77.31291971435309,85.14351472701674,96.05611637782366,0.0044759427821707155,273.4688093662262,21:28:12,91.87368544509843,89.1066848216713,90.4305800012868,96.87517400480246,96.87517400480246,96.87517400480246,88.38967694603814,85.14351472701674,86.53421954454544,96.05611637782366,96.05611637782366,96.05611637782366
287,train/val,0.6833954703691588,0.5759941532195777,0.2685032906793634,83.10946852728792,88.8401125699214,96.88067765504162,0.19491188517212868,76.30530950238636,84.09192738491194,96.010037917567,0.004455605283075136,273.17979097366333,21:32:45,92.2618157283606,88.8401125699214,90.46462062100815,96.88067765504162,96.88067765504162,96.88067765504162,88.52338771242026,84.09192738491194,85.86009579392142,96.010037917567,96.010037917567,96.010037917567
288,train/val,0.6841641256251267,0.5805184060623763,0.2591142953544474,82.35849836320104,88.68798646845424,96.90488848771831,0.2008718481361866,75.61811804046745,82.7944245139265,95.83094458196906,0.004435257464258499,271.41847229003906,21:37:16,91.39635286182012,88.68798646845424,89.98813510940839,96.90488848771831,96.90488848771831,96.90488848771831,88.73488592705256,82.7944245139265,85.31538140303789,95.83094458196906,95.83094458196906,95.83094458196906
289,train/val,0.6752402025657608,0.5759564727524743,0.24820932057493872,83.75027126623836,89.71593256391883,97.03672368368936,0.20147748835384846,74.89567026000734,82.11378242730717,95.70964092088225,0.004414899267825659,270.6673204898834,21:41:47,92.00208192440151,89.71593256391883,90.81674742015447,97.03672368368936,97.03672368368936,97.03672368368936,88.61820307769088,82.11378242730717,84.85796578722874,95.70964092088225,95.70964092088225,95.70964092088225
290,train/val,0.6889091558759455,0.5838436223290956,0.26266383163245155,82.32927587278925,88.31930771270171,96.84931377145438,0.20052326732873918,75.58432604261719,83.91030053951474,95.79399232810889,0.0043945306352582,273.57511281967163,21:46:21,91.82779558474556,88.31930771270171,89.99035986614562,96.84931377145438,96.84931377145438,96.84931377145438,87.38225921313915,83.91030053951474,85.1851110782369,95.79399232810889,95.79399232810889,95.79399232810889
291,train/val,0.6807169358884239,0.5777577924383672,0.25739785499755535,83.12169944676967,89.23829810855922,96.85962656668032,0.20014322014153005,74.46631627937825,80.77721370752957,95.78701547859413,0.004374151507404524,273.2221338748932,21:50:54,91.77667863056526,89.23829810855922,90.46209813062136,96.85962656668032,96.85962656668032,96.85962656668032,89.40449799539635,80.77721370752957,84.4395774197378,95.78701547859413,95.78701547859413,95.78701547859413
292,train/val,0.6786247245120618,0.5756272859194973,0.2574935941916227,82.6276665098953,88.67882419501476,96.84321424292894,0.19905346351861955,75.95062554523535,84.39486968843045,95.81625283893267,0.004353761824469646,269.93480825424194,21:55:24,91.67959142257853,88.67882419501476,90.10319224830005,96.84321424292894,96.84321424292894,96.84321424292894,87.57202809332378,84.39486968843045,85.57148709993618,95.81625283893267,95.81625283893267,95.81625283893267
293,train/val,0.6765091361098428,0.5768132256876324,0.24923977405133468,83.72800440486007,89.61636166362625,97.02530581923303,0.20057319386303424,74.92603358607606,82.88077572117493,95.6711424604657,0.004333361526004807,269.9993643760681,21:59:54,92.10193352702217,89.61636166362625,90.81782547755924,97.02530581923303,97.02530581923303,97.02530581923303,88.21583397474147,82.88077572117493,84.8536330494015,95.6711424604657,95.6711424604657,95.6711424604657
294,train/val,0.6776370739447806,0.577713463427881,0.249809024488477,83.48882099861532,89.56683502265724,97.02414953753775,0.20391985572874546,70.775116678339,78.66583351216427,95.62988843946853,0.004312950550896892,272.1441490650177,22:04:26,91.84313794748759,89.56683502265724,90.6656951301515,97.02414953753775,97.02414953753775,97.02414953753775,87.70971546832996,78.66583351216427,80.51619803654594,95.62988843946853,95.62988843946853,95.62988843946853
295,train/val,0.6756696797651818,0.5741444582817293,0.25381305154911527,83.24305051689896,89.0670794668835,96.96471380344519,0.2086294039785862,70.82380672889384,77.24175833242167,95.53587703071928,0.004292528837357583,271.2942123413086,22:08:57,92.1964620446873,89.0670794668835,90.56837848572748,96.96471380344519,96.96471380344519,96.96471380344519,89.04504735740909,77.24175833242167,81.28867287244944,95.53587703071928,95.53587703071928,95.53587703071928
296,train/val,0.6794449310817411,0.5751803267118348,0.26066150906587815,83.30183869250733,89.26051448756024,96.9029489765333,0.20318594215810298,75.2071970225505,82.02875869751706,95.73323695548737,0.00427209632291227,274.06119894981384,22:13:31,91.98725883490656,89.26051448756024,90.56577127602884,96.9029489765333,96.9029489765333,96.9029489765333,88.92434686933845,82.02875869751706,84.91748359187996,95.73323695548737,95.73323695548737,95.73323695548737
297,train/val,0.6782123608804022,0.575893492087792,0.2557971663848217,83.7619394741201,89.6092180086257,96.97684097676017,0.19278666293621063,72.94537153769342,80.57784675791007,95.81931471830988,0.004251735399266864,273.36177611351013,22:18:05,92.16525630847201,89.6092180086257,90.84142942761592,96.97684097676017,96.97684097676017,96.97684097676017,86.96229867492544,80.57784675791007,82.55549608074917,95.81931471830988,95.81931471830988,95.81931471830988
298,train/val,0.6793171153644948,0.5765323259322211,0.2569619732299505,82.53820117689216,88.50967384351111,96.9484660640249,0.1875994530469179,75.49322673944053,82.13117747401924,95.9665028084292,0.004231281136977468,273.8776948451996,22:22:39,91.79691767067088,88.50967384351111,90.08300968739383,96.9484660640249,96.9484660640249,96.9484660640249,89.7009370356665,82.13117747401924,85.168195682778,95.9665028084292,95.9665028084292,95.9665028084292
299,train/val,0.6790165370474266,0.577521182130709,0.2537383828976047,83.73566244783281,89.45849295808405,96.98159940117293,0.20583407288789748,75.5148744946042,83.2762975690514,95.46617407405404,0.004210815882388243,273.36585879325867,22:27:12,92.31461667498442,89.45849295808405,90.82745940771618,96.98159940117293,96.98159940117293,96.98159940117293,88.32778525470667,83.2762975690514,85.35083704071494,95.46617407405404,95.46617407405404,95.46617407405404
300,train/val,0.6824692473787546,0.577235644406413,0.26308400412393884,82.7927006368934,88.51580994490912,96.92403717359385,0.1939698905348778,73.89646212128798,81.18129911504893,95.90305054361886,0.004190339570166836,275.0560667514801,22:31:47,92.30611514769353,88.51580994490912,90.31122350583406,96.92403717359385,96.92403717359385,96.92403717359385,88.57319460930128,81.18129911504893,83.92905750872568,95.90305054361886,95.90305054361886,95.90305054361886
301,train/val,0.6802801861006218,0.5787090299088601,0.2539278868317764,83.19441003528395,89.21004089976888,96.94425792708516,0.2139935151487589,73.35398805641105,80.21976797788027,95.65662661355566,0.004169852134235585,273.3273391723633,22:36:20,91.97407235908315,89.21004089976888,90.54047462993034,96.94425792708516,96.94425792708516,96.94425792708516,88.99407002397133,80.21976797788027,83.6689679859026,95.65662661355566,95.65662661355566,95.65662661355566
302,train/val,0.6745586585461412,0.5710835027349981,0.25868788894664224,83.80279446279454,89.6770581133255,97.03190516376637,0.20123564690351486,74.25925315575807,82.0176762132169,95.93350074755145,0.004149353507758868,269.6424968242645,22:40:50,92.22803108913999,89.6770581133255,90.9053580173986,97.03190516376637,97.03190516376637,97.03190516376637,88.15675747214377,82.0176762132169,83.96301992133897,95.93350074755145,95.93350074755145,95.93350074755145
303,train/val,0.6717252380389372,0.5679495347852905,0.2594392540004723,84.18355186847867,90.01317358600843,97.00408845119188,0.19474699524044992,76.86590959172908,84.03056802193124,95.97963384138485,0.004128843623130186,271.88297843933105,22:45:22,92.32240051624939,90.01317358600843,91.13350308109118,97.00408845119188,97.00408845119188,97.00408845119188,89.08333684133636,84.03056802193124,86.23035737030584,95.97963384138485,95.97963384138485,95.97963384138485
304,train/val,0.6750122062415986,0.5725704323207282,0.25610443177083714,83.93801169657222,89.65668104492941,97.04001397757352,0.19460784444212914,74.12761661995638,82.66067253574171,96.01548328214787,0.004108322411959007,270.72318267822266,22:49:53,92.34115335374531,89.65668104492941,90.95266565694654,97.04001397757352,97.04001397757352,97.04001397757352,87.8685085044286,82.66067253574171,83.69197725783081,96.01548328214787,96.01548328214787,96.01548328214787
305,train/val,0.6783785217146626,0.5761706994517024,0.2555195520749089,83.6489800046286,89.57150936922119,96.99839000151012,0.19855383440852165,76.06874730567662,83.51265118851346,95.87554182890635,0.004087789805057244,270.300644159317,22:54:23,92.07534509663728,89.57150936922119,90.78119128079909,96.99839000151012,96.99839000151012,96.99839000151012,88.67212117043348,83.51265118851346,85.68919206707466,95.87554182890635,95.87554182890635,95.87554182890635
306,train/val,0.6746022140691164,0.5710926339501251,0.25877394633920064,83.73390762302944,89.61018332002236,96.94544744462084,0.19847881680727006,74.98436795043693,81.98317870989341,95.89002299821678,0.0040672457324254525,274.34495854377747,22:58:57,92.16366337703286,89.61018332002236,90.84313637765543,96.94544744462084,96.94544744462084,96.94544744462084,88.83008623054614,81.98317870989341,84.29228704852689,95.89002299821678,95.89002299821678,95.89002299821678
307,train/val,0.6755165583789148,0.5737635400684873,0.2543825449844135,83.58436372100925,89.55243789472335,97.03600411792618,0.21045623849332332,74.51036306910687,81.63228256493613,95.5942751989595,0.004046690123238693,273.1858673095703,23:03:30,92.02639888564677,89.55243789472335,90.74305259981085,97.03600411792618,97.03600411792618,97.03600411792618,88.32035974388957,81.63228256493613,84.28189221338322,95.5942751989595,95.5942751989595,95.5942751989595
308,train/val,0.6807861862041522,0.5753769035918967,0.2635232030233041,83.02979969098287,89.16217858620726,96.9156333242223,0.20551307278871536,73.99430369030038,80.81632182339466,95.62310624251764,0.004026205861566258,277.014719247818,23:08:07,91.75941702674419,89.16217858620726,90.41951934423948,96.9156333242223,96.9156333242223,96.9156333242223,88.80653913331797,80.81632182339466,83.99913643541834,95.62310624251764,95.62310624251764,95.62310624251764
309,train/val,0.6692952713111783,0.567178457193753,0.2552920334697491,83.67148656971429,89.54714926648376,97.04943975855834,0.19875868254899978,75.7495618561312,83.9108478585044,95.59039185304802,0.0040056270106668,272.6614418029785,23:12:40,92.2376431089063,89.54714926648376,90.82931939585202,97.04943975855834,97.04943975855834,97.04943975855834,88.06822236070167,83.9108478585044,85.34611015604021,95.59039185304802,95.59039185304802,95.59039185304802
310,train/val,0.6806573188577472,0.5761923583746759,0.2611624007792824,83.87471169763883,89.55469445645386,96.93649490236957,0.21198654977977277,77.146736766833,84.86735863174975,95.45272363641514,0.003985036405936186,275.3338363170624,23:17:15,92.38871185116751,89.55469445645386,90.91631360887725,96.93649490236957,96.93649490236957,96.93649490236957,88.41116443452731,84.86735863174975,86.3187473145048,95.45272363641514,95.45272363641514,95.45272363641514
311,train/val,0.6705236351161333,0.5697040271562622,0.2520490168282548,84.08504441612298,89.78018165028979,97.06531272020187,0.20901135627925396,74.05047887926375,80.52377876681908,95.82035199292476,0.0039644339731032315,273.58569526672363,23:21:49,92.47172007373962,89.78018165028979,91.0826808172822,97.06531272020187,97.06531272020187,97.06531272020187,89.80365096878484,80.52377876681908,83.92088719611762,95.82035199292476,95.82035199292476,95.82035199292476
312,train/val,0.6692303376223468,0.5648193924957742,0.2610273602184988,84.3193423179271,89.97087127082747,97.00568182576771,0.19989205537736415,76.08291695742302,84.07375651012167,95.8397352444221,0.0039438196369955955,269.508816242218,23:26:19,92.50508087301273,89.97087127082747,91.19576683100617,97.00568182576771,97.00568182576771,97.00568182576771,88.08574874664792,84.07375651012167,85.55917510475143,95.8397352444221,95.8397352444221,95.8397352444221
313,train/val,0.6768361428337925,0.572769452730681,0.26016672242184813,83.94179927477677,89.66261501968796,97.07595409142795,0.19561754696071149,75.73417291245218,82.39240259441688,95.86774122282719,0.003923193321523593,273.4693579673767,23:30:52,92.3583011939211,89.66261501968796,90.96428955128039,97.07595409142795,97.07595409142795,97.07595409142795,89.19704131157431,82.39240259441688,85.36578231431277,95.86774122282719,95.86774122282719,95.86774122282719
314,train/val,0.6714924897775605,0.569126830577209,0.2559141456008599,84.044089165519,89.77440419303443,97.05695767249892,0.20484521514177323,75.6316698243124,82.7936990034816,95.87925102347637,0.0039025549496635196,273.4430661201477,23:35:25,92.36762013999247,89.77440419303443,91.02037712907574,97.05695767249892,97.05695767249892,97.05695767249892,89.17545094327694,82.7936990034816,85.32458351432153,95.87925102347637,95.87925102347637,95.87925102347637
315,train/val,0.6722113882725721,0.5696463497517168,0.25641259725913956,84.39648642443123,90.07126349555428,97.08296273844559,0.20132210996747016,74.51710707858933,83.06694761170316,95.73457433310267,0.0038819044434406647,270.7684841156006,23:39:56,92.51521247564206,90.07126349555428,91.25642708132862,97.08296273844559,97.08296273844559,97.08296273844559,87.57193681254826,83.06694761170316,84.54639150594353,95.73457433310267,95.73457433310267,95.73457433310267
316,train/val,0.6757095145874562,0.5731110580731497,0.25649613836465784,83.84849095105045,89.66602306728693,97.06352917108656,0.19261073492467404,75.85564174667347,82.71595111077956,95.81595851553217,0.0038612417239118524,267.8024230003357,23:44:24,92.27966277077695,89.66602306728693,90.9291903267141,97.06352917108656,97.06352917108656,97.06352917108656,89.28885777621377,82.71595111077956,85.32138169305577,95.81595851553217,95.81595851553217,95.81595851553217
317,train/val,0.6664480955891747,0.5625481810859169,0.2597497826556111,83.71884571069931,89.45574137742148,97.07969857821428,0.20328148178756236,76.07877900620285,83.20926803226453,95.74168945681967,0.0038406501029271357,268.3899896144867,23:48:52,92.36364330981237,89.45574137742148,90.8529363645459,97.07969857821428,97.07969857821428,97.07969857821428,88.85123261400886,83.20926803226453,85.45860216048015,95.74168945681967,95.74168945681967,95.74168945681967
318,train/val,0.681396588753275,0.577984552026276,0.2585300887310433,83.49415793536086,89.18633435969522,96.96849442360737,0.20542922611534595,73.62847657514942,81.41877653148798,95.61325725898206,0.0038199627660530293,267.9708933830261,23:53:20,92.37254435319741,89.18633435969522,90.71327047244378,96.96849442360737,96.96849442360737,96.96849442360737,87.99767620089541,81.41877653148798,83.8658299473571,95.61325725898206,95.61325725898206,95.61325725898206
319,train/val,0.6698858994582233,0.5671689841437837,0.2567922852397286,83.8484637006496,89.55091161903856,97.08160690885379,0.19118060901761055,74.88516798616628,81.43542413148508,95.99905307907048,0.0037992629733844346,269.29344964027405,23:57:50,92.38513017307686,89.55091161903856,90.91970863731164,97.08160690885379,97.08160690885379,97.08160690885379,89.6725107814278,81.43542413148508,84.78697300879277,95.99905307907048,95.99905307907048,95.99905307907048
320,train/val,0.6664878716585856,0.5648301391490931,0.25414432832757017,84.8189358261613,90.30859441314227,97.15874250151518,0.19727812811732293,76.42300463574881,83.12520811494942,96.02490075857129,0.0037785506419255165,270.6021497249603,"1 day, 0:02:20",92.79481599183853,90.30859441314227,91.50821976762373,97.15874250151518,97.15874250151518,97.15874250151518,89.46890220821254,83.12520811494942,85.87156856663138,96.02490075857129,96.02490075857129,96.02490075857129
321,train/val,0.6684519260239906,0.5673444868637237,0.25276859573864585,84.19041655985392,90.08253875381712,97.11246622381155,0.2002291662544012,78.04546847693598,85.10347037178478,95.979102554387,0.0037578256876182295,268.98446130752563,"1 day, 0:06:49",92.28174025821517,90.08253875381712,91.15024549879203,97.11246622381155,97.11246622381155,97.11246622381155,89.24324006027925,85.10347037178478,86.98818392123665,95.979102554387,95.979102554387,95.979102554387
322,train/val,0.6684015870555263,0.5668136545913526,0.25396983223768715,83.70259709097836,89.72194265904857,97.07371348611798,0.19545695762336254,76.566163007919,83.41504404051992,96.02095307371714,0.003737088025322161,268.248291015625,"1 day, 0:11:18",92.02368764357169,89.72194265904857,90.83682018969942,97.07371348611798,97.07371348611798,97.07371348611798,89.5795341087268,83.41504404051992,86.00106882879099,96.02095307371714,96.02095307371714,96.02095307371714
323,train/val,0.6707719415426254,0.5683976247475784,0.2559357900686046,84.54174617734293,90.15192019567179,97.1266763222678,0.1973770678937435,75.96606106742743,83.5861626115341,95.97458487012032,0.003716337568793761,268.33239793777466,"1 day, 0:15:46",92.56419822120617,90.15192019567179,91.3154712659885,97.1266763222678,97.1266763222678,97.1266763222678,88.49151432974729,83.5861626115341,85.48674248570319,95.97458487012032,95.97458487012032,95.97458487012032
324,train/val,0.6727838718959286,0.56932536614326,0.25864626090941045,84.10297556853551,89.73402138646796,97.06187801557685,0.20540876591205598,72.06326200710375,79.44399314562847,95.71720968866964,0.003695574230665173,268.45222425460815,"1 day, 0:20:14",92.49970133098697,89.73402138646796,91.06641893508302,97.06187801557685,97.06187801557685,97.06187801557685,87.56111767209352,79.44399314562847,82.46522229724478,95.71720968866964,95.71720968866964,95.71720968866964
325,train/val,0.6716422062334633,0.5704845487169555,0.25289414176703623,84.0577085539118,89.82529493857048,97.07077499042931,0.19656581057608127,77.08981318370292,84.23927771851658,95.93579481252968,0.0036747979224224384,270.89894366264343,"1 day, 0:24:45",92.35125764689211,89.82529493857048,91.04545192178544,97.07077499042931,97.07077499042931,97.07077499042931,88.67050015580661,84.23927771851658,86.14981375337422,95.93579481252968,95.93579481252968,95.93579481252968
326,train/val,0.6669951505964045,0.5657785849917553,0.25304141399158114,84.51265144556804,90.12645660473049,97.13877665969336,0.20279221437871456,74.88986911451288,82.8264754191536,95.89686528119718,0.003654008554383153,269.4412488937378,"1 day, 0:29:15",92.6081894674077,90.12645660473049,91.32499886918116,97.13877665969336,97.13877665969336,97.13877665969336,87.8783603814382,82.8264754191536,84.78254374626691,95.89686528119718,95.89686528119718,95.89686528119718
327,train/val,0.664373990526597,0.564707754098415,0.2491655883998701,83.87103852526988,89.57036072377899,97.08384639689078,0.19998721525073052,71.68302659688017,81.25319283705367,95.64804259906258,0.0036332060356735704,268.4786641597748,"1 day, 0:33:43",92.37544832770983,89.57036072377899,90.91524757343595,97.08384639689078,97.08384639689078,97.08384639689078,85.22159626134375,81.25319283705367,82.15229562862191,95.64804259906258,95.64804259906258,95.64804259906258
328,train/val,0.6628518629851723,0.5653269287316528,0.24381233393274143,85.08865754389305,90.61018876944749,97.17350455754178,0.201890823289752,74.77507261814078,81.5854614557684,95.78473515379689,0.003612390274205087,275.51945066452026,"1 day, 0:38:19",92.77254932048204,90.61018876944749,91.66023089163244,97.17350455754178,97.17350455754178,97.17350455754178,89.144878896007,81.5854614557684,84.55467267452575,95.78473515379689,95.78473515379689,95.78473515379689
329,train/val,0.6681899286170253,0.5672603622930676,0.2523239122549599,84.70207603436958,90.28320994016343,97.13106200026101,0.2062790137529373,75.13369449705343,82.7136231445283,95.8094344376954,0.0035916451918514987,276.12642884254456,"1 day, 0:42:55",92.68678990896856,90.28320994016343,91.44288957169836,97.13106200026101,97.13106200026101,97.13106200026101,88.22995734057925,82.7136231445283,84.8079036057776,95.8094344376954,95.8094344376954,95.8094344376954
330,train/val,0.667835617394117,0.5667543565577601,0.25270314996143917,84.64009306688783,90.08808888115611,97.12612452041675,0.19174509692192077,77.24534563400233,85.00845358918735,96.03407734563136,0.003570802717966292,273.34009408950806,"1 day, 0:47:28",92.7979785144104,90.08808888115611,91.38914895168494,97.12612452041675,97.12612452041675,97.12612452041675,88.61314500127419,85.00845358918735,86.5093186884517,96.03407734563136,96.03407734563136,96.03407734563136
331,train/val,0.6703402834124588,0.5699227529339287,0.2510438221829324,84.18249506767323,89.917402869804,97.11649163391895,0.1951702539175749,75.49823426055379,82.46291970577703,95.98873791082309,0.003549946717911958,271.0175447463989,"1 day, 0:51:59",92.35634288864091,89.917402869804,91.08757455077922,97.11649163391895,97.11649163391895,97.11649163391895,89.25785690954739,82.46291970577703,85.24834471870116,95.98873791082309,95.98873791082309,95.98873791082309
332,train/val,0.6684981972860985,0.5725272638371268,0.2399273308491298,84.57635911053558,90.3736988111587,97.21002637845292,0.19786437259614467,74.72114245104251,82.2641703869746,95.72755320967144,0.0035290770944980477,269.7773196697235,"1 day, 0:56:29",92.4383045154233,90.3736988111587,91.37465584073172,97.21002637845292,97.21002637845292,97.21002637845292,88.09800448642197,82.2641703869746,84.42566064965142,95.72755320967144,95.72755320967144,95.72755320967144
333,train/val,0.6650561456641817,0.5645774002133718,0.25119686058566487,84.27940164961481,89.93801139044012,97.13894180992328,0.20174278235435486,73.23099386239944,80.44528000350294,95.74573681251044,0.003508193749192118,272.68380212783813,"1 day, 1:01:02",92.44673176295684,89.93801139044012,91.15051124402122,97.13894180992328,97.13894180992328,97.13894180992328,88.70263683238396,80.44528000350294,83.53481042644513,95.74573681251044,95.74573681251044,95.74573681251044
334,train/val,0.6584911147018527,0.5613513239675026,0.24284947430558387,84.81257745439427,90.54343159113157,97.22565679170336,0.20877387580275536,75.30750453888724,81.36275528796344,95.70208142226454,0.003487296582092201,272.4953181743622,"1 day, 1:05:34",92.5482925924337,90.54343159113157,91.51727448146193,97.22565679170336,97.22565679170336,97.22565679170336,89.96423242190706,81.36275528796344,85.07355086064408,95.70208142226454,95.70208142226454,95.70208142226454
335,train/val,0.6663852021168284,0.5644052971126894,0.25494976206942543,84.04683835553185,89.75449362364776,97.11401109846875,0.20918430829048157,73.53486426249489,79.88573535535761,95.65046381523939,0.003466385491898529,269.89859414100647,"1 day, 1:10:04",92.46489234377499,89.75449362364776,91.06057827399611,97.11401109846875,97.11401109846875,97.11401109846875,89.24783463745418,79.88573535535761,83.5823091980895,95.65046381523939,95.65046381523939,95.65046381523939
336,train/val,0.6616301619333153,0.5572847022694394,0.2608636457174916,84.57525664298447,90.09450774042142,97.07032241738848,0.19646050891280173,75.54466370029688,82.51355961973479,95.92377869711632,0.0034454603758844586,275.5153603553772,"1 day, 1:14:39",92.77005366044362,90.09450774042142,91.38293831189151,97.07032241738848,97.07032241738848,97.07032241738848,89.25391099230175,82.51355961973479,85.31954152315743,95.92377869711632,95.92377869711632,95.92377869711632
337,train/val,0.6706263055397347,0.5708950433201171,0.24932815246258955,85.16519581075057,90.597552883048,97.2204199621813,0.2036366472840309,73.33191112447216,81.80434882204288,95.86040331189004,0.0034245211298666108,273.49405312538147,"1 day, 1:19:13",92.91957281707587,90.597552883048,91.72233986554038,97.2204199621813,97.2204199621813,97.2204199621813,86.96286733948175,81.80434882204288,83.4139744264207,95.86040331189004,95.86040331189004,95.86040331189004
338,train/val,0.6612887444136202,0.5625109134220644,0.24694457813776735,84.28470124031622,89.87208513660893,97.18956950389091,0.20366467195749283,74.62809025136626,81.73279150566623,95.9067572300606,0.0034035676481741347,270.099769115448,"1 day, 1:23:43",92.58625358932726,89.87208513660893,91.17775655428122,97.18956950389091,97.18956950389091,97.18956950389091,88.70745130181999,81.73279150566623,84.63590659173441,95.9067572300606,95.9067572300606,95.9067572300606
339,train/val,0.6633092821365888,0.5627567659569973,0.251381288314515,85.17253583526785,90.64892622370678,97.19481812816278,0.20344685147702693,75.0729010821976,81.95630198825022,95.9400730250707,0.0033826844002420742,273.9588510990143,"1 day, 1:28:17",92.86405220353545,90.64892622370678,91.72160113374098,97.19481812816278,97.19481812816278,97.19481812816278,89.04292377794522,81.95630198825022,84.66766277696456,95.9400730250707,95.9400730250707,95.9400730250707
340,train/val,0.6618403426115355,0.5630596309659781,0.24695177720490125,85.24875056500598,90.80175818246079,97.23458671144351,0.19109175159037114,75.46299307531295,82.46502410500706,96.00372146913169,0.0033617021825724275,269.97666788101196,"1 day, 1:32:47",92.80833668849526,90.80175818246079,91.77539266616937,97.23458671144351,97.23458671144351,97.23458671144351,89.3154549715413,82.46502410500706,85.04563954574031,96.00372146913169,96.00372146913169,96.00372146913169
341,train/val,0.6576167995407025,0.5581976734677977,0.24854781307786122,84.6015369909367,90.43490501631149,97.15921825273507,0.20489236572384834,74.73829899029272,82.13785322613971,95.66573515400518,0.0033407054034189456,272.12836480140686,"1 day, 1:37:19",92.46231646916874,90.43490501631149,91.4116255350057,97.15921825273507,97.15921825273507,97.15921825273507,88.63770778202502,82.13785322613971,84.75650173136175,95.66573515400518,95.66573515400518,95.66573515400518
342,train/val,0.6613884753201259,0.5591425314575694,0.25561485740668677,84.72902782142138,90.30000439781789,97.14806225885094,0.20507866007089615,74.28725185833139,81.2731413775813,95.74476202300431,0.003319693950842897,269.76171875,"1 day, 1:41:49",92.70710177721352,90.30000439781789,91.4663286414322,97.14806225885094,97.14806225885094,97.14806225885094,88.77249899962514,81.2731413775813,84.26508347606836,95.74476202300431,95.74476202300431,95.74476202300431
343,train/val,0.6572918716239384,0.5575855456207451,0.24926581342467222,85.05299021111543,90.42512727380341,97.23942621807676,0.2011236733198166,76.98616939433234,83.72701465911871,96.0227632880366,0.003298667711251187,271.33481884002686,"1 day, 1:46:20",92.93628509033282,90.42512727380341,91.62945789581137,97.23942621807676,97.23942621807676,97.23942621807676,89.48171417172253,83.72701465911871,86.12665219929839,96.0227632880366,96.0227632880366,96.0227632880366
344,train/val,0.6646900330623204,0.560935397104441,0.25938658809593723,84.62897534784014,90.09934515056726,97.08831989279048,0.19644673866033555,74.34099222064827,82.52337602729537,95.95958419111003,0.0032776265693600032,269.39012384414673,"1 day, 1:50:50",92.81106045352197,90.09934515056726,91.40745971895008,97.08831989279048,97.08831989279048,97.08831989279048,87.81290548518874,82.52337602729537,84.33126246505537,95.95958419111003,95.95958419111003,95.95958419111003
345,train/val,0.6664628392109233,0.5664975215864406,0.24991329233259182,84.92164691276584,90.59130969666883,97.20752216468746,0.2056758032888174,73.86775248716437,81.10077108467826,95.7548503692165,0.003256570408157405,270.07112312316895,"1 day, 1:55:20",92.62859633811435,90.59130969666883,91.57936279922507,97.20752216468746,97.20752216468746,97.20752216468746,88.54281553420496,81.10077108467826,84.01918223275382,95.7548503692165,95.7548503692165,95.7548503692165
346,train/val,0.6587265052487566,0.5611700933694679,0.2438910282301518,84.84553738251425,90.59389316641048,97.27797620302715,0.18681672058999538,76.29284084246335,82.82077328413673,96.12656533907682,0.0032354991088648175,268.8266513347626,"1 day, 1:59:49",92.5389255486283,90.59389316641048,91.53930079163445,97.27797620302715,97.27797620302715,97.27797620302715,90.10380307050836,82.82077328413673,85.84122379810431,96.12656533907682,96.12656533907682,96.12656533907682
347,train/val,0.6662569261972104,0.5650694396023631,0.2529687133255066,84.71099657672005,90.34044991002975,97.15531014558582,0.19577473616600036,77.08973632596944,85.70834872869148,96.10783452807787,0.003214412550897359,268.15040016174316,"1 day, 2:04:17",92.64453842638062,90.34044991002975,91.45656279047778,97.15531014558582,97.15531014558582,97.15531014558582,87.60905576995958,85.70834872869148,86.42652881770788,96.10783452807787,96.10783452807787,96.10783452807787
348,train/val,0.6593179204917707,0.5617944405996006,0.24380869776130765,84.65542468629366,90.23905261662134,97.22057738113631,0.1938294114023447,75.52506360066184,84.10188619551691,95.8236792977028,0.00319331061182301,267.3306050300598,"1 day, 2:08:44",92.67246166000618,90.23905261662134,91.4152401547787,97.22057738113631,97.22057738113631,97.22057738113631,87.44467830450485,84.10188619551691,85.21956529462615,95.8236792977028,95.8236792977028,95.8236792977028
349,train/val,0.6587487181201427,0.5595191182630048,0.24807399605033217,84.76346224281819,90.25100845576748,97.24266470389848,0.2088990722000599,74.8127879303894,81.73834805176308,95.9213773278676,0.003172278349609329,271.9959411621094,"1 day, 2:13:16",92.80091822672641,90.25100845576748,91.48326840846117,97.24266470389848,97.24266470389848,97.24266470389848,88.76621522016978,81.73834805176308,84.71870306283252,95.9213773278676,95.9213773278676,95.9213773278676
350,train/val,0.6578435010872355,0.5590775129313267,0.24691496913214217,85.27243181496364,90.82444445232903,97.24732084317786,0.21093981145322324,73.43279394506422,80.85167989955937,95.62037521797447,0.0031511453367119983,273.7369372844696,"1 day, 2:17:50",92.78733315996712,90.82444445232903,91.78044110134941,97.24732084317786,97.24732084317786,97.24732084317786,88.68963016166997,80.85167989955937,83.74121007978461,95.62037521797447,95.62037521797447,95.62037521797447
351,train/val,0.6609957460476876,0.5603720034800205,0.251559353232504,85.59904653239023,90.89753115085057,97.24344239310506,0.18546842336654662,76.06669269423882,82.91756101090132,96.07061379544334,0.003129996564422726,267.198379278183,"1 day, 2:22:17",93.15532665910148,90.89753115085057,91.99409994759871,97.24344239310506,97.24344239310506,97.24344239310506,89.68045372481039,82.91756101090132,85.50499623306885,96.07061379544334,96.07061379544334,96.07061379544334
352,train/val,0.6610525070057672,0.5653356505907375,0.23929214015573003,85.22448986884153,90.7150218523577,97.2979936304992,0.19286387321352957,74.873226335026,82.64610116495919,95.92418686773064,0.0031088319024953808,266.6883683204651,"1 day, 2:26:44",92.8408591911407,90.7150218523577,91.74384687356243,97.2979936304992,97.2979936304992,97.2979936304992,87.96667347783558,82.64610116495919,84.86180091898066,95.92418686773064,95.92418686773064,95.92418686773064
353,train/val,0.6577642390450616,0.558265179556011,0.2487476462123774,85.0837197234243,90.6729987793853,97.24995090316632,0.18867705433070658,76.70666900509006,84.98999390227627,96.19630024711529,0.0030876512186132237,270.3347201347351,"1 day, 2:31:14",92.74152506679414,90.6729987793853,91.67770641772486,97.24995090316632,97.24995090316632,97.24995090316632,88.11936482057278,84.98999390227627,86.01624426783884,96.19630024711529,96.19630024711529,96.19630024711529
354,train/val,0.6558799305035111,0.5557778651331925,0.2502551616120034,84.78044907508077,90.28712653354536,97.22029291834204,0.1924711786210537,76.15885878497949,83.19041215395853,95.91599859225958,0.0030664543783399676,267.60352516174316,"1 day, 2:35:42",92.74636692799035,90.28712653354536,91.47193292263891,97.22029291834204,97.22029291834204,97.22029291834204,89.32063862118612,83.19041215395853,85.62554663212796,95.91599859225958,95.91599859225958,95.91599859225958
355,train/val,0.6567138774369335,0.5574227386099746,0.2482278459951552,85.6418841647613,90.95748482427828,97.31779058002353,0.1959146880507469,75.35207837027453,81.95866644898912,95.9589748249885,0.003045241245069242,269.2247574329376,"1 day, 2:40:11",93.09639139819417,90.95748482427828,91.99510242410757,97.31779058002353,97.31779058002353,97.31779058002353,89.68029810901558,81.95866644898912,85.11839659136596,95.9589748249885,95.9589748249885,95.95897482498852
356,train/val,0.6556340334454718,0.5579884043257751,0.24411407132365595,85.45621693157081,90.88898166132164,97.2964691900453,0.2001822903007269,75.45380779460393,81.5937157947701,95.92000614504514,0.003024011679972504,266.24046182632446,"1 day, 2:44:37",92.91011697079601,90.88898166132164,91.87037434782856,97.2964691900453,97.2964691900453,97.2964691900453,90.24841168898139,81.5937157947701,85.1878688189485,95.92000614504514,95.92000614504514,95.92000614504514
357,train/val,0.6555613695913781,0.557787125693445,0.24443560602204786,84.86031862638225,90.56551764303853,97.31400703549626,0.19252063919603823,77.23007584798098,84.02779440186106,96.11587482398079,0.003002765541945245,270.3474898338318,"1 day, 2:49:07",92.61556690668435,90.56551764303853,91.55819956391609,97.31400703549626,97.31400703549626,97.31400703549626,89.6400589722273,84.02779440186106,86.33695844737484,96.11587482398079,96.11587482398079,96.11587482398079
358,train/val,0.660192734977104,0.559525254064145,0.2516687004159943,85.25044339202731,90.7436268735643,97.20843263041121,0.19724817235767841,76.25391679099327,83.4943874355275,96.04313855879083,0.002981588458628056,270.1116614341736,"1 day, 2:53:38",92.85238789402925,90.7436268735643,91.76261184835698,97.20843263041121,97.20843263041121,97.20843263041121,89.05018673874363,83.4943874355275,85.79385794477031,96.04313855879083,96.04313855879083,96.04313855879083
359,train/val,0.6558630971517351,0.5564182684597107,0.24861206968328098,84.91842778670039,90.55475002807923,97.2386027079766,0.19746027818322182,75.1369112123017,82.04753235639215,95.90610544385653,0.0029603088103318078,267.93070220947266,"1 day, 2:58:05",92.70929912448734,90.55475002807923,91.59660627574212,97.2386027079766,97.2386027079766,97.2386027079766,89.47542857615439,82.04753235639215,85.06900170803871,95.90610544385653,95.90610544385653,95.90610544385653
360,train/val,0.660841232209536,0.558811850660426,0.25507345272286996,85.00922085582245,90.63884287355086,97.20269785985676,0.20192493231594563,73.95320773335284,81.2017011876496,95.83054993343761,0.002939012152174403,268.75574374198914,"1 day, 3:02:34",92.70461168627115,90.63884287355086,91.6393180585936,97.20269785985676,97.20269785985676,97.20269785985676,88.74827395049121,81.2017011876496,83.60929326161548,95.83054993343761,95.83054993343761,95.83054993343761
361,train/val,0.6577145542946933,0.556550806582415,0.252909367552081,84.94560133037584,90.36055000834044,97.19626774849988,0.18992287740111352,73.8551581012618,81.35333383793446,95.93903575045584,0.002917698333384173,268.9913022518158,"1 day, 3:07:03",92.93511731837958,90.36055000834044,91.60357848168587,97.19626774849988,97.19626774849988,97.19626774849988,88.39723219654131,81.35333383793446,83.63156083277265,95.93903575045584,95.93903575045584,95.93903575045584
362,train/val,0.6547685955884718,0.5546661192086534,0.2502561881987938,85.18713791441327,90.63134456267866,97.22026971281792,0.20740395732223987,72.36439682224183,79.57453412826413,95.70432848709989,0.0028963672006173894,268.3214728832245,"1 day, 3:11:32",92.95400454408103,90.63134456267866,91.74681831805488,97.22026971281792,97.22026971281792,97.22026971281792,88.66971406481605,79.57453412826413,82.32654132413909,95.70432848709989,95.70432848709989,95.70432848709989
363,train/val,0.6503722074453512,0.5555690233448487,0.23700795751303014,85.81277727770387,91.09414619458258,97.37437857848882,0.20492633624374867,75.41601045898666,82.45619427676573,95.87621804209883,0.0028750185978929444,268.1107668876648,"1 day, 3:16:00",93.15794675360853,91.09414619458258,92.0977506793508,97.37437857848882,97.37437857848882,97.37437857848882,89.16154692371255,82.45619427676573,85.00149450410636,95.87621804209883,95.87621804209883,95.87621804209883
364,train/val,0.6525106827785444,0.5543606143993424,0.24537516987576288,85.7855047976499,91.13417096834698,97.29266561973785,0.20492148756980896,76.16706976688327,82.328401592561,95.90951475352423,0.002853652366524826,267.68448066711426,"1 day, 3:20:27",93.12977576526974,91.13417096834698,92.10513161028983,97.29266561973785,97.29266561973785,97.29266561973785,89.95731481156788,82.328401592561,85.60238379389095,95.90951475352423,95.90951475352423,95.90951475352423
365,train/val,0.6477050816323345,0.5502833297930874,0.24355437585529097,86.11629855446319,91.29741065211564,97.34723432679115,0.18400352090597152,77.71943300882486,84.71746917551206,96.16671720127117,0.0028322683450523207,270.57500982284546,"1 day, 3:24:58",93.3330155074762,91.29741065211564,92.28534392298869,97.34723432679115,97.34723432679115,97.34723432679115,89.58874829467126,84.71746917551206,86.85329904781621,96.16671720127117,96.16671720127117,96.16671720127117
366,train/val,0.6481277709970878,0.5553514904417123,0.23194069931911154,86.16499090869561,91.40326672441621,97.45006492892769,0.1992190885692835,76.73209294316358,83.35441202845075,95.95596463486355,0.0028108663691677658,270.49448013305664,"1 day, 3:29:28",93.26169828726826,91.40326672441621,92.3066528074689,97.45006492892769,97.45006492892769,97.45006492892769,89.77448348878194,83.35441202845075,86.15033041326762,95.95596463486355,95.95596463486355,95.95596463486355
367,train/val,0.6518045916762542,0.5536944338276472,0.24527539268747303,85.78857232625221,90.99331069606545,97.34205253414949,0.19707966220378875,75.87890819708595,83.28164362083722,95.99295320205916,0.0027894462716418563,269.2211699485779,"1 day, 3:33:58",93.23530303083602,90.99331069606545,92.07425720228414,97.34205253414949,97.34205253414949,97.34205253414949,88.7577280938908,83.28164362083722,85.46601372177994,95.99295320205916,95.99295320205916,95.99295320205916
368,train/val,0.6584515464871059,0.5613859673635063,0.24266394587996507,85.56227275571383,90.98631333240547,97.32340646386373,0.188862083658576,76.20119541157065,83.52343338633436,96.02652133658344,0.0027680943643253334,268.2045147418976,"1 day, 3:38:26",92.96625629093397,90.98631333240547,91.95045712498352,97.32340646386373,97.32340646386373,97.32340646386373,88.80061099230294,83.52343338633436,85.67457010268846,96.02652133658344,96.02652133658344,96.02652133658344
369,train/val,0.6461429326283347,0.54895786191484,0.24296267736495222,86.4539162845147,91.62910134086101,97.39118868422979,0.21167880068719386,75.67351378470111,83.25122604573112,95.76579158809086,0.002746637584561178,272.611469745636,"1 day, 3:42:58",93.39042975977017,91.62910134086101,92.48776201873102,97.39118868422979,97.39118868422979,97.39118868422979,88.50481162739901,83.25122604573112,85.17006452401829,95.76579158809086,95.76579158809086,95.76579158809086
370,train/val,0.6477089264225302,0.550625457077036,0.2427086683231949,86.32627543526382,91.49357013725626,97.38719422901092,0.20632234559953214,75.54470564270534,82.75849591691615,95.85916473271892,0.002725162163868499,269.1977393627167,"1 day, 3:47:28",93.38639476540645,91.49357013725626,92.41579619724547,97.38719422901092,97.38719422901092,97.38719422901092,88.69436525242118,82.75849591691615,85.21563083829585,95.85916473271892,95.85916473271892,95.85916473271892
371,train/val,0.6508803272115038,0.5518549980436626,0.24756332039181705,85.99585173323193,91.14662185191186,97.35206430831967,0.20158538118004798,75.60204380707752,81.25154016827872,95.96230300215899,0.0027036679225431915,268.1828260421753,"1 day, 3:51:56",93.38471067346987,91.14662185191186,92.23109817937274,97.35206430831967,97.35206430831967,97.35206430831967,90.72198746379784,81.25154016827872,85.22978367491554,95.96230300215899,95.96230300215899,95.96230300215899
372,train/val,0.6431575341158933,0.5473574997497711,0.23950008430944728,86.36020095508317,91.54922577072243,97.39139203206399,0.1960904805958271,77.7479472466422,84.76845605396039,96.09516488167557,0.00268215467754456,267.59000515937805,"1 day, 3:56:23",93.38345828959046,91.54922577072243,92.44385872189005,97.39139203206399,97.39139203206399,97.39139203206399,89.68620572970953,84.76845605396039,86.89097725414922,96.09516488167557,96.09516488167557,96.09516488167557
373,train/val,0.6516527382014338,0.554413275674196,0.24309865332182895,86.05168651197059,91.34958504842866,97.39840148966333,0.20634086233377458,75.89282090084498,82.36854091557008,95.89921539738988,0.002660622242403051,268.1628260612488,"1 day, 4:00:52",93.19414969762117,91.34958504842866,92.24912135789339,97.39840148966333,97.39840148966333,97.39840148966333,89.7413638360334,82.36854091557008,85.42872602119701,95.89921539738988,95.89921539738988,95.89921539738988
374,train/val,0.6506321326990455,0.5533650834727143,0.2431676224996439,85.75918814156657,91.18760542953052,97.35464505374296,0.2003822776377201,75.16523410138012,82.88287855451149,95.93825245109099,0.0026390704271245587,267.9672362804413,"1 day, 4:05:20",93.01453181736937,91.18760542953052,92.07757944593786,97.35464505374296,97.35464505374296,97.35464505374296,88.36540630459318,82.88287855451149,84.84413837653136,95.93825245109099,95.93825245109099,95.93825245109099
375,train/val,0.6496660930643806,0.5544586548307395,0.2380185913477436,86.02682549111434,91.32929230164433,97.39407801000209,0.2034772090613842,74.22076499541997,80.7047768181997,95.82258084656786,0.0026174990380912304,266.1318850517273,"1 day, 4:09:46",93.19931572286228,91.32929230164433,92.23364922931346,97.39407801000209,97.39407801000209,97.39407801000209,89.84530465906374,80.7047768181997,84.27434266889419,95.82258084656786,95.82258084656786,95.82258084656786
376,train/val,0.6497438577553051,0.5536044973331405,0.24034840064455218,86.3335197834057,91.63635051542984,97.41227870680764,0.19729590612649917,76.66096110932564,84.48397871503785,96.0909336692774,0.0025959078779584518,267.8691289424896,"1 day, 4:14:14",93.24710113919706,91.63635051542984,92.4218819505079,97.41227870680764,97.41227870680764,97.41227870680764,88.17250223363705,84.48397871503785,86.09145643369617,96.0909336692774,96.0909336692774,96.0909336692774
377,train/val,0.6538994343752178,0.5571515481185015,0.24186971265554588,85.91064652650779,91.08013155616594,97.39015468971367,0.20173281541466712,74.33368141316686,80.32047614589942,95.90058996073306,0.002574383927587962,272.3204448223114,"1 day, 4:18:46",93.32473600299052,91.08013155616594,92.16657650623068,97.39015468971367,97.39015468971367,97.39015468971367,90.28891188838628,80.32047614589942,84.16163618459048,95.90058996073306,95.90058996073306,95.90058996073306
378,train/val,0.6487044803672937,0.5522024098786237,0.24125517438282965,85.80566693522324,90.9569499252207,97.39086841174216,0.20285555243492126,76.30916035959041,84.05308901358904,95.97923930190245,0.0025527526995548296,266.30205512046814,"1 day, 4:23:12",93.3341200529593,90.9569499252207,92.10682582305995,97.39086841174216,97.39086841174216,97.39086841174216,88.55515929578637,84.05308901358904,85.82272904128617,95.97923930190245,95.97923930190245,95.97923930190245
379,train/val,0.6466033843915255,0.5495291021279866,0.24268570030264672,86.16422554062014,91.44174983149847,97.36156380006784,0.2048969219326973,75.60536516245206,83.45061092283098,95.8265554665387,0.0025311010857904243,267.062034368515,"1 day, 4:27:39",93.26162229476394,91.44174983149847,92.32747171841984,97.36156380006784,97.36156380006784,97.36156380006784,88.05489361813214,83.45061092283098,85.36616244566079,95.8265554665387,95.8265554665387,95.8265554665387
380,train/val,0.6432748346137936,0.5470808862377191,0.24048487000322694,85.86416640906978,91.21794063790493,97.42857025536611,0.20168624407052993,76.71591965522686,84.29566998591746,95.94004685329742,0.0025094288729496867,266.97680854797363,"1 day, 4:32:06",93.11848935253234,91.21794063790493,92.13958702095245,97.42857025536611,97.42857025536611,97.42857025536611,88.84828545788368,84.29566998591746,86.17920828508876,95.94004685329742,95.94004685329742,95.94004685329742
381,train/val,0.6495874302553185,0.5541750833382122,0.23853086527354297,85.84457505791858,91.10901084278868,97.3835004368869,0.19557456517219543,74.63380617945953,81.51383919732632,95.88747484893949,0.002487735843384024,268.2791574001312,"1 day, 4:36:34",93.1862294491686,91.10901084278868,92.11113439299027,97.3835004368869,97.3835004368869,97.3835004368869,89.36352278104496,81.51383919732632,84.47737561112595,95.88747484893949,95.88747484893949,95.88747484893949
382,train/val,0.6449051043713903,0.5484129776169809,0.2412303139448727,86.50807683760019,91.65133070937856,97.44433958792712,0.1994621267169714,76.693053909363,83.58613668001948,96.23061013331433,0.0024660217750119362,267.76185035705566,"1 day, 4:41:02",93.41683333761782,91.65133070937856,92.51316332824491,97.44433958792712,97.44433958792712,97.44433958792712,89.42102145880541,83.58613668001948,86.1731967031079,96.23061013331433,96.23061013331433,96.23061013331433
383,train/val,0.6474821089535812,0.550190964208887,0.24322786053395865,85.95942880124777,91.15088202981254,97.37668785375936,0.19893188060820102,75.51908005096304,82.70165804476693,96.1254206511424,0.002444286441184438,268.68033504486084,"1 day, 4:45:31",93.37236023796616,91.15088202981254,92.22579357836089,97.37668785375936,97.37668785375936,97.37668785375936,89.1115715169415,82.70165804476693,85.18714673008706,96.1254206511424,96.1254206511424,96.1254206511424
384,train/val,0.6507542923183031,0.5517671972352863,0.24746773440563688,86.2480713688068,91.47481809810222,97.37538050041121,0.2004015806466341,72.77677653811661,80.27087508784265,95.81804124344106,0.002422529610544989,265.8785858154297,"1 day, 4:49:57",93.32394123030716,91.47481809810222,92.3758336667829,97.37538050041121,97.37538050041121,97.37538050041121,88.23506374044584,80.27087508784265,82.91117906988957,95.81804124344106,95.81804124344106,95.81804124344106
385,train/val,0.6432095388277473,0.5464783366606711,0.24182800296255624,86.22504795809942,91.46759939870056,97.43955436913284,0.1990464137196541,75.43980854619173,83.21609129519189,96.02294703569494,0.0024007510468837335,266.6745171546936,"1 day, 4:54:23",93.32310196059407,91.46759939870056,92.36768878708469,97.43955436913284,97.43955436913284,97.43955436913284,88.34412458323466,83.21609129519189,85.12444609540296,96.02294703569494,96.02294703569494,96.02294703569494
386,train/val,0.6435314594456711,0.5483854199285546,0.23786509710927095,86.34624252039445,91.65059476215971,97.41036946017519,0.19477916440367699,76.87796276894323,83.49069412272154,96.10082191047296,0.0023790384588320765,269.08852195739746,"1 day, 4:58:53",93.27893256262595,91.65059476215971,92.4458036569483,97.41036946017519,97.41036946017519,97.41036946017519,89.97473863662997,83.49069412272154,86.20378736928288,96.10082191047296,96.10082191047296,96.10082191047296
387,train/val,0.6457381836704223,0.5484087611094528,0.24332355335354805,86.28660709052207,91.46227548595508,97.40820210130875,0.20249463775753976,75.53863517095007,82.39897904815405,95.94604749566832,0.002357215790419996,268.54879784584045,"1 day, 5:03:21",93.39693229325171,91.46227548595508,92.4035989269527,97.40820210130875,97.40820210130875,97.40820210130875,89.50252963379765,82.39897904815405,85.21428102671365,95.94604749566832,95.94604749566832,95.94604749566831
388,train/val,0.6456757844516553,0.5480104926535164,0.24416322781433175,86.15576421293997,91.35517237623584,97.45037462627153,0.20013769298791886,75.21005923934753,82.26006042066946,95.99293215559148,0.0023353706507123085,267.5054123401642,"1 day, 5:07:49",93.35815672462185,91.35517237623584,92.32621007337177,97.45037462627153,97.45037462627153,97.45037462627153,88.91213280883676,82.26006042066946,84.91318857359005,95.99293215559148,95.99293215559148,95.99293215559146
389,train/val,0.6482032995618424,0.5526829564639523,0.23880085389667818,86.69736479638622,91.86460090433633,97.47553897981642,0.19820119436085223,78.71380175922559,85.78659076349695,96.10846254158785,0.00231350278252515,266.9940731525421,"1 day, 5:12:16",93.44800588091094,91.86460090433633,92.63972501961935,97.47553897981642,97.47553897981642,97.47553897981642,89.57760517930602,85.78659076349695,87.48194108452012,96.10846254158785,96.10846254158785,96.10846254158785
390,train/val,0.646584626655492,0.5552124685502005,0.2284303918836617,85.83414000401636,91.12586274816206,97.42153748423688,0.195173309892416,75.28120893116908,83.1088419262568,95.98776541134713,0.002291611922996139,266.8971643447876,"1 day, 5:16:42",93.20725462715525,91.12586274816206,92.12707279332948,97.42153748423688,97.42153748423688,97.42153748423688,88.72869124483898,83.1088419262568,84.87207785888727,95.98776541134713,95.98776541134713,95.98776541134713
391,train/val,0.6439277270674786,0.55285631487974,0.22767852916161166,86.6189884084118,91.7935155601602,97.53997925328747,0.20586865536868573,77.04006708563497,83.61873985004445,96.10299187762614,0.0022696978033973003,266.1174077987671,"1 day, 5:21:09",93.42938027328097,91.7935155601602,92.59047708114817,97.53997925328747,97.53997925328747,97.53997925328747,90.02320174782383,83.61873985004445,86.24796641566314,96.10299187762614,96.10299187762614,96.10299187762614
392,train/val,0.6397332943620182,0.5467698032533713,0.2324087264989556,86.74024999794003,91.93862778627985,97.49017628648745,0.19985354420542717,74.48454897059268,81.6608306902143,96.01734409522903,0.0022477601489397743,266.8976764678955,"1 day, 5:25:35",93.41189946436486,91.93862778627985,92.6570633457264,97.49017628648745,97.49017628648745,97.49017628648745,88.90925625825629,81.6608306902143,84.29707688430851,96.01734409522903,96.01734409522903,96.01734409522903
393,train/val,0.6379654281337388,0.542959217315323,0.23751552432033946,86.79049571782983,91.83718185264328,97.45226596910737,0.20209880195558072,76.91457376768051,83.97147835894484,95.98054778151807,0.0022257986785698546,268.0951907634735,"1 day, 5:30:04",93.59104346323363,91.83718185264328,92.6923423849891,97.45226596910737,97.45226596910737,97.45226596910737,89.30874530951228,83.97147835894484,86.22408904389522,95.98054778151807,95.98054778151807,95.98054778151807
394,train/val,0.6421682450020962,0.5471315592146593,0.23759171168276666,86.7275513045413,91.8124059624943,97.46286878933013,0.1974775669872761,77.62047887980907,84.80635168404979,95.99322015414675,0.0022039018050536248,267.8401770591736,"1 day, 5:34:31",93.55357168149293,91.8124059624943,92.6627541601912,97.46286878933013,97.46286878933013,97.46286878933014,89.38322882602475,84.80635168404979,86.58155914293957,95.99322015414675,95.99322015414675,95.99322015414675
395,train/val,0.6387249407106065,0.5441639779615338,0.23640240480084906,86.7916303501296,91.91173596139936,97.49241700069604,0.1966661805510521,75.45607053326212,82.23681690823169,96.0300382776688,0.0021818919325405656,267.37646865844727,"1 day, 5:38:59",93.51999527423847,91.91173596139936,92.69752134771909,97.49241700069604,97.49241700069604,97.49241700069602,89.60615295283324,82.23681690823169,85.23110070572025,96.0300382776688,96.0300382776688,96.0300382776688
396,train/val,0.6443698468750246,0.5441588383436042,0.2505275190187206,86.85990464338123,91.96537154174202,97.38762862052992,0.19752330227196216,75.43938584979031,82.22979889008691,96.04212963693037,0.002159857362412757,268.2445430755615,"1 day, 5:43:27",93.54505821352434,91.96537154174202,92.73879954439349,97.38762862052992,97.38762862052992,97.38762862052992,89.5417942982251,82.22979889008691,85.07121799714709,96.04212963693037,96.04212963693037,96.04212963693037
397,train/val,0.6345912935794723,0.5375067057750653,0.2427114662141229,86.83060573982502,91.90613628938621,97.50649656181668,0.19652143409848213,78.09554960718592,85.21222418996614,96.10470940024852,0.0021377977863550443,267.61506843566895,"1 day, 5:47:55",93.59306119965505,91.90613628938621,92.73117510266144,97.50649656181668,97.50649656181668,97.50649656181668,89.27461008984334,85.21222418996614,86.99729868878727,96.10470940024852,96.10470940024852,96.10470940024852
398,train/val,0.6418299491303674,0.5495499967827281,0.2306998804331868,86.77690401918143,91.84315294451339,97.51940179311148,0.1944825869947672,75.91567155703707,83.42468050975226,96.08853044619474,0.0021157128886199078,266.3569965362549,"1 day, 5:52:21",93.54520195944778,91.84315294451339,92.67227555157454,97.51940179311148,97.51940179311148,97.51940179311148,88.79082958546036,83.42468050975226,85.40168033298275,96.08853044619474,96.08853044619474,96.08853044619474
399,train/val,0.6453240145431242,0.5538356877868418,0.22872081569821223,87.01773950825806,92.08628835784168,97.55414294124427,0.19817149968445302,76.46121582233239,83.31056247989795,96.10410090651945,0.00209360234575989,267.8954837322235,"1 day, 5:56:49",93.61948472975863,92.08628835784168,92.83655616120964,97.55414294124427,97.55414294124427,97.55414294124427,89.62272993790388,83.31056247989795,85.96359565045539,96.10410090651945,96.10410090651945,96.10410090651946
400,train/val,0.632726010233264,0.5422954217110533,0.22607646787585473,87.37318336808862,92.37368461372911,97.61912994292513,0.19804602570831775,78.7688261893945,85.97613555073927,96.26305615305866,0.002071465826347153,271.3917031288147,"1 day, 6:01:20",93.71866822408957,92.37368461372911,93.03309451439536,97.61912994292513,97.61912994292513,97.61912994292513,89.61479333094425,85.97613555073927,87.49444594936794,96.26305615305866,96.26305615305866,96.26305615305866
401,train/val,0.6321268184680464,0.5385164425288099,0.2340259363908614,86.71791812381315,91.799999521681,97.51407474677758,0.20634059883654118,75.84992158810799,83.0903014861282,96.02370907049401,0.002049302990679351,267.11362504959106,"1 day, 6:05:47",93.5460054117937,91.799999521681,92.64965092495947,97.51407474677758,97.51407474677758,97.51407474677758,89.11252474887434,83.0903014861282,85.26905881639281,96.02370907049401,96.02370907049401,96.02370907049401
402,train/val,0.6413722490214148,0.5450941225728014,0.240695313821724,86.66372745662834,91.82262117956323,97.4857414099557,0.20846847866475582,76.06049748470248,83.71938655788547,96.07184037921836,0.002027113490471003,266.89316749572754,"1 day, 6:10:14",93.48727503006782,91.82262117956323,92.63333649608964,97.4857414099557,97.4857414099557,97.4857414099557,88.48915261913571,83.71938655788547,85.57532683418864,96.07184037921836,96.07184037921836,96.07184037921836
403,train/val,0.6392696721688484,0.5498822542970904,0.22346854311111555,86.66910104223619,91.82905555183952,97.56869393614491,0.20012669603526592,74.44791381499451,83.39574345642087,95.97990864500443,0.0020048969685294428,269.5058853626251,"1 day, 6:14:44",93.46510063046057,91.82905555183952,92.62603666012315,97.56869393614491,97.56869393614491,97.56869393614491,87.04868052698419,83.39574345642087,84.43326979771713,95.97990864500443,95.97990864500443,95.97990864500443
404,train/val,0.6381593298896014,0.5414356214533577,0.24180926765342167,86.68028610234985,91.7073279063621,97.46258332215336,0.19724444355070592,74.22004052138969,81.87651525409642,96.06498730038146,0.0019826530584143845,267.3806703090668,"1 day, 6:19:11",93.62253577959932,91.7073279063621,92.63840174107098,97.46258332215336,97.46258332215336,97.46258332215336,88.34845199479858,81.87651525409642,83.96085858305356,96.06498730038146,96.06498730038146,96.06498730038146
405,train/val,0.6344022584707046,0.5385498379751108,0.23963104804731009,86.8590551504651,91.82652720828042,97.53934755772445,0.19993809017539024,76.39641268804769,82.8783909065363,96.05594767893496,0.001960381384080114,267.4603271484375,"1 day, 6:23:39",93.7123045091606,91.82652720828042,92.74334592199797,97.53934755772445,97.53934755772445,97.53934755772445,90.10640826841573,82.8783909065363,85.91821807891729,96.05594767893496,96.05594767893496,96.05594767893496
406,train/val,0.6353050064904303,0.541164420900845,0.23535145954971115,87.04925770855311,92.18715647590663,97.55126212793705,0.19376292304694653,77.0064504345969,83.6205904031014,96.14787690502061,0.0019380815594990585,266.0514392852783,"1 day, 6:28:05",93.5514555245631,92.18715647590663,92.85567087279037,97.55126212793705,97.55126212793705,97.55126212793705,90.02188651225387,83.6205904031014,86.2101945023895,96.14787690502061,96.14787690502061,96.14787690502061
407,train/val,0.6307121826124095,0.5379979800240017,0.2317855040760111,86.90962996737099,91.95916450601986,97.54735147583618,0.19877327202260495,75.84989079345407,83.25925756396697,96.138982755014,0.0019158432798825878,269.9676823616028,"1 day, 6:32:35",93.65102145661577,91.95916450601986,92.78595314451032,97.54735147583618,97.54735147583618,97.54735147583618,89.18476790845673,83.25925756396697,85.31958623552173,96.138982755014,96.138982755014,96.138982755014
408,train/val,0.6381181320670313,0.5431297787019849,0.23747088065685326,86.82075236919687,91.95463569860213,97.51962819671773,0.19837698325514794,76.73832608177601,83.37137064653174,96.13287284548959,0.0018934860723779769,268.30272793769836,"1 day, 6:37:03",93.50281048713273,91.95463569860213,92.71335888814308,97.51962819671773,97.51962819671773,97.51962819671773,90.07819369571472,83.37137064653174,86.05458121080814,96.13287284548959,96.13287284548959,96.13287284548959
409,train/val,0.6359896213016657,0.5414766841032558,0.23628233935841797,86.89207018370539,91.86336931065003,97.51939474979737,0.19669207979738712,76.78322223218007,83.36452850303063,96.03781576534821,0.001871099494294985,269.86930751800537,"1 day, 6:41:33",93.69835366153102,91.86336931065003,92.75530694458436,97.51939474979737,97.51939474979737,97.51939474979737,89.82243394629607,83.36452850303063,86.2051209508477,96.03781576534821,96.03781576534821,96.03781576534821
410,train/val,0.6333777938481538,0.5395424185620111,0.23458843663204573,87.50287862886998,92.43735459318835,97.5960868390042,0.19852707712352277,77.40498323037149,84.49414341051043,96.15350885253525,0.0018486831155474853,266.8603746891022,"1 day, 6:46:00",93.81967755302468,92.43735459318835,93.11513385831309,97.5960868390042,97.5960868390042,97.5960868390042,89.35018277603038,84.49414341051043,86.58822842298245,96.15350885253525,96.15350885253525,96.15350885253525
411,train/val,0.6270002173992637,0.5352638696133089,0.22934086732040257,87.62539089371899,92.53664535747976,97.61694351625007,0.19916802132129668,77.57379580245774,83.79248247642913,96.1992421725316,0.001826236493863459,266.72024416923523,"1 day, 6:50:26",93.87031613488797,92.53664535747976,93.18962754584813,97.61694351625007,97.61694351625007,97.61694351625007,90.57627693970967,83.79248247642913,86.73052572325585,96.1992421725316,96.1992421725316,96.1992421725316
412,train/val,0.6328838145524444,0.537561443261677,0.23830592518054805,87.41028136370407,92.31129830911827,97.57390115161783,0.1898157693296671,76.98482045683312,83.59117421616105,96.15159209728867,0.0018037591742683014,267.2781538963318,"1 day, 6:54:54",93.8402980038384,92.31129830911827,93.0595609867825,97.57390115161783,97.57390115161783,97.57390115161783,90.0802918927148,83.59117421616105,86.3751721351507,96.15159209728867,96.15159209728867,96.15159209728867
413,train/val,0.6346013381245478,0.5386416638907604,0.2398991833197325,87.16303038828606,92.08722895896028,97.51941081771662,0.1906684300750494,77.70054667303306,85.64110629902494,96.24429077350915,0.001781250688538795,266.2247562408447,"1 day, 6:59:20",93.77740773217698,92.08722895896028,92.90968884467247,97.51941081771662,97.51941081771662,97.51941081771662,88.39546704981758,85.64110629902494,86.78578995613722,96.24429077350915,96.24429077350915,96.24429077350915
414,train/val,0.6318311116983206,0.536154496876201,0.2391915351688541,86.84776897750986,91.82820403208038,97.54055610591764,0.19658147758245467,76.82098679607438,84.2848921635719,96.18924477323161,0.0017587105546255592,268.7033269405365,"1 day, 7:03:49",93.7179148832896,91.82820403208038,92.75008100711368,97.54055610591764,97.54055610591764,97.54055610591764,89.0405122909816,84.2848921635719,86.16151880779486,96.18924477323161,96.18924477323161,96.18924477323161
415,train/val,0.6385651475924651,0.54492097287348,0.23411043223792782,87.22945517441345,92.24469305547117,97.52720847734294,0.19834112629294395,76.70913321349356,83.38762049337721,96.05572183834126,0.0017361382760417647,267.10036754608154,"1 day, 7:08:16",93.71306712003455,92.24469305547117,92.96113429419268,97.52720847734294,97.52720847734294,97.52720847734294,89.87269621108265,83.38762049337721,86.15859724134928,96.05572183834126,96.05572183834126,96.05572183834126
416,train/val,0.6309249911960854,0.5379212864429741,0.23250926033955094,87.05236497541937,92.02590141590593,97.60927337764512,0.20562970589101315,76.69251361798428,83.18181981493431,96.07072611597039,0.001713533341215561,267.9620864391327,"1 day, 7:12:44",93.74322883472767,92.02590141590593,92.86480506687884,97.60927337764512,97.60927337764512,97.60927337764512,89.87118802152392,83.18181981493431,86.13093153380964,96.07072611597039,96.07072611597039,96.07072611597039
417,train/val,0.6302923723183467,0.5375918519621178,0.2317512988262555,87.15669962817965,92.13288064484797,97.5800435668746,0.20647617115080358,76.66144127214348,83.18724396503511,96.19363247102426,0.001690986572892547,266.69699811935425,"1 day, 7:17:10",93.76281574400083,92.13288064484797,92.9286251208128,97.5800435668746,97.5800435668746,97.5800435668746,89.85134877778161,83.18724396503511,86.01794059078814,96.19363247102426,96.19363247102426,96.19363247102426
418,train/val,0.6262306424801031,0.5360700816477235,0.22540140015692542,87.6184881531352,92.57699569277632,97.63239284731623,0.19806260623037816,76.42907056739105,83.40940603783156,96.1438682617445,0.001668406350807862,266.8456337451935,"1 day, 7:21:37",93.82863590160903,92.57699569277632,93.19051059537227,97.63239284731623,97.63239284731623,97.63239284731623,89.13612831201235,83.40940603783156,85.90613957488499,96.1438682617445,96.1438682617445,96.1438682617445
419,train/val,0.6261602915227212,0.5349691017069268,0.22797797266306216,87.27744952160033,92.25945821680432,97.6518980576521,0.20089297074079512,76.54952982762833,84.06394039150594,96.08029353484497,0.0016457004952323074,269.09849095344543,"1 day, 7:26:06",93.76678080509919,92.25945821680432,92.99601870472588,97.6518980576521,97.6518980576521,97.6518980576521,88.74541179041252,84.06394039150594,86.0238545021357,96.08029353484497,96.08029353484497,96.08029353484497
420,train/val,0.6332628891603531,0.5409283932917216,0.2308362383788756,87.23521816408561,92.13594403719998,97.62133797738935,0.21113399903476238,73.47530710244182,80.0095890108029,95.97755122252502,0.001622959776642627,268.89795875549316,"1 day, 7:30:35",93.86789341481183,92.13594403719998,92.98323552310151,97.62133797738935,97.62133797738935,97.62133797738935,89.25057784732712,80.0095890108029,83.49749606729027,95.97755122252502,95.97755122252502,95.97755122252502
421,train/val,0.6326055416402676,0.5411023393363542,0.22875800243533131,87.51300607342087,92.38081990805519,97.59600824952945,0.195786687374115,78.19269817030138,85.2071713554351,96.24474267279469,0.0016001835970110275,267.6365921497345,"1 day, 7:35:03",93.89447599289825,92.38081990805519,93.11931589911559,97.59600824952945,97.59600824952945,97.59600824952945,89.64528496085808,85.2071713554351,87.1775235569752,96.24474267279469,96.24474267279469,96.24474267279469
422,train/val,0.6300482471657024,0.5380853019910286,0.22990735932914058,87.54736696159864,92.41994821367149,97.6242761875076,0.2005784103423357,75.85902294388858,83.00751730236529,96.1571773718076,0.001577371338414557,267.45221304893494,"1 day, 7:39:30",93.90244669583635,92.41994821367149,93.14239891731188,97.6242761875076,97.6242761875076,97.6242761875076,89.26227323926106,83.00751730236529,85.19186039027265,96.1571773718076,96.1571773718076,96.1571773718076
423,train/val,0.621346659522451,0.5295027496234314,0.2296097712151621,87.69775283412882,92.53182762876038,97.63208110428191,0.19422263132035733,77.52751298978747,84.85058396730662,96.18995511877841,0.0015545223620422877,266.86230969429016,"1 day, 7:43:57",93.97768023683287,92.53182762876038,93.23893215858034,97.63208110428191,97.63208110428191,97.63208110428191,89.29148836835526,84.85058396730662,86.62837237033607,96.18995511877841,96.18995511877841,96.18995511877841
424,train/val,0.6261224503495506,0.5317222742362558,0.2360004381061843,87.60407346687522,92.33873589472542,97.64302406361838,0.20036492243409157,76.96601479326108,83.69649557680717,96.1739605666773,0.00153163600713589,266.2763674259186,"1 day, 7:48:23",94.07503519783681,92.33873589472542,93.18543008388774,97.64302406361838,97.64302406361838,97.64302406361838,89.69735313460895,83.69649557680717,86.2368766342119,96.1739605666773,96.1739605666773,96.1739605666773
425,train/val,0.6321448974146006,0.5396219991302843,0.2313072421433305,87.41695204009974,92.3716768676815,97.60901994307942,0.19885158498585223,75.15820673391242,82.20808176245913,96.13068183186871,0.001508711589857973,265.98668217658997,"1 day, 7:52:49",93.81072275118292,92.3716768676815,93.07751980673912,97.60901994307942,97.60901994307942,97.60901994307942,87.91069964984271,82.20808176245913,84.52345186124059,96.13068183186871,96.13068183186871,96.13068183186871
426,train/val,0.6300289350904389,0.5391230638005546,0.22726467630569777,87.26490069636374,92.21783045386711,97.60852945693539,0.1963023919761181,76.75025822481375,84.96228733921045,96.13461653988527,0.0014857484020819208,268.2545123100281,"1 day, 7:57:18",93.80554876802285,92.21783045386711,92.99321682311404,97.60852945693539,97.60852945693539,97.60852945693539,87.9950165035945,84.96228733921045,86.08173593494932,96.13461653988527,96.13461653988527,96.13461653988527
427,train/val,0.6294951842347487,0.5397839338168572,0.22427812259751995,87.4715322552054,92.33400785075038,97.6701261379471,0.1997009006291628,75.38104125904815,82.54970548520312,96.05743576234481,0.001462745710096383,266.2580347061157,"1 day, 8:01:44",93.89975088621225,92.33400785075038,93.10035674959212,97.6701261379471,97.6701261379471,97.6701261379471,88.39208510044986,82.54970548520312,85.0201105019455,96.05743576234481,96.05743576234481,96.05743576234481
428,train/val,0.6308089675383032,0.5390398165044483,0.2294228770184533,87.30991191168013,92.13038553032297,97.61984284478447,0.2010267721116543,75.876662958424,82.84088143006362,96.13106873791723,0.0014397027532167487,266.8396759033203,"1 day, 8:06:11",93.93548497426139,92.13038553032297,93.00739643607227,97.61984284478447,97.61984284478447,97.61984284478447,89.16897704692819,82.84088143006362,85.3107415273404,96.13106873791723,96.13106873791723,96.13106873791723
429,train/val,0.6336044095050751,0.5391757831368257,0.2360715641519249,87.26917379839237,92.20253352439286,97.5737969133016,0.19378859302401544,76.63547535368292,84.02346067397518,96.25045291753109,0.0014166187422951797,269.30280208587646,"1 day, 8:10:40",93.82075804187284,92.20253352439286,92.99250544325925,97.5737969133016,97.5737969133016,97.5737969133016,88.8312825267621,84.02346067397518,85.94823146270768,96.25045291753109,96.25045291753109,96.25045291753109
430,train/val,0.6254026857533548,0.532606287628272,0.23199099404255094,87.77660742626679,92.6240270656848,97.64884701253715,0.20243503864109516,75.48615568242577,83.21511895044755,96.06516657702852,0.0013934928581198205,268.1604166030884,"1 day, 8:15:08",93.97690565470262,92.6240270656848,93.28629699495305,97.64884701253715,97.64884701253715,97.64884701253715,88.21092912506472,83.21511895044755,85.20629885226046,96.06516657702852,96.06516657702852,96.06516657702852
431,train/val,0.6224874697460291,0.5300545072246896,0.23108240378808878,87.77337528422046,92.5882862191044,97.63754028969687,0.19389379088580608,76.66212343713148,83.37574542087536,96.15991341260732,0.0013703242496927105,271.0241873264313,"1 day, 8:19:39",94.00380314031158,92.5882862191044,93.28334857356315,97.63754028969687,97.63754028969687,97.63754028969687,89.56171446558815,83.37574542087536,86.09749652642151,96.15991341260732,96.15991341260732,96.15991341260732
432,train/val,0.6230663029776377,0.5310518926594509,0.23003602328521738,87.8554090153871,92.65113849930037,97.6816908362919,0.21110205256938935,75.39510339100023,81.97393928265758,96.04872317901543,0.0013471120323747929,268.03050780296326,"1 day, 8:24:07",94.04943973878996,92.65113849930037,93.33550010856972,97.6816908362919,97.6816908362919,97.6816908362919,89.78660594255527,81.97393928265758,85.12900039874603,96.04872317901543,96.04872317901543,96.04872317901543
433,train/val,0.6270824340701344,0.5370927627706336,0.22497417612430948,87.798098146975,92.68024826399038,97.70250937799443,0.20296657803654672,76.50838582935934,83.91668750841352,96.05810128872984,0.0013238552858849696,267.188768863678,"1 day, 8:28:35",93.95124249155883,92.68024826399038,93.303555280872,97.70250937799443,97.70250937799443,97.70250937799443,88.95600998466931,83.91668750841352,86.00215150099622,96.05810128872984,96.05810128872984,96.05810128872984
434,train/val,0.6236854687523505,0.5327554235501665,0.22732511121671956,88.00562419283017,92.78274930194618,97.6735461923395,0.19624190452694892,75.43397022165209,83.08552035750508,96.0544207740614,0.001300553052138679,272.0097668170929,"1 day, 8:33:07",94.08332439737607,92.78274930194618,93.42060081332768,97.6735461923395,97.6735461923395,97.6735461923395,88.15993299406519,83.08552035750508,85.03927142547573,96.0544207740614,96.0544207740614,96.0544207740614
435,train/val,0.6256086510363729,0.5340171432487101,0.22897876518269314,87.57593489446478,92.32997893391669,97.68658086892141,0.20142727702856064,75.83502800691588,83.18420455957585,96.18846343674974,0.0012772985756896377,271.35291600227356,"1 day, 8:37:38",94.0992741586203,92.32997893391669,93.18955200579651,97.68658086892141,97.68658086892141,97.68658086892141,89.19733330815808,83.18420455957585,85.32812653135323,96.18846343674974,96.18846343674974,96.18846343674974
436,train/val,0.6249529569038386,0.5355469021387523,0.223515135920641,88.00141086886475,92.84405595032551,97.73294262793638,0.19576673488318921,78.66971438248368,85.97825509568298,96.27874853022729,0.0012539025238649042,267.5617730617523,"1 day, 8:42:05",93.99260465632456,92.84405595032551,93.40776570701328,97.73294262793638,97.73294262793638,97.73294262793638,89.33422533785937,85.97825509568298,87.43618913020272,96.27874853022729,96.27874853022729,96.27874853022729
437,train/val,0.6237628324647517,0.5331195686375766,0.2266081575913043,87.79853987111616,92.5963913513368,97.72039060172342,0.19055336320400237,76.63450835708304,83.45617661548843,96.243006829931,0.0012304578638055088,267.8740875720978,"1 day, 8:46:33",94.02227457245561,92.5963913513368,93.29571435549484,97.72039060172342,97.72039060172342,97.72039060172342,89.68022951979017,83.45617661548843,86.06996391406389,96.243006829931,96.243006829931,96.243006829931
438,train/val,0.6285109120823829,0.537258010375155,0.22813225135948728,87.8150831375296,92.54185040783479,97.67075457319355,0.19390487045049667,79.52840559299453,86.03769395907057,96.37900703221263,0.0012069634609740234,267.86307644844055,"1 day, 8:51:01",94.11484493829497,92.54185040783479,93.30973376483168,97.67075457319355,97.67075457319355,97.67075457319355,90.51856448912282,86.03769395907057,88.05496844304062,96.37900703221263,96.37900703221263,96.37900703221263
439,train/val,0.6186036666868995,0.52819776983973,0.2260147406698957,88.34192960921253,93.07809301019567,97.74763053381889,0.19550920432806015,75.53087795563913,81.87810918309368,96.04716421371958,0.001183418129179354,269.1289486885071,"1 day, 8:55:30",94.16304540562554,93.07809301019567,93.60923907396881,97.74763053381889,97.74763053381889,97.74763053381889,90.02799046967439,81.87810918309368,85.20373470579521,96.04716421371958,96.04716421371958,96.04716421371958
440,train/val,0.6262478832839397,0.5377050626975383,0.22135704804384718,87.89466623300785,92.7377761176101,97.71234393973504,0.19778295989334582,75.86419494977109,82.80560640139862,96.16477787287013,0.0011598206270279935,268.6021771430969,"1 day, 8:59:59",94.0009081116334,92.7377761176101,93.35781312781985,97.71234393973504,97.71234393973504,97.71234393973504,89.55609488915898,82.80560640139862,85.46855139767061,96.16477787287013,96.16477787287013,96.16477787287013
441,train/val,0.6190518312752448,0.5293864424126855,0.22416346888455593,88.39483832648615,93.02713550060035,97.78109272350112,0.20226902110874653,75.08540849187104,82.28266210762794,96.09691173849386,0.0011361696540454333,268.0400264263153,"1 day, 9:04:27",94.27799224065436,93.02713550060035,93.63919127771663,97.78109272350112,97.78109272350112,97.78109272350112,89.11398150990483,82.28266210762794,84.76256163017321,96.09691173849386,96.09691173849386,96.09691173849386
442,train/val,0.6246758399489909,0.5375028871996899,0.21793238042772978,88.26453205519235,92.9152670595942,97.78448336089019,0.19239486761391164,76.00125922615912,83.55720214795616,96.18730718961545,0.001112463846428778,267.7372307777405,"1 day, 9:08:55",94.24375110519915,92.9152670595942,93.56606085098989,97.78448336089019,97.78448336089019,97.78448336089019,88.600569854565,83.55720214795616,85.57004292060168,96.18730718961545,96.18730718961545,96.18730718961545
443,train/val,0.61801631294727,0.5287109741185765,0.22326334452140068,88.04119488496251,92.79243089543782,97.75652224261037,0.202612378641963,74.49843637792225,80.74093375403616,96.10747750147053,0.001088797702168439,267.5265865325928,"1 day, 9:13:22",94.10287153502543,92.79243089543782,93.43288664543967,97.75652224261037,97.75652224261037,97.75652224261037,89.92584972353231,80.74093375403616,84.31759509913405,96.10747750147053,96.10747750147053,96.10747750147053
444,train/val,0.6232668015086258,0.5333103026791395,0.22489124463862353,88.15326096234315,92.74724734105494,97.73248259503707,0.1934033841341734,77.72798021705086,84.59189308913905,96.25235865882307,0.0010649780928663737,269.40787863731384,"1 day, 9:17:52",94.28624164229747,92.74724734105494,93.50003153803034,97.73248259503707,97.73248259503707,97.73248259503707,89.93466599311041,84.59189308913905,86.75781900042567,96.25235865882307,96.25235865882307,96.25235865882307
445,train/val,0.6183168888593089,0.5281909842096725,0.2253147593568497,88.34606664766554,92.93177858052096,97.75215450756446,0.1959130748361349,75.45426583722768,82.12933207614243,96.10479096894196,0.0010410991351118865,267.9628109931946,"1 day, 9:22:20",94.32162847604589,92.93177858052096,93.61428173777033,97.75215450756446,97.75215450756446,97.75215450756446,89.46426960785236,82.12933207614243,85.09614581483855,96.10479096894196,96.10479096894196,96.10479096894196
446,train/val,0.617904448517233,0.5298533689057819,0.22012769789124947,88.15363865622061,92.86101394350588,97.76577947676556,0.19732377810776233,77.23837477390384,84.07838176777824,96.21493225967008,0.0010171591605839174,269.96387672424316,"1 day, 9:26:50",94.16032291940884,92.86101394350588,93.4968965289751,97.76577947676556,97.76577947676556,97.76577947676556,89.48006867246589,84.07838176777824,86.44177445135378,96.21493225967008,96.21493225967008,96.21493225967008
447,train/val,0.6192690022916063,0.5320338236059049,0.21808794395598535,88.04711222986332,92.7956595864362,97.79005975401178,0.2012758300155401,76.26920868459823,83.18400442106672,96.20272345457585,0.0009931564090717832,270.1639726161957,"1 day, 9:31:20",94.13133562492804,92.7956595864362,93.44918041238627,97.79005975401178,97.79005975401178,97.79005975401178,89.58537333435697,83.18400442106672,85.73400718943157,96.20272345457585,96.20272345457585,96.20272345457586
448,train/val,0.6151854954133839,0.5265057312315875,0.22169940817722877,88.56720843338036,93.22030056700393,97.77582225296855,0.20712698030471802,75.95536901949605,84.14919618173607,96.12994967651083,0.0009690890208017554,268.8637285232544,"1 day, 9:35:49",94.27585446868392,93.22030056700393,93.73963483801737,97.77582225296855,97.77582225296855,97.77582225296855,88.0285291324371,84.14919618173607,85.54082647724066,96.12994967651083,96.12994967651083,96.12994967651083
449,train/val,0.6176906289994997,0.5263436512211144,0.22836744128435188,87.96181392119745,92.74094530561332,97.68093689935274,0.19263253878057002,76.53407196577714,83.9596226478648,96.1619680058599,0.000944955027892619,268.7048993110657,"1 day, 9:40:17",94.10740532788134,92.74094530561332,93.40905627902204,97.68093689935274,97.68093689935274,97.68093689935274,88.6385935643819,83.9596226478648,85.91050649232542,96.1619680058599,96.1619680058599,96.1619680058599
450,train/val,0.6177020826512883,0.5295178948049186,0.22046046886435272,88.1790324154937,92.872924695444,97.78091327932653,0.1906405785381794,77.04184272138444,83.82954946250794,96.25158451957886,0.0009207523448136178,269.42702198028564,"1 day, 9:44:47",94.21087202857358,92.872924695444,93.5279554798823,97.78091327932653,97.78091327932653,97.78091327932653,89.80345819250998,83.82954946250794,86.39465727133636,96.25158451957886,96.25158451957886,96.25158451957886
451,train/val,0.6220964950126694,0.5339225597063326,0.220434836221567,88.1405061719037,92.82751479864754,97.7915579594759,0.1966261766254902,75.16171729397942,81.8864155600358,96.11154535838372,0.0008964787576957479,275.77686309814453,"1 day, 9:49:22",94.19960772446127,92.82751479864754,93.49918577545463,97.7915579594759,97.7915579594759,97.7915579594759,89.81407906137416,81.8864155600358,84.878880984691,96.11154535838372,96.11154535838372,96.11154535838372
452,train/val,0.6178851316319108,0.5283562095676723,0.22382230449420298,88.46383100628235,93.15477642440119,97.75434113780888,0.19261107450723647,76.82121308482328,83.55011102402659,96.24472686068165,0.0008721319123196778,271.19828152656555,"1 day, 9:53:54",94.24311443131857,93.15477642440119,93.69005877086556,97.75434113780888,97.75434113780888,97.75434113780888,89.75758895276738,83.55011102402659,86.1656295162725,96.24472686068165,96.24472686068165,96.24472686068165
453,train/val,0.6135286431566692,0.5240904298819546,0.2235955298848816,88.21086918568348,92.929597595116,97.75217377258573,0.19229683631658553,77.0457512956051,83.99636019861363,96.29728872347741,0.0008478079344989866,271.52623987197876,"1 day, 9:58:25",94.16199326450018,92.929597595116,93.53412924148206,97.75217377258573,97.75217377258573,97.75217377258573,89.3470040896727,83.99636019861363,86.39628954807135,96.29728872347741,96.29728872347741,96.29728872347741
454,train/val,0.6151080859252568,0.5268990236616968,0.2205226531561662,88.14362494311776,92.79279939659611,97.8275734201058,0.20292179960012435,76.18133420612882,83.897404936279,96.10428498132495,0.0008233072009590984,272.29953145980835,"1 day, 10:02:58",94.22754922598486,92.79279939659611,93.49020687634307,97.8275734201058,97.8275734201058,97.8275734201058,88.53370708249038,83.897404936279,85.71466088596623,96.10428498132495,96.10428498132495,96.10428498132495
455,train/val,0.6129357105004523,0.5238340684909827,0.22275410270131749,88.58037492289921,93.13252070380793,97.80870540825134,0.20031226874887945,76.88956778807005,84.1283067494908,96.21597291480565,0.0007987251716676848,271.53621673583984,"1 day, 10:07:29",94.40495435628804,93.13252070380793,93.7572793915968,97.80870540825134,97.80870540825134,97.80870540825134,89.23916862221475,84.1283067494908,86.25524242576743,96.21597291480565,96.21597291480565,96.21597291480565
456,train/val,0.6139821714014516,0.5232756720165639,0.22676624522294547,88.58396932479899,93.16470955252383,97.7733338186764,0.19251573003828526,76.92626915023465,83.75074588750655,96.18702758783743,0.0007740587770012264,268.916152715683,"1 day, 10:11:58",94.36244549057612,93.16470955252383,93.75131649671388,97.7733338186764,97.7733338186764,97.7733338186764,89.74167769945869,83.75074588750655,86.26842404864323,96.18702758783743,96.18702758783743,96.18702758783743
457,train/val,0.6208335057291795,0.5324008847914371,0.22108154954349907,88.25745680027009,92.99557400121964,97.7596993635787,0.19692652218043805,77.21539224440924,84.20165121809741,96.20685237896005,0.0007493047181516319,269.1823136806488,"1 day, 10:16:27",94.16656583233808,92.99557400121964,93.56703739360741,97.7596993635787,97.7596993635787,97.7596993635787,89.44018581925182,84.20165121809741,86.39864374398996,96.20685237896005,96.20685237896005,96.20685237896005
458,train/val,0.6152709884357356,0.5245350278718566,0.22683989855372513,88.41563554557261,92.98756167627505,97.81377906413056,0.2082707148194313,76.02804555081435,82.89890444792039,96.12843007792398,0.0007244594409297224,268.69896721839905,"1 day, 10:20:56",94.37110885632926,92.98756167627505,93.66652441821115,97.81377906413056,97.81377906413056,97.81377906413056,89.2967810516965,82.89890444792039,85.62196218024309,96.12843007792398,96.12843007792398,96.12843007792398
459,train/val,0.6159707047170493,0.5275163722964206,0.22113583046534596,88.54427402952687,93.17659910702666,97.79722355292381,0.19819484883546828,76.20588867479027,83.28586079513951,96.1241265660021,0.0006995191054559155,267.999018907547,"1 day, 10:25:24",94.33099111429534,93.17659910702666,93.74375337411814,97.79722355292381,97.79722355292381,97.79722355292381,89.0030874571836,83.28586079513951,85.75809917652106,96.1241265660021,96.1241265660021,96.1241265660021
460,train/val,0.6076164200210539,0.5196891814750878,0.21981809373441444,88.675315644201,93.20507628635599,97.83405268482575,0.20021910847723484,76.88269253185935,84.01308343503257,96.15435311032208,0.0006744795509026826,268.8453471660614,"1 day, 10:29:53",94.4191362595262,93.20507628635599,93.80112894096042,97.83405268482575,97.83405268482575,97.83405268482575,89.19982837827438,84.01308343503257,86.14751128105122,96.15435311032208,96.15435311032208,96.15435311032208
461,train/val,0.6128086822299085,0.5236860175980925,0.22280665908933248,88.92294713074651,93.41160482424009,97.84516928415489,0.19784802994132042,76.3335663290056,83.28941427770205,96.1631345036054,0.0006494378532595598,269.41079926490784,"1 day, 10:34:22",94.52689014233646,93.41160482424009,93.96070706415412,97.84516928415489,97.84516928415489,97.84516928415489,89.43162957952086,83.28941427770205,85.87777889433627,96.1631345036054,96.1631345036054,96.1631345036054
462,train/val,0.6145587180313362,0.524422890050105,0.22533956730754567,88.52714523298921,93.05822456462329,97.79878985307175,0.19993310160934924,77.29758397294259,83.99190568974994,96.14983826133084,0.0006242883752971913,268.50997257232666,"1 day, 10:38:51",94.41138264889052,93.05822456462329,93.72122903744852,97.79878985307175,97.79878985307175,97.79878985307175,89.9024569576736,83.99190568974994,86.49279606821236,96.14983826133084,96.14983826133084,96.14983826133084
463,train/val,0.6134352454941948,0.525256791578577,0.22044613424791293,88.29779734703862,92.97340199342852,97.81201797263111,0.20322909672558306,77.85473766541645,84.45202273076443,96.30895250139281,0.0005989232676409985,268.77990555763245,"1 day, 10:43:19",94.24448256800338,92.97340199342852,93.59612919398084,97.81201797263111,97.81201797263111,97.81201797263111,90.07533561040603,84.45202273076443,86.94781286239713,96.30895250139281,96.30895250139281,96.30895250139281
464,train/val,0.6123973987270059,0.5236857088023412,0.2217792231657197,88.52468650676111,93.16869372386141,97.81074116922494,0.1921914462298155,76.91358512434257,83.83916702390582,96.22607881791573,0.0005734381929255202,268.3826427459717,"1 day, 10:47:48",94.28155370823988,93.16869372386141,93.71497211712777,97.81074116922494,97.81074116922494,97.81074116922494,89.52315193582379,83.83916702390582,86.26603339518608,96.22607881791573,96.22607881791573,96.22607881791573
465,train/val,0.6140553218731563,0.5277297464327758,0.215813934980881,88.57458786809775,93.12867211518684,97.84809643214403,0.19979982639849186,77.97444164104618,84.52955430389999,96.21439301209116,0.0005478265973742291,269.6916344165802,"1 day, 10:52:17",94.3817834607953,93.12867211518684,93.74170523826216,97.84809643214403,97.84809643214403,97.84809643214403,90.2078981686181,84.52955430389999,86.94806216838741,96.21439301209116,96.21439301209116,96.21439301209116
466,train/val,0.6150057175733454,0.5278771713366024,0.21782136426658621,88.48815728618746,93.12500561615707,97.81180615274494,0.19835334578156472,75.5986442064892,82.21772711881941,96.11090622187008,0.0005220812076650753,268.25939083099365,"1 day, 10:56:46",94.30442756285133,93.12500561615707,93.70521027085475,97.81180615274494,97.81180615274494,97.81180615274494,89.60508369930729,82.21772711881941,85.21988690848626,96.11090622187008,96.11090622187008,96.11090622187008
467,train/val,0.610220711755929,0.5250199638161791,0.21300186684308792,88.7523930166965,93.27829950588757,97.84699789709997,0.19380572511255742,77.39751461035088,84.31234166626209,96.34107682642372,0.0004961939078194294,268.48418259620667,"1 day, 11:01:14",94.43179502638831,93.27829950588757,93.84449416139189,97.84699789709997,97.84699789709997,97.84699789709997,89.86106376773071,84.31234166626209,86.5470696022012,96.34107682642372,96.34107682642372,96.34107682642372
468,train/val,0.6085523991834901,0.5210455343798654,0.21876715858690515,88.88975944609385,93.42646180776295,97.85843288633426,0.19303334811329842,76.71574689085843,84.14200249145402,96.18426199474371,0.00047015558658916747,268.6845614910126,"1 day, 11:05:43",94.4662481469759,93.42646180776295,93.93671102679801,97.85843288633426,97.85843288633426,97.85843288633426,88.83106232927733,84.14200249145402,86.07067607394484,96.18426199474371,96.18426199474371,96.18426199474371
469,train/val,0.6058895954487704,0.5176927624890366,0.22049207885191596,88.97175643513326,93.47830479421421,97.88781900055697,0.19821333219110965,76.98720660647723,83.97120087440099,96.18422404567242,0.0004439559459963441,269.38847160339355,"1 day, 11:10:12",94.49927508130448,93.47830479421421,93.98006961047356,97.88781900055697,97.88781900055697,97.88781900055697,89.4084724852356,83.97120087440099,86.29593532547777,96.18422404567242,96.18422404567242,96.18422404567242
470,train/val,0.6127375373623077,0.526123695411214,0.21653460462220017,88.80356952066624,93.24114026215007,97.87999529640871,0.2010753311663866,76.61103095204784,83.14182061454993,96.16005593972271,0.0004175832579017257,272.8706884384155,"1 day, 11:14:45",94.53978802437362,93.24114026215007,93.8770333830265,97.87999529640871,97.87999529640871,97.87999529640871,89.89396833622739,83.14182061454993,85.9784766836169,96.16005593972271,96.16005593972271,96.16005593972271
471,train/val,0.6141681430739849,0.5261416558499455,0.22006621727595893,88.77916066049437,93.25596096268586,97.8312083630341,0.19740912601351737,77.81594896060022,84.44942629128059,96.22345760577134,0.00039102404979491354,270.72443294525146,"1 day, 11:19:16",94.4959145400549,93.25596096268586,93.86310237383641,97.8312083630341,97.8312083630341,97.8312083630341,90.01953777790446,84.44942629128059,86.82810452608682,96.22345760577134,96.22345760577134,96.22345760577134
472,train/val,0.6106460167103833,0.5221110854621053,0.22133732470855988,88.83284462213355,93.39066698182698,97.84340147025013,0.19600437983870506,77.83804912099575,84.09418480773935,96.18879025676875,0.00036426269222857786,271.0201244354248,"1 day, 11:23:47",94.44187504617328,93.39066698182698,93.90816926298605,97.84340147025013,97.84340147025013,97.84340147025013,90.50384781676337,84.09418480773935,86.83822249307886,96.18879025676875,96.18879025676875,96.18879025676875
473,train/val,0.6118835670461411,0.524920854349223,0.21740678124876334,88.90482732328519,93.36940298161049,97.86651745623935,0.20605262592434884,76.59620436836093,83.24918634234425,96.12737077539992,0.00033728084638924707,269.18687558174133,"1 day, 11:28:16",94.53223840115412,93.36940298161049,93.94069976945782,97.86651745623935,97.86651745623935,97.86651745623935,89.85239006367517,83.24918634234425,86.04580839712985,96.12737077539992,96.12737077539992,96.12737077539992
474,train/val,0.6058088209838296,0.5191447088781747,0.21666028029169504,88.51902127492973,93.12122627216836,97.8786162360295,0.19683798784017562,76.88931542222991,83.42337803001185,96.20012775991042,0.0003100567074264433,270.71104288101196,"1 day, 11:32:47",94.35160490708023,93.12122627216836,93.72551975567696,97.8786162360295,97.8786162360295,97.8786162360295,90.06056874253744,83.42337803001185,86.20430796690174,96.20012775991042,96.20012775991042,96.20012775991042
475,train/val,0.6062575320048708,0.5188014946011144,0.21864009127722303,88.77532319379607,93.26049831482486,97.88445091160737,0.19789950919151306,76.0702662257965,82.82953225645338,96.1494528819691,0.0002825639401421429,269.7178227901459,"1 day, 11:37:17",94.47629504047718,93.26049831482486,93.85705661273197,97.88445091160737,97.88445091160737,97.88445091160737,89.55142620858922,82.82953225645338,85.62791420525765,96.1494528819691,96.1494528819691,96.1494528819691
476,train/val,0.6108350700272276,0.5225658057496784,0.22067315835398,89.0211410188971,93.46952696305235,97.88896334368607,0.2021759274750948,75.41615697946253,81.5917869782607,96.11134329048409,0.00025477013400081286,270.1099407672882,"1 day, 11:41:47",94.57399549458741,93.46952696305235,94.0127655987013,97.88896334368607,97.88896334368607,97.88896334368607,90.32725479689742,81.5917869782607,85.08274927667895,96.11134329048409,96.11134329048409,96.11134329048409
477,train/val,0.6103922735746867,0.5229150888578317,0.21869295941717126,88.84819776863165,93.3770340454105,97.85436754993565,0.20194210590422154,75.67830598960438,82.44449716235745,96.16457493257805,0.00022663447325908115,270.0954074859619,"1 day, 11:46:17",94.46334474499338,93.3770340454105,93.91005193436636,97.85436754993565,97.85436754993565,97.85436754993565,89.75380339077266,82.44449716235745,85.2129743216729,96.16457493257805,96.16457493257805,96.16457493257805
478,train/val,0.6107519212471373,0.5246396759210534,0.21528060962749795,88.83353341959351,93.34051972063713,97.87704294227039,0.19803088833391666,76.46799282750905,83.07143809645791,96.21849423801531,0.00019810405430403395,274.69296503067017,"1 day, 11:50:51",94.48315610588175,93.34051972063713,93.90181011961654,97.87704294227039,97.87704294227039,97.87704294227039,89.86192320528478,83.07143809645791,85.90766758519975,96.21849423801531,96.21849423801531,96.21849423801531
479,train/val,0.609305427370251,0.5217683943089977,0.2188425817011424,88.62676760216645,93.1093393556988,97.8212239647141,0.1976770679950714,77.06218050463949,83.43607595249038,96.21636898097482,0.00016922568464343248,270.0618712902069,"1 day, 11:55:21",94.51263507358244,93.1093393556988,93.79643353008782,97.8212239647141,97.8212239647141,97.8212239647141,90.18225851194678,83.43607595249038,86.29368606173334,96.21636898097482,96.21636898097482,96.21636898097482
480,train/val,0.605508898979237,0.5205753674503935,0.21233382776489815,88.90607704643637,93.36336525844771,97.91042920098072,0.1991306812018156,76.35719560183664,82.85751086656772,96.18250041630296,0.0001396653066871926,271.6988773345947,"1 day, 11:59:53",94.55536756966947,93.36336525844771,93.94875680715288,97.91042920098072,97.91042920098072,97.91042920098072,89.97697311167462,82.85751086656772,85.85038046521956,96.18250041630296,96.18250041630296,96.18250041630296
481,train/val,0.6053365694049548,0.517597503293739,0.21934766304336623,89.24859618226249,93.64960583392391,97.91901669062368,0.19119516395032407,76.68880984114031,83.29401610780107,96.23446381788274,0.00010938633652897851,270.6332504749298,"1 day, 12:04:24",94.66651490053736,93.64960583392391,94.15067416596355,97.91901669062368,97.91901669062368,97.91901669062368,89.91210853154892,83.29401610780107,86.0934696445527,96.23446381788274,96.23446381788274,96.23446381788274
482,train/val,0.6074750047344928,0.5185766920106637,0.22224577841246856,89.02453017148196,93.46643950123222,97.87826228613245,0.19902743132412434,76.68799855063448,83.07819630295214,96.1666337787438,7.813061727271142e-05,272.23988461494446,"1 day, 12:08:56",94.5928095358816,93.46643950123222,94.02085242524461,97.87826228613245,97.87826228613245,97.87826228613245,90.09151025213743,83.07819630295214,86.02202867666819,96.1666337787438,96.1666337787438,96.1666337787438
483,train/val,0.6074958934367866,0.5208729776906422,0.21655728853612677,88.86203937292993,93.38342068415862,97.92206812713619,0.1949404513835907,76.09093773035697,82.7033354620876,96.15258782421343,4.536665212415837e-05,275.2015860080719,"1 day, 12:13:31",94.47477261213699,93.38342068415862,93.91930811397245,97.92206812713619,97.92206812713619,97.92206812713619,89.82843940140152,82.7033354620876,85.61702316765748,96.15258782421343,96.15258782421343,96.15258782421343
484,train/val,0.6056170145296457,0.5204349050064093,0.21295527325944366,89.03251585891016,93.41412256979909,97.93696131283481,0.1978879566192627,76.69868963807355,83.2003928327833,96.2000608037904,9.235189690541055e-06,273.03400111198425,"1 day, 12:18:04",94.63455958778943,93.41412256979909,94.01177900274168,97.93696131283481,97.93696131283481,97.93696131283481,89.96796192420122,83.2003928327833,86.07334333140356,96.2000608037904,96.2000608037904,96.2000608037904
