Epoch,Phase,Train_Total_Loss,Train_Main_OHEM_Loss,Train_Aux_Loss,Validation_Loss,Train_mIoU,Validation_mIoU,Train_mAcc,Validation_mAcc,Train_aAcc,Validation_aAcc,Train_Precision_Macro,Validation_Precision_Macro,Train_Recall_Macro,Validation_Recall_Macro,Train_F1_Macro,Validation_F1_Macro,Train_Precision_Micro,Validation_Precision_Micro,Train_Recall_Micro,Validation_Recall_Micro,Train_F1_Micro,Validation_F1_Micro,Learning_Rate,Epoch_Time_sec,Cumulative_Training_Time
1,train/val,8.455069303512573,5.607300239801407,7.119422376155853,1.7810940245624005,4.929472851968033,13.308460166172598,9.34104752030669,18.90862488629846,20.172770637889816,59.16495360902697,15.29663419511597,22.090278395230502,9.34104752030669,18.90862488629846,8.820361803514237,24.020589813605227,20.172770637889816,59.16495360902697,20.172770637889816,59.16495360902697,20.172770637889816,59.16495360902697,0.0009991366173723974,8.543254375457764,0:00:08
2,train/val,4.86524972319603,3.2160635203123094,4.1229654312133786,1.0043488702654395,16.835831035426466,21.214234871902686,22.203510352291502,25.84075700407327,65.85507674899765,77.53191990313158,23.09335080423198,28.999053433642636,22.203510352291502,25.84075700407327,24.936054061020073,41.39309904935038,65.85507674899765,77.53191990313158,65.85507674899765,77.53191990313158,65.85507674899765,77.53191990313158,0.000998206727977706,7.194746017456055,0:00:15
3,train/val,3.0037845253944395,2.1308504909276964,2.1823350131511687,0.7812059698093909,20.659706276354626,23.446993131153267,26.49884918862016,29.31056672299455,73.30988860240024,78.68234346950842,28.837704580482026,31.011259761827404,26.49884918862016,29.31056672299455,28.25891458567668,39.35304701171414,73.30988860240024,78.68234346950842,73.30988860240024,78.68234346950842,73.30988860240025,78.68234346950842,0.0009972767423232901,7.18748664855957,0:00:22
4,train/val,2.333592513203621,1.61997549533844,1.784042540192604,0.6659707559265119,21.232235737594028,23.771552792519245,26.88950231542546,28.549524273795825,74.37052990420287,80.69737525210435,30.0168127724358,31.940009074851066,26.88950231542546,28.549524273795825,37.238614211993365,45.640590954447276,74.37052990420287,80.69737525210435,74.37052990420287,80.69737525210435,74.37052990420287,80.69737525210435,0.0009963466602994253,7.244225740432739,0:00:30
5,train/val,2.1033547848463057,1.5172874093055726,1.4651684254407882,0.6085145046720233,22.938289454382023,25.076514489378397,28.905491005332497,30.100894902062603,76.85003977531021,81.63522507341636,30.447511080017303,33.87510784375953,28.905491005332497,30.100894902062603,39.31004377841642,44.720880245728075,76.85003977531021,81.63522507341636,76.85003977531021,81.63522507341636,76.85003977531021,81.63522507341636,0.00099541648179615,7.287911891937256,0:00:37
6,train/val,2.0827484011650084,1.5045698583126068,1.445446352660656,0.6065738367902203,23.843552040567605,25.80770556808238,29.24919176150033,30.864674539684643,77.56864979297953,81.590288169822,37.91812631301535,35.6873957710637,29.24919176150033,30.864674539684643,35.910408671279804,50.15594201489259,77.56864979297953,81.590288169822,77.56864979297953,81.590288169822,77.56864979297953,81.59028816982202,0.0009944862067032608,7.541450023651123,0:00:44
7,train/val,1.8737902969121933,1.347751136124134,1.3150978729128837,0.5734946586318188,26.612318687354446,26.72636464624031,33.08859827493654,31.701297803550943,78.61059506656083,82.74538850283218,38.02712448827184,36.124713632967556,33.08859827493654,31.701297803550943,46.46582597156847,47.65348500188958,78.61059506656083,82.74538850283218,78.61059506656083,82.74538850283218,78.61059506656083,82.7453885028322,0.0009935558349103144,7.609285593032837,0:00:52
8,train/val,1.8008373737335206,1.2975262716412543,1.258277752995491,0.5309104364204117,27.604435407937487,27.983716248331277,33.984210031145615,33.01546572151633,79.73870536168135,83.74892941988011,38.93466959986356,44.379824019609536,33.984210031145615,33.01546572151633,44.68716410118558,50.09722595158901,79.73870536168135,83.74892941988011,79.73870536168135,83.74892941988011,79.73870536168135,83.74892941988013,0.0009926253663066268,7.614745140075684,0:01:00
9,train/val,1.6372896403074264,1.2211901009082795,1.0402488455176353,0.5060851151104555,28.148077723063057,27.714071221760424,33.57159582114305,32.216599034880105,81.50185328737435,84.26071082192703,46.76873391680012,48.79404567462304,33.57159582114305,32.216599034880105,45.31427666762966,53.19956604788049,81.50185328737435,84.26071082192703,81.50185328737435,84.26071082192703,81.50185328737435,84.26071082192703,0.0009916948007812714,7.645295143127441,0:01:07
10,train/val,1.6759091526269914,1.2503835558891296,1.0638139605522157,0.5250281810036563,27.748172996456432,28.134031486963966,33.95105731520717,33.440965695071974,80.24973866025155,83.76905671447768,41.94734963978449,46.573301582945525,33.95105731520717,33.440965695071974,41.9828586657085,54.3345095761653,80.24973866025155,83.76905671447768,80.24973866025155,83.76905671447768,80.24973866025155,83.76905671447768,0.0009907641382230791,7.497840404510498,0:01:15
11,train/val,1.5980584532022477,1.2158991321921349,0.9553982704877854,0.4910006014332986,28.487241656577478,28.43992035980611,34.02170388924397,32.83417852047473,81.96258369530204,84.50477923386906,47.83595734126969,51.25134062465225,34.02170388924397,32.83417852047473,42.527602268352084,50.5723037029727,81.96258369530204,84.50477923386906,81.96258369530204,84.50477923386906,81.96258369530204,84.50477923386907,0.0009898333785206364,7.597254991531372,0:01:22
12,train/val,1.5786288186907769,1.1643105655908585,1.0357956022024155,0.4584098251779696,30.10592578234838,30.290742486105167,35.874847449080356,35.0577642774034,82.31668474652696,85.48781006047398,52.015397938777994,61.63487676118302,35.874847449080356,35.0577642774034,45.82860047289781,54.01069626438709,82.31668474652696,85.48781006047398,82.31668474652696,85.48781006047398,82.31668474652697,85.48781006047396,0.000988902521562286,7.562750339508057,0:01:30
13,train/val,1.5420585066080092,1.1457958772778511,0.9906565129756928,0.4533170090438015,30.19433008712048,31.27872438184818,36.263894128920334,36.438115076954695,81.70050876103356,85.66830662324467,49.93358592546486,55.79597937065306,36.263894128920334,36.438115076954695,45.775224169838864,56.03843495205587,81.70050876103356,85.66830662324467,81.70050876103356,85.66830662324467,81.70050876103356,85.66830662324467,0.0009879715672361249,7.528242826461792,0:01:38
14,train/val,1.5630793452262879,1.1634475886821747,0.9990793466567993,0.47182869409849193,33.83003074699214,31.091129597434957,40.008236342617565,36.91381158607553,82.51318355969505,85.33758210832191,56.8958928877298,51.82374573389759,40.008236342617565,36.91381158607553,48.761213278798046,51.70270768005213,82.51318355969505,85.33758210832191,82.51318355969505,85.33758210832191,82.51318355969505,85.33758210832191,0.0009870405154300036,7.645652532577515,0:01:45
15,train/val,1.500579860806465,1.1324218705296516,0.9203949689865112,0.4777031375674234,31.871552813935743,31.368737059106742,38.48907268609901,36.99918996584973,82.16912765184169,85.45395759309956,54.775724996892784,57.5834557360295,38.48907268609901,36.99918996584973,48.880520827116605,52.144344452195625,82.16912765184169,85.45395759309956,82.16912765184169,85.45395759309956,82.16912765184169,85.45395759309956,0.0009861093660315265,7.693112850189209,0:01:53
16,train/val,1.511052393913269,1.1277068942785262,0.9583637356758118,0.44607355292490974,33.45679960883485,31.371784448854108,39.2543244867706,36.97277445925414,83.31101951837702,85.7806932643576,55.81411742571506,51.7823912795135,39.2543244867706,36.97277445925414,51.014912078309216,55.80025636735459,83.31101951837702,85.7806932643576,83.31101951837702,85.7806932643576,83.31101951837702,85.7806932643576,0.0009851781189280512,7.398777961730957,0:02:00
17,train/val,1.406932106614113,1.0680370002985,0.8472377583384514,0.4488183217943039,37.46977396075411,33.16913291349516,44.80306776067589,38.726467406362666,84.39927047547685,86.29019453462953,56.44565185168041,56.29647636221452,44.80306776067589,38.726467406362666,53.103659650722555,51.8735572811033,84.39927047547685,86.29019453462953,84.39927047547685,86.29019453462953,84.39927047547685,86.29019453462953,0.0009842467740066847,7.730523347854614,0:02:08
18,train/val,1.424222281575203,1.089203527569771,0.8375468671321868,0.4501839871477127,36.95585445608946,33.200838558275045,43.31631152363207,38.86163405935494,84.24619783219957,86.19296438988944,58.03906276453908,59.5960642875295,43.31631152363207,38.86163405935494,56.34624309769831,55.36546823547654,84.24619783219957,86.19296438988944,84.24619783219957,86.19296438988944,84.24619783219957,86.19296438988944,0.000983315331154286,7.500356912612915,0:02:16
19,train/val,1.3585319176316262,1.0253963008522988,0.8328390114009381,0.4090559394894635,38.49141152838924,33.162161909080595,45.11680798243447,38.49906021766046,85.04127325951944,86.81256662173347,64.93264782399122,56.503302311662495,45.11680798243447,38.49906021766046,51.51497422934761,51.28082025934278,85.04127325951944,86.81256662173347,85.04127325951944,86.81256662173347,85.04127325951944,86.81256662173347,0.000982383790257464,7.132629871368408,0:02:23
20,train/val,1.3194844752550126,1.009026873111725,0.7761439763009548,0.42028043295971534,37.91137304227385,34.48151005650397,44.53919362252823,39.784619017299725,85.7698281377379,86.89042396803511,62.101216761471804,61.7349240701498,44.53919362252823,39.784619017299725,50.79401388115943,57.765029198936716,85.7698281377379,86.89042396803511,85.7698281377379,86.89042396803511,85.7698281377379,86.89042396803511,0.0009814521512025763,7.6362364292144775,0:02:30
21,train/val,1.3844369992613792,1.0473343804478645,0.8427565336227417,0.4149835483256732,38.36225062580454,35.12469057830969,44.873886423473984,40.71887531339441,84.56019944524489,86.79446426168057,64.6164064901615,60.65367507476292,44.873886423473984,40.71887531339441,54.925301849413465,59.03556155613563,84.56019944524489,86.79446426168057,84.56019944524489,86.79446426168057,84.56019944524489,86.79446426168057,0.000980520413875729,7.418752670288086,0:02:38
22,train/val,1.3802562788128854,1.0470828711986542,0.8329335018992424,0.4248284194771464,41.10725830123555,35.12205200246745,48.797808852380044,40.885307260064884,85.30971108559548,86.70513968331355,64.57389606959346,60.736463802238895,48.797808852380044,40.885307260064884,55.12485787112069,55.217902955991946,85.30971108559548,86.70513968331355,85.30971108559548,86.70513968331355,85.30971108559548,86.70513968331355,0.0009795885781627752,7.556429386138916,0:02:45
23,train/val,1.3628514945507049,1.0604805007576943,0.7559274688363076,0.42003063743302876,39.77814046050679,36.05011397737526,46.612835824134,41.67037957146416,85.0206444047456,87.14020103106338,60.441913701386255,61.38836135632593,46.612835824134,41.67037957146416,56.61972554764102,56.61207442189291,85.0206444047456,87.14020103106338,85.0206444047456,87.14020103106338,85.0206444047456,87.14020103106338,0.0009786566439493158,7.5105860233306885,0:02:53
24,train/val,1.3082422330975532,1.0012775123119355,0.7674117811024189,0.4271004541144562,42.16222503036748,35.99746494696202,49.00991848188424,42.5271269825938,86.34390377458053,87.0021504250088,61.41727712244274,59.43376490972822,49.00991848188424,42.5271269825938,58.95265053844629,56.50935700282053,86.34390377458053,87.0021504250088,86.34390377458053,87.0021504250088,86.34390377458053,87.0021504250088,0.0009777246111206967,7.57496452331543,0:03:00
25,train/val,1.2649108454585076,0.956864270567894,0.7701164223253727,0.38051760683360486,44.63508471146142,37.238157763612826,51.71024802935771,43.341981844069124,86.51123929705575,87.67336352279582,68.5130592772183,59.584921937474775,51.71024802935771,43.341981844069124,58.84370226808219,58.08603722763686,86.51123929705575,87.67336352279582,86.51123929705575,87.67336352279582,86.51123929705574,87.67336352279582,0.0009767924795620077,7.515016555786133,0:03:08
26,train/val,1.3273220092058182,1.0157503306865692,0.7789291784167289,0.366417537709829,40.110287369107986,37.337184463960284,46.29624051515074,42.85486480688305,85.62067946475645,88.11921527517418,64.94642303651484,62.2933675596854,46.29624051515074,42.85486480688305,53.5654025017532,58.31955233904365,85.62067946475645,88.11921527517418,85.62067946475645,88.11921527517418,85.62067946475645,88.11921527517418,0.0009758602491580844,7.535327196121216,0:03:15
27,train/val,1.3201187536120416,1.0148868396878243,0.7630797639489174,0.34903726836205096,43.35763949212465,38.26210359984228,50.79486473968986,43.868781738421106,86.70646033086523,88.71325340186229,65.12604408158545,62.56932118098915,50.79486473968986,43.868781738421106,57.343158095007276,59.36097777202806,86.70646033086523,88.71325340186229,86.70646033086523,88.71325340186229,86.70646033086523,88.71325340186229,0.0009749279197935052,7.476345539093018,0:03:23
28,train/val,1.3256097421050073,1.0261036992073058,0.7487651042640209,0.3739217019842528,43.42972535964802,36.63190849316247,50.821291527310706,42.465187949436825,86.42361836430972,87.74468005312984,67.16948906876101,56.723941714589245,50.821291527310706,42.465187949436825,57.997439610391254,57.20583162693309,86.42361836430972,87.74468005312984,86.42361836430972,87.74468005312984,86.42361836430972,87.74468005312984,0.0009739954913525902,7.5760462284088135,0:03:30
29,train/val,1.2814179807901382,0.993440480530262,0.7199437342584133,0.3629736294161187,42.596754559136464,37.75550621022957,50.09449540525202,43.50038098404238,86.64558162405288,88.20277017703032,64.70998011267558,60.42902453207737,50.09449540525202,43.50038098404238,56.53602181046522,58.82939384257341,86.64558162405288,88.20277017703032,86.64558162405288,88.20277017703032,86.64558162405288,88.20277017703032,0.0009730629637194016,7.444680452346802,0:03:38
30,train/val,1.2818285197019577,0.9914040923118591,0.7260610528290272,0.3734390641232416,43.90935657655361,38.55778605324029,51.59235109592418,44.30193290464713,87.09150721727312,87.85483649236066,66.01917310790192,58.35147041569196,51.59235109592418,44.30193290464713,58.38003129315863,60.406833154177164,87.09150721727312,87.85483649236066,87.09150721727312,87.85483649236066,87.09150721727312,87.85483649236066,0.0009721303367777427,7.521113157272339,0:03:45
31,train/val,1.205130286514759,0.9434987813234329,0.6540787443518639,0.35421864634346195,45.46195093686191,38.50628038341397,52.57212055477156,44.35661696804086,88.11139686437149,88.24830623933927,66.34469014939968,58.82956012294932,52.57212055477156,44.35661696804086,66.97234972258369,60.02373391800357,88.11139686437149,88.24830623933927,88.11139686437149,88.24830623933927,88.11139686437149,88.24830623933927,0.0009711976104111563,7.51951003074646,0:03:53
32,train/val,1.2276486784219742,0.9522679448127747,0.6884518079459667,0.34303252260894895,47.95508342536522,39.229956136188335,56.14053698967032,45.14042600586901,87.83647021376693,88.7689307801923,67.97069339822451,59.31203799922491,56.14053698967032,45.14042600586901,66.76575991272126,60.943047317787645,87.83647021376693,88.7689307801923,87.83647021376693,88.7689307801923,87.83647021376693,88.7689307801923,0.0009702647845029241,7.6512932777404785,0:04:01
33,train/val,1.237104344367981,0.9630141645669937,0.6852254115045071,0.3428178717456667,44.25025832808201,39.11331097854937,51.24254903561546,44.87198201223069,87.60252355455451,88.86966711296594,66.09752813088988,58.44344531964727,51.24254903561546,44.87198201223069,58.42345644086628,60.687732650469314,87.60252355455451,88.86966711296594,87.60252355455451,88.86966711296594,87.60252355455451,88.86966711296594,0.0009693318589360663,7.560275554656982,0:04:08
34,train/val,1.2530199319124222,0.9821969717741013,0.6770573861896991,0.3382479308116204,48.67074868272987,39.32782666489757,55.582212790170004,45.086948897173315,88.09647409385704,89.08367772939263,69.47365161197371,58.09640107626108,55.582212790170004,45.086948897173315,63.5302679844441,60.94072450721543,88.09647409385704,89.08367772939263,88.09647409385704,89.08367772939263,88.09647409385704,89.08367772939263,0.0009683988335933395,7.254438400268555,0:04:15
35,train/val,1.1790802851319313,0.9233658790588379,0.6392859995365143,0.34053596251851703,46.87687733862537,39.71021304402019,55.16940368110384,45.51654811825368,87.71684300330055,88.72268460385123,67.37481526236179,58.23654164846408,55.16940368110384,45.51654811825368,60.67564696623875,61.693047674513934,87.71684300330055,88.72268460385123,87.71684300330055,88.72268460385123,87.71684300330055,88.72268460385123,0.0009674657083572379,7.367724895477295,0:04:23
36,train/val,1.3138371601700782,1.0303290441632271,0.7087702713906765,0.3522885465222332,45.955953568329925,38.522773246090516,52.899929707380124,44.41316149106683,87.32719308652635,88.4542004742896,67.75353578436476,61.48195804680007,52.899929707380124,44.41316149106683,60.792393778770496,59.79521795443159,87.32719308652635,88.4542004742896,87.32719308652635,88.4542004742896,87.32719308652634,88.4542004742896,0.0009665324831099906,7.461621522903442,0:04:30
37,train/val,1.1938336059451102,0.9370159268379211,0.6420442037284374,0.3354053322920362,47.85608625587513,40.336258293634216,54.738126873301226,46.53443881161217,88.42368149771073,89.02797261223324,72.41141624278048,58.75186610513471,54.738126873301226,46.53443881161217,62.57732693911184,62.48387390804655,88.42368149771073,89.02797261223324,88.42368149771073,89.02797261223324,88.42368149771073,89.02797261223324,0.0009655991577335607,7.6575329303741455,0:04:38
38,train/val,1.2010320574045181,0.9470059007406235,0.6350653760135174,0.3436962490833704,46.59947518615931,39.68701534065291,54.57604303348217,45.43308625726663,88.63831035496027,88.46916834662264,70.0285132480402,59.51665146384389,54.57604303348217,45.43308625726663,61.316570859063916,62.01220281834093,88.63831035496027,88.46916834662264,88.63831035496027,88.46916834662264,88.63831035496027,88.46916834662264,0.0009646657321096462,7.698283433914185,0:04:46
39,train/val,1.2055393531918526,0.9437289714813233,0.6545259550213813,0.33607088259448925,49.66532008280421,40.80083013666261,57.092856164042125,47.26819996515119,88.58586587138741,89.02378404899697,71.45458764435486,58.77676685063663,57.092856164042125,47.26819996515119,65.35906501630443,63.05979583069129,88.58586587138741,89.02378404899697,88.58586587138741,89.02378404899697,88.5858658713874,89.02378404899697,0.0009637322061196774,7.543448448181152,0:04:53
40,train/val,1.1545727208256722,0.9066651701927185,0.619768849760294,0.32240008312425655,50.02111939145442,41.443586872069595,57.51507578787704,47.54298984256469,89.20015074984609,89.38303517605335,66.06233318598201,59.50007869090073,57.51507578787704,47.54298984256469,68.10222438847137,64.0110516209531,89.20015074984609,89.38303517605335,89.20015074984609,89.38303517605335,89.20015074984609,89.38303517605337,0.0009627985796448168,7.545431613922119,0:05:01
41,train/val,1.210968679189682,0.956217522919178,0.636877878010273,0.3237835806441833,49.58007369312517,41.20690645282751,57.78804201893127,47.362950920267096,88.08573386146134,89.2827648556133,70.85848991981659,62.940945032715135,57.78804201893127,47.362950920267096,65.45858804419228,63.691040992712935,88.08573386146134,89.2827648556133,88.08573386146134,89.2827648556133,88.08573386146134,89.2827648556133,0.0009618648525659578,7.45784330368042,0:05:08
42,train/val,1.2192453786730766,0.9575479358434678,0.654243602603674,0.33867100083679724,51.381619870007924,41.17898630370388,59.38637502887041,47.55758929276019,88.26785942942756,88.82026980560738,69.12738146260175,62.82537782987323,59.38637502887041,47.55758929276019,66.70292324040912,63.93788269523887,88.26785942942756,88.82026980560738,88.26785942942756,88.82026980560738,88.26785942942756,88.82026980560738,0.0009609310247637238,7.41434645652771,0:05:16
43,train/val,1.1632993161678313,0.9201628565788269,0.6078411430120468,0.3380998834781929,49.733446163392045,41.20412377291894,57.64153585421429,47.90622330635962,89.27444116453267,88.77671984348198,69.10682784284798,58.1296750487474,57.64153585421429,47.90622330635962,65.10363753115507,64.01252777947623,89.27444116453267,88.77671984348198,89.27444116453267,88.77671984348198,89.27444116453267,88.77671984348198,0.0009599970961184678,7.7369232177734375,0:05:23
44,train/val,1.1854128420352936,0.9335474207997322,0.6296635396778584,0.3382141301811834,51.001576416574345,40.505325400383676,58.90837100512163,47.12518221325263,89.20937876803931,88.47643037215413,70.35051031310611,61.93601263476547,58.90837100512163,47.12518221325263,66.03520238619667,63.049606532511746,89.20937876803931,88.47643037215413,89.20937876803931,88.47643037215413,89.20937876803931,88.47643037215413,0.0009590630665102712,7.610486268997192,0:05:31
45,train/val,1.1765755623579026,0.9350366145372391,0.6038473837077618,0.32503823563583556,51.87935599680558,42.06591075952201,59.393701851602685,48.79490752902177,89.23489691248189,89.05881819050295,73.15591662791194,59.230023535869634,59.393701851602685,48.79490752902177,66.63731982124392,65.08855577820837,89.23489691248189,89.05881819050295,89.23489691248189,89.05881819050295,89.23489691248189,89.05881819050295,0.0009581289358189428,7.504820823669434,0:05:38
46,train/val,1.1673819214105605,0.9155099093914032,0.6296800188720226,0.3155956260533127,51.99132219371657,41.80981330292702,60.04023897656874,47.895765075591775,89.08701489725307,89.53249753651457,74.72747458513116,60.438776542703074,60.04023897656874,47.895765075591775,67.0221832661878,64.38639809100893,89.08701489725307,89.53249753651457,89.08701489725307,89.53249753651457,89.08701489725308,89.53249753651457,0.0009571947039240178,7.290101766586304,0:05:46
47,train/val,1.1387899860739708,0.9127046003937721,0.5652134649455547,0.3021187387706284,48.79115435961198,42.169739273498294,56.95332009917298,48.524073904072786,89.3479373690069,89.73640012351545,68.18026562528514,62.729536376807985,56.95332009917298,48.524073904072786,64.27769578581855,64.69452102521133,89.3479373690069,89.73640012351545,89.3479373690069,89.73640012351545,89.3479373690069,89.73640012351545,0.0009562603707047575,7.433454275131226,0:05:53
48,train/val,1.205867090821266,0.9398317545652389,0.6650883264839649,0.31073801872235063,52.45113933337344,41.74508026023254,60.18637693594921,48.473195149425194,88.37839908639093,89.66682004390059,73.06488719843469,60.42029610039052,60.18637693594921,48.473195149425194,68.66515214049952,64.26235468241786,88.37839908639093,89.66682004390059,88.37839908639093,89.66682004390059,88.37839908639093,89.66682004390059,0.0009553259360401469,7.544478893280029,0:06:01
49,train/val,1.1578936532139779,0.9263102799654007,0.578958411514759,0.3186408775256343,48.625010118652476,41.779257606754896,56.467361189524134,48.31856667791571,89.1230014459004,89.07655439800804,68.72393543509769,60.321556462699874,56.467361189524134,48.31856667791571,63.41861280875351,64.73758755213197,89.1230014459004,89.07655439800804,89.1230014459004,89.07655439800804,89.1230014459004,89.07655439800804,0.0009543913998088963,7.75884485244751,0:06:08
50,train/val,1.1431688040494918,0.9079423457384109,0.5880661383271217,0.30990750473474077,53.749527428358626,41.93068102206137,61.30366975207323,48.0936615114534,89.61213770523584,89.59433293496676,75.80400901785845,61.568496567373344,61.30366975207323,48.0936615114534,68.45319242251195,64.5910765325747,89.61213770523584,89.59433293496676,89.61213770523584,89.59433293496676,89.61213770523584,89.59433293496676,0.000953456761889437,7.725613594055176,0:06:16
51,train/val,1.1556666135787963,0.9184893518686295,0.5929431341588497,0.29934300990029333,51.09553181531928,43.04034042890959,58.45981491354427,49.261694860200755,89.46615576158251,89.98607732675798,73.35380790504168,61.37902300307555,58.45981491354427,49.261694860200755,66.73461761249764,66.09349341220063,89.46615576158251,89.98607732675798,89.46615576158251,89.98607732675798,89.46615576158251,89.98607732675798,0.0009525220221599238,7.440783500671387,0:06:24
52,train/val,1.1208938732743263,0.8808561161160469,0.6000944055616856,0.3157267037244482,53.48592829034145,42.26819310734619,61.174828475459634,49.265953459809396,89.86946413993567,89.52995665974342,73.14225851310742,59.194305564508845,61.174828475459634,49.265953459809396,69.39372773302836,65.11280044010779,89.86946413993567,89.52995665974342,89.86946413993567,89.52995665974342,89.86946413993567,89.52995665974342,0.0009515871804982319,7.432842969894409,0:06:31
53,train/val,1.153945180773735,0.9206355705857276,0.583273996412754,0.31202814690916764,51.09481269567936,42.75924335390278,59.096421791651075,49.57934589054705,89.53110664241129,89.431400598959,70.40475931473595,60.058626568747954,59.096421791651075,49.57934589054705,66.58512997323689,65.94102774408984,89.53110664241129,89.431400598959,89.53110664241129,89.431400598959,89.53110664241129,89.431400598959,0.0009506522367819562,7.418792247772217,0:06:38
54,train/val,1.1342796400189399,0.9052598223090171,0.5725495405495167,0.3076056699262935,54.996759152780704,42.56266785464664,63.217520207177955,49.435486284378136,90.01097460396508,89.58814162824932,72.35057049591154,59.91256073559964,63.217520207177955,49.435486284378136,70.27155880733388,65.43838978025084,90.01097460396508,89.58814162824932,90.01097460396508,89.58814162824932,90.01097460396507,89.58814162824932,0.0009497171908884106,7.406680345535278,0:06:46
55,train/val,1.1345588266849518,0.9152283564209938,0.5483261801302433,0.3146804462237301,50.37679337411488,42.68148909204608,57.833151023699735,49.23885059554025,90.00476410220021,89.49125544499351,74.51431678710262,61.013202274204005,57.833151023699735,49.23885059554025,65.78971504714374,65.81089621767916,90.00476410220021,89.49125544499351,90.00476410220021,89.49125544499351,90.00476410220021,89.49125544499351,0.0009487820426946283,7.757134437561035,0:06:54
56,train/val,1.178684262931347,0.9371051847934723,0.6039476655423641,0.29286480047057817,54.42616114144454,42.65440995042873,61.72291158673121,49.19790027411694,89.58135909332404,90.20454279918297,73.18095517593912,60.954907602489136,61.72291158673121,49.19790027411694,69.6389422256256,65.55982606713518,89.58135909332404,90.20454279918297,89.58135909332404,90.20454279918297,89.58135909332404,90.20454279918297,0.0009478467920773586,7.743284225463867,0:07:01
57,train/val,1.1003217846155167,0.876853746175766,0.558670061826706,0.30465326204958104,52.707646733647415,42.36479503525243,61.163689074726726,48.85739791103315,89.88379734569693,89.6052121038493,72.37883641479196,61.663101721459725,61.163689074726726,48.85739791103315,68.72898036069408,65.24799208554286,89.88379734569693,89.6052121038493,89.88379734569693,89.6052121038493,89.88379734569693,89.6052121038493,0.0009469114389130667,7.562841415405273,0:07:09
58,train/val,1.1479669973254203,0.9073812007904053,0.6014644756913186,0.3046884004284068,54.79711474713618,43.9704771877029,62.96698860665789,51.11348276689084,89.66531016984402,89.78838823753803,78.07353836389112,60.88300677516125,62.96698860665789,51.11348276689084,70.42945972977509,67.59143802883148,89.66531016984402,89.78838823753803,89.66531016984402,89.78838823753803,89.66531016984402,89.78838823753803,0.0009459759830779346,7.549730062484741,0:07:16
59,train/val,1.1414538964629173,0.9096273839473724,0.5795662760734558,0.2897876190051258,53.55287447024539,43.87812645643782,61.352518276302185,50.65019728431647,90.09715363449331,90.22583512461448,73.75622978368678,64.34087039520712,61.352518276302185,50.65019728431647,68.08799841801553,67.32388262299588,90.09715363449331,90.22583512461448,90.09715363449331,90.22583512461448,90.09715363449331,90.22583512461449,0.0009450404244478567,7.572264671325684,0:07:24
60,train/val,1.0913604170084,0.8818672284483909,0.5237329602241516,0.3214749571906646,54.10675178264736,42.45483338146928,62.47458836429152,50.38342818258901,90.13597261512015,89.45339749065673,76.23113293977757,58.79853302912055,62.47458836429152,50.38342818258901,69.65784258448461,66.0366264147754,90.13597261512015,89.45339749065673,90.13597261512015,89.45339749065673,90.13597261512015,89.45339749065673,0.000944104762898442,7.675671100616455,0:07:32
61,train/val,1.1550943940877914,0.923032708466053,0.5801541924476623,0.2882124641610857,50.38327846309959,43.724784300326576,57.50616669068984,49.57524278228364,89.4743458352608,90.43320506528777,73.61231735171575,62.04495016067288,57.50616669068984,49.57524278228364,65.24150620533483,66.74352618811832,89.4743458352608,90.43320506528777,89.4743458352608,90.43320506528777,89.4743458352608,90.43320506528777,0.0009431689983050109,7.407169818878174,0:07:39
62,train/val,1.1723634123802185,0.9301293760538101,0.6055850699543953,0.2983069602887867,52.57951644915666,44.13989357330966,60.62231370268588,50.80925104324345,89.79141356957288,90.18443214788302,71.3218588880279,61.61156296753323,60.62231370268588,50.80925104324345,68.09886860465333,68.101279427297,89.79141356957288,90.18443214788302,89.79141356957288,90.18443214788302,89.79141356957288,90.18443214788302,0.0009422331305425963,7.700251340866089,0:07:47
63,train/val,1.119939649105072,0.8994638592004776,0.5511894732713699,0.3011748401508349,52.90489380573216,43.97005739813961,60.76991368898235,50.77040266715089,89.94739822382222,90.20933052113382,71.97731171837039,64.89627539745425,60.76991368898235,50.77040266715089,68.37050298990141,67.619533789409,89.94739822382222,90.20933052113382,89.94739822382222,90.20933052113382,89.94739822382222,90.20933052113382,0.0009412971594859397,7.483438491821289,0:07:54
64,train/val,1.0810715496540069,0.8696308970451355,0.5286016277968884,0.28650704495705587,55.90944410976269,43.74874843420001,63.6344478011155,49.821723290757184,90.65532488440012,90.37504783561127,74.53534188706541,61.76923827725342,63.6344478011155,49.821723290757184,71.80678988719636,67.07684937148764,90.65532488440012,90.37504783561127,90.65532488440012,90.37504783561127,90.6553248844001,90.37504783561127,0.0009403610850094943,7.5079872608184814,0:08:02
65,train/val,1.1534875929355621,0.9272329121828079,0.565636682510376,0.2844110472155652,52.96560449596575,44.1523437235449,60.17768676042885,50.36020705691049,90.22480627742682,90.49222774644092,72.3499733379256,65.77412664179307,60.17768676042885,50.36020705691049,67.61390285392372,67.45358128148375,90.22480627742682,90.49222774644092,90.22480627742682,90.49222774644092,90.22480627742682,90.49222774644092,0.0009394249069874194,7.65487003326416,0:08:09
66,train/val,1.0639181032776832,0.8646399825811386,0.498195294290781,0.2814526388666131,54.98170108438518,44.288827364302136,63.92337301033605,50.56376689948108,90.80545465488545,90.53181105596508,76.1944873122236,65.06390872113238,63.92337301033605,50.56376689948108,71.14114997231593,67.66281911464701,90.80545465488545,90.53181105596508,90.80545465488545,90.53181105596508,90.80545465488545,90.53181105596508,0.0009384886252935831,7.645244359970093,0:08:17
67,train/val,1.1059756234288216,0.8972225621342659,0.5218826606869698,0.28120573489617967,56.82193215281958,44.2527129319538,64.6049214033319,50.70092918499138,90.55337093367747,90.5530090693767,79.08852395286614,61.647329971828015,64.6049214033319,50.70092918499138,72.66832288348071,67.67337548410967,90.55337093367747,90.5530090693767,90.55337093367747,90.5530090693767,90.55337093367747,90.5530090693767,0.0009375522398015594,7.577059507369995,0:08:25
68,train/val,1.0709351658821107,0.8608500450849533,0.5252127930521965,0.28663032476649175,58.51530807380371,44.23412350493911,66.4772793327488,51.16686938463675,90.88068195829287,90.25818414743654,79.09037545372863,61.323037395329436,66.4772793327488,51.16686938463675,73.94469920169287,67.93123583163492,90.88068195829287,90.25818414743654,90.88068195829287,90.25818414743654,90.88068195829287,90.25818414743654,0.0009366157503846271,7.4476752281188965,0:08:32
69,train/val,1.101521261036396,0.8990506157279015,0.5061765953898429,0.2891264527379723,56.499583262648336,43.84376883294204,64.50490849306799,50.49779464927984,90.83121589407575,90.23511098915888,77.65551316168664,64.40130136187508,64.50490849306799,50.49779464927984,72.03809245552615,67.02160008877041,90.83121589407575,90.23511098915888,90.83121589407575,90.23511098915888,90.83121589407575,90.23511098915888,0.0009356791569157703,7.546667575836182,0:08:40
70,train/val,1.0857195228338241,0.8725910112261772,0.5328212678432465,0.2772635986525087,58.89426373958136,44.43652319351069,66.85550968275568,51.10069572743188,90.78518915214386,90.65286330737608,80.0379245313348,60.86901505939797,66.85550968275568,51.10069572743188,74.42853666408605,67.67390369547972,90.78518915214386,90.65286330737608,90.78518915214386,90.65286330737608,90.78518915214387,90.65286330737608,0.0009347424592676759,7.507199048995972,0:08:47
71,train/val,1.0804441079497338,0.8533771321177482,0.5676674343645572,0.2749692060853,58.73885969628111,44.44154868873157,66.66261611702149,51.37253630098218,90.98870026738106,90.79127451821259,80.18415987881933,60.80817355525047,66.66261611702149,51.37253630098218,70.1167292540524,67.71352364711079,90.98870026738106,90.79127451821259,90.98870026738106,90.79127451821259,90.98870026738106,90.79127451821259,0.000933805657312733,7.676776170730591,0:08:55
72,train/val,1.0952042102813722,0.8933299154043197,0.5046857222914696,0.28410011184157313,50.43957680173745,43.515162184268455,58.37461216101948,50.78744952115548,90.52572239046549,90.34598863795358,73.15644186714248,59.672028417881826,58.37461216101948,50.78744952115548,64.97908483867718,66.77466236482927,90.52572239046549,90.34598863795358,90.52572239046549,90.34598863795358,90.52572239046549,90.34598863795358,0.0009328687509230323,7.51918625831604,0:09:02
73,train/val,1.0971556648612022,0.878746123611927,0.546023839712143,0.2865148016439306,56.7018264942198,44.21199474182028,64.54079032990781,50.990143998756295,90.56106663082217,90.22685036576975,79.12224025605164,65.4257992562117,64.54079032990781,50.990143998756295,68.28178283523005,67.98469362725147,90.56106663082217,90.22685036576975,90.56106663082217,90.22685036576975,90.56106663082217,90.22685036576975,0.000931931739970364,7.413605213165283,0:09:10
74,train/val,1.0464954301714897,0.8529808253049851,0.48378650546073915,0.29432062612127285,58.17269713609529,43.37152038876867,66.73043021374973,51.0138130932933,91.3311635865159,90.01711707683334,79.44103833597437,67.58095781005245,66.73043021374973,51.0138130932933,74.2049042980503,62.53481774859837,91.3311635865159,90.01711707683334,91.3311635865159,90.01711707683334,91.3311635865159,90.01711707683334,0.0009309946243262185,7.650384426116943,0:09:17
75,train/val,1.0897522866725922,0.8820851802825928,0.5191677711904049,0.2732974306139535,57.20041036360517,44.05002059633168,65.49649144539802,50.89384352271375,90.91109457284126,90.78168243101325,74.07853788832853,68.85650559559873,65.49649144539802,50.89384352271375,72.98862109814576,62.946331150910886,90.91109457284126,90.78168243101325,90.91109457284126,90.78168243101325,90.91109457284126,90.78168243101325,0.0009300574038617836,7.398244380950928,0:09:25
76,train/val,1.0691609993577003,0.8673887595534324,0.5044305942952633,0.2626885462843727,58.7102249848848,45.527165056835024,66.75799384808316,52.020901971532375,90.9646942951894,91.09881491954019,80.32365578677624,62.53791607482554,66.75799384808316,52.020901971532375,70.24593521317071,69.26890021862987,90.9646942951894,91.09881491954019,90.9646942951894,91.09881491954019,90.9646942951894,91.09881491954019,0.0009291200784479445,7.641462326049805,0:09:32
77,train/val,1.0766193836927413,0.8684315174818039,0.5204696640372276,0.2707167737609703,58.7948054171716,45.59383237845442,67.35199131526383,52.57909269943659,91.08123133638563,90.9754437019931,75.8192232000759,61.88015354130925,67.35199131526383,52.57909269943659,74.7174894598684,69.77229600361954,91.08123133638563,90.9754437019931,91.08123133638563,90.9754437019931,91.08123133638563,90.9754437019931,0.0009281826479552821,7.450933456420898,0:09:40
78,train/val,1.0690986320376397,0.8695058792829513,0.4989818625152111,0.26720317425895995,58.86148247061187,44.74859154511138,67.08961838626405,51.02282439810957,91.05672547754963,91.02764817888482,79.83310014458465,66.66596961333246,67.08961838626405,51.02282439810957,74.404956195197,68.10829988032253,91.05672547754963,91.02764817888482,91.05672547754963,91.02764817888482,91.05672547754963,91.02764817888482,0.000927245112254073,7.622636795043945,0:09:48
79,train/val,1.0282253608107568,0.843989884853363,0.46058867424726485,0.2712684232289617,56.73452737028993,44.646429643247785,64.8333606998944,50.79264974419816,91.36092199926614,91.02964537460014,77.4185946331533,65.99785429828256,64.8333606998944,50.79264974419816,68.0391620034751,68.07378676789344,91.36092199926614,91.02964537460014,91.36092199926614,91.02964537460014,91.36092199926614,91.02964537460014,0.0009263074712142871,7.6452226638793945,0:09:55
80,train/val,1.0702306404709816,0.8578579276800156,0.5309317663311959,0.2705006425543795,60.68960777696425,45.21527844291716,68.46754558452656,51.319792111981776,91.10391906200334,90.9463623132719,82.75833827232076,63.406311807038115,68.46754558452656,51.319792111981776,72.34499852372727,64.72789399647961,91.10391906200334,90.9463623132719,91.10391906200334,90.9463623132719,91.10391906200334,90.9463623132719,0.0009253697247055869,7.928200721740723,0:10:03
81,train/val,1.0783774539828301,0.8722970306873321,0.515201036632061,0.266594180178967,57.820529640936755,45.88025087236598,66.45201862088724,52.2349719852822,91.28652022823638,91.19291057656045,77.03543982643201,63.5009845771892,66.45201862088724,52.2349719852822,69.94153330348955,69.95066261741704,91.28652022823638,91.19291057656045,91.28652022823638,91.19291057656045,91.28652022823638,91.19291057656045,0.0009244318725973275,7.7508556842803955,0:10:11
82,train/val,1.0665657967329025,0.8748623833060265,0.4792585052549839,0.2766438741964477,58.33679731867769,45.12938123948905,66.5713817030613,51.61121499534721,91.50421340008363,90.69431066623453,80.36504797329198,62.681842861981075,66.5713817030613,51.61121499534721,70.12764707305193,64.75882408167077,91.50421340008363,90.69431066623453,91.50421340008363,90.69431066623453,91.50421340008363,90.69431066623453,0.0009234939147585542,7.666780233383179,0:10:19
83,train/val,1.0375730007886887,0.8494087904691696,0.4704105332493782,0.26982233889170004,58.36412393033649,45.78431494183739,66.14839823299509,52.902125617304065,91.84890513075995,91.03005036150907,78.52424049076642,62.306988566897445,66.14839823299509,52.902125617304065,73.0310183829851,69.97480921394327,91.84890513075995,91.03005036150907,91.84890513075995,91.03005036150907,91.84890513075995,91.03005036150907,0.0009225558510580019,7.62160587310791,0:10:26
84,train/val,1.0516668409109116,0.856616772711277,0.48762517124414445,0.2608037953316965,62.805281074446064,45.84202248544999,71.55654118135543,52.112959899097646,91.93990074026412,91.27998276198187,81.59349552591159,63.56966925529963,71.55654118135543,52.112959899097646,74.6255119968454,65.53540633526883,91.93990074026412,91.27998276198187,91.93990074026412,91.27998276198187,91.93990074026412,91.27998276198187,0.0009216176813640937,7.528214693069458,0:10:34
85,train/val,1.0673853084445,0.8684854745864868,0.49724957197904585,0.26964253905030794,59.02966014774873,45.649696817872346,66.84325038144311,52.464790687098564,91.52349366817944,90.9330643184675,79.99277671063571,70.1291941129784,66.84325038144311,52.464790687098564,70.79453638911146,65.44417571400714,91.52349366817944,90.9330643184675,91.52349366817944,90.9330643184675,91.52349366817944,90.9330643184675,0.0009206794055449411,7.546517372131348,0:10:41
86,train/val,1.0372369319200516,0.836423996090889,0.502032320201397,0.26392702867165846,63.06309993615198,46.12068426912816,71.76477890581407,52.63372820627662,91.7609005393284,91.26123131332152,82.08512351873269,62.93000807111999,71.76477890581407,52.63372820627662,74.92563552331842,65.80165914942643,91.7609005393284,91.26123131332152,91.7609005393284,91.26123131332152,91.7609005393284,91.26123131332152,0.000919741023468341,7.678173065185547,0:10:49
87,train/val,1.059263363480568,0.861946827173233,0.4932913318276405,0.2559100300032194,61.2602504337527,46.39641013178359,68.79781514714892,52.703472628013124,91.54634237767571,91.41895984493772,80.74269351831174,63.73574433642081,68.79781514714892,52.703472628013124,72.95287427847839,66.02428780296945,91.54634237767571,91.41895984493772,91.54634237767571,91.41895984493772,91.54634237767571,91.41895984493772,0.0009188025350017766,7.5438737869262695,0:10:56
88,train/val,1.0712145015597343,0.8668117627501488,0.5110068425536156,0.27168745378711023,60.60947309058202,45.34871047053722,69.68127993281638,52.18603393340793,91.26606407379809,90.9433110420402,80.12512139496465,61.99646483261391,69.68127993281638,52.18603393340793,76.27990227207394,69.17558738348536,91.26606407379809,90.9433110420402,91.26606407379809,90.9433110420402,91.26606407379809,90.9433110420402,0.0009178639400124137,7.605709791183472,0:11:04
89,train/val,1.0534177228808403,0.8571119993925095,0.49076431393623354,0.27031499718811486,59.908835288681715,45.110625783792415,68.22236654819287,51.67176442052153,91.51039398621089,91.06776962169896,80.70677771378423,62.478619377901104,68.22236654819287,51.67176442052153,71.42102274270331,64.57176267702094,91.51039398621089,91.06776962169896,91.51039398621089,91.06776962169896,91.51039398621089,91.06776962169896,0.0009169252383671028,7.670561790466309,0:11:12
90,train/val,1.0529197201132774,0.8580197557806969,0.4872499041259289,0.2630955256214136,63.321412260114606,45.5824938372326,71.3114490099828,52.32605435402604,91.57483601696379,91.32442591441328,82.76749785909165,62.621276653967115,71.3114490099828,52.32605435402604,75.5151805681018,69.37614472999543,91.57483601696379,91.32442591441328,91.57483601696379,91.32442591441328,91.57483601696379,91.32442591441328,0.0009159864299323751,7.494137763977051,0:11:19
91,train/val,1.0728357687592507,0.8602958306670189,0.5313498444855214,0.2665628073462295,60.560973311761714,46.20227169465462,68.99853905205904,53.674900219037134,90.95898587068737,90.97271974894807,76.63077777511354,62.113772229389895,68.99853905205904,53.674900219037134,76.29129741034252,70.51701930318805,90.95898587068737,90.97271974894807,90.95898587068737,90.97271974894807,90.95898587068737,90.97271974894807,0.0009150475145744431,7.61303448677063,0:11:27
92,train/val,1.0389077082276343,0.8434725150465965,0.48858798667788506,0.2740530341591479,60.413159225118996,45.621591063017405,68.91470360516577,52.29131917545955,91.70304025605245,90.89455727552324,80.0255128506916,62.75177961341618,68.91470360516577,52.29131917545955,72.25332279236495,69.78885003356883,91.70304025605245,90.89455727552324,91.70304025605245,90.89455727552324,91.70304025605246,90.89455727552324,0.0009141084921591984,7.570461750030518,0:11:34
93,train/val,1.0338850051164628,0.8551122158765793,0.4469319649040699,0.258427934906149,59.811312410991626,46.547440498101736,68.2833206688943,53.31896750442509,91.77820930644288,91.23910127524275,76.54852343096913,63.321214790996805,68.2833206688943,53.31896750442509,75.76698638427843,70.7891370101399,91.77820930644288,91.23910127524275,91.77820930644288,91.23910127524275,91.77820930644288,91.23910127524275,0.0009131693625522126,7.449870824813843,0:11:42
94,train/val,1.0404036298394204,0.8558314070105553,0.4614305481314659,0.2570686783058749,60.32012130917042,47.09010049002752,68.25179350777229,54.15060750032631,91.67367200384263,91.36664441272848,80.83898778194389,63.35144375218563,68.25179350777229,54.15060750032631,71.85253392294881,71.54749771280919,91.67367200384263,91.36664441272848,91.67367200384263,91.36664441272848,91.67367200384263,91.36664441272848,0.0009122301256187324,7.382606029510498,0:11:49
95,train/val,1.0274817228317261,0.8370824724435806,0.47599814385175704,0.2715004275472456,61.6357492724235,46.09333647821863,70.26013550265375,52.96176785358844,91.60334865791391,90.99229781472393,80.80530179990531,63.401667194950704,70.26013550265375,52.96176785358844,73.87052697695445,66.01166022884135,91.60334865791391,90.99229781472393,91.60334865791391,90.99229781472393,91.60334865791391,90.99229781472393,0.0009112907812236824,7.603381872177124,0:11:57
96,train/val,1.1061506882309913,0.8960683435201645,0.5252058349549771,0.2626912811595818,60.511204597182676,46.77005200058691,68.8710173728609,53.74820835169955,91.06876093776177,91.20056649346911,79.87064891500987,63.62515698180915,68.8710173728609,53.74820835169955,72.49519053651822,71.21403401241099,91.06876093776177,91.20056649346911,91.06876093776177,91.20056649346911,91.06876093776177,91.20056649346911,0.0009103513292316619,7.516500234603882,0:12:04
97,train/val,1.0597692266106606,0.8633468091487885,0.4910560391843319,0.2679221944056856,60.71274458623381,46.22298183368825,69.06703918182185,53.92563652624878,91.37389563647251,91.06568920949552,80.24302482383273,65.59175131909934,69.06703918182185,53.92563652624878,73.19262393929652,70.7026026637971,91.37389563647251,91.06568920949552,91.37389563647251,91.06568920949552,91.37389563647251,91.06568920949552,0.0009094117695069437,7.684743165969849,0:12:12
98,train/val,1.0524662852287292,0.8587660536170005,0.48425054624676706,0.27169628860426753,61.258611461466806,46.44225790371728,69.9609256966481,53.29741847912699,91.36281025272022,91.05549796358157,80.4178072638058,63.7657314817688,69.9609256966481,53.29741847912699,74.21425542952443,71.10727009108267,91.36281025272022,91.05549796358157,91.36281025272022,91.05549796358157,91.36281025272022,91.05549796358157,0.0009084721019134737,7.68467378616333,0:12:20
99,train/val,0.991816708445549,0.8080747529864312,0.4593548871576786,0.25532548076661693,63.47776388296015,46.822028119537094,71.03204458306222,53.287995499899075,92.15642294423179,91.46465679245708,82.45311767810732,64.6938406077412,71.03204458306222,53.287995499899075,74.91905641076079,71.11177258734679,92.15642294423179,91.46465679245708,92.15642294423179,91.46465679245708,92.15642294423179,91.46465679245708,0.0009075323263148696,7.468653202056885,0:12:27
100,train/val,1.0060901582241057,0.8334052592515946,0.4317122481763363,0.2595486813491018,59.86398977225322,46.97890187554592,68.1308282894984,54.15439524394387,92.10091337612296,91.21134580256589,79.6666274744357,63.46784212051665,68.1308282894984,54.15439524394387,72.63298592261611,67.26672866796218,92.10091337612296,91.21134580256589,92.10091337612296,91.21134580256589,92.10091337612296,91.2113458025659,0.0009065924425744197,7.595904111862183,0:12:35
101,train/val,1.0209156677126885,0.8305337071418762,0.4759548991918564,0.25926032234828994,63.8673178165463,47.0871017793325,72.36260293260847,53.156153969230516,92.156449218744,91.31124997045814,81.31669905840191,69.18640668967065,72.36260293260847,53.156153969230516,75.75911647934839,67.15395627887297,92.156449218744,91.31124997045814,92.156449218744,91.31124997045814,92.156449218744,91.31124997045814,0.000905652450555081,7.70654821395874,0:12:43
102,train/val,1.034332962334156,0.8491663321852684,0.46291656494140626,0.25757806008247086,58.9696250508674,46.96631177357266,67.28267918808353,53.82158094913514,91.78013754894756,91.34189582915633,79.08224196901065,64.3760800375247,67.28267918808353,53.82158094913514,71.82116499300027,67.08587443813624,91.78013754894756,91.34189582915633,91.78013754894756,91.34189582915633,91.78013754894756,91.34189582915633,0.0009047123501194792,7.6135032176971436,0:12:50
103,train/val,1.0512168765068055,0.8628745958209038,0.47085568085312846,0.25732256314279883,62.857142810111135,47.01565186363798,70.94188129920622,54.010529629441976,92.09431950340432,91.47434319167631,81.70845668041927,67.86726538518785,70.94188129920622,54.010529629441976,74.6052625909509,67.24868105620693,92.09431950340432,91.47434319167631,92.09431950340432,91.47434319167631,92.09431950340434,91.47434319167631,0.0009037721411299057,7.694489479064941,0:12:58
104,train/val,1.0196858465671539,0.8319144576787949,0.4694284714758396,0.25466173392149266,61.499390329451856,47.11789303721895,70.24582021565182,53.98556528112242,91.85965393006495,91.48306427963314,80.34786952624539,63.867243643814085,70.24582021565182,53.98556528112242,74.27035503183184,67.08242567826153,91.85965393006495,91.48306427963314,91.85965393006495,91.48306427963314,91.85965393006495,91.48306427963314,0.0009028318234483183,7.527866840362549,0:13:05
105,train/val,1.0288617253303527,0.8405441358685494,0.47079395279288294,0.252052570653711,62.9932716937854,47.26688182284689,71.19001479618939,53.72831177373715,91.857529849987,91.50644811279984,80.73188206728618,68.45938873107106,71.19001479618939,53.72831177373715,74.77017939000476,67.35341179496885,91.857529849987,91.50644811279984,91.857529849987,91.50644811279984,91.857529849987,91.50644811279984,0.00090189139693634,7.541881561279297,0:13:13
106,train/val,1.0179467976093293,0.8445788070559501,0.4334199793636799,0.25436329597368396,60.71766287829487,47.00718572699964,68.53788054505678,54.27071909242564,92.35631472057105,91.47176348054404,78.98218423077202,66.58813430580064,68.53788054505678,54.27071909242564,72.26704334378407,66.8170421744611,92.35631472057105,91.47176348054404,92.35631472057105,91.47176348054404,92.35631472057105,91.47176348054404,0.0009009508614552562,7.660381555557251,0:13:21
107,train/val,1.0575515255331993,0.8636664658784866,0.48471265360713006,0.2742925557001935,60.06633565117716,45.50473698396889,68.92546841777279,53.89322428754353,91.75934417407805,90.79801505375174,76.28987777850327,61.38493794305949,68.92546841777279,53.89322428754353,71.85177834046726,65.2543820870631,91.75934417407805,90.79801505375174,91.75934417407805,90.79801505375174,91.75934417407805,90.79801505375174,0.0009000102168660145,7.623955488204956,0:13:28
108,train/val,1.0422706425189971,0.8501150250434876,0.4803890511393547,0.2550424101302843,63.07961505311845,47.27243056398194,71.38131308032773,54.096510472749024,91.80724648704002,91.42911225649053,81.41766648362761,67.23121102017457,71.38131308032773,54.096510472749024,75.57340754137599,67.09429701113878,91.80724648704002,91.42911225649053,91.80724648704002,91.42911225649053,91.80724648704002,91.42911225649053,0.0008990694630292233,7.629212856292725,0:13:36
109,train/val,1.0264775246381759,0.8424088463187218,0.4601716920733452,0.2526398697184853,62.008133237656715,47.45017054198304,70.09759921705196,54.628925858055254,91.9057192963691,91.54481091383133,80.1016564724929,63.53360453080516,70.09759921705196,54.628925858055254,73.27956187536998,67.326783367187,91.9057192963691,91.54481091383133,91.9057192963691,91.54481091383133,91.9057192963691,91.54481091383133,0.0008981285998051506,7.635073184967041,0:13:43
110,train/val,1.0347330957651137,0.8367382049560547,0.4949872173368931,0.2562840166032289,61.58406568391017,47.57647068005377,70.34502536715542,54.78339122889155,91.63069426864155,91.48933880283873,80.34754346345214,63.47277378393195,70.34502536715542,54.78339122889155,74.2355883245281,67.48750235166237,91.63069426864155,91.48933880283873,91.63069426864155,91.48933880283873,91.63069426864155,91.48933880283873,0.0008971876270537236,7.408506631851196,0:13:51
111,train/val,1.0598354026675225,0.8666337162256241,0.48300420343875883,0.2554277471125404,61.23606191114711,48.272771904799654,69.62548839521826,55.52768658836836,91.73138510558731,91.34749352492506,81.10621782226556,68.27621404355465,69.62548839521826,55.52768658836836,73.93301314079812,68.54007681012557,91.73138510558731,91.34749352492506,91.73138510558731,91.34749352492506,91.73138510558731,91.34749352492506,0.0008962465446345255,7.567295074462891,0:13:58
112,train/val,0.984195026755333,0.8110166594386101,0.43294589668512345,0.26574076865454305,66.0141741990047,47.38117210318231,74.91974355546898,54.59658441706142,92.21508908776971,91.23004177356749,81.48588074297871,72.02160488366857,74.91974355546898,54.59658441706142,77.85157523223984,67.5947867734474,92.21508908776971,91.23004177356749,92.21508908776971,91.23004177356749,92.21508908776971,91.23004177356749,0.0008953053524067967,7.684392929077148,0:14:06
113,train/val,1.038171261548996,0.8470333516597748,0.47784478291869165,0.25576417858821454,64.81898771666539,47.698571134284414,72.56921562894665,54.38611468272829,92.16392426888356,91.52267532798669,83.94771012807531,64.51366278459851,72.56921562894665,54.38611468272829,76.72702261302693,72.12052285093809,92.16392426888356,91.52267532798669,92.16392426888356,91.52267532798669,92.16392426888356,91.52267532798669,0.0008943640502294313,7.5630223751068115,0:14:14
114,train/val,1.0003560870885848,0.8220408380031585,0.44578811526298523,0.24316055776392081,61.39538636052082,48.88099272149682,69.25373717959448,55.84983099448705,92.37611495524904,92.02130852490787,75.96658510261966,64.94304727404682,69.25373717959448,55.84983099448705,75.90056583255678,68.98596151043282,92.37611495524904,92.02130852490787,92.37611495524904,92.02130852490787,92.37611495524904,92.02130852490787,0.0008934226379609764,7.548435211181641,0:14:21
115,train/val,1.020438200235367,0.8420845299959183,0.44588417932391167,0.26111710410927735,64.2575996242474,47.60958949690881,72.39669307191231,54.17418195605119,92.1142562786858,91.35048377073214,82.48023534391088,64.78944088194297,72.39669307191231,54.17418195605119,76.2716397971468,72.19968691377923,92.1142562786858,91.35048377073214,92.1142562786858,91.35048377073214,92.11425627868579,91.35048377073214,0.0008924811154596326,7.711682319641113,0:14:29
116,train/val,1.0340350463986396,0.8433839112520218,0.4766278207302094,0.2550112156495513,63.49823212875688,47.40181941390224,71.83706782453915,54.17761794017245,91.6006068931653,91.61309836399712,81.49112658366128,63.86279307501225,71.83706782453915,54.17761794017245,75.70406761394904,67.30655827598243,91.6006068931653,91.61309836399712,91.6006068931653,91.61309836399712,91.6006068931653,91.61309836399712,0.0008915394825832508,7.604820251464844,0:14:37
117,train/val,1.024767342209816,0.8359445348381996,0.47205699533224105,0.24964682575698988,64.50268508981829,47.44592848144669,73.1711764929351,53.62905308727305,91.79715286157197,91.86123883609203,81.2943173349159,68.8903873696964,73.1711764929351,53.62905308727305,75.93186628878375,67.24049465058977,91.79715286157197,91.86123883609203,91.79715286157197,91.86123883609203,91.79715286157197,91.86123883609203,0.0008905977391893318,7.533629655838013,0:14:44
118,train/val,1.0415833979845046,0.8451758950948716,0.4910187430679798,0.24600746663753906,64.46180006662937,48.0915472800236,73.03192784247182,54.38546657583373,91.79506878861413,91.94036662077924,81.64140500716208,68.7786925251475,73.03192784247182,54.38546657583373,76.25833550353158,72.40908791989844,91.79506878861413,91.94036662077924,91.79506878861413,91.94036662077924,91.79506878861413,91.94036662077924,0.0008896558851350237,7.660259962081909,0:14:52
119,train/val,0.9914669498801232,0.8142364114522934,0.4430763408541679,0.24439554939289687,64.93668126701813,47.89833482683332,72.78629324251003,54.821264385183945,92.61590383090146,91.88657548284704,82.99738118631487,64.14777285364445,72.78629324251003,54.821264385183945,76.44036317656318,72.28973154660608,92.61590383090146,91.88657548284704,92.61590383090146,91.88657548284704,92.61590383090147,91.88657548284704,0.0008887139202771232,7.5629448890686035,0:14:59
120,train/val,0.9952717155218125,0.8213397592306138,0.43482987880706786,0.2551321521780335,64.34255777351406,47.921844087719215,72.78992000156708,55.03083868570947,92.53754725899614,91.47864825799597,81.61424097569828,65.2081389630541,72.78992000156708,55.03083868570947,76.58696366334493,67.98882255458427,92.53754725899614,91.47864825799597,92.53754725899614,91.47864825799597,92.53754725899614,91.47864825799597,0.0008877718444720718,7.625964879989624,0:15:07
121,train/val,0.99793082177639,0.8151428744196891,0.45696984604001045,0.2418545506142514,67.9463244151262,48.68919035106618,76.9337298794522,55.53035663058431,92.74006240254327,91.93201168537021,83.02887948464414,68.49326732088544,76.9337298794522,55.53035663058431,79.64896491489073,68.72177777180482,92.74006240254327,91.93201168537021,92.74006240254327,91.93201168537021,92.74006240254327,91.93201168537021,0.0008868296575759555,7.56179666519165,0:15:14
122,train/val,0.9959090277552605,0.8218292504549026,0.43519944325089455,0.24794646585538727,66.21509533021035,47.49056729023313,75.82850857198153,54.475176272268286,92.63811551557188,91.69178232741427,81.35492758535086,64.39184094207833,75.82850857198153,54.475176272268286,78.16153608284344,67.28848823834667,92.63811551557188,91.69178232741427,92.63811551557188,91.69178232741427,92.63811551557188,91.69178232741427,0.0008858873594445045,7.572113275527954,0:15:22
123,train/val,0.9873578190803528,0.8184619277715683,0.4222397066652775,0.2383618510199207,65.53361213149043,48.11129677871106,73.42407705310796,54.86517165945194,92.96293354399762,92.07794566673438,81.40302730146956,64.66621793678932,73.42407705310796,54.86517165945194,76.64123492996927,67.9934210282721,92.96293354399762,92.07794566673438,92.96293354399762,92.07794566673438,92.96293354399762,92.07794566673438,0.0008849449499330895,7.389836311340332,0:15:29
124,train/val,0.9918598368763923,0.8301562398672104,0.4042589981108904,0.2479657319893584,64.79029706198772,48.23487279898935,73.75102922389152,55.40147610104492,92.83813029733281,91.66288401496698,81.18061809426543,69.37938275924326,73.75102922389152,55.40147610104492,76.9015172479893,68.42268319106496,92.83813029733281,91.66288401496698,92.83813029733281,91.66288401496698,92.83813029733281,91.66288401496698,0.0008840024288967224,7.441856145858765,0:15:37
125,train/val,0.963811756670475,0.8074071258306503,0.3910115722566843,0.24995340721831746,61.0262506750501,48.08538117457529,68.47417775154898,55.0065845434118,92.9477997876993,91.72215634558454,79.64460333574482,65.19793380834156,68.47417775154898,55.0065845434118,72.33981656324654,68.3787755343318,92.9477997876993,91.72215634558454,92.9477997876993,91.72215634558454,92.94779978769931,91.72215634558454,0.0008830597961900546,7.647869110107422,0:15:45
126,train/val,1.0267796233296393,0.8506880283355713,0.44022897630929947,0.24844494128771635,64.94773121612751,48.79192194941406,73.41782098456994,55.94818558889336,92.05708571459546,91.69010690211977,82.33103884909725,67.40830243712557,73.41782098456994,55.94818558889336,77.25253914976292,69.1846866875327,92.05708571459546,91.69010690211977,92.05708571459546,91.69010690211977,92.05708571459546,91.69010690211977,0.000882117051667376,7.601635932922363,0:15:52
127,train/val,0.9780599877238274,0.8003006517887116,0.4443983413279057,0.24597028186991776,67.30248174676487,48.886045048066926,76.31988878041086,55.7628051299805,92.6191318471038,91.95906259178085,82.31087100728,65.19804407483788,76.31988878041086,55.7628051299805,78.84406955907693,73.90611577733299,92.6191318471038,91.95906259178085,92.6191318471038,91.95906259178085,92.6191318471038,91.95906259178084,0.0008811741951826112,7.516515731811523,0:16:00
128,train/val,1.0274401500821113,0.8520578145980835,0.43845584988594055,0.24514877433347199,66.90751337283467,48.068160148989406,75.14197192848101,54.50588708219788,92.45618191966228,92.04797663547306,83.56326873225983,65.15095353524039,75.14197192848101,54.50588708219788,78.75466162886842,72.71524302858067,92.45618191966228,92.04797663547306,92.45618191966228,92.04797663547306,92.4561819196623,92.04797663547306,0.000880231226589321,7.63752293586731,0:16:07
129,train/val,0.9687742680311203,0.8013752922415733,0.41849744096398356,0.23814689091203273,68.90090644467728,48.68263081382757,77.4976089101174,55.32396167374255,92.93376643118643,92.04833724025498,83.94940511817177,65.19911385928798,77.4976089101174,55.32396167374255,80.31902182943269,73.50012179262836,92.93376643118643,92.04833724025498,92.93376643118643,92.04833724025498,92.93376643118643,92.04833724025498,0.0008792881457407014,7.650327205657959,0:16:15
130,train/val,0.990103705227375,0.8083815321326255,0.45430542416870595,0.23626823816762785,68.65763200986144,49.10761161034045,77.17900337830723,55.94224550016742,92.3596511949336,92.14160628015973,83.62947044568614,65.25390497816362,77.17900337830723,55.94224550016742,80.08395142182864,69.3609822572622,92.3596511949336,92.14160628015973,92.3596511949336,92.14160628015973,92.3596511949336,92.14160628015973,0.0008783449524895794,7.638022184371948,0:16:23
131,train/val,0.9944730207324028,0.8213414713740349,0.4328288592398167,0.24275456358874212,64.0714874944607,49.041742546936526,72.92741443721009,56.25982971480433,92.41577681006567,91.98892621549054,81.7676139308511,64.86098658972752,72.92741443721009,56.25982971480433,75.63774467475353,74.00433165987904,92.41577681006567,91.98892621549054,92.41577681006567,91.98892621549054,92.41577681006565,91.98892621549054,0.0008774016466884135,7.64218807220459,0:16:30
132,train/val,0.9824566304683685,0.8240637823939323,0.3959821242839098,0.24830213832671835,61.270249922675504,48.665932095762024,69.85581157497033,55.751509316584134,92.58633607577647,91.69842855093354,81.88635536658634,64.83671371296244,69.85581157497033,55.751509316584134,73.05927650465577,73.49216625220626,92.58633607577647,91.69842855093354,92.58633607577647,91.69842855093354,92.58633607577647,91.69842855093356,0.0008764582281892924,7.728295564651489,0:16:38
133,train/val,1.0102814376354217,0.828724880516529,0.4538913734257221,0.24603646324946296,67.20153250084851,48.51579667315603,75.47982377980583,55.3163219834893,92.5218093526235,91.78877946598759,83.11271365706783,65.91060044337591,75.47982377980583,55.3163219834893,78.67090815162531,68.64735118013286,92.5218093526235,91.78877946598759,92.5218093526235,91.78877946598759,92.52180935262352,91.78877946598759,0.0008755146968439328,7.542925596237183,0:16:45
134,train/val,1.017052413523197,0.8405336707830429,0.44129685312509537,0.2397775078117398,64.20745685906495,49.044824495595975,73.14343640833332,56.559961711075246,92.44877709823025,91.97370869369308,80.97453937925805,64.53743343811055,73.14343640833332,56.559961711075246,76.54487213102644,69.38653812974214,92.44877709823025,91.97370869369308,92.44877709823025,91.97370869369308,92.44877709823025,91.97370869369308,0.000874571052503679,7.7463648319244385,0:16:53
135,train/val,0.9763564139604568,0.8091495186090469,0.41801722794771196,0.24618132711879998,64.71843940667831,48.96569690971073,72.54898614115993,55.47218209684024,92.95523470224123,91.87741057362014,80.18601313341058,74.18463061079323,72.54898614115993,55.47218209684024,75.72640600831895,69.22159300424907,92.95523470224123,91.87741057362014,92.95523470224123,91.87741057362014,92.95523470224123,91.87741057362014,0.0008736272950195003,7.6787872314453125,0:17:01
136,train/val,0.9795404672622681,0.8133046105504036,0.4155896224081516,0.24122219783940593,66.44064566013296,49.24660638712808,74.9268276424931,55.99662047355092,92.56113090929492,91.88734662230377,82.56837432474852,67.47955758129685,74.9268276424931,55.99662047355092,78.25029593295585,69.47276265400752,92.56113090929492,91.88734662230377,92.56113090929492,91.88734662230377,92.56113090929492,91.88734662230377,0.0008726834242419913,7.603139162063599,0:17:09
137,train/val,1.0124467253684997,0.8389012515544891,0.43386365920305253,0.2353654170700817,65.6439154939735,49.436864855955584,73.46862199228538,56.09061377669512,92.62728897036654,92.17589702103834,82.26591226691782,66.36311339175921,73.46862199228538,56.09061377669512,76.791501605117,69.72822103815889,92.62728897036654,92.17589702103834,92.62728897036654,92.17589702103834,92.62728897036655,92.17589702103834,0.0008717394400213688,7.632206201553345,0:17:16
138,train/val,0.9717982366681099,0.8017783522605896,0.42504970356822014,0.2605303138786545,63.15658724449374,47.751646087031425,72.47925819909496,54.99503654561087,92.58412753614155,91.18321862957534,80.17947769010738,67.45312765845732,72.47925819909496,54.99503654561087,74.99273174139405,72.51431947405123,92.58412753614155,91.18321862957534,92.58412753614155,91.18321862957534,92.58412753614155,91.18321862957534,0.0008707953422074707,7.548464298248291,0:17:24
139,train/val,0.9568129941821099,0.8040455251932144,0.3819186560809612,0.24432835619620816,66.44418051915463,48.671423662882816,74.7746847784426,55.7060328498173,93.00066441111149,91.73056121088645,82.74945337542599,64.86792130560244,74.7746847784426,55.7060328498173,78.23387712111244,68.72556574648453,93.00066441111149,91.73056121088645,93.00066441111149,91.73056121088645,93.00066441111149,91.73056121088645,0.0008698511306497561,7.643791675567627,0:17:31
140,train/val,0.9764201670885087,0.8206333681941033,0.38946697637438776,0.24412898726081778,63.41014376765677,48.89104405163103,71.68148603945666,56.66301413627435,93.10812126620115,91.82358060132678,78.62880475792278,63.832497872320324,71.68148603945666,56.66301413627435,78.79693216177328,69.226197809127,93.10812126620115,91.82358060132678,93.10812126620115,91.82358060132678,93.10812126620115,91.82358060132678,0.0008689068051973019,7.678096294403076,0:17:39
141,train/val,0.9778304561972618,0.8199025169014931,0.3948198460042477,0.23930752860885776,62.35765001647579,49.399521311701804,69.94499470765972,56.2539044852706,92.87792278599348,91.98749489189457,80.15432926098934,70.91937885234046,69.94499470765972,56.2539044852706,73.51435635315025,69.62938259639195,92.87792278599348,91.98749489189457,92.87792278599348,91.98749489189457,92.87792278599348,91.98749489189457,0.0008679623656988024,7.439697980880737,0:17:46
142,train/val,0.9746950179338455,0.8194052070379257,0.38822450712323187,0.24029710592922193,66.77973779684638,49.01949402646642,74.70727050385598,55.74580407485089,93.12666412476955,91.99174448055547,83.01304946622959,65.48947891649539,74.70727050385598,55.74580407485089,78.24963166165982,69.23740576165783,93.12666412476955,91.99174448055547,93.12666412476955,91.99174448055547,93.12666412476955,91.99174448055547,0.000867017812002568,7.558488130569458,0:17:54
143,train/val,1.029702278971672,0.8481656104326248,0.4538416910916567,0.24168239152009563,64.58705552794838,48.99173268048788,71.95331213623334,56.190693301174036,92.54237526488689,91.98924243814545,83.82814797965594,69.71177353092553,71.95331213623334,56.190693301174036,76.61583572523851,69.26574751472474,92.54237526488689,91.98924243814545,92.54237526488689,91.98924243814545,92.5423752648869,91.98924243814545,0.0008660731439565235,7.622815847396851,0:18:02
144,train/val,0.9488556891679764,0.7895449668169021,0.3982768043875694,0.2527781024906334,66.59439532134293,47.423465169295795,75.30361888299288,54.50424585453636,93.00419072175272,91.67179372696359,83.12458932903583,63.424197590902466,75.30361888299288,54.50424585453636,77.94270036557471,71.88163216414901,93.00419072175272,91.67179372696359,93.00419072175272,91.67179372696359,93.00419072175272,91.67179372696359,0.0008651283614082057,7.782884359359741,0:18:09
145,train/val,0.997248588502407,0.8125644668936729,0.46171031072735785,0.251034363827493,66.84352233677355,47.688154528433415,75.75734335482734,55.25119357816454,92.17884806468942,91.66570782779779,82.78995434323866,63.05127142342914,75.75734335482734,55.25119357816454,78.68949573305136,72.26520799457023,92.17884806468942,91.66570782779779,92.17884806468942,91.66570782779779,92.17884806468942,91.66570782779779,0.000864183464204764,7.56250262260437,0:18:17
146,train/val,0.9451552554965019,0.7904874324798584,0.3866695359349251,0.239760172560345,65.65275841360759,49.078719703504916,73.69295790877382,56.59855313430644,93.29381255960514,91.97518439941607,78.68096662308004,67.82678183723651,73.69295790877382,56.59855313430644,80.15316270219239,69.30276118750297,93.29381255960514,91.97518439941607,93.29381255960514,91.97518439941607,93.29381255960514,91.97518439941607,0.000863238452192957,7.7468483448028564,0:18:25
147,train/val,0.9875374093651772,0.8158588215708733,0.4291964635252953,0.2376720786515506,64.07761125432681,48.58851701418811,71.5961776437381,55.478971951229774,92.5712216691398,92.00181367562014,78.69112918843804,64.82060738788546,71.5961776437381,55.478971951229774,74.45300386830368,73.18820194767099,92.5712216691398,92.00181367562014,92.5712216691398,92.00181367562014,92.5712216691398,92.00181367562014,0.0008622933252191526,7.60989236831665,0:18:32
148,train/val,0.9615650475025177,0.8017147272825241,0.39962578751146793,0.2482236981182644,67.34721774378258,48.80988076116577,75.39538617884526,56.31348885350147,92.98295921378093,91.6332034675312,83.51974042953574,64.19239015124172,75.39538617884526,56.31348885350147,78.68495003178812,73.67836930798535,92.98295921378093,91.6332034675312,92.98295921378093,91.6332034675312,92.98295921378093,91.6332034675312,0.0008613480831293251,7.753765821456909,0:18:40
149,train/val,0.9848067909479141,0.8166466802358627,0.420400283485651,0.25026472010044065,65.04014287863077,48.1684650686929,73.42284299921029,54.58918570993973,92.48937835918865,91.59763674050114,83.37549201830409,65.44679026479986,73.42284299921029,54.58918570993973,77.15181515798145,72.78430110392917,92.48937835918865,91.59763674050114,92.48937835918865,91.59763674050114,92.48937835918865,91.59763674050114,0.0008604027257690544,7.5971949100494385,0:18:48
150,train/val,0.9592425137758255,0.7930314689874649,0.4155276227742434,0.23845534214382816,66.51357559950235,49.35485416462499,75.12778856201618,56.604806980606746,92.60672540077303,92.22230408258982,82.27474275525721,64.88899131942267,75.12778856201618,56.604806980606746,78.17733729612404,74.23763563588003,92.60672540077303,92.22230408258982,92.60672540077303,92.22230408258982,92.60672540077303,92.22230408258982,0.0008594572529835244,7.495175838470459,0:18:55
151,train/val,0.9816666960716247,0.8256119176745415,0.3901369273662567,0.2464264599216356,65.67185788365856,48.78555020944781,74.20559971044443,56.28318979382462,92.99329727887134,91.74891876816963,82.53318348797475,63.962859584449625,74.20559971044443,56.28318979382462,77.78092361538638,73.59698624827811,92.99329727887134,91.74891876816963,92.99329727887134,91.74891876816963,92.99329727887134,91.74891876816963,0.0008585116646175221,7.6933629512786865,0:19:03
152,train/val,0.9832904979586601,0.8249202638864517,0.39592558071017264,0.23940784651872699,67.24820483459615,49.18180287248271,75.2243064669056,56.060346041512524,93.12923870412294,91.92212001881359,83.9455502846836,69.22012911654882,75.2243064669056,56.060346041512524,78.87534495128466,73.99207869808674,93.12923870412294,91.92212001881359,93.12923870412294,91.92212001881359,93.12923870412294,91.92212001881359,0.0008575659605154351,7.420621395111084,0:19:10
153,train/val,0.9563376650214195,0.791143761575222,0.4129847355186939,0.23509570094641835,66.18957964650217,49.637795262532734,74.91069184366116,56.40673688574805,92.74538645534656,92.17985257810783,81.90704553578345,67.09044684422409,74.91069184366116,56.40673688574805,77.81414845591156,69.89569544843724,92.74538645534656,92.17985257810783,92.74538645534656,92.17985257810783,92.74538645534656,92.17985257810783,0.000856620140521251,7.541717529296875,0:19:18
154,train/val,0.9540897101163864,0.8009152054786682,0.38293626457452773,0.23297962484335882,65.39001195864034,49.328567188379694,73.1872845741648,56.088566826701495,93.10142286967114,92.21718904245229,82.76880756438088,69.88084267213544,73.1872845741648,56.088566826701495,77.04171596126763,69.49934564665092,93.10142286967114,92.21718904245229,93.10142286967114,92.21718904245229,93.10142286967113,92.21718904245229,0.0008556742044785542,7.750227451324463,0:19:26
155,train/val,0.9503866612911225,0.7851433411240578,0.41310828030109403,0.23611040141123513,68.73687724163253,49.01286170207052,78.07836099265482,55.514528145767414,92.66291838619297,92.24765737264244,83.05701466229274,69.3803553758322,78.07836099265482,55.514528145767414,80.3047553787836,73.76566263463364,92.66291838619297,92.24765737264244,92.66291838619297,92.24765737264244,92.66291838619297,92.24765737264244,0.0008547281522305269,7.864346742630005,0:19:33
156,train/val,0.974193912744522,0.8155959963798523,0.3964947868138552,0.2577729342439538,66.67406760975284,47.77665186853465,75.03833996608374,54.844210387687966,93.01400618079512,91.34702196482561,82.37047099094885,64.3555015574294,75.03833996608374,54.844210387687966,77.97589522851433,72.60478889952037,93.01400618079512,91.34702196482561,93.01400618079512,91.34702196482561,93.01400618079512,91.3470219648256,0.0008537819836199459,7.722843408584595,0:19:41
157,train/val,0.949372424185276,0.7986015200614929,0.3769272617995739,0.2329863859663104,63.707913919421735,49.844682557270424,71.57681636789451,56.79827802679981,93.12638601788827,92.27683307338351,80.97762633915646,69.31506229169479,71.57681636789451,56.79827802679981,75.38612170940569,74.83512576638842,93.12638601788827,92.27683307338351,93.12638601788827,92.27683307338351,93.12638601788827,92.27683307338351,0.0008528356984891815,7.713640928268433,0:19:49
158,train/val,0.9766154065728188,0.814515882730484,0.4052488163113594,0.22933006281901736,65.67779027680155,49.69635865067447,73.00371453137437,56.274415333647575,92.90141804893332,92.44197896797574,80.69672435917022,66.10050915921548,73.00371453137437,56.274415333647575,75.70939180203506,74.62257798959774,92.90141804893332,92.44197896797574,92.90141804893332,92.44197896797574,92.90141804893332,92.44197896797574,0.0008518892966801949,7.618075132369995,0:19:57
159,train/val,0.9376438722014427,0.7816583648324013,0.38996375203132627,0.23581568133340164,67.36115219789336,49.720407112388706,75.39332878419984,56.142381355285394,93.2043000920317,92.20305333500062,84.60271131761185,76.4546975298196,75.39332878419984,56.142381355285394,79.19425892267094,70.04731716019204,93.2043000920317,92.20305333500062,93.2043000920317,92.20305333500062,93.2043000920317,92.20305333500062,0.0008509427780345387,7.635019302368164,0:20:04
160,train/val,0.9753979504108429,0.8108542874455452,0.4113591659814119,0.23194025415716288,67.76890007531769,50.04785481476285,76.45864449677366,56.985351746058875,92.62258507141651,92.23453690634605,83.25856277743085,66.7979260115947,76.45864449677366,56.985351746058875,79.38974289812258,70.38310149082658,92.62258507141651,92.23453690634605,92.62258507141651,92.23453690634605,92.62258507141651,92.23453690634605,0.0008499961423933539,7.635761260986328,0:20:12
161,train/val,1.006459254026413,0.8342281058430672,0.4305778630077839,0.2333926523287524,64.92776380329337,49.708106616026285,74.23069905980103,56.461630143617036,92.67318947682412,92.34436047962433,80.52294101225917,65.98638893392874,74.23069905980103,56.461630143617036,77.02366936194531,74.71111921162307,92.67318947682412,92.34436047962433,92.67318947682412,92.34436047962433,92.67318947682412,92.34436047962433,0.0008491170186857195,7.709153413772583,0:20:19
162,train/val,0.994738607108593,0.8180903404951095,0.44162067100405694,0.23594926785162879,67.01560557844569,49.5475123933771,74.57087073689353,55.728864362782424,92.57707583948593,92.28140998023109,84.54009710749465,66.84092554279114,74.57087073689353,55.728864362782424,78.53416057991858,69.8573648546954,92.57707583948593,92.28140998023109,92.57707583948593,92.28140998023109,92.57707583948593,92.28140998023109,0.000848170156960158,7.69655442237854,0:20:27
163,train/val,0.9278015524148941,0.7671923622488975,0.40152295902371404,0.2302813811422506,69.78353132848724,49.401300659560015,78.20415868327537,56.008360609546855,93.2239827716011,92.38062067738888,84.49807310102928,65.71409567683511,78.20415868327537,56.008360609546855,80.92043874638495,74.10133457299824,93.2239827716011,92.38062067738888,93.2239827716011,92.38062067738888,93.2239827716011,92.38062067738888,0.0008472231777714564,7.450572729110718,0:20:35
164,train/val,0.9488664522767067,0.797721166908741,0.377863197401166,0.2338951715623019,68.71746709703717,49.8506763702497,77.03280515598492,56.40097200069015,93.16517507829704,92.28644735164636,83.79630489640807,70.27386268744536,77.03280515598492,56.40097200069015,79.97528323139888,70.15749335453006,93.16517507829704,92.28644735164636,93.16517507829704,92.28644735164636,93.16517507829704,92.28644735164636,0.0008462760809591251,7.5697877407073975,0:20:42
165,train/val,0.962885656952858,0.8042955756187439,0.39647521264851093,0.23667929099510499,66.9924014263189,49.54076802240655,75.72577385949255,56.01098864433203,93.04731464976474,92.27096353708687,82.8841293104086,70.14849176099864,75.72577385949255,56.01098864433203,78.84024183757717,74.45005957108268,93.04731464976474,92.27096353708687,93.04731464976474,92.27096353708687,93.04731464976474,92.27096353708686,0.0008453288663622543,7.784675121307373,0:20:50
166,train/val,0.913358497619629,0.7687094926834106,0.3616225216537714,0.23213693047571704,68.19508664606388,49.558316128340074,75.92056463504926,56.056757577954784,93.63643503846487,92.28003968205975,85.39261258392528,70.1581616918947,75.92056463504926,56.056757577954784,82.50882034196229,74.51801739792904,93.63643503846487,92.28003968205975,93.63643503846487,92.28003968205975,93.63643503846487,92.28003968205975,0.0008443815338195143,7.794034481048584,0:20:58
167,train/val,0.9282546162605285,0.7858797535300255,0.3559371564537287,0.22959182049916413,66.63715017085647,49.7182114285269,74.26699971295506,56.357050209976336,93.65334652606974,92.28296335467633,83.47045517940079,73.14539180561876,74.26699971295506,56.357050209976336,78.30756027974245,69.94936186768018,93.65334652606974,92.28296335467633,93.65334652606974,92.28296335467633,93.65334652606974,92.28296335467633,0.0008434340831691523,7.793120384216309,0:21:06
168,train/val,0.9790952920913696,0.8290221095085144,0.3751829475164413,0.2305210064871968,68.02157301183833,49.69767400055371,76.27902307735427,56.68232481515395,93.171867447772,92.29827518849368,83.8583697799394,69.99381069720988,76.27902307735427,56.68232481515395,79.23093587957074,70.04597461422391,93.171867447772,92.29827518849368,93.171867447772,92.29827518849368,93.171867447772,92.29827518849366,0.0008424865142489914,7.738659381866455,0:21:13
169,train/val,0.9629189088940621,0.8075019478797912,0.38854239918291567,0.22816350960011758,66.88466539039894,49.601194223009074,74.71877036696043,56.07553836783284,93.18817611437291,92.42223446922361,84.83257916738802,66.63099269181309,74.71877036696043,56.07553836783284,77.7906530917343,74.57884851319183,93.18817611437291,92.42223446922361,93.18817611437291,92.42223446922361,93.18817611437291,92.42223446922361,0.0008415388268964303,7.701959848403931,0:21:21
170,train/val,0.9562320381402969,0.8095911756157875,0.3666021518409252,0.2294658298692852,68.37707364268684,49.54855033959114,76.46902122975321,56.562463378914785,93.32858754144782,92.3122777495643,83.66201870803584,74.08063341399784,76.46902122975321,56.562463378914785,79.64670775216682,69.77601429668961,93.32858754144782,92.3122777495643,93.32858754144782,92.3122777495643,93.32858754144782,92.3122777495643,0.000840591020948439,7.456533193588257,0:21:28
171,train/val,0.9893870711326599,0.8216203138232231,0.41941687017679213,0.23249930685866413,69.44336594917027,49.413924066483986,77.95589224599354,55.46595668154812,92.75834326239108,92.42052020956797,84.60797364466325,67.24245460849119,77.95589224599354,55.46595668154812,80.90985966378783,74.38174009980483,92.75834326239108,92.42052020956797,92.75834326239108,92.42052020956797,92.75834326239108,92.42052020956797,0.0008396430962415592,7.508586406707764,0:21:36
172,train/val,0.9505817115306854,0.7984995171427727,0.38020548038184643,0.24591410467255587,69.30103625826129,48.76296394424851,78.33231047162317,55.66660390318101,92.93840153867502,91.81116470129663,84.13296244842661,65.08813542327219,78.33231047162317,55.66660390318101,80.8779332331418,73.4784167582694,92.93840153867502,91.81116470129663,92.93840153867502,91.81116470129663,92.93840153867502,91.81116470129663,0.0008386950526119016,7.9681079387664795,0:21:44
173,train/val,0.9255018919706345,0.776814529299736,0.37171839773654936,0.2278283528103373,71.4215676555996,49.865667503617026,79.54870679022184,55.99694030684225,93.47586963796701,92.41779070875705,85.17680778707572,70.86581088229698,79.54870679022184,55.99694030684225,82.13852203176974,74.6893752854479,93.47586963796701,92.41779070875705,93.47586963796701,92.41779070875705,93.47586963796701,92.41779070875705,0.0008377468898951443,7.740667104721069,0:21:52
174,train/val,0.9305571854114533,0.7837621316313743,0.36698761209845543,0.23058845843515333,68.00216395182606,49.463293153639576,77.2582992628995,55.95028584741988,93.26868460471475,92.26492202004806,81.51321192316355,66.09606761490522,77.2582992628995,55.95028584741988,79.18970278862653,74.3892772167023,93.26868460471475,92.26492202004806,93.26868460471475,92.26492202004806,93.26868460471475,92.26492202004806,0.000836798607926533,7.715919017791748,0:21:59
175,train/val,0.9461925610899925,0.7969983845949173,0.3729854226112366,0.2247252364062538,69.99300087875933,49.79020522662492,78.60818759298144,56.019081173760284,93.17096090686857,92.53276260876811,84.34946052689003,66.8111235346485,78.60818759298144,56.019081173760284,81.18493378242268,74.58473533969294,93.17096090686857,92.53276260876811,93.17096090686857,92.53276260876811,93.17096090686857,92.53276260876811,0.0008358502065408762,7.700611591339111,0:22:07
176,train/val,0.9704715967178345,0.8060539796948433,0.411044043302536,0.22800170727467167,70.47683958963601,50.19387058416037,78.75019321856598,57.204702912963526,93.20702549605919,92.2999672570858,84.73746113705361,74.11279684288606,78.75019321856598,57.204702912963526,81.42628680525054,75.22544721184865,93.20702549605919,92.2999672570858,93.20702549605919,92.2999672570858,93.20702549605919,92.2999672570858,0.0008349016855725447,7.810942649841309,0:22:15
177,train/val,0.9564401909708977,0.7983504652976989,0.395224304497242,0.23147287525282556,70.84201359229594,49.80510294565546,78.94908371787966,55.82206532830203,93.11351518463823,92.33459086391697,85.28911690554368,66.8094590858783,78.94908371787966,55.82206532830203,81.77564407644599,69.87304809744953,93.11351518463823,92.33459086391697,93.11351518463823,92.33459086391697,93.11351518463823,92.33459086391697,0.000833953044855471,7.787723779678345,0:22:23
178,train/val,0.9427650839090347,0.7806504637002945,0.40528655126690866,0.22465995805563066,68.19246281407338,49.847266044560115,75.62348437994746,56.569942584699504,93.26357428701478,92.5402077105735,84.46954065154809,65.55103279497665,75.62348437994746,56.569942584699504,79.10311135044917,69.98337646172446,93.26357428701478,92.5402077105735,93.26357428701478,92.5402077105735,93.26357428701478,92.5402077105735,0.0008330042842231471,7.5807976722717285,0:22:30
179,train/val,0.9774383336305619,0.8195940956473351,0.3946106117218733,0.22527625828323053,69.50037503957014,50.17841427720724,78.56414297738861,57.076392239826475,93.20387948087827,92.54591081389387,83.49487712881563,69.86424102059614,78.56414297738861,57.076392239826475,80.75010202692596,70.43573425053272,93.20387948087827,92.54591081389387,93.20387948087827,92.54591081389387,93.20387948087827,92.54591081389387,0.0008320554035086214,7.647802114486694,0:22:38
180,train/val,0.969850766658783,0.8068183943629265,0.4075809150934219,0.22694414099995094,69.34735211382879,49.825742567628126,77.26527337403296,56.31306662254275,93.11298603783759,92.49213077149341,85.57072186326481,66.26818359982461,77.26527337403296,56.31306662254275,80.80667917086815,70.01536725070018,93.11298603783759,92.49213077149341,93.11298603783759,92.49213077149341,93.11298603783759,92.49213077149341,0.0008311064025444994,7.823735475540161,0:22:46
181,train/val,0.9264927610754967,0.772822679579258,0.38417519368231295,0.22213705886315516,67.96031958922637,50.51416105270897,75.3755244547763,57.05161499470455,93.39955631456894,92.61141883335587,85.99088630758305,66.72649022147677,75.3755244547763,57.05161499470455,82.28412799719868,70.78501829451915,93.39955631456894,92.61141883335587,93.39955631456894,92.61141883335587,93.39955631456894,92.61141883335587,0.0008301572811629388,7.6807544231414795,0:22:53
182,train/val,0.9407271042466163,0.7832686901092529,0.3936460245400667,0.24043990000512613,68.60026750980856,49.129201511984824,77.4957201799703,56.122608101315684,93.27517292934668,92.08762651818773,83.97729440388906,65.30585354551984,77.4957201799703,56.122608101315684,79.39486887885202,74.11221815079924,93.27517292934668,92.08762651818773,93.27517292934668,92.08762651818773,93.27517292934668,92.08762651818773,0.0008292080391956506,7.759186506271362,0:23:01
183,train/val,0.9393325120210647,0.7962831765413284,0.35762332156300547,0.24324740933896483,70.34800013922424,49.576076139600794,79.1914427621728,56.18057574178955,93.47886252469254,91.99626590974428,84.62075256005053,70.04546661656984,79.1914427621728,56.18057574178955,81.48926343112912,69.89499606396102,93.47886252469254,91.99626590974428,93.47886252469254,91.99626590974428,93.47886252469254,91.99626590974428,0.0008282586764738958,7.682235956192017,0:23:09
184,train/val,0.9230379402637482,0.7766371488571167,0.366001982614398,0.2276787531860126,69.46543091687948,50.69669499793724,77.3880805732567,57.29090968244701,93.50261933273111,92.47034469489896,85.16480119322043,66.74652879440148,77.3880805732567,57.29090968244701,80.6321483371521,75.83328407694412,93.50261933273111,92.47034469489896,93.50261933273111,92.47034469489896,93.50261933273111,92.47034469489896,0.0008273091928284844,7.616198301315308,0:23:17
185,train/val,0.9471596285700798,0.7827488079667091,0.4110270652920008,0.23557747890371875,71.1205586285617,50.07645961174095,79.56151992985106,57.12788642144214,93.06109202709007,92.20281478106797,85.34934045350475,65.83328516267497,79.56151992985106,57.12788642144214,82.0960613033822,75.21469361978623,93.06109202709007,92.20281478106797,93.06109202709007,92.20281478106797,93.06109202709007,92.20281478106797,0.000826359588089774,7.75150203704834,0:23:24
186,train/val,0.9378867819905281,0.7828354194760323,0.38762838393449783,0.22800704526565033,67.49812653031677,50.256358840671425,75.65935574099558,56.56060825694059,93.20451341766143,92.54988301426098,83.6476406228941,67.08865513544153,75.65935574099558,56.56060825694059,78.87465617972934,75.29681084751928,93.20451341766143,92.54988301426098,93.20451341766143,92.54988301426098,93.20451341766143,92.54988301426097,0.0008254098620876653,7.601637363433838,0:23:32
187,train/val,0.9380132094025612,0.7836767792701721,0.3858410604298115,0.22177695251331547,69.5610817640852,50.8126810663033,77.8649237807673,57.25311148218888,93.32708880716967,92.68824429520461,83.95403194519571,67.0042630506798,77.8649237807673,57.25311148218888,80.50255261765469,75.95525715211284,93.32708880716967,92.68824429520461,93.32708880716967,92.68824429520461,93.32708880716967,92.68824429520461,0.0008244600146516034,7.60511326789856,0:23:39
188,train/val,0.9351377338171005,0.7924688890576362,0.35667210482060907,0.22302142692116636,68.54568274292465,50.01146223165107,76.37192360474583,56.230160822495954,93.70475669347941,92.56348613618856,85.66498812260062,67.01988316403728,76.37192360474583,56.230160822495954,79.28973339948824,74.90399623008197,93.70475669347941,92.56348613618856,93.70475669347941,92.56348613618856,93.70475669347941,92.56348613618856,0.0008235100456105752,7.6094489097595215,0:23:47
189,train/val,0.9357136473059654,0.7902052998542786,0.36377087198197844,0.2224068907097473,70.59649238186608,50.38419523716466,79.24231442024065,57.42705437201353,93.53665871185775,92.59746620217813,84.58426533241588,65.9553416914245,79.24231442024065,57.42705437201353,81.67748891283398,75.36276271102724,93.53665871185775,92.59746620217813,93.53665871185775,92.59746620217813,93.53665871185775,92.59746620217813,0.0008225599547931062,7.636973857879639,0:23:55
190,train/val,0.9259207591414451,0.7836966454982758,0.3555602639913559,0.22402473972968456,70.99718889230515,49.89181393360173,78.7250020187428,56.54386280677702,93.90737360266009,92.47422813101205,85.92184624833665,65.98169975756244,78.7250020187428,56.54386280677702,81.90233412671043,74.72862161317323,93.90737360266009,92.47422813101205,93.90737360266009,92.47422813101205,93.90737360266009,92.47422813101205,0.0008216097420272613,7.453778982162476,0:24:02
191,train/val,0.9378919750452042,0.7897169381380081,0.37043760232627393,0.22446886244281225,68.3035648897328,50.853167742447525,76.6889231386272,57.936689172925625,93.22429420574147,92.58591020585874,83.81422395928027,69.97552190738855,76.6889231386272,57.936689172925625,79.84309126381808,75.9611593202551,93.22429420574147,92.58591020585874,93.22429420574147,92.58591020585874,93.22429420574147,92.58591020585874,0.0008206594071406396,7.537228345870972,0:24:10
192,train/val,0.9263605982065201,0.7799510076642037,0.3660239655524492,0.22586540306370656,70.27090139209439,50.44686342628464,79.05311556612162,57.70750198833251,93.45798191101781,92.5161803365652,84.23869913573927,65.50803363570836,79.05311556612162,57.70750198833251,81.3642363823665,75.50244538889622,93.45798191101781,92.5161803365652,93.45798191101781,92.5161803365652,93.45798191101781,92.5161803365652,0.0008197089499603756,7.373203277587891,0:24:17
193,train/val,0.9230317786335945,0.7813167288899422,0.3542876161634922,0.21970423458438135,70.63084448075739,50.67164266825732,78.48008172660921,57.1800790243302,93.6594910248124,92.76600732948637,85.19237214440774,70.76274815606705,78.48008172660921,57.1800790243302,81.24470686006661,75.71655313908187,93.6594910248124,92.76600732948637,93.6594910248124,92.76600732948637,93.6594910248124,92.76600732948637,0.0008187583703131352,7.524843692779541,0:24:25
194,train/val,0.9701825648546218,0.8143758267164231,0.3895168397575617,0.2212747745973931,69.48317496567616,50.704895850206064,77.81392410300016,57.58073441458821,92.86892942968925,92.64464995095221,84.07824619042655,69.98574056680536,77.81392410300016,57.58073441458821,80.62654356087748,75.7242411884241,92.86892942968925,92.64464995095221,92.86892942968925,92.64464995095221,92.86892942968925,92.64464995095221,0.0008178076680251148,7.494625091552734,0:24:32
195,train/val,0.9435516595840454,0.793765376508236,0.3744656935334206,0.22362443374820543,70.92692105510979,50.05515485246187,78.849843177054,56.310487846802715,93.52425856452619,92.62590405005771,85.4322815612587,66.56540746683326,78.849843177054,56.310487846802715,81.7242583929535,74.78147658915918,93.52425856452619,92.62590405005771,93.52425856452619,92.62590405005771,93.52425856452619,92.62590405005771,0.0008168568429220402,7.448786735534668,0:24:40
196,train/val,0.9153793379664421,0.7699013963341713,0.36369484700262544,0.22342603068752243,70.0694870032763,50.97926841663995,78.2763871981597,57.27056599890328,93.66200073206173,92.70497080932029,84.66190262851508,67.26527842781792,78.2763871981597,57.27056599890328,81.0940014695082,71.1918538682799,93.66200073206173,92.70497080932029,93.66200073206173,92.70497080932029,93.66200073206173,92.70497080932029,0.000815905894829163,7.694639682769775,0:24:47
197,train/val,0.9115245833992958,0.774337361752987,0.3429680407047272,0.22194124894959988,69.44182958973553,50.80271928498703,77.90904725704766,57.11861121060322,93.91976251810063,92.7501296235497,84.26732959897404,72.7260886707603,77.90904725704766,57.11861121060322,80.65395294797743,70.98742338872628,93.91976251810063,92.7501296235497,93.91976251810063,92.7501296235497,93.91976251810063,92.7501296235497,0.0008149548235712595,7.6499550342559814,0:24:55
198,train/val,0.9134635969996452,0.7698802590370178,0.35895832888782025,0.2239956445148906,70.27721497877569,50.41996173902735,78.344917033109,56.95170650105488,93.87340220909307,92.68467153398056,85.16288819065338,70.41732039866956,78.344917033109,56.95170650105488,80.96347412143865,75.40333838437455,93.87340220909307,92.68467153398056,93.87340220909307,92.68467153398056,93.87340220909307,92.68467153398056,0.0008140036289726289,7.70273494720459,0:25:03
199,train/val,0.9206428408622742,0.7774897873401642,0.35788261629641055,0.22323339513625423,68.80864208211112,50.57096801880257,77.10504857274871,56.99353641142465,93.77902907194283,92.68711255096594,84.18404503957598,66.88959416155899,77.10504857274871,56.99353641142465,80.23538480688345,75.66530085407113,93.77902907194283,92.68711255096594,93.77902907194283,92.68711255096594,93.77902907194283,92.68711255096594,0.000813052310857091,7.790531396865845,0:25:10
200,train/val,0.9137605220079422,0.7778431594371795,0.33979339003562925,0.21727954233351737,68.81695961967492,50.50364096822212,77.88360183139943,56.79228336746608,93.6019887410203,92.7519881251181,83.33818926575881,70.87111045252296,77.88360183139943,56.79228336746608,80.35449864228298,75.3706810957611,93.6019887410203,92.7519881251181,93.6019887410203,92.7519881251181,93.6019887410203,92.7519881251181,0.0008121008690479857,7.704322576522827,0:25:18
201,train/val,0.9409056439995765,0.7955945611000061,0.36327770389616487,0.22047944904852765,72.0095225256362,50.42500669854585,80.56427977862445,57.07081586867295,93.54129143521486,92.74829886081066,85.14630705839657,71.22176675971454,80.56427977862445,57.07081586867295,82.67828889373952,70.713499029633,93.54129143521486,92.74829886081066,93.54129143521486,92.74829886081066,93.54129143521486,92.74829886081065,0.0008111493033681683,7.599782943725586,0:25:26
202,train/val,0.8973699420690536,0.7644964799284935,0.33218365386128423,0.2203026278806497,70.18827733455102,50.36642514183054,78.86899641618194,56.85268567829947,93.78723393682037,92.74978011429951,84.25449158916963,70.4181677625728,78.86899641618194,56.85268567829947,81.22952710355008,75.22411335810469,93.78723393682037,92.74978011429951,93.78723393682037,92.74978011429951,93.78723393682037,92.74978011429951,0.0008101976136400101,7.693576335906982,0:25:33
203,train/val,0.9232560157775879,0.784795007109642,0.3461525224149227,0.21929469070588054,68.77304845731649,50.07614789905788,76.40668186397569,56.58276363857281,93.6752523904522,92.70472115985588,84.81419812983168,72.57011247107155,76.40668186397569,56.58276363857281,79.87008468252506,70.23831670004166,93.6752523904522,92.70472115985588,93.6752523904522,92.70472115985588,93.6752523904522,92.70472115985588,0.0008092457996853952,7.64915132522583,0:25:41
204,train/val,0.9783846914768219,0.8099366530776024,0.4211200777441263,0.21887296969799183,70.1308592902173,50.751574319917424,78.53270925246376,57.5935224500496,93.04411306368655,92.84236677900152,84.9965894717618,69.05317935639845,78.53270925246376,57.5935224500496,81.39130615387514,71.13997699158831,93.04411306368655,92.84236677900152,93.04411306368655,92.84236677900152,93.04411306368655,92.84236677900152,0.0008082938613257193,7.6040709018707275,0:25:49
205,train/val,0.9346827358007431,0.7859053120017052,0.37194355577230453,0.22030869466602837,71.39032910233087,50.51348256654392,79.82416318092139,57.51752056278537,93.66992937767117,92.69983357811927,84.66888818516699,70.22992375360249,79.82416318092139,57.51752056278537,82.07033402091841,70.74710175423998,93.66992937767117,92.69983357811927,93.66992937767117,92.69983357811927,93.66992937767117,92.69983357811927,0.0008073417983818864,7.632911920547485,0:25:56
206,train/val,0.9263870969414711,0.7887136220932007,0.3441836919635534,0.21963301969085186,66.8249083284099,50.313297365631335,74.3454477471053,56.83121594307512,93.92850423378934,92.66554283724065,83.76507099910366,66.31950889554335,74.3454477471053,56.83121594307512,77.57408935078077,70.51242471666743,93.92850423378934,92.66554283724065,93.92850423378934,92.66554283724065,93.92850423378934,92.66554283724065,0.0008063896106743082,7.528716802597046,0:26:04
207,train/val,0.9494850888848305,0.7909924015402794,0.39623169489204885,0.2230433804709432,70.59236077311206,50.63938315891501,79.04359888465312,56.83757026119706,93.29760426622731,92.75326411126954,84.5830339757509,67.20695935689996,79.04359888465312,56.83757026119706,81.55097829751664,75.70471356850865,93.29760426622731,92.75326411126954,93.29760426622731,92.75326411126954,93.29760426622731,92.75326411126954,0.0008054372980229014,7.649943113327026,0:26:11
208,train/val,0.9306511119008064,0.7822685435414314,0.3709564205259085,0.21755273707975256,70.3565092915659,51.08991250244412,78.29940644496084,57.610099338899666,93.65630487782968,92.8703497100793,85.57100985862365,67.26581893636295,78.29940644496084,57.610099338899666,81.54355712754133,71.36299003001524,93.65630487782968,92.8703497100793,93.65630487782968,92.8703497100793,93.65630487782968,92.8703497100793,0.0008044848602470856,7.786736965179443,0:26:19
209,train/val,0.8942960187792778,0.7621740728616715,0.3303048614412546,0.21843710297066773,70.34691000400164,50.19090948005024,79.49086303542225,56.464933592860454,93.78935959058443,92.6938308954416,84.25391237739743,70.66263412278282,79.49086303542225,56.464933592860454,81.61023015603628,75.05609282828163,93.78935959058443,92.6938308954416,93.78935959058443,92.6938308954416,93.78935959058443,92.6938308954416,0.0008035322971657822,7.7872092723846436,0:26:27
210,train/val,0.9290845662355423,0.7806627154350281,0.37105461321771144,0.2130276814724148,71.79290620358124,51.14261594486011,80.61084181050698,57.47586746957993,93.7109787292972,92.91286223998593,84.78313386186586,67.21029179177759,80.61084181050698,57.47586746957993,82.56684202254382,76.13346209451869,93.7109787292972,92.91286223998593,93.7109787292972,92.91286223998593,93.7109787292972,92.91286223998593,0.0008025796085974107,7.682913064956665,0:26:35
211,train/val,0.9246875628829002,0.7765864267945289,0.37025283426046374,0.21893757689896975,68.71309664528607,51.337883727944124,77.40436553860316,57.73670273055289,93.46205826944124,92.85276884001874,84.54368981988978,67.30944247945678,77.40436553860316,57.73670273055289,79.70283962294609,76.4582972766491,93.46205826944124,92.85276884001874,93.46205826944124,92.85276884001874,93.46205826944124,92.85276884001874,0.0008016267943598883,7.699927806854248,0:26:42
212,train/val,0.887290595471859,0.7567104786634445,0.3264502875506878,0.21725630087856085,70.5240275475763,50.833590014998755,78.56471021099135,57.720638148616175,94.14520462214116,92.79253119813879,84.86051255663506,66.32068837426121,78.56471021099135,57.720638148616175,81.12008896585398,75.83997503263902,94.14520462214116,92.79253119813879,94.14520462214116,92.79253119813879,94.14520462214116,92.79253119813879,0.0008006738542706269,7.6855432987213135,0:26:50
213,train/val,0.9066669955849648,0.761800366640091,0.3621665667742491,0.22047321778055912,72.15957086295676,50.64840331745293,80.5218206009373,56.902264682450934,93.6840449583257,92.76306701357217,85.86036672390615,67.18608996435866,80.5218206009373,56.902264682450934,83.00802813974938,75.66062882617285,93.6840449583257,92.76306701357217,93.6840449583257,92.76306701357217,93.6840449583257,92.76306701357217,0.0007997207881465311,7.746819257736206,0:26:58
214,train/val,0.929021243751049,0.7797436714172363,0.37319391816854475,0.22055088563598257,69.78349473704225,50.554913912394106,77.80262275033951,57.10659958110471,93.65307043868958,92.74763867667143,85.39734226829484,70.65370174446505,77.80262275033951,57.10659958110471,80.93033035073339,75.52769332950679,93.65307043868958,92.74763867667143,93.65307043868958,92.74763867667143,93.65307043868958,92.74763867667143,0.0007987675958039966,7.753772497177124,0:27:06
215,train/val,0.9212217465043068,0.7891136512160302,0.3302702456712723,0.2255494606143019,69.54265831521916,49.845707314739435,78.34707107400952,56.52045747269058,93.83077446602638,92.62155460161104,83.84409748372391,70.16262208033261,78.34707107400952,56.52045747269058,80.76075840743746,74.75308154874838,93.83077446602638,92.62155460161104,93.83077446602638,92.62155460161104,93.83077446602638,92.62155460161104,0.0007978142770589075,7.703420162200928,0:27:13
216,train/val,0.9166028156876564,0.7715267077088356,0.36269026026129725,0.2174028130411499,70.4837224077718,50.703030336476814,78.55539679268408,57.038302338837056,93.66081581300999,92.86560637025545,85.18511245151157,67.21465761457787,78.55539679268408,57.038302338837056,81.46032622205475,75.64275289754474,93.66081581300999,92.86560637025545,93.66081581300999,92.86560637025545,93.66081581300999,92.86560637025545,0.0007968608317266351,7.593482971191406,0:27:21
217,train/val,0.8668215066194535,0.7417269825935364,0.312736289575696,0.21792814702844462,70.23212029451736,50.861353033242175,77.84557525243147,57.270866088658714,94.44345988526614,92.80464751881165,85.34090869715915,71.81016152760878,77.84557525243147,57.270866088658714,81.03469579862175,71.15543481515057,94.44345988526614,92.80464751881165,94.44345988526614,92.80464751881165,94.44345988526614,92.80464751881165,0.0007959072596220342,7.637570858001709,0:27:29
218,train/val,0.9248378589749336,0.7880318313837051,0.34201506450772284,0.21912204899943546,71.82186724924503,50.584814403551384,80.0739759687181,57.316702708101694,93.73667217449461,92.72031592973289,85.14590689715553,66.39259858768185,80.0739759687181,57.316702708101694,82.15276861529814,70.81885005474203,93.73667217449461,92.72031592973289,93.73667217449461,92.72031592973289,93.73667217449461,92.72031592973289,0.0007949535605594431,7.655850410461426,0:27:36
219,train/val,0.9449967816472054,0.8099741548299789,0.33755657374858855,0.21537880688041136,68.47389270282376,51.1369179695133,76.71430290189619,57.82114489172601,93.78950708922841,92.85127649099813,83.06333084575756,68.01253117855724,76.71430290189619,57.82114489172601,78.6132546504345,71.50818995866094,93.78950708922841,92.85127649099813,93.78950708922841,92.85127649099813,93.78950708922841,92.85127649099813,0.0007939997343526788,7.730469703674316,0:27:44
220,train/val,0.9088567689061164,0.772619192302227,0.34059391990303994,0.21200740441934474,72.4407974328287,51.10499475563921,80.27032601034163,57.72126745436117,93.93921899073591,92.94176610019909,85.71340972090037,72.03345446456767,80.27032601034163,57.72126745436117,82.760403100673,71.42362747663088,93.93921899073591,92.94176610019909,93.93921899073591,92.94176610019909,93.93921899073591,92.94176610019909,0.0007930457808150381,7.67498254776001,0:27:52
221,train/val,0.9197234511375427,0.7819087758660317,0.34453668259084225,0.21343591989225794,68.4880081021156,50.63783622984291,75.57852832814267,56.64458610434413,93.84327504205072,92.94755796777348,84.00198894892806,77.89490953200617,75.57852832814267,56.64458610434413,78.24977629545602,70.75761765758794,93.84327504205072,92.94755796777348,93.84327504205072,92.94755796777348,93.84327504205072,92.94755796777348,0.0007920916997592925,7.384980201721191,0:27:59
222,train/val,0.9041181907057763,0.7632956802845001,0.3520562708377838,0.21527929773078622,72.66138083463717,50.98690297878545,80.75813085167239,57.35965186646402,93.94534300113578,92.86769787799065,85.98140034761404,67.24497135755719,80.75813085167239,57.35965186646402,83.1563345966343,71.22733226411977,93.94534300113578,92.86769787799065,93.94534300113578,92.86769787799065,93.94534300113578,92.86769787799065,0.0007911374909976871,7.571099281311035,0:28:07
223,train/val,0.9182498171925545,0.7778904393315316,0.3508984327316284,0.21568510791951068,72.23295799674266,50.93182046235603,81.1357980548923,57.305888137349726,93.54611408725674,92.8129025944349,85.13904194506362,67.366326739257,81.1357980548923,57.305888137349726,82.96096343930049,71.24381016497038,93.54611408725674,92.8129025944349,93.54611408725674,92.8129025944349,93.54611408725674,92.8129025944349,0.0007901831543419398,7.718526363372803,0:28:14
224,train/val,0.9123762369155883,0.7864083513617516,0.3149196930229664,0.21667591680055737,70.95240120680577,50.93713771196761,79.49143186017704,57.85792334326767,94.08457331013935,92.88966148309314,83.63094402661183,67.21219847653614,79.49143186017704,57.85792334326767,80.91332130424759,71.29272830260727,94.08457331013935,92.88966148309314,94.08457331013935,92.88966148309314,94.08457331013935,92.88966148309314,0.0007892286896032367,7.6989734172821045,0:28:22
225,train/val,0.8958680093288421,0.7623887047171592,0.3336982481181622,0.21228359907663538,71.68570929059128,51.03405237501859,79.8049570370327,57.244498884313145,94.21911429096127,92.95053157028292,85.47119722862743,69.95023762237975,79.8049570370327,57.244498884313145,82.30054403795583,71.25439545132734,94.21911429096127,92.95053157028292,94.21911429096127,92.95053157028292,94.21911429096126,92.95053157028292,0.0007882740965922313,7.679414510726929,0:28:30
226,train/val,0.9197491481900215,0.7787679940462112,0.35245286896824835,0.21579421253700498,71.80621268013977,51.51928307570288,79.5118420720376,57.56170654699828,93.95375814714167,92.97390985568374,86.64103003541086,68.41316240794116,79.5118420720376,57.56170654699828,82.64074435351132,71.86900856627206,93.95375814714167,92.97390985568374,93.95375814714167,92.97390985568374,93.95375814714167,92.97390985568374,0.0007873193751190421,7.902513265609741,0:28:38
227,train/val,0.9134130761027336,0.7680827885866165,0.3633257061243057,0.21666416203818872,66.82315482243155,51.42745505876597,75.36802457061508,57.69110239969702,93.5640163590351,92.91174713904488,83.62102332913138,67.64136998033985,75.36802457061508,57.69110239969702,78.70328042013529,76.56506201135667,93.5640163590351,92.91174713904488,93.5640163590351,92.91174713904488,93.5640163590351,92.91174713904488,0.0007863645249932499,7.833564281463623,0:28:45
228,train/val,0.9010059833526611,0.760621203482151,0.35096193552017213,0.2174085363418054,70.8515960911775,51.22111924820819,78.88377932264731,57.86979510511523,93.99689244003258,92.82370409459519,85.54446366268053,67.8181344673984,78.88377932264731,57.86979510511523,81.81934066020918,71.66685169009214,93.99689244003258,92.82370409459519,93.99689244003258,92.82370409459519,93.99689244003258,92.82370409459519,0.0007854095460238967,7.635242462158203,0:28:53
229,train/val,0.9207899436354637,0.7719686552882195,0.3720532234758139,0.21731181776175773,72.65407029927336,51.404997990879345,80.68367254407698,58.094733490668524,93.80107992029245,92.88145078959687,86.15810265631411,68.42594668137457,80.68367254407698,58.094733490668524,83.18041762866352,71.84905501508257,93.80107992029245,92.88145078959687,93.80107992029245,92.88145078959687,93.80107992029245,92.88145078959687,0.0007844544380194821,7.927712917327881,0:29:01
230,train/val,0.9226338937878609,0.7818676739931106,0.35191553086042404,0.21743897580627622,70.45702857923635,51.74212431978157,78.0639996517927,58.914315524695446,94.105450709674,92.85959259204604,84.5333776912108,67.93790305662337,78.0639996517927,58.914315524695446,80.3441121011241,72.15247412076238,94.105450709674,92.85959259204604,94.105450709674,92.85959259204604,94.105450709674,92.85959259204604,0.0007834992007879618,7.630890369415283,0:29:09
231,train/val,0.8725630655884743,0.7384664192795753,0.33524162471294405,0.21938982600555754,72.78703781751695,51.56837233795367,81.71653449132225,58.36425803353281,94.0961216003111,92.85933739481574,85.28641437331403,66.94601215041824,81.71653449132225,58.36425803353281,83.3607215881014,71.96810339138433,94.0961216003111,92.85933739481574,94.0961216003111,92.85933739481574,94.0961216003111,92.85933739481574,0.0007825438341367444,7.72741174697876,0:29:16
232,train/val,0.9306092515587807,0.7862349718809127,0.3609357014298439,0.21383444387065906,70.43530240457532,51.79999759896388,78.65794734181732,58.358038733415086,93.57590190900143,92.91837117150064,85.21531015955715,71.43703891803871,78.65794734181732,58.358038733415086,81.53789946371352,72.12910108074081,93.57590190900143,92.91837117150064,93.57590190900143,92.91837117150064,93.57590190900143,92.91837117150064,0.0007815883378726914,7.789029598236084,0:29:24
233,train/val,0.9247142344713211,0.7800314441323281,0.3617069683969021,0.21307274146706454,71.42316257128469,51.45150949137896,79.8753999935925,57.92505609506482,93.60785377019201,92.95761051954051,85.24371237489457,71.23002339253006,79.8753999935925,57.92505609506482,82.32649433508367,76.55747537186035,93.60785377019201,92.95761051954051,93.60785377019201,92.95761051954051,93.60785377019201,92.95761051954051,0.0007806327118021114,7.7683265209198,0:29:32
234,train/val,0.8970588237047196,0.7598755240440369,0.3429582417011261,0.21394324596154543,73.4912389787692,50.83338854681637,81.87846614810177,57.160588229953035,93.89221634748091,93.01853608438905,85.99921066536069,75.17193404448133,81.87846614810177,57.160588229953035,83.77412079848665,75.75698091098515,93.89221634748091,93.01853608438905,93.89221634748091,93.01853608438905,93.89221634748091,93.01853608438905,0.0007796769557307604,7.574586391448975,0:29:39
235,train/val,0.9194030463695526,0.773247854411602,0.36538795977830885,0.21554486104829806,69.57057871659934,51.11706038908706,77.71729123113096,57.27407419992764,93.56796311474925,92.97507488651767,85.03611278426338,67.66372220715304,77.71729123113096,57.27407419992764,80.81206231086836,71.4014324743338,93.56796311474925,92.97507488651767,93.56796311474925,92.97507488651767,93.56796311474925,92.97507488651767,0.0007787210694638395,7.728141784667969,0:29:47
236,train/val,0.8929928466677666,0.7461337506771087,0.36714772433042525,0.21331398931681983,74.29718423893233,51.12486022479885,82.33638142004494,57.325280172883474,93.98300106593803,92.97529124938684,87.01287018652283,67.63430767128045,82.33638142004494,57.325280172883474,84.51290664736266,71.40670385876882,93.98300106593803,92.97529124938684,93.98300106593803,92.97529124938684,93.98300106593803,92.97529124938683,0.0007777650528059913,7.784337043762207,0:29:55
237,train/val,0.9369670137763023,0.7949342653155327,0.3550818577408791,0.2107907589920686,72.9175513725614,51.37370536973472,81.76253981104131,57.510495275852904,93.79217687742785,92.94901703019882,85.17897374553822,69.09874312764404,81.76253981104131,57.510495275852904,83.2665676992274,71.69202163797614,93.79217687742785,92.94901703019882,93.79217687742785,92.94901703019882,93.79217687742785,92.94901703019882,0.0007768089055612975,7.609323978424072,0:30:03
238,train/val,0.8869218528270721,0.759227067232132,0.31923694871366026,0.21545990611571286,72.4856257421616,50.97453459124102,80.85309162081154,57.036450727304825,94.0576164496652,92.85390058425742,86.10920967321789,67.55370188406634,80.85309162081154,57.036450727304825,83.19337357632895,75.99003489056508,94.0576164496652,92.85390058425742,94.0576164496652,92.85390058425742,94.05761644966519,92.85390058425742,0.0007758526275332776,7.727667570114136,0:30:10
239,train/val,0.893761295080185,0.7667795553803444,0.31745436489582063,0.2109789002028485,73.1063123695778,51.273591042831626,80.98662226609378,57.801053868920945,94.32801392974606,92.96933849660205,86.58558949117578,68.94006960027347,80.98662226609378,57.801053868920945,83.5352476788655,71.66372229040957,94.32801392974606,92.96933849660205,94.32801392974606,92.96933849660205,94.32801392974606,92.96933849660205,0.0007748962185248855,7.6126933097839355,0:30:18
240,train/val,0.9183503940701485,0.7781420320272445,0.3505208816379309,0.21176440902333857,71.77539152084329,51.402030842804876,79.77018177997167,57.71335840070475,93.6672134926353,92.96258686553114,86.25057148145912,71.61383676932913,79.77018177997167,57.71335840070475,82.55493637512889,71.68551726547715,93.6672134926353,92.96258686553114,93.6672134926353,92.96258686553114,93.6672134926353,92.96258686553114,0.0007739396783385082,7.730337858200073,0:30:26
241,train/val,0.9134354546666146,0.7776172578334808,0.3395454868674278,0.21140182524929996,72.7593918113309,51.49338360925814,81.13774085180899,58.060804173132176,93.98977335090515,92.98760728963121,85.94551336457593,68.321506381291,81.13774085180899,58.060804173132176,83.36312775948717,71.78138497158474,93.98977335090515,92.98760728963121,93.98977335090515,92.98760728963121,93.98977335090515,92.98760728963121,0.0007729830067759618,7.612136602401733,0:30:33
242,train/val,0.8890682145953178,0.7586236223578453,0.3261114738881588,0.2118005095928084,68.65384732884775,51.32547689669874,76.64233315503175,57.63313073368494,94.08609672415984,93.00402312885785,83.92541844504345,67.30579477088169,76.64233315503175,57.63313073368494,78.9228587232285,71.5983066280743,94.08609672415984,93.00402312885785,94.08609672415984,93.00402312885785,94.08609672415984,93.00402312885785,0.0007720262036384911,7.717262506484985,0:30:41
243,train/val,0.9133111119270325,0.7771446481347084,0.34041615277528764,0.2162143732357411,72.00724084950423,51.43109604423414,80.15340219136242,58.51861003193655,93.89096806839119,92.9570834817823,85.33981569488382,66.38256533376499,80.15340219136242,58.51861003193655,82.54293404183714,76.56825583566352,93.89096806839119,92.9570834817823,93.89096806839119,92.9570834817823,93.89096806839119,92.9570834817823,0.000771069268726765,7.88473916053772,0:30:49
244,train/val,0.8988084048032761,0.7645113632082939,0.3357425928115845,0.21223145614527136,71.82896092905511,51.51899176062153,78.7491504075473,58.03795037798023,94.3699057754681,92.9931495077412,86.70042300976107,72.85704523669312,78.7491504075473,58.03795037798023,81.42143000698874,71.81113168725535,94.3699057754681,92.9931495077412,94.3699057754681,92.9931495077412,94.3699057754681,92.9931495077412,0.0007701122018408762,7.487222194671631,0:30:56
245,train/val,0.8871358826756477,0.7560318350791931,0.32776009738445283,0.21353069090308974,74.05170687795938,51.84180097529397,81.86186372269427,58.40663548178843,94.2004078745177,93.02936532337873,87.25124686378271,67.44623581145616,81.86186372269427,58.40663548178843,84.2630472452533,77.02674061008811,94.2004078745177,93.02936532337873,94.2004078745177,93.02936532337873,94.2004078745177,93.02936532337873,0.0007691550027803368,7.814997434616089,0:31:04
246,train/val,0.9147579997777939,0.7746440067887306,0.35028496123850345,0.20892026796478932,72.03887992431392,51.61008698248061,80.0405254763688,58.19078868377774,93.77434463229572,93.13928320867689,85.70852656964712,73.08563821604226,80.0405254763688,58.19078868377774,82.40306683618047,71.88986730324072,93.77434463229572,93.13928320867689,93.77434463229572,93.13928320867689,93.77434463229572,93.13928320867689,0.0007681976713440771,7.502614498138428,0:31:12
247,train/val,0.9513578817248345,0.8069069221615791,0.3611273944377899,0.21633021968903218,69.69663239115519,50.695515235368504,77.60494003697801,57.060050273195486,93.42952175502923,92.89119266647486,85.40050782698133,67.2439151199971,77.60494003697801,57.060050273195486,80.68906590551741,70.9808883437254,93.42952175502923,92.89119266647486,93.42952175502923,92.89119266647486,93.42952175502923,92.89119266647486,0.0007672402073304425,7.71109938621521,0:31:19
248,train/val,0.868540196120739,0.7433899715542793,0.3128755513578653,0.21428629856576661,73.82452963702987,51.7378352028227,82.02222830006394,58.3351112979288,94.38021642381025,92.9947084299523,86.47857633782652,67.3624754337,82.02222830006394,58.3351112979288,83.90553563577754,72.07818136598524,94.38021642381025,92.9947084299523,94.38021642381025,92.9947084299523,94.38021642381025,92.9947084299523,0.0007662826105371908,7.963643550872803,0:31:27
249,train/val,0.8716545969247818,0.7529631733894349,0.2967285457998514,0.21157268755318226,71.0381501049362,51.42790918844376,79.43708595124419,57.7681368148035,94.46473679304603,93.0629514979911,84.51106613048842,68.16000698746564,79.43708595124419,57.7681368148035,81.72512108789604,71.68084956015998,94.46473679304603,93.0629514979911,94.46473679304603,93.0629514979911,94.46473679304603,93.0629514979911,0.0007653248807614901,7.642813205718994,0:31:35
250,train/val,0.8984524637460709,0.7736804082989692,0.31193013712763784,0.21065578249843803,71.59853515033772,51.599072299517864,79.41015794409341,58.113469021479624,94.05994190960055,92.98899977886606,85.36953282283382,72.14110193502846,79.41015794409341,58.113469021479624,81.90803714234566,71.9552878747324,94.05994190960055,92.98899977886606,94.05994190960055,92.98899977886606,94.05994190960055,92.98899977886606,0.0007643670177999164,7.626296043395996,0:31:43
251,train/val,0.8986092612147332,0.7677143096923829,0.3272373523563147,0.2072793881316312,72.55972130102381,51.96906829421668,80.57389553297065,58.516765144411806,94.10890043848238,93.07389169229828,85.49942097293082,69.71805122711572,80.57389553297065,58.516765144411806,82.77435842243747,72.3399336460591,94.10890043848238,93.07389169229828,94.10890043848238,93.07389169229828,94.10890043848238,93.07389169229828,0.0007634090214484511,7.579791784286499,0:31:50
252,train/val,0.9199876546859741,0.7711535602807998,0.37208522856235504,0.20687488600207962,68.48049446907265,51.981423099277634,76.7188389247417,58.36356709071225,93.71265683608479,93.16670026763532,83.62802987102911,72.52797116734955,76.7188389247417,58.36356709071225,79.59682285429334,72.29228596328336,93.71265683608479,93.16670026763532,93.71265683608479,93.16670026763532,93.71265683608479,93.16670026763532,0.0007624508915024773,7.703221082687378,0:31:58
253,train/val,0.8950365036725998,0.7562853097915649,0.346877970919013,0.22239810378541264,72.90526301565363,51.34338677864305,80.82592172083648,57.80681198368157,93.90123326924237,92.51447717244132,86.36983942316515,67.66370790509752,80.82592172083648,57.80681198368157,83.3637309096153,71.80644981864523,93.90123326924237,92.51447717244132,93.90123326924237,92.51447717244132,93.90123326924237,92.51447717244132,0.0007614926277567789,7.793582201004028,0:32:06
254,train/val,0.8935412868857384,0.760123810172081,0.33354367725551126,0.21390853233354457,70.32439196167066,51.67964077876367,79.40398654953637,58.555128432053074,94.05898352639626,92.8805021216321,84.03997842219786,68.6719354438601,79.40398654953637,58.555128432053074,81.42461514167202,72.15605748397853,94.05898352639626,92.8805021216321,94.05898352639626,92.8805021216321,94.05898352639626,92.8805021216321,0.0007605342300055371,7.653736114501953,0:32:13
255,train/val,0.876829993724823,0.7528964951634407,0.30983374640345573,0.21239265688485512,73.69625606583539,52.03766403770065,81.85249298205547,58.58430816716865,94.41171962081486,92.97975165315101,86.35027402145226,71.6033062622475,81.85249298205547,58.58430816716865,83.89262534187786,72.66975617461793,94.41171962081486,92.97975165315101,94.41171962081486,92.97975165315101,94.41171962081486,92.97975165315101,0.0007595756980423268,7.765912294387817,0:32:21
256,train/val,0.9409300804138183,0.8022341758012772,0.3467397551983595,0.20857310351253192,69.7369852103686,52.03505321277498,77.63402281626519,58.55025082654719,93.8333818656082,93.12520297888398,85.17467230069968,71.73503501161909,77.63402281626519,58.55025082654719,80.7937102532704,72.38685753696738,93.8333818656082,93.12520297888398,93.8333818656082,93.12520297888398,93.8333818656082,93.12520297888398,0.0007586170316601162,7.760606288909912,0:32:29
257,train/val,0.922785721719265,0.778926108777523,0.3596490278840065,0.21091752652587972,71.65466602906491,51.49958011709307,79.93632550299272,58.083196749475675,93.85895595953468,92.95981298259322,85.6075213042914,70.16517317985354,79.93632550299272,58.083196749475675,82.48060719870661,71.8536080192065,93.85895595953468,92.95981298259322,93.85895595953468,92.95981298259322,93.85895595953468,92.95981298259322,0.0007576582306512619,7.751986503601074,0:32:37
258,train/val,0.9058849200606346,0.7711503610014916,0.3368363957852125,0.2092968338425119,73.16455736610615,51.54227985476678,80.89969363912537,57.82101860032001,94.15172800784305,93.10580798938201,86.68679209579719,71.1715818371069,80.89969363912537,57.82101860032001,83.53988798091235,71.96061416885547,94.15172800784305,93.10580798938201,94.15172800784305,93.10580798938201,94.15172800784305,93.10580798938201,0.000756699294807508,7.631434917449951,0:32:44
259,train/val,0.8739840939640999,0.7374173611402511,0.34141682609915736,0.21073461148392253,73.24770801209812,50.96660530025359,81.20523058561538,56.96633243285998,94.41078318328042,93.04532624580352,85.95572028184071,67.63556392614439,81.20523058561538,56.96633243285998,83.32766433346127,71.07121885073413,94.41078318328042,93.04532624580352,94.41078318328042,93.04532624580352,94.41078318328042,93.04532624580352,0.0007557402239199829,7.6612913608551025,0:32:52
260,train/val,0.9163595199584961,0.7812449932098389,0.33778632543981074,0.21466852208113452,71.13429058476785,51.53811641473218,79.54725607388198,57.75226324047554,94.10350157973481,92.96900563064949,85.47997297001787,68.44299462926398,79.54725607388198,57.75226324047554,82.08594127243542,71.92554803986214,94.10350157973481,92.96900563064949,94.10350157973481,92.96900563064949,94.10350157973481,92.96900563064949,0.0007547810177791959,7.630014419555664,0:33:00
261,train/val,0.9005815863609314,0.7605064928531646,0.3501877341419458,0.20847733737119614,73.1481974296627,51.61057440618235,81.91702276028919,57.86204944518545,94.00954273036805,93.11371355575511,85.50699583604366,69.24734454638366,81.91702276028919,57.86204944518545,83.58021735470562,71.88500871486761,94.00954273036805,93.11371355575511,94.00954273036805,93.11371355575511,94.00954273036805,93.11371355575511,0.0007538216761750351,7.584901332855225,0:33:07
262,train/val,0.887046779692173,0.7582733437418938,0.32193359062075616,0.21273845151570234,68.29083873508259,51.59564771238936,75.55219725948803,57.66402896305222,94.31714391581457,93.04712926971318,81.48878665275959,72.54322625847367,75.55219725948803,57.66402896305222,77.94404716644632,72.02925573899475,94.31714391581457,93.04712926971318,94.31714391581457,93.04712926971318,94.31714391581457,93.04712926971318,0.0007528621988967645,7.7317140102386475,0:33:15
263,train/val,0.9052892550826073,0.7741023913025856,0.3279671497642994,0.21204589767955817,74.13502563714978,51.569819086162525,82.18620006129663,57.5894716101493,94.13810474693341,92.9876128373971,86.65740233169903,68.225291666529,82.18620006129663,57.5894716101493,84.24287667981591,71.92116874654613,94.13810474693341,92.9876128373971,94.13810474693341,92.9876128373971,94.13810474693341,92.98761283739708,0.0007519025857330216,7.593091726303101,0:33:22
264,train/val,0.8998774349689483,0.7685671374201775,0.328275728225708,0.2082467954093236,71.68950530679943,51.258123757216836,80.03252331569082,57.274337801696404,93.97735829412493,93.15646463959439,85.272583111875,70.08413582547907,80.03252331569082,57.274337801696404,82.31234919677934,71.47635777673047,93.97735829412493,93.15646463959439,93.97735829412493,93.15646463959439,93.97735829412493,93.15646463959439,0.0007509428364718142,7.535876035690308,0:33:30
265,train/val,0.890885828435421,0.7664607554674149,0.31106268651783464,0.20915474970727213,73.36930722169168,51.992131921719555,81.16109607731691,58.41929069261877,94.38393426842894,93.06606934241333,86.68767597774178,71.17445173110278,81.16109607731691,58.41929069261877,83.654298363185,72.57691613942913,94.38393426842894,93.06606934241333,94.38393426842894,93.06606934241333,94.38393426842894,93.06606934241333,0.0007499829509005185,7.753719806671143,0:33:38
266,train/val,0.903186209499836,0.7672023788094521,0.3399595718830824,0.21181383333271384,72.27577327888861,51.7863334143001,80.59267006850813,58.053595934384916,94.02942154234407,93.0506853876396,85.323414585563,69.16392152921269,80.59267006850813,58.053595934384916,82.72115463147408,72.15197112395069,94.02942154234407,93.0506853876396,94.02942154234407,93.0506853876396,94.02942154234407,93.0506853876396,0.0007490229288058747,7.769906044006348,0:33:45
267,train/val,0.8807359039783478,0.7467874437570572,0.3348711345344782,0.2101150762153463,73.6221498325076,51.58101278350195,81.57129516059685,57.92195721734479,94.23993711843988,93.0836224736445,86.96156344245442,68.86283732616289,81.57129516059685,57.92195721734479,83.94295347259687,72.01017937324801,94.23993711843988,93.0836224736445,94.23993711843988,93.0836224736445,94.23993711843988,93.0836224736445,0.0007480627699739849,7.9254701137542725,0:33:53
268,train/val,0.8650803759694099,0.7349766433238983,0.32525931783020495,0.20792580254258547,70.87635027211834,51.788689835238486,79.35843308037055,57.90376170531777,94.27621151811721,93.13196570548664,84.37004393511714,73.51544673476485,79.35843308037055,57.90376170531777,81.55767198231773,72.10420198835565,94.27621151811721,93.13196570548664,94.27621151811721,93.13196570548664,94.27621151811721,93.13196570548664,0.0007471024741903118,7.738541603088379,0:34:01
269,train/val,0.9225108876824379,0.7870418801903725,0.3386725168675184,0.2077757294077749,74.18370340674066,52.02403116073231,81.85347680310574,58.43306814976913,94.16199619899427,93.16198466664085,87.3749250766358,67.74933578394624,81.85347680310574,58.43306814976913,84.3390812349502,77.1929415890498,94.16199619899427,93.16198466664085,94.16199619899427,93.16198466664085,94.16199619899427,93.16198466664085,0.0007461420412396738,7.6504905223846436,0:34:09
270,train/val,0.8751318693161011,0.7481386840343476,0.31748294830322266,0.21490627418825922,73.30751735498853,51.39224860572998,82.17876153633603,57.15860531488528,94.48038446038004,92.99498581824609,85.4683438657423,72.63296463410724,82.17876153633603,57.15860531488528,83.65748965372876,76.50009783558198,94.48038446038004,92.99498581824609,94.48038446038004,92.99498581824609,94.48038446038004,92.99498581824609,0.0007451814709062423,7.899963617324829,0:34:17
271,train/val,0.8897499874234199,0.7638592258095741,0.3147269066423178,0.20998852409088206,71.47231008206906,52.06529812434984,80.58262104883462,58.08405049662465,94.13373411048985,93.14044269174494,84.4886158541159,77.00880462485792,80.58262104883462,58.08405049662465,82.31491149763708,72.3912154375813,94.13373411048985,93.14044269174494,94.13373411048985,93.14044269174494,94.13373411048985,93.14044269174494,0.0007442207629735409,7.6929967403411865,0:34:24
272,train/val,0.8842128694057465,0.7550709128379822,0.3228548765182495,0.20732139078718026,73.99458968044277,52.02414129539894,82.17213104871487,58.8468259413659,94.27641104266776,93.08434923097424,86.26477252645462,70.65741562800686,82.17213104871487,58.8468259413659,84.05570665469747,72.46121719891985,94.27641104266776,93.08434923097424,94.27641104266776,93.08434923097424,94.27641104266776,93.08434923097424,0.00074325991722444,7.53821325302124,0:34:32
273,train/val,0.9139691710472106,0.7774778619408608,0.34122826494276526,0.20839073761271257,71.30443182464214,51.75964360126733,79.15010051713564,58.22341301482972,93.68351363337469,93.01082468982163,85.22564384896273,73.70080934459406,79.15010051713564,58.22341301482972,81.85946264569118,72.14109500463096,93.68351363337469,93.01082468982163,93.68351363337469,93.01082468982163,93.68351363337469,93.01082468982163,0.0007422989334411553,7.673454523086548,0:34:40
274,train/val,0.8965976879000663,0.7598709180951119,0.34181692004203795,0.20942988573814467,72.79880513363814,52.07572224031314,81.07828178200278,58.61550550671638,94.1330378617551,93.02772873244535,85.87529290471907,71.95788164505736,81.07828178200278,58.61550550671638,83.2517022293963,72.50784348759962,94.1330378617551,93.02772873244535,94.1330378617551,93.02772873244535,94.1330378617551,93.02772873244535,0.0007413378114052442,7.778623580932617,0:34:47
275,train/val,0.9006104871630669,0.7670965805649758,0.3337847698479891,0.21152433400596296,68.76149780963799,51.18036427760896,76.78910355258508,57.50019826873714,94.0275618475582,93.02620309682949,84.21659796146336,67.7566278727728,76.78910355258508,57.50019826873714,79.80364236816193,76.34057378033532,94.0275618475582,93.02620309682949,94.0275618475582,93.02620309682949,94.0275618475582,93.02620309682949,0.000740376550897604,7.7214038372039795,0:34:55
276,train/val,0.8912492528557777,0.7553134620189667,0.3398394752293825,0.20669199479817893,70.99539149520365,52.08420814947306,79.46771665759687,59.16138411823364,94.08990529228426,93.23082689339424,84.95826679780393,73.16092967861945,79.46771665759687,59.16138411823364,81.84386072019404,72.74515972405442,94.08990529228426,93.23082689339424,94.08990529228426,93.23082689339424,94.08990529228426,93.23082689339424,0.0007394151516984667,7.689789533615112,0:35:03
277,train/val,0.8744666963815689,0.751038734614849,0.3085698999464512,0.20839318058008438,69.9862180813733,51.49109057268939,78.48873295882942,57.8471521197439,94.20109546472571,93.12595192727721,84.47504955890884,68.3050339008084,78.48873295882942,57.8471521197439,81.10038071370312,71.8299403092449,94.20109546472571,93.12595192727721,94.20109546472571,93.12595192727721,94.20109546472571,93.12595192727721,0.0007384536135873991,7.583252906799316,0:35:10
278,train/val,0.898174287378788,0.7657665386795998,0.3310193683952093,0.20699917307775736,71.43365342318121,51.60222524311795,80.40962551206353,58.13229979862017,94.1407162039592,93.2114929293169,84.37404364695213,69.70012284760024,80.40962551206353,58.13229979862017,82.22898577977631,72.082513685109,94.1407162039592,93.2114929293169,94.1407162039592,93.2114929293169,94.1407162039592,93.2114929293169,0.0007374919363432972,7.918973207473755,0:35:18
279,train/val,0.8655265659093857,0.7401647612452507,0.3134045138955116,0.2049256390204526,75.5075689833629,51.58380114402677,83.7026684487165,57.63088755717581,94.45470556261677,93.2204803100358,87.02468824914969,72.5453083713386,83.7026684487165,57.63088755717581,85.21973384191867,71.77679835353086,94.45470556261677,93.2204803100358,94.45470556261677,93.2204803100358,94.45470556261677,93.2204803100358,0.0007365301197443844,7.753734827041626,0:35:26
280,train/val,0.8829948991537094,0.7590082943439483,0.3099665161222219,0.21330907932731008,70.35530261810973,51.21492876686791,77.9358392119234,57.748384959865795,94.28808511592023,93.13762442668,86.5813153155995,67.15195703796839,77.9358392119234,57.748384959865795,80.07968485603612,76.37858898944867,94.28808511592023,93.13762442668,94.28808511592023,93.13762442668,94.28808511592023,93.13762442668,0.0007355681635682083,7.938385486602783,0:35:34
281,train/val,0.8912054628133774,0.7640520825982093,0.3178834605962038,0.20720901883897855,70.33032592005155,51.98356497312477,78.1752055813483,58.198658328231836,94.10720865076323,93.2105331658204,85.53861604485358,68.17772830403163,78.1752055813483,58.198658328231836,81.28738651339211,72.38285437814658,94.10720865076323,93.2105331658204,94.10720865076323,93.2105331658204,94.10720865076323,93.2105331658204,0.0007346060675916376,7.787698984146118,0:35:42
282,train/val,0.8909464716911316,0.7632353588938713,0.31927777752280234,0.20785733509342216,71.61588425071945,51.63170019241902,79.70438304905815,57.98653228769698,94.13034850652355,93.09404117795935,85.5116233729514,73.46614985800386,79.70438304905815,57.98653228769698,82.2123328917457,72.06921258827454,94.13034850652355,93.09404117795935,94.13034850652355,93.09404117795935,94.13034850652355,93.09404117795935,0.0007336438315908589,7.63301420211792,0:35:49
283,train/val,0.8648322582244873,0.7399607554078103,0.31217875704169273,0.20923527921302335,74.66643767161096,51.94729200269248,82.87726781922873,58.389971234331824,94.28761017125065,93.1415799837495,86.55370837687597,68.03202227195833,82.87726781922873,58.389971234331824,84.59578912042811,72.32514325105987,94.28761017125065,93.1415799837495,94.28761017125065,93.1415799837495,94.28761017125065,93.1415799837495,0.0007326814553413739,7.801333665847778,0:35:57
284,train/val,0.8757029101252556,0.7456361085176468,0.3251670081168413,0.20708887156687605,74.85141256084826,51.55154041364624,83.3915099649026,57.49575392961776,94.2472226904639,93.2364190413971,86.8081218052416,68.47161989088181,83.3915099649026,57.49575392961776,84.95520398797287,71.83329560123816,94.2472226904639,93.2364190413971,94.2472226904639,93.2364190413971,94.2472226904639,93.2364190413971,0.000731718938617996,7.935254096984863,0:36:05
285,train/val,0.888541792333126,0.7581670925021171,0.3259367514401674,0.21139928064512362,73.3631238016146,51.48048300235084,82.35446481898565,57.79285647646562,94.13680091523892,93.1282320590522,85.5915116650437,67.88391071234942,82.35446481898565,57.79285647646562,83.83389099061942,76.73812615370568,94.13680091523892,93.1282320590522,94.13680091523892,93.1282320590522,94.13680091523892,93.1282320590522,0.0007307562811948474,7.719756126403809,0:36:13
286,train/val,0.8774274483323097,0.745998764038086,0.3285717073827982,0.20868837590208061,71.54957173074622,51.5858119615246,79.57891902929424,58.010873716695386,94.19214933498083,93.1063627659696,85.34157837843986,67.56840647486686,79.57891902929424,58.010873716695386,82.09061741448785,76.74739743306428,94.19214933498083,93.1063627659696,94.19214933498083,93.1063627659696,94.19214933498081,93.1063627659696,0.0007297934828453558,7.689992189407349,0:36:21
287,train/val,0.8666488215327263,0.7487109780311585,0.2948445964604616,0.20839616575488673,71.6292484777274,51.361470927085016,79.56894327998452,57.47586098559721,94.70134053817765,93.10373867271032,86.10972685124383,68.05715731160936,79.56894327998452,57.47586098559721,82.1308375403435,76.5154640175094,94.70134053817765,93.10373867271032,94.70134053817765,93.10373867271032,94.70134053817765,93.10373867271032,0.0007288305433422513,7.672634601593018,0:36:28
288,train/val,0.9320563063025474,0.7854974150657654,0.3663972087204456,0.21100177390160615,73.72496470585442,51.34868559276497,81.4323070380701,57.47849085533364,93.8683888855036,93.10563046087398,87.07240058903602,67.96358487623642,81.4323070380701,57.47849085533364,83.94780010565034,76.50528934553917,93.8683888855036,93.10563046087398,93.8683888855036,93.10563046087398,93.8683888855036,93.10563046087398,0.0007278674624575637,7.70522928237915,0:36:36
289,train/val,0.9292382091283798,0.7951017484068871,0.3353411443531513,0.20789670776121072,70.73778179305566,51.77602032783756,81.13633178061745,58.5898358034149,93.90232567723338,93.11163869131754,82.63878079224042,68.40777333833536,81.13633178061745,58.5898358034149,81.50235879078636,72.21446124901844,93.90232567723338,93.11163869131754,93.90232567723338,93.11163869131754,93.90232567723339,93.11163869131754,0.0007269042399626184,7.6398584842681885,0:36:44
290,train/val,0.8819753259420395,0.7594639599323273,0.3062784045934677,0.21042057716258572,73.57251382110871,51.47354929443847,82.04713330166096,58.06271246767085,94.39236814909655,93.06363387319382,86.08297165692264,67.25676308409896,82.04713330166096,58.06271246767085,83.79588409064105,76.6818211041588,94.39236814909655,93.06363387319382,94.39236814909655,93.06363387319382,94.39236814909655,93.06363387319382,0.0007259408756280338,7.715918779373169,0:36:51
291,train/val,0.8985364869236946,0.7676431506872177,0.3272333428263664,0.21099945965973943,70.86833724355688,51.41906048675181,79.6159977006179,57.577487090401256,94.3308648942615,93.0774422624588,84.47542167215788,68.07876510257647,79.6159977006179,57.577487090401256,81.73689931343587,76.59745198465372,94.3308648942615,93.0774422624588,94.3308648942615,93.0774422624588,94.3308648942615,93.0774422624588,0.0007249773692237179,7.727946758270264,0:36:59
292,train/val,0.8773123785853386,0.7545005664229393,0.30702951177954674,0.21269011292144574,74.07426450235425,51.14123029130974,82.83061414225931,57.72760788593203,94.32025613158721,93.02444445504683,86.00315825226575,67.24433047575198,82.83061414225931,57.72760788593203,84.19071026135619,71.49067285163378,94.32025613158721,93.02444445504683,94.32025613158721,93.02444445504683,94.32025613158721,93.02444445504683,0.0007240137205188655,7.928282022476196,0:37:07
293,train/val,0.9087997704744339,0.7771895825862885,0.3290254656225443,0.208021326619293,71.15738074482941,51.281666935307435,79.24466810958026,57.305045564095494,93.84776236062295,93.15449518270846,85.1053789098041,68.18700100042574,79.24466810958026,57.305045564095494,81.80818569785437,71.58773172601676,93.84776236062295,93.15449518270846,93.84776236062295,93.15449518270846,93.84776236062295,93.15449518270846,0.0007230499292819537,7.710068225860596,0:37:15
294,train/val,0.858074800670147,0.7362599402666092,0.30453715063631537,0.20756640895063508,73.01366263331516,52.24127359609444,80.9477221981432,58.55571251985368,94.54588036584789,93.23264101283564,86.09556733279211,68.28735873051141,80.9477221981432,58.55571251985368,83.31550062710272,72.65143299583005,94.54588036584789,93.23264101283564,94.54588036584789,93.23264101283564,94.54588036584789,93.23264101283564,0.0007220859952807401,7.810987710952759,0:37:22
295,train/val,0.8853186741471291,0.7614560797810555,0.3096564918756485,0.2075217145450882,75.87730859389647,52.07464517458176,83.96527255668316,58.5279612891744,94.59620340730713,93.24089054069303,87.17045308933872,69.26555395012592,83.96527255668316,58.5279612891744,85.41974432920446,72.47236358863563,94.59620340730713,93.24089054069303,94.59620340730713,93.24089054069303,94.59620340730713,93.24089054069303,0.0007211219182822582,7.585728406906128,0:37:30
296,train/val,0.8917504966259002,0.7645125463604927,0.3180948723107576,0.21089479650558987,73.40563401375705,50.99083825884979,81.59315174681107,57.43472121765316,94.28702435234062,93.06990284863353,86.09313362664179,67.62499822835993,81.59315174681107,57.43472121765316,83.66588139656737,71.27023498540098,94.28702435234062,93.06990284863353,94.28702435234062,93.06990284863353,94.28702435234062,93.06990284863353,0.0007201576980528149,7.756760835647583,0:37:38
297,train/val,0.8901579067111015,0.7666574388742446,0.30875116735696795,0.21201232697801153,74.24115760834638,51.20525115443589,82.47460947976955,57.4121016032747,94.37276111388158,93.04856614107503,86.24081164332038,68.0158455017888,82.47460947976955,57.4121016032747,84.21786264788788,71.5748545340258,94.37276111388158,93.04856614107503,94.37276111388158,93.04856614107503,94.37276111388158,93.04856614107503,0.0007191933343579873,7.642662286758423,0:37:45
298,train/val,0.8773257106542587,0.7546770572662354,0.30662163235247136,0.21193114170899705,73.20913886280975,51.320965489959214,81.24773712487998,58.26999363303518,94.38918060719107,93.02699642734973,86.52173399473897,66.95136630469196,81.24773712487998,58.26999363303518,83.63486831979547,76.5265781589521,94.38918060719107,93.02699642734973,94.38918060719107,93.02699642734973,94.38918060719107,93.02699642734973,0.0007182288269626187,7.730013847351074,0:37:53
299,train/val,0.9103757932782173,0.7703479632735253,0.3500695627182722,0.20720451929745978,72.47499730836779,51.31011698943411,81.03260050573017,57.88629417368182,93.97805590304456,93.21638605881941,85.74376097044781,67.51540602894546,81.03260050573017,57.88629417368182,83.14524454044833,71.61482971912478,93.97805590304456,93.21638605881941,93.97805590304456,93.21638605881941,93.97805590304456,93.21638605881941,0.0007172641756308151,7.785986423492432,0:38:01
300,train/val,0.8814881220459938,0.754351370036602,0.3178418692201376,0.20991217339643492,75.63774156155381,51.39558570670416,83.25961058785607,57.57073376231515,94.38771471731813,93.1961533566702,87.7553100636709,67.80802152054474,83.25961058785607,57.57073376231515,85.28614353257294,71.70600801469836,94.38771471731813,93.1961533566702,94.38771471731813,93.1961533566702,94.38771471731813,93.1961533566702,0.0007162993801259422,7.67753005027771,0:38:09
301,train/val,0.8526544272899628,0.7381465122103691,0.28626978360116484,0.2121993103093745,73.44993219540676,51.2872823710939,82.21556393503012,57.51215929183906,94.7069980788987,93.0411543258649,85.66674635761797,68.34940948812654,82.21556393503012,57.51215929183906,83.76169595429887,71.58181681863115,94.7069980788987,93.0411543258649,94.7069980788987,93.0411543258649,94.7069980788987,93.0411543258649,0.0007153344402106225,7.778700590133667,0:38:16
302,train/val,0.897203552722931,0.7729197680950165,0.3107094530016184,0.21113053082958683,71.7707107072707,51.64963041898102,79.10822049138126,58.12362939361647,94.53492653483578,93.09730881206022,87.5187690849332,73.16328280199545,79.10822049138126,58.12362939361647,81.74035567498976,72.14352727338975,94.53492653483578,93.09730881206022,94.53492653483578,93.09730881206022,94.53492653483578,93.09730881206022,0.0007143693556467307,7.653449296951294,0:38:24
303,train/val,0.8422369584441185,0.7179668173193932,0.31067534908652306,0.2066712292504541,74.5966486074118,51.72046947605241,81.76633325705065,58.05944169585303,94.78415264710446,93.15077817957163,87.14694589905379,68.59940188604526,81.76633325705065,58.05944169585303,84.13118338521731,72.04285973700999,94.78415264710446,93.15077817957163,94.78415264710446,93.15077817957163,94.78415264710446,93.15077817957163,0.0007134041261953908,7.830497741699219,0:38:32
304,train/val,0.8788121342658997,0.7466640993952751,0.3303700819611549,0.20477274627697753,73.28440143061125,51.58760827487674,80.66277418704834,57.83628694931963,94.53339191087923,93.24021371325617,86.96177737991103,68.76336681800146,80.66277418704834,57.83628694931963,83.36815720590367,71.8993098857566,94.53339191087923,93.24021371325617,94.53339191087923,93.24021371325617,94.53339191087923,93.24021371325617,0.0007124387516169725,7.901920795440674,0:38:40
305,train/val,0.9118997380137444,0.7811747744679451,0.3268124110996723,0.20673543077105236,74.40964240385829,52.08572143861288,82.79447438692307,58.437541188218404,94.04254966096278,93.22978391340958,86.59785453252834,75.49055743401667,82.79447438692307,58.437541188218404,84.55434243638678,72.6093178014817,94.04254966096278,93.22978391340958,94.04254966096278,93.22978391340958,94.04254966096278,93.22978391340958,0.0007114732316710879,7.755939483642578,0:38:48
306,train/val,0.8661663234233856,0.7475416779518127,0.29656159356236456,0.20900654114189887,74.27272278673826,52.17777337810489,82.25829862265105,58.135770955189074,94.64131459510051,93.0907236139656,87.25085316510103,73.64777745576819,82.25829862265105,58.135770955189074,84.32886796358294,72.50562366040394,94.64131459510051,93.0907236139656,94.64131459510051,93.0907236139656,94.64131459510051,93.0907236139656,0.0007105075661165878,7.877835988998413,0:38:55
307,train/val,0.8933778688311577,0.7653072327375412,0.3201765943318605,0.2140094071870974,73.49443962664593,50.97342558375356,81.13738779749158,57.29783267313163,94.57414571046382,92.9776656931817,86.3682836415849,67.53625084984742,81.13738779749158,57.29783267313163,83.49762678555057,75.90784212037597,94.57414571046382,92.9776656931817,94.57414571046382,92.9776656931817,94.57414571046382,92.97766569318169,0.0007095417547115585,7.652181386947632,0:39:03
308,train/val,0.8664755120873451,0.746412193775177,0.3001582883298397,0.20670071497595544,74.11671205029033,52.06568898355308,82.23606613982055,58.42042179377424,94.71988698805036,93.15027333287694,86.29194785873894,68.2301664612057,82.23606613982055,58.42042179377424,84.12025864056586,72.46481539930895,94.71988698805036,93.15027333287694,94.71988698805036,93.15027333287694,94.71988698805036,93.15027333287694,0.0007085757972133169,7.848009347915649,0:39:11
309,train/val,0.8697052374482155,0.7527136161923409,0.29247904717922213,0.20690743773506579,73.36776925475363,52.0805960048221,81.35284665512202,58.33703057685161,94.78142968405902,93.22573404432022,86.412190367797,74.7068271869412,81.35284665512202,58.33703057685161,83.64466646286999,72.43118106476902,94.78142968405902,93.22573404432022,94.78142968405902,93.22573404432022,94.78142968405902,93.22573404432022,0.0007076096933784085,7.75639271736145,0:39:19
310,train/val,0.8666227281093597,0.7547495380043984,0.27968297004699705,0.2050103638074378,75.37178854222857,51.80581118936834,83.15959503992173,58.07590938325031,94.69726166009218,93.30861766650538,87.23034312416075,74.46615464972831,83.15959503992173,58.07590938325031,85.06721083980656,72.08254090372395,94.69726166009218,93.30861766650538,94.69726166009218,93.30861766650538,94.69726166009218,93.30861766650538,0.0007066434429626031,7.832241058349609,0:39:27
311,train/val,0.8853643074631691,0.758068923652172,0.31823845729231837,0.20844592162995693,72.16342807302118,51.72432014975229,79.56376626019261,58.1859632174761,94.65264561013336,93.12596302280897,86.87110233823253,71.54080478253697,79.56376626019261,58.1859632174761,82.1921669445951,72.0213269412821,94.65264561013336,93.12596302280897,94.65264561013336,93.12596302280897,94.65264561013336,93.12596302280897,0.0007056770457208911,7.752708673477173,0:39:34
312,train/val,0.8899374574422836,0.767397303879261,0.3063503887504339,0.20587762307559096,73.1852266516077,51.70934817004185,80.50408594999213,57.67298739665324,94.3203669616163,93.27030479536677,87.65401276865337,72.52223631126962,80.50408594999213,57.67298739665324,83.31272642593328,72.05710046239855,94.3203669616163,93.27030479536677,94.3203669616163,93.27030479536677,94.3203669616163,93.27030479536677,0.0007047105014074794,7.556053400039673,0:39:42
313,train/val,0.916591240465641,0.7838418155908584,0.33187355659902096,0.21080753599952212,72.21456835212096,51.253758936777274,79.69615207611284,57.652070382404695,93.96312429195324,93.111394589619,85.97110400149944,67.52668617526415,79.69615207611284,57.652070382404695,82.44745360772993,76.34969578556782,93.96312429195324,93.111394589619,93.96312429195324,93.111394589619,93.96312429195324,93.111394589619,0.0007037438097757892,7.824592113494873,0:39:50
314,train/val,0.8835470736026764,0.7561531871557235,0.3184847094118595,0.20624648926106476,75.6714286467895,51.65921853650728,84.70118467979397,57.91727874176625,94.19999607192776,93.24700417868821,86.44672222471179,72.38930310129196,84.70118467979397,57.91727874176625,85.47332569392721,72.02240290773496,94.19999607192776,93.24700417868821,94.19999607192776,93.24700417868821,94.19999607192776,93.24700417868821,0.0007027769705784504,7.5938451290130615,0:39:57
315,train/val,0.8586302027106285,0.7376737937331199,0.3023910213261843,0.20505876134670686,76.87380529830664,52.13875577454195,84.29242848806821,58.17403045630277,94.66865338937048,93.2410125915423,88.31781029741776,69.16983085489615,84.29242848806821,58.17403045630277,86.16698927214698,72.70814178444851,94.66865338937048,93.2410125915423,94.66865338937048,93.2410125915423,94.66865338937048,93.2410125915423,0.0007018099835672989,7.616992712020874,0:40:05
316,train/val,0.8936893016099929,0.7634592026472091,0.32557524628937246,0.20673351094066586,73.09598931550028,51.951015885249895,81.45500240174847,57.91367597202315,94.22625126487551,93.30424047922932,85.9949481226924,69.5568068176224,81.45500240174847,57.91367597202315,83.49287695889028,72.19301104191351,94.22625126487551,93.30424047922932,94.22625126487551,93.30424047922932,94.22625126487551,93.30424047922932,0.0007008428484933727,7.526092052459717,0:40:12
317,train/val,0.8918545454740524,0.7603030070662499,0.3288788452744484,0.21411330318924696,74.39008931110614,50.89669646393698,82.34467486732305,56.81677418176956,94.26639050376822,92.95171879218036,86.87086458958323,72.1359183892344,82.34467486732305,56.81677418176956,84.2237139754983,75.89618093113727,94.26639050376822,92.95171879218036,94.26639050376822,92.95171879218036,94.26639050376822,92.95171879218036,0.0006998755651069078,7.64158296585083,0:40:20
318,train/val,0.8612868145108223,0.7429801985621453,0.2957665342837572,0.20785238111186272,75.3209803505805,51.5705900630435,83.42328681329492,57.97053538994233,94.22694650521929,93.16210671749012,87.3350220290225,65.26495619359738,83.42328681329492,57.97053538994233,85.18586513037813,71.94002829444793,94.22694650521929,93.16210671749012,94.22694650521929,93.16210671749012,94.22694650521929,93.16210671749012,0.0006989081331573351,7.725056409835815,0:40:28
319,train/val,0.8662647411227227,0.7449170261621475,0.30336929149925707,0.2061294177483793,75.03791733389602,52.17480781396788,83.11544525627113,58.560797305384284,94.583295279846,93.20894095701402,86.89461104063501,68.74821826796453,83.11544525627113,58.560797305384284,84.8324288302642,72.81167027511086,94.583295279846,93.20894095701402,94.583295279846,93.20894095701402,94.583295279846,93.20894095701402,0.0006979405523932757,7.531006574630737,0:40:35
320,train/val,0.8820404767990112,0.7599660769104958,0.30518601052463057,0.20414344455665417,74.70603905832928,51.22075438223905,82.57671243367358,57.13640748092196,94.62921857992981,93.21033899401473,86.83009873476563,64.39195228155747,82.57671243367358,57.13640748092196,84.51450777532511,76.03249494858699,94.62921857992981,93.21033899401473,94.62921857992981,93.21033899401473,94.62921857992981,93.21033899401473,0.0006969728225625379,7.605344772338867,0:40:43
321,train/val,0.8609403684735298,0.7426112577319145,0.29582277610898017,0.2088231495555213,75.07496188829006,51.748331800038514,82.70038016872533,58.32158730673677,94.797701275465,93.06684602963594,87.43595656725539,66.58370998785672,82.70038016872533,58.32158730673677,84.90858005236372,72.284359873226,94.797701275465,93.06684602963594,94.797701275465,93.06684602963594,94.797701275465,93.06684602963594,0.0006960049434121114,7.7490739822387695,0:40:51
322,train/val,0.8687149867415428,0.7464084088802337,0.3057664234191179,0.205973325504303,75.76670966406789,51.760160269297664,83.007865388038,58.16037191185286,94.78235902322254,93.09194967022415,88.2823247168871,70.51891521422206,83.007865388038,58.16037191185286,85.34620997740676,72.13575705273993,94.78235902322254,93.09194967022415,94.78235902322254,93.09194967022415,94.78235902322254,93.09194967022414,0.0006950369146881669,7.719679355621338,0:40:58
323,train/val,0.8661127269268036,0.7426427319645882,0.3086749956011772,0.20994261806193626,73.22802758240778,51.65969047174922,81.66240844368627,57.77412589965588,94.3977003346467,93.11436264436259,86.21950670897547,69.14271133508433,81.66240844368627,57.77412589965588,83.61287005907833,72.03877284588101,94.3977003346467,93.11436264436259,94.3977003346467,93.11436264436259,94.3977003346467,93.11436264436259,0.000694068736136049,7.878421783447266,0:41:06
324,train/val,0.8716832965612411,0.752663542330265,0.29754937924444674,0.20479876161487198,74.40356559048222,52.34352767505271,82.09731723558139,58.36223333371302,94.75670154647166,93.2369016970283,86.80943716103252,68.98955793696567,82.09731723558139,58.36223333371302,84.28832943635977,72.97045742712909,94.75670154647166,93.2369016970283,94.75670154647166,93.2369016970283,94.75670154647166,93.2369016970283,0.0006931004075002731,7.743361949920654,0:41:14
325,train/val,0.8614106059074402,0.745423001050949,0.2899689983576536,0.20402653145868963,75.98493523484082,52.105824774085804,83.49816474028452,57.89859155126229,94.66542886258739,93.22507940794686,88.29426819972166,72.50908990100332,83.49816474028452,57.89859155126229,85.66078744117803,72.59633258152402,94.66542886258739,93.22507940794686,94.66542886258739,93.22507940794686,94.66542886258739,93.22507940794686,0.0006921319285245216,7.7915754318237305,0:41:22
326,train/val,0.8714946404099464,0.7485739290714264,0.30730179138481617,0.20729208883142358,75.23432690620702,51.72759539527358,83.00979460427301,57.81478220306142,94.59602445664933,93.13272574941163,87.40903835842614,68.78659153378513,83.00979460427301,57.81478220306142,84.97001324980835,72.20665073456185,94.59602445664933,93.13272574941163,94.59602445664933,93.13272574941163,94.59602445664933,93.13272574941163,0.0006911632989516406,7.687103748321533,0:41:29
327,train/val,0.8774103507399559,0.7634104549884796,0.2849997378885746,0.20225332592378345,74.50703984910277,51.88526225765685,82.65949363234402,58.11560472150956,94.80268903187792,93.30722517727054,86.46195522043708,67.60985457993628,82.65949363234402,58.11560472150956,84.4218914570351,72.2321388204785,94.80268903187792,93.30722517727054,94.80268903187792,93.30722517727054,94.80268903187792,93.30722517727054,0.0006901945185236344,7.605801105499268,0:41:37
328,train/val,0.8701396301388741,0.7546428442001343,0.2887419704347849,0.20502996172381346,74.04712858198612,51.92234257071413,81.8407154739001,57.80651491028986,94.70401738723933,93.25281268956023,86.7923935714856,69.76505862305656,81.8407154739001,57.80651491028986,84.12312664499686,72.31718174721607,94.70401738723933,93.25281268956023,94.70401738723933,93.25281268956023,94.70401738723933,93.25281268956023,0.0006892255869816633,7.682833433151245,0:41:45
329,train/val,0.8607623249292373,0.7417699724435807,0.29748087339103224,0.20793466639882976,72.85751961061732,51.63239607940414,81.24795469767818,57.78606170968165,94.42785920750055,93.20735984373941,85.53737618871855,68.10188606403248,81.24795469767818,57.78606170968165,83.25150453911381,76.59766597242918,94.42785920750055,93.20735984373941,94.42785920750055,93.20735984373941,94.42785920750055,93.20735984373941,0.0006882565040660368,7.7241904735565186,0:41:52
330,train/val,0.8677434653043747,0.7447255164384842,0.30754486918449403,0.20524405586012173,75.58585965184396,52.25512899502449,83.10672229882663,58.41003748800573,94.5543792784875,93.22231107277481,87.91800178273773,68.42117379189327,83.10672229882663,58.41003748800573,85.3237597175533,77.44274292552748,94.5543792784875,93.22231107277481,94.5543792784875,93.22231107277481,94.5543792784875,93.22231107277481,0.0006872872695162122,7.696169137954712,0:42:00
331,train/val,0.8888118967413903,0.7624033018946648,0.3160214811563492,0.2042276095827309,74.36220773801858,52.01989058944042,82.75014176326178,58.07947780786399,94.38462331983852,93.22400314136695,86.28087895426854,69.01196193575514,82.75014176326178,58.07947780786399,84.25346616731126,72.31605191235226,94.38462331983852,93.22400314136695,94.38462331983852,93.22400314136695,94.38462331983852,93.22400314136695,0.0006863178830707892,7.7609405517578125,0:42:08
332,train/val,0.8823805510997772,0.750521419942379,0.32964783199131487,0.2064037666899682,74.81773253519776,51.52081566625838,82.66280171153687,57.60099899780435,94.1554144707665,93.19562631891199,87.39813149628519,68.04844071108967,82.66280171153687,57.60099899780435,84.77730040650272,76.5600298365099,94.1554144707665,93.19562631891199,94.1554144707665,93.19562631891199,94.1554144707665,93.19562631891199,0.0006853483444675055,7.718865394592285,0:42:16
333,train/val,0.8638164103031158,0.7493449062108993,0.2861787587404251,0.20685308263205873,73.74595406401333,51.51527145101586,82.47070044467088,57.77948904506244,94.7112165782119,93.17704130322791,85.54655532240058,67.89444396192513,82.47070044467088,57.77948904506244,83.81522976486353,76.57990050658636,94.7112165782119,93.17704130322791,94.7112165782119,93.17704130322791,94.7112165782119,93.1770413032279,0.0006843786534432337,7.800588846206665,0:42:23
334,train/val,0.8569800540804863,0.72723368704319,0.32436592504382133,0.2119264319591619,74.39407405365635,50.60581465108631,82.8220681027092,56.78109874020232,94.22508675467219,93.04479366027945,86.5433046820593,71.30426203770318,82.8220681027092,56.78109874020232,84.50631392787959,70.90260628209042,94.22508675467219,93.04479366027945,94.22508675467219,93.04479366027945,94.22508675467219,93.04479366027945,0.000683408809733975,7.819969177246094,0:42:31
335,train/val,0.8596119999885559,0.7373663946986199,0.305614023283124,0.21114935921015682,74.62511286526026,50.679880305941694,82.43393062212778,57.04814103018493,94.69860898799787,93.05834130454826,87.15548150382322,69.7401572795139,82.43393062212778,57.04814103018493,84.63582785410452,71.01291097648279,94.69860898799787,93.05834130454826,94.69860898799787,93.05834130454826,94.69860898799787,93.05834130454826,0.0006824388130748577,7.770127058029175,0:42:39
336,train/val,0.8721241220831871,0.7442380130290985,0.3197152730077505,0.21172418533693302,74.59754517076371,50.63499979587285,82.61103321246316,56.87102521884656,94.41928263316834,93.07527308600136,86.88778456888943,71.87867598467722,82.61103321246316,56.87102521884656,84.58170139753207,70.8934071061327,94.41928263316834,93.07527308600136,94.41928263316834,93.07527308600136,94.41928263316834,93.07527308600136,0.000681468663200131,7.8818042278289795,0:42:47
337,train/val,0.8575407117605209,0.7348496854305268,0.3067275773733854,0.20806611074261616,75.3883327799173,51.24024607402242,82.88488950984477,57.58057782583252,94.92873610625429,93.23336777016537,87.08355492940797,71.6613420135876,82.88488950984477,57.58057782583252,84.80591156579976,76.2518957182246,94.92873610625429,93.23336777016537,94.92873610625429,93.23336777016537,94.92873610625429,93.23336777016537,0.0006804983598431607,7.80859899520874,0:42:55
338,train/val,0.8980306267738343,0.7708802863955497,0.31787583939731123,0.20605427174262372,75.82543768452217,51.61117876898346,83.55390625034381,57.56621375573263,94.46391316373082,93.25996930754008,87.59231609724068,75.82326466100832,83.55390625034381,57.56621375573263,85.34997576048191,71.88955548537896,94.46391316373082,93.25996930754008,94.46391316373082,93.25996930754008,94.46391316373082,93.25996930754006,0.0006795279027364257,7.668963670730591,0:43:02
339,train/val,0.8544729113578796,0.7342068761587143,0.3006650771945715,0.21087027147964574,72.93488631733138,51.11710328957619,80.421994168652,57.37673703484846,94.91260296606828,93.01582877464165,86.59623875896033,70.1537517345004,80.421994168652,57.37673703484846,82.68972494206412,71.47713333119681,94.91260296606828,93.01582877464165,94.91260296606828,93.01582877464165,94.91260296606828,93.01582877464165,0.000678557291611514,7.729453802108765,0:43:10
340,train/val,0.8998393237590789,0.7723697975277901,0.3186738085001707,0.20864726522326374,73.39225127464651,51.09470418101455,81.52083976507942,57.33529475638659,93.99809001913557,93.21731253572068,86.63947821632813,69.06285752986902,81.52083976507942,57.33529475638659,83.8277654365892,71.31978587019172,93.99809001913557,93.21731253572068,93.99809001913557,93.21731253572068,93.99809001913557,93.21731253572068,0.0006775865261991167,7.913840055465698,0:43:18
341,train/val,0.8765620544552803,0.7524587452411652,0.3102582775056362,0.21157862344595982,75.85055913718715,50.68707937262336,83.79342888130111,56.83373488822831,94.75743979755617,93.0638724271265,87.57243215839708,68.16189503915177,83.79342888130111,56.83373488822831,85.51434792326597,70.89383226146451,94.75743979755617,93.0638724271265,94.75743979755617,93.0638724271265,94.75743979755616,93.0638724271265,0.0006766156062290242,7.855401039123535,0:43:26
342,train/val,0.8862226009368896,0.7666988998651505,0.2988092493265867,0.20526075203489277,69.12867926362536,51.45823893201331,77.52298890955736,57.66057933952013,94.31220861179672,93.21565930148967,84.08828888716002,67.75182278894852,77.52298890955736,57.66057933952013,80.4257779144567,71.53074283519399,94.31220861179672,93.21565930148967,94.31220861179672,93.21565930148967,94.31220861179672,93.21565930148968,0.0006756445314301233,7.743576526641846,0:43:34
343,train/val,0.8690624490380288,0.7411619395017623,0.31975128278136256,0.20534665377174016,76.81342919542122,51.87584670163095,84.72794284552477,58.15119289846675,94.52338898692543,93.18222846432181,87.90223866953734,72.24419048597571,84.72794284552477,58.15119289846675,86.19239461621483,72.33160192358952,94.52338898692543,93.18222846432181,94.52338898692543,93.18222846432181,94.52338898692543,93.18222846432181,0.0006746733015303905,7.731578826904297,0:43:41
344,train/val,0.8895958572626114,0.7554807290434837,0.335287819057703,0.20755833803483376,76.2829718816524,51.178187473386814,83.91958993068768,57.52931204531766,94.00987878036135,93.23310702516922,87.88923040201318,70.43150706975577,83.91958993068768,57.52931204531766,85.77696071374353,71.44527396553633,94.00987878036135,93.23310702516922,94.00987878036135,93.23310702516922,94.00987878036135,93.23310702516922,0.0006737019162568887,7.701970338821411,0:43:49
345,train/val,0.8428640007972718,0.723517832159996,0.29836540631949904,0.20441039048144288,76.39694994756863,51.886018317027634,83.70561650496654,57.97149235684537,94.81732443930227,93.30375227583225,88.03661324302246,72.21398260956042,83.70561650496654,57.97149235684537,85.67103712756715,72.31307114598087,94.81732443930227,93.30375227583225,94.81732443930227,93.30375227583225,94.81732443930227,93.30375227583225,0.0006727303753357621,7.829274892807007,0:43:57
346,train/val,0.8536340832710266,0.7291257455945015,0.31127081662416456,0.20677297375964993,77.44970779341175,51.19117691638556,85.1592196552911,57.46958026835971,94.7489064763865,93.19097174334216,88.0815344735453,67.70043421285344,85.1592196552911,57.46958026835971,86.53013533220219,76.20889224671014,94.7489064763865,93.19097174334216,94.7489064763865,93.19097174334216,94.7489064763865,93.19097174334216,0.0006717586784922325,7.8444435596466064,0:44:05
347,train/val,0.8875318393111229,0.7650308802723884,0.30625239200890064,0.20383260735211292,74.93997762810409,51.754267322442715,82.8662777297053,57.903046169693354,94.45342055781416,93.24937862248308,87.1617806164107,64.42406703460179,82.8662777297053,57.903046169693354,84.8325980466749,76.69898749198325,94.45342055781416,93.24937862248308,94.45342055781416,93.24937862248308,94.45342055781417,93.24937862248306,0.0006707868254505936,7.6390910148620605,0:44:12
348,train/val,0.8792864888906479,0.7524071350693703,0.3171983823180199,0.20141217647891232,74.7218192165082,51.66022426608892,82.96755864208683,57.75264366768514,94.33183847152948,93.39507959768045,86.76654661233705,64.58125890738043,82.96755864208683,57.75264366768514,84.72838280556611,76.631015806552,94.33183847152948,93.39507959768045,94.33183847152948,93.39507959768045,94.33183847152948,93.39507959768045,0.0006698148159342068,7.9434850215911865,0:44:20
349,train/val,0.8622892156243325,0.7476475760340691,0.2866040948778391,0.20670445213308547,74.9619577253695,51.780005797320975,82.92501343641241,58.05893532491111,94.76636992064262,93.15612067811007,87.00962167129835,67.8675294514704,82.92501343641241,58.05893532491111,84.82550365483125,76.85502372771623,94.76636992064262,93.15612067811007,94.76636992064262,93.15612067811007,94.76636992064262,93.15612067811007,0.0006688426496654973,7.784866571426392,0:44:28
350,train/val,0.874143186211586,0.7512412890791893,0.3072547562420368,0.20681488669742273,74.35878507723203,51.397609684227696,82.68677647959083,57.725477730278364,94.32115702995421,93.0791898087097,86.57830300105924,69.80354358018829,82.68677647959083,57.725477730278364,84.50640803556716,71.67883535891475,94.32115702995421,93.0791898087097,94.32115702995421,93.0791898087097,94.32115702995421,93.0791898087097,0.0006678703263659481,7.897465944290161,0:44:36
351,train/val,0.8611815631389618,0.7419419258832931,0.29809910655021665,0.2037712321581769,73.57168146057107,51.68934574040237,80.99198901262433,58.01172262035429,94.67292863828236,93.2903044913492,87.09226291950932,71.20600229708265,80.99198901262433,58.01172262035429,83.76512328911618,72.00630660168174,94.67292863828236,93.2903044913492,94.67292863828236,93.2903044913492,94.67292863828236,93.2903044913492,0.0006668978457560966,7.741937160491943,0:44:44
352,train/val,0.8679255813360214,0.7492034688591958,0.2968052763491869,0.20335479106309284,73.6754876960727,51.62726093049752,81.76065562125774,57.686331883884456,94.54018134568216,93.26567241086045,85.61360720644912,68.3801402499384,81.76065562125774,57.686331883884456,83.43582398915228,71.8458320469449,94.54018134568216,93.26567241086045,94.54018134568216,93.26567241086045,94.54018134568216,93.26567241086045,0.0006659252075555292,7.741668224334717,0:44:52
353,train/val,0.8709842935204506,0.7461337521672249,0.31212635040283204,0.2024433351713544,77.81679383739682,51.79367255834908,85.188589154084,58.06097836808741,94.82836228670809,93.27619097496105,88.88735467031364,67.82875519116274,85.188589154084,58.06097836808741,86.92371115266279,76.84946962451154,94.82836228670809,93.27619097496105,94.82836228670809,93.27619097496105,94.82836228670809,93.27619097496105,0.0006649524114828755,7.663525342941284,0:44:59
354,train/val,0.8535832956433296,0.7309885725378991,0.306486789137125,0.2045821824695286,76.90694039563107,51.78022138653105,84.70717841393099,57.97824327527735,94.55019960285766,93.32543849264094,88.00571250435928,68.45753958474758,84.70717841393099,57.97824327527735,86.26447547309279,72.03736055611726,94.55019960285766,93.32543849264094,94.55019960285766,93.32543849264094,94.55019960285767,93.32543849264094,0.0006639794572558048,7.762209892272949,0:45:07
355,train/val,0.921059736609459,0.7835140854120255,0.34386413246393205,0.2114733340010532,76.00088344059654,50.8621899132765,83.42063723267746,56.77124172319742,94.18693440581093,92.97048688413835,88.27730906018807,68.60431711219097,83.42063723267746,56.77124172319742,85.66225243542783,71.04605924760412,94.18693440581093,92.97048688413835,94.18693440581093,92.97048688413835,94.18693440581093,92.97048688413835,0.0006630063445910218,7.874504089355469,0:45:15
356,train/val,0.8227054223418235,0.71673763692379,0.26491945907473563,0.20373271831055106,74.91006247385444,51.81232516902898,83.44816793751113,57.93842954449309,94.99538992760402,93.25219133978213,86.10427064415524,70.14589932955367,83.44816793751113,57.93842954449309,84.68577746923988,72.10726877457579,94.99538992760402,93.25219133978213,94.99538992760402,93.25219133978213,94.99538992760402,93.25219133978213,0.0006620330732042595,7.925044059753418,0:45:23
357,train/val,0.8761117115616799,0.7459020167589188,0.3255242358893156,0.20766588451027151,76.99471874442926,51.58819480879917,84.7597171656157,57.74243807531519,94.42060125264672,93.20537929132173,88.15868929032706,68.7676975052743,84.7597171656157,57.74243807531519,86.38016292111281,71.94076253939315,94.42060125264672,93.20537929132173,94.42060125264672,93.20537929132173,94.42060125264672,93.20537929132173,0.0006610596428102766,8.014369249343872,0:45:31
358,train/val,0.872270256280899,0.7534293919801712,0.29710215516388416,0.20630234182743906,74.45888293246085,52.52424288475774,83.10251498345733,59.15520005158415,94.63646335822291,93.2405521269746,86.31364074140816,70.56359443750125,83.10251498345733,59.15520005158415,84.60493207961125,73.04898581980312,94.63646335822291,93.2405521269746,94.63646335822291,93.2405521269746,94.63646335822291,93.2405521269746,0.0006600860531228517,7.7776710987091064,0:45:39
359,train/val,0.8439762115478515,0.7353053510189056,0.27167714536190035,0.20371280464828162,69.22419552375717,51.64975544645917,76.9396049131136,57.32869706164703,94.9023802516346,93.32026242707879,80.42234837592622,71.09356985120536,76.9396049131136,57.32869706164703,78.47180140923915,71.93517172541601,94.9023802516346,93.32026242707879,94.9023802516346,93.32026242707879,94.9023802516346,93.32026242707879,0.0006591818626722792,7.904555559158325,0:45:46
360,train/val,0.8824447467923164,0.7531485468149185,0.3232405010610819,0.2045053532802747,73.56186105508108,51.86226918057413,81.118462279525,58.09089324028262,94.27531601448253,93.29548055691137,86.9328922853775,68.52275605427032,81.118462279525,58.09089324028262,83.56919967090765,72.133080572308,94.27531601448253,93.29548055691137,94.27531601448253,93.29548055691137,94.27531601448253,93.29548055691137,0.0006582079649641403,7.913562774658203,0:45:54
361,train/val,0.8665507048368454,0.7474369987845421,0.29778427071869373,0.20285265475541453,72.54703180214739,51.8915706760214,79.37716747652107,58.0766878775438,94.8748442601358,93.31715013042243,88.34194541123264,70.40962864504839,79.37716747652107,58.0766878775438,85.8744736531336,72.34217818664075,94.8748442601358,93.31715013042243,94.8748442601358,93.31715013042243,94.8748442601358,93.31715013042243,0.0006572339071186522,7.932884216308594,0:46:02
362,train/val,0.8668459624052047,0.7486668780446053,0.2954477027058601,0.20707390993577962,73.12610018287577,52.05711688634837,81.35177498369096,58.384514056906234,94.44899961345983,93.20667746853668,86.10570321165821,71.11114430977631,81.35177498369096,58.384514056906234,83.5244537323627,72.5987260554171,94.44899961345983,93.20667746853668,94.44899961345983,93.20667746853668,94.44899961345983,93.20667746853668,0.0006562596888456933,7.645723342895508,0:46:10
363,train/val,0.8655224353075027,0.7505306452512741,0.2874794751405716,0.20861084240661196,75.70662220029841,51.347263002687846,83.05847287563672,57.73701218696872,94.94778941255842,93.11204922599234,88.21156727855464,71.54317318666398,83.05847287563672,57.73701218696872,85.0996751912743,71.94593429523012,94.94778941255842,93.11204922599234,94.94778941255842,93.11204922599234,94.94778941255842,93.11204922599234,0.0006552853098541378,7.453761100769043,0:46:17
364,train/val,0.8460347086191178,0.7329183667898178,0.28279085233807566,0.20665466331815538,74.44085311364522,51.85091235661287,81.89974551139305,57.91246231600296,94.73510683362973,93.25212476659162,86.84786955999645,70.78731162826534,81.89974551139305,57.91246231600296,83.9704521341671,72.30042169581083,94.73510683362973,93.25212476659162,94.73510683362973,93.25212476659162,94.73510683362973,93.25212476659162,0.0006543107698518486,7.841008424758911,0:46:25
365,train/val,0.8474688246846199,0.732082724571228,0.28846525996923444,0.20037547110414244,75.58195660877108,51.96861425982362,83.45093786469897,58.04656099812531,94.80082162448745,93.41867979371631,87.5729968958538,72.01538031308888,83.45093786469897,58.04656099812531,85.34029245235445,72.40911680926385,94.80082162448745,93.41867979371631,94.80082162448745,93.41867979371631,94.80082162448745,93.41867979371631,0.000653336068545674,7.853689193725586,0:46:33
366,train/val,0.8469158813357354,0.7338280022144318,0.2827196817845106,0.20297609341299055,78.29550267589669,51.60621866025553,85.33420654821863,58.037703579555235,94.87082678163546,93.31909184847898,89.41925064360751,69.80693971847025,85.33420654821863,58.037703579555235,87.21041483625515,72.1502248530682,94.87082678163546,93.31909184847898,94.87082678163546,93.31909184847898,94.87082678163546,93.31909184847898,0.0006523612056414413,7.720245361328125,0:46:41
367,train/val,0.8443743467330933,0.7315826073288918,0.28197934478521347,0.20607660041672599,77.71711431011339,51.75290073601574,85.0796898461159,57.96031181385759,94.98635205534984,93.17941019925688,88.809395673738,71.68871793506841,85.0796898461159,57.96031181385759,86.84522576805405,72.40432986786873,94.98635205534984,93.17941019925688,94.98635205534984,93.17941019925688,94.98635205534984,93.17941019925688,0.0006513861808439522,7.756328821182251,0:46:49
368,train/val,0.8750415399670601,0.7607227206230164,0.2857970491051674,0.2007129542715273,74.83119436556953,52.4764896101094,82.68155393509848,58.75677572884278,94.70459612124098,93.4282607853839,87.04345745448293,69.83601862590922,82.68155393509848,58.75677572884278,84.69885267914415,72.8971658696119,94.70459612124098,93.4282607853839,94.70459612124098,93.4282607853839,94.70459612124098,93.4282607853839,0.0006504109938569768,7.672679901123047,0:46:56
369,train/val,0.8452864602208138,0.7320653781294822,0.28305270448327063,0.20250477841210623,75.37231516069028,52.279618231373426,83.5867092890166,58.42765853043953,94.89861722717737,93.37015903336615,86.66752187564913,69.94782475761797,83.5867092890166,58.42765853043953,85.01474133031004,72.67290855920417,94.89861722717737,93.37015903336615,94.89861722717737,93.37015903336615,94.89861722717737,93.37015903336615,0.0006494356443832487,7.837163925170898,0:47:04
370,train/val,0.8795581147074699,0.7664035424590111,0.2828864321112633,0.20200672751389243,73.9032746875586,52.097857840207965,81.85384081439744,58.25479900602113,94.70690457596342,93.275924682199,85.39015495534315,71.16694159938038,81.85384081439744,58.25479900602113,83.11041798931873,72.64843384149084,94.70690457596342,93.275924682199,94.70690457596342,93.275924682199,94.70690457596343,93.275924682199,0.0006484601321244596,7.963541030883789,0:47:12
371,train/val,0.8617707893252373,0.7473345533013344,0.28609058260917664,0.200551882040739,75.66364028124443,52.33590166441991,83.30061493290938,58.30204003362963,94.57624006819853,93.3878785975736,87.91177968975337,76.17304818865257,83.30061493290938,58.30204003362963,85.45818240403938,72.73182575324847,94.57624006819853,93.3878785975736,94.57624006819853,93.3878785975736,94.57624006819853,93.3878785975736,0.0006474844567812542,7.8893468379974365,0:47:20
372,train/val,0.8541248843073845,0.7398360356688499,0.28572213314473627,0.20067872173884846,71.30394347188403,52.19309051363115,79.8151079462685,58.2959907030576,94.6995855692495,93.43329815679917,84.48192959022869,69.9152950566009,79.8151079462685,58.2959907030576,81.91994020361705,72.53575179630481,94.6995855692495,93.43329815679917,94.6995855692495,93.43329815679917,94.6995855692495,93.43329815679917,0.0006465086180532247,7.806826829910278,0:47:28
373,train/val,0.8390415370464325,0.7282449871301651,0.2769913662225008,0.20030419899927734,77.56619469853077,51.92377239627925,85.01663907107118,58.01588622654323,94.97046097605934,93.39950116708351,88.64291917728326,70.75844083425132,85.01663907107118,58.01588622654323,86.73021530229731,72.33973382453041,94.97046097605934,93.39950116708351,94.97046097605934,93.39950116708351,94.97046097605934,93.39950116708351,0.0006455326156389038,7.68030047416687,0:47:35
374,train/val,0.8686690583825112,0.7517389774322509,0.2923251949250698,0.20180345065420366,76.11187953747537,51.93507167581991,84.44004856341564,58.05044078402939,94.50177183924272,93.4156729046116,87.11577794416463,72.70669011169544,84.44004856341564,58.05044078402939,85.6307351535277,72.19955186294264,94.50177183924272,93.4156729046116,94.50177183924272,93.4156729046116,94.50177183924272,93.4156729046116,0.000644556449235763,7.877530813217163,0:47:43
375,train/val,0.8696895271539689,0.756322555243969,0.28341742269694803,0.20371212136289857,76.75986381124147,51.91518573772345,84.30336794029685,57.98192885669978,94.8224937402431,93.28657084491476,88.24575680681211,71.44004041402619,84.30336794029685,57.98192885669978,86.13768017844086,72.50108025597483,94.8224937402431,93.28657084491476,94.8224937402431,93.28657084491476,94.8224937402431,93.28657084491476,0.0006435801185402012,7.837763786315918,0:47:51
376,train/val,0.8486805036664009,0.7362831026315689,0.2809934992343187,0.20222640018884042,74.79579131385886,52.24804453549552,83.15022514938431,58.45571148234102,94.80316628689825,93.35974587681719,86.6142163847944,70.98347527584349,83.15022514938431,58.45571148234102,84.76959841358422,72.72531454094664,94.80316628689825,93.35974587681719,94.80316628689825,93.35974587681719,94.80316628689825,93.35974587681719,0.0006426036232475456,7.784749984741211,0:47:59
377,train/val,0.8555828675627708,0.7375636368989944,0.2950480833649635,0.20160572784496925,78.57740472726252,51.98601308551544,86.11029040668244,58.06317981277619,94.99380856161766,93.4180861827676,88.9539014211899,73.98146130083039,86.11029040668244,58.06317981277619,87.45173073814391,72.36896039869094,94.99380856161766,93.4180861827676,94.99380856161766,93.4180861827676,94.99380856161766,93.4180861827676,0.0006416269630520406,7.869197130203247,0:48:07
378,train/val,0.8277492001652718,0.719632351398468,0.2702921211719513,0.20264721296677654,76.82971164865606,52.04229868880633,84.31993702163369,57.983421321822995,94.99850268837466,93.37964571301384,88.18506816271213,70.42021907308839,84.31993702163369,57.983421321822995,85.99545632056878,72.36638286988155,94.99850268837466,93.37964571301384,94.99850268837466,93.37964571301384,94.99850268837466,93.37964571301384,0.000640650137646846,7.875487327575684,0:48:15
379,train/val,0.858517861366272,0.740500271320343,0.295043970271945,0.20098854084166765,76.3697216163515,51.70509023490059,84.04290561167421,57.61270392766961,94.87345472653213,93.38270253201144,87.95178718919348,69.09895375700074,84.04290561167421,57.61270392766961,85.88738632863974,72.01534243336785,94.87345472653213,93.38270253201144,94.87345472653213,93.38270253201144,94.87345472653213,93.38270253201144,0.0006396731467240293,7.993215560913086,0:48:23
380,train/val,0.8689519822597503,0.7526624321937561,0.29072387218475343,0.2043950372560911,75.43707335975421,52.02452504763097,83.64866252162584,58.486165880092,94.65577202625539,93.29824334431754,87.14341981278272,69.88628850710366,83.64866252162584,58.486165880092,85.26102296204625,72.54248202306847,94.65577202625539,93.29824334431754,94.65577202625539,93.29824334431754,94.65577202625539,93.29824334431754,0.0006386959899745599,7.916510343551636,0:48:31
381,train/val,0.8667152091860771,0.7554725259542465,0.27810669876635075,0.20268037928820112,76.23240992197688,51.89992284185987,84.25892869334585,58.10032780024077,94.76750735249556,93.31734430222808,87.3490295103372,75.72209868292026,84.25892869334585,58.10032780024077,85.715935984469,72.491974324154,94.76750735249556,93.31734430222808,94.76750735249556,93.31734430222808,94.76750735249556,93.31734430222808,0.0006377186670883046,7.623523473739624,0:48:38
382,train/val,0.8756967157125473,0.7543126076459885,0.30346025675535204,0.20175539313230412,76.46335788198262,52.01128110039984,83.79234790583808,58.0036327845489,94.56542410498156,93.41194480594304,88.42731633131822,72.12207302112502,83.79234790583808,58.0036327845489,85.96832193701385,72.4888244287338,94.56542410498156,93.41194480594304,94.56542410498156,93.41194480594304,94.56542410498156,93.41194480594304,0.0006367411777540204,7.658431529998779,0:48:46
383,train/val,0.8415837317705155,0.7269296392798423,0.2866352297365665,0.2048488581574405,75.90634691710692,52.13714017070814,84.01662383030755,58.37028546846972,94.76237920396363,93.34771277263248,87.15516544624464,68.9494474245015,84.01662383030755,58.37028546846972,85.48279372309828,72.44903281909544,94.76237920396363,93.34771277263248,94.76237920396363,93.34771277263248,94.76237920396363,93.34771277263248,0.0006357635216593491,7.658538103103638,0:48:53
384,train/val,0.8413225755095481,0.7246610447764397,0.29165381789207456,0.20702735399472985,77.6726659431212,51.598996662007934,85.48660357445952,57.72938037710137,94.86281802134893,93.18931296134527,88.26325838328273,68.06012513410751,85.48660357445952,57.72938037710137,86.80714652056972,76.66893077920955,94.86281802134893,93.18931296134527,94.86281802134893,93.18931296134527,94.86281802134893,93.18931296134527,0.0006347856984908125,7.93026328086853,0:49:01
385,train/val,0.8607806503772736,0.7483421012759208,0.28109636418521405,0.20744958773754285,76.39448996675426,51.48068790398908,84.15416716687932,57.70189287602206,94.96123226798251,93.2000367927833,87.9256536651624,67.93214718504946,84.15416716687932,57.70189287602206,85.92420237897936,71.7523392842659,94.96123226798251,93.2000367927833,94.96123226798251,93.2000367927833,94.96123226798251,93.20003679278331,0.0006338077079338047,7.8364174365997314,0:49:09
386,train/val,0.8574319809675217,0.7384337276220322,0.29749564118683336,0.20160567713492178,77.4439315338432,52.32984210569484,85.45283031980088,58.443406052453405,94.83961712487783,93.36858346785742,88.05602801960794,71.31753556294714,85.45283031980088,58.443406052453405,86.65623694641461,72.87187747373093,94.83961712487783,93.36858346785742,94.83961712487783,93.36858346785742,94.83961712487783,93.36858346785742,0.0006328295496725868,7.650603771209717,0:49:17
387,train/val,0.8628815710544586,0.7443777233362198,0.2962596207857132,0.20416251651881964,75.14332277937011,51.90361279493835,83.05171915912585,58.17460622449385,94.70324268876698,93.30056231045364,87.2632221962171,74.52394219983933,83.05171915912585,58.17460622449385,84.97136568010525,72.33634393260618,94.70324268876698,93.30056231045364,94.70324268876698,93.30056231045364,94.70324268876698,93.30056231045364,0.0006318512233902814,7.584231376647949,0:49:24
388,train/val,0.8359510585665703,0.7332296833395958,0.2568034317344427,0.20423341024871522,73.69415694277266,52.517068164665034,82.09368513195962,58.82055215542561,95.05789613356124,93.34266985345133,86.33631738432749,73.01709672189595,82.09368513195962,58.82055215542561,84.04524712016278,73.27101552943111,95.05789613356124,93.34266985345133,95.05789613356124,93.34266985345133,95.05789613356124,93.34266985345133,0.0006308727287688659,7.770707130432129,0:49:32
389,train/val,0.8584931045770645,0.7324362799525261,0.31514206267893313,0.20574356283016834,77.08119600741054,52.055411786481756,84.6278957125412,58.35105660974644,94.70644832593693,93.33185170999342,88.45155753819105,73.78732955960443,84.6278957125412,58.35105660974644,86.39036074589367,72.41459800818077,94.70644832593693,93.33185170999342,94.70644832593693,93.33185170999342,94.70644832593693,93.33185170999342,0.0006298940654891668,7.817197322845459,0:49:40
390,train/val,0.8507851988077164,0.7333901315927506,0.29348764680325984,0.20486705591306129,77.37802625509023,51.7574157657852,85.48653135959103,57.89027828188481,94.73900389776185,93.3627527659219,87.82581751920121,68.21569501090364,85.48653135959103,57.89027828188481,86.59088750546057,71.97647848109669,94.73900389776185,93.3627527659219,94.73900389776185,93.3627527659219,94.73900389776185,93.3627527659219,0.0006289152332308527,7.872215270996094,0:49:48
391,train/val,0.8787791639566421,0.7530487671494484,0.3143259983509779,0.20459470590086454,75.66135641193763,52.211199413432574,83.55306855126982,58.36481432080437,94.37401514987383,93.3468140345606,87.7199687014602,72.26307209573379,83.55306855126982,58.36481432080437,85.43269064646466,72.75338233166185,94.37401514987383,93.3468140345606,94.37401514987383,93.3468140345606,94.37401514987383,93.3468140345606,0.0006279362316724291,7.63809871673584,0:49:56
392,train/val,0.8573025479912758,0.7375461608171463,0.2993909664452076,0.20264794327814378,76.5263766087704,52.172523487358404,84.53978056057608,58.03704941862103,94.65699761832528,93.41532894312729,87.53774828655658,72.80012613409414,84.53978056057608,58.03704941862103,85.92453670227913,72.67598291589898,94.65699761832528,93.41532894312729,94.65699761832528,93.41532894312729,94.65699761832528,93.41532894312729,0.0006269570604912317,7.619586944580078,0:50:03
393,train/val,0.8677766069769859,0.7525031611323356,0.2881836052983999,0.20805805304610073,73.75626410977421,51.632284173664644,82.01531162283644,57.67195079361467,94.83894667419162,93.28574422779926,86.2211516046628,69.9772199975191,82.01531162283644,57.67195079361467,83.98663434731495,72.02487646968622,94.83894667419162,93.28574422779926,94.83894667419162,93.28574422779926,94.83894667419162,93.28574422779926,0.0006259777193634207,7.790353298187256,0:50:11
394,train/val,0.8334068566560745,0.7257345542311668,0.2691807471215725,0.20633037473175164,76.35856618910786,51.83007783278567,84.22340304449139,58.05850618642285,95.13666939621388,93.26086804561196,87.83112620875677,70.58536704946926,84.22340304449139,58.05850618642285,85.82499797234874,72.3950432514444,95.13666939621388,93.26086804561196,95.13666939621388,93.26086804561196,95.13666939621386,93.26086804561196,0.0006249982079639723,7.982821226119995,0:50:19
395,train/val,0.8358499825000762,0.7253116756677628,0.27634576670825484,0.20554698966538595,76.12379352661198,51.57730628098559,83.53527511050918,57.96672262012081,95.00339478302928,93.3091169654342,88.09726660738674,68.1783077169101,83.53527511050918,57.96672262012081,85.59885088414104,71.97914687386606,95.00339478302928,93.3091169654342,95.00339478302928,93.3091169654342,95.00339478302928,93.3091169654342,0.000624018525966676,7.74933123588562,0:50:27
396,train/val,0.8567175671458245,0.7456646844744682,0.2776322074234486,0.20343356652130504,73.8921777103702,52.01750060136764,82.4928088689324,58.280078292175176,94.82652265432358,93.41521798780978,86.21669196819356,69.18651233395472,82.4928088689324,58.280078292175176,84.11390678437411,72.44870665730538,94.82652265432358,93.41521798780978,94.82652265432358,93.41521798780978,94.82652265432358,93.41521798780978,0.0006230386730441247,7.781707286834717,0:50:35
397,train/val,0.849718825519085,0.7396559923887253,0.27515707090497016,0.202120507857814,76.50054880453048,52.36681730117304,84.00580611411408,58.44237927560165,94.87949290098328,93.46877611957521,88.0329058873811,74.86945501211136,84.00580611411408,58.44237927560165,85.89715047832811,72.68181010973971,94.87949290098328,93.46877611957521,94.87949290098328,93.46877611957521,94.87949290098328,93.46877611957521,0.0006220586488677104,7.839442491531372,0:50:42
398,train/val,0.8471632212400436,0.7322364822030067,0.2873168498277664,0.2003867861627235,77.5503569774836,51.93307280700351,85.31384792212229,57.953748112985906,94.84688215138559,93.4347627669904,88.2262293599567,73.38323891692919,85.31384792212229,57.953748112985906,86.71039098662095,72.1137709643309,94.84688215138559,93.4347627669904,94.84688215138559,93.4347627669904,94.84688215138559,93.4347627669904,0.0006210784531076162,7.706749200820923,0:50:50
399,train/val,0.8403124064207077,0.7309838950634002,0.2733212895691395,0.20255147109691649,74.95397842329335,51.547590773468485,82.70498556751504,57.492269060632225,94.99975023687585,93.38548196271525,86.94903901514864,69.15995209096573,82.70498556751504,57.492269060632225,84.55055230575637,71.83570179479844,94.99975023687585,93.38548196271525,94.99975023687585,93.38548196271525,94.99975023687584,93.38548196271525,0.0006200980854328103,7.860877990722656,0:50:58
400,train/val,0.8441354602575302,0.7317414656281471,0.28098497427999974,0.20044662315188663,76.94017926003758,51.93951567191404,85.1315922042533,57.95745023738462,94.95096828895198,93.41333729517787,87.56160963476685,68.21639442917787,85.1315922042533,57.95745023738462,86.22722384818941,76.92378898549872,94.95096828895198,93.41333729517787,94.95096828895198,93.41333729517787,94.95096828895198,93.41333729517787,0.0006191175455110408,7.894041299819946,0:51:06
401,train/val,0.8422152057290078,0.7354950100183487,0.26680048890411856,0.20235217562608201,75.83300163550203,52.08061312646134,83.50276927350336,58.334311122034634,95.00988388398088,93.44315098899467,87.9470397275529,68.71848799011214,83.50276927350336,58.334311122034634,85.57566765010584,72.31947217474097,95.00988388398088,93.44315098899467,95.00988388398088,93.44315098899467,95.00988388398088,93.44315098899467,0.0006181368330088267,7.715008020401001,0:51:14
402,train/val,0.8475944623351097,0.7326225802302361,0.2874297000467777,0.20067059989629007,74.9270468010674,52.287630509748325,82.48605136294167,58.19626680395381,94.78041311467656,93.51734126205238,87.98979528598873,70.21745661371673,82.48605136294167,58.19626680395381,84.60020911354306,72.50917753034537,94.78041311467656,93.51734126205238,94.78041311467656,93.51734126205238,94.78041311467656,93.51734126205238,0.0006171559475914522,7.868481397628784,0:51:21
403,train/val,0.8437936007976532,0.7282806649804116,0.28878232538700105,0.20405659124793332,78.18962560509442,51.62240821496955,85.69900880647452,57.89212812777079,94.90542805683718,93.35106362322149,88.76907858169338,68.6634659057287,85.69900880647452,57.89212812777079,87.12262987865729,71.9193142222906,94.90542805683718,93.35106362322149,94.90542805683718,93.35106362322149,94.90542805683718,93.35106362322149,0.0006161748889229603,7.6580822467803955,0:51:29
404,train/val,0.8568624496459961,0.7423384368419648,0.2863100294023752,0.20316596093248013,76.88686042130566,51.9497043021011,84.7797855654975,57.81681304711083,94.84409706126755,93.42767826996695,87.75672236929918,70.04768139811765,84.7797855654975,57.81681304711083,86.16617495836086,72.20753615432629,94.84409706126755,93.42767826996695,94.84409706126755,93.42767826996695,94.84409706126755,93.42767826996695,0.0006151936566661461,7.856127500534058,0:51:37
405,train/val,0.8540394991636276,0.7460012525320053,0.2700956117361784,0.20229938386616203,77.98618107590399,52.38457699057485,85.5362142549609,58.07056196162556,94.95705847363473,93.45763065793064,88.59706974764701,72.25919024047626,85.5362142549609,58.07056196162556,86.98093564286069,72.85820576646985,94.95705847363473,93.45763065793064,94.95705847363473,93.45763065793064,94.95705847363473,93.45763065793064,0.0006142122504825488,7.821189641952515,0:51:45
406,train/val,0.832415571808815,0.7230913385748863,0.2733105842024088,0.20206060563905992,77.87667508930491,52.536791690091924,85.82583532050567,58.42955703613109,95.09146724361868,93.47234888079926,88.14841094088408,72.77402553358495,85.82583532050567,58.42955703613109,86.94686613468808,72.97799433335672,95.09146724361868,93.47234888079926,95.09146724361868,93.47234888079926,95.09146724361868,93.47234888079926,0.0006132306700324457,7.852813482284546,0:51:53
407,train/val,0.8540503859519959,0.7443890318274498,0.27415339313447473,0.202136139338298,73.5388855517514,51.8608151000692,80.85661318608713,57.87202538816748,95.10203282645129,93.43915659756406,87.57781721125761,68.64414294884412,80.85661318608713,57.87202538816748,83.59636286442854,72.03139241104162,95.10203282645129,93.43915659756406,95.10203282645129,93.43915659756406,95.10203282645129,93.43915659756406,0.0006122489149748453,7.952289342880249,0:52:01
408,train/val,0.833982466161251,0.7289388671517372,0.26260899789631365,0.20095602183183178,76.12400399339785,52.3393125632029,84.46229715806014,58.22970625506569,94.82896402058938,93.418247067978,87.03724606497482,73.28739498377196,84.46229715806014,58.22970625506569,85.67001121871752,72.86270182759876,94.82896402058938,93.418247067978,94.82896402058938,93.418247067978,94.82896402058938,93.418247067978,0.0006112669849674793,7.843514919281006,0:52:08
409,train/val,0.8653951495885849,0.7493024170398712,0.29023182168602946,0.2009215145113744,75.23300356680377,52.18795175849248,83.48636788592681,58.10794005616082,94.70233133949783,93.40744556781773,86.60889995530849,77.06326290900917,83.48636788592681,58.10794005616082,84.9810826808311,72.62481938336207,94.70233133949783,93.40744556781773,94.70233133949783,93.40744556781773,94.70233133949783,93.40744556781773,0.0006102848796667972,7.856734752655029,0:52:16
410,train/val,0.8742487013339997,0.7523568421602249,0.3047296617180109,0.20681558125170524,74.803556015678,51.64062042321559,82.37741385590228,57.80545711356939,94.66331200318798,93.286515367256,87.67438904786667,71.9561775596265,82.37741385590228,57.80545711356939,84.74818546705973,72.2488653260443,94.66331200318798,93.286515367256,94.66331200318798,93.286515367256,94.66331200318797,93.286515367256,0.000609302598727958,7.803366661071777,0:52:24
411,train/val,0.8513729259371757,0.7444691643118858,0.2672594003379345,0.20119286570900394,75.26072879055603,52.12607735756083,82.89989332321815,58.13778474113212,95.05615865858039,93.46327273582638,87.45991559538948,72.55597299251289,82.89989332321815,58.13778474113212,85.00049369277669,77.11054908263716,95.05615865858039,93.46327273582638,95.05615865858039,93.46327273582638,95.05615865858039,93.46327273582638,0.0006083201418048229,8.072646141052246,0:52:32
412,train/val,0.8245056614279747,0.7155153661966324,0.27247574292123317,0.20087716077332582,77.57045403820896,51.77635023171761,85.04997023237749,57.825986936751065,94.91945816469229,93.41148988914121,88.43427368389577,72.33558079136996,85.04997023237749,57.825986936751065,86.52352962252175,71.96033874460257,94.91945816469229,93.41148988914121,94.91945816469229,93.41148988914121,94.91945816469229,93.41148988914121,0.0006073375085499489,7.931166172027588,0:52:40
413,train/val,0.8672655209898948,0.7394293025135994,0.3195905365049839,0.20176590073089873,77.84544456006867,52.04802293607385,84.99168459639343,58.28289089653239,94.74656731843668,93.36837265275413,89.03895243726537,73.57575039106055,84.99168459639343,58.28289089653239,86.91738068274461,72.34236917511016,94.74656731843668,93.36837265275413,94.74656731843668,93.36837265275413,94.74656731843668,93.36837265275413,0.0006063546986145805,7.931510925292969,0:52:48
414,train/val,0.8470361873507499,0.7293801635503769,0.2941400516778231,0.2100556845644205,76.27696144803934,51.59909994423706,84.27375173762512,57.66558700106581,94.7692302335243,93.13871733655755,87.45678967675623,71.47201141507816,84.27375173762512,57.66558700106581,85.75297468523453,71.89708010643355,94.7692302335243,93.13871733655755,94.7692302335243,93.13871733655755,94.7692302335243,93.13871733655755,0.0006053717116486435,7.655341863632202,0:52:56
415,train/val,0.8255497872829437,0.718345782160759,0.2680100090801716,0.20568632743980758,76.3270034580851,51.67782288553467,83.43403557653568,57.783421069410466,95.03176096834414,93.26628266510679,88.31412910806785,68.39427164437626,83.43403557653568,57.783421069410466,85.60554669447859,71.8808142773504,95.03176096834414,93.26628266510679,95.03176096834414,93.26628266510679,95.03176096834414,93.26628266510679,0.0006043885473007373,7.857808828353882,0:53:03
416,train/val,0.8409318804740906,0.7356020137667656,0.26332466714084146,0.2002991297282083,74.55161561110275,52.257442895966136,82.17255315255494,58.429600817828586,95.19278033545953,93.39767040434448,86.49388688900099,71.76900850742736,82.17255315255494,58.429600817828586,83.98812148541089,72.69323843558712,95.19278033545953,93.39767040434448,95.19278033545953,93.39767040434448,95.19278033545953,93.39767040434448,0.000603405205218127,7.901040077209473,0:53:11
417,train/val,0.8184867620468139,0.7159725040197372,0.25628563277423383,0.20237316720192436,78.04513384236694,51.984325005031074,85.61509119965892,57.92028684223294,95.32855536666504,93.36096638530988,88.68253644840725,77.12124364840163,85.61509119965892,57.92028684223294,87.05222910029214,72.53011129565594,95.32855536666504,93.36096638530988,95.32855536666504,93.36096638530988,95.32855536666504,93.36096638530988,0.0006024216850467357,7.489668369293213,0:53:19
418,train/val,0.8469006225466729,0.7374311253428459,0.27367375120520593,0.20403588074444803,76.58449633102889,51.915820887355665,83.89663668983357,57.840528579888385,95.09011173244602,93.3015830993748,88.24734765378324,76.41144734962086,83.89663668983357,57.840528579888385,85.7949935102037,72.41785805923675,95.09011173244602,93.3015830993748,95.09011173244602,93.3015830993748,95.09011173244602,93.3015830993748,0.0006014379864311383,7.7900002002716064,0:53:27
419,train/val,0.8424562022089959,0.7293278008699418,0.28282099328935145,0.20206652311152107,77.25596966089262,51.84592992056359,85.28314883837635,57.750487931532156,95.14447162367865,93.33756590884555,87.66166108510699,76.42819452881344,85.28314883837635,57.750487931532156,86.33091012748608,72.31718889216971,95.14447162367865,93.33756590884555,95.14447162367865,93.33756590884555,95.14447162367865,93.33756590884555,0.0006004541090145521,7.7390220165252686,0:53:34
420,train/val,0.8546852260828018,0.7451419353485107,0.27385822460055353,0.20208263200326387,76.09745300145147,52.1670441283461,83.34593902066506,58.29161530357888,95.09735678879497,93.41277142305854,88.07963223940607,72.59401984220533,83.34593902066506,58.29161530357888,85.54058338227394,72.67744426410951,95.09735678879497,93.41277142305854,95.09735678879497,93.41277142305854,95.09735678879497,93.41277142305854,0.0005994700524388311,7.745559453964233,0:53:42
421,train/val,0.8315601453185082,0.7212020665407181,0.2758952036499977,0.203648642785541,77.93324069271564,51.650359982589436,85.65992938553065,57.48422235858587,95.09947136204802,93.32147184003972,88.3851004130521,75.27245145562944,85.65992938553065,57.48422235858587,86.94214053159801,72.07286021887454,95.09947136204802,93.32147184003972,95.09947136204802,93.32147184003972,95.09947136204802,93.32147184003972,0.0005984858163444561,8.229156494140625,0:53:50
422,train/val,0.8194232478737831,0.7187041610479354,0.2517977185547352,0.20416183128305013,74.65337183724398,52.10760727232356,82.03057790580087,58.13821049662084,95.17476257767774,93.33363254283957,87.03014221677276,71.3135423430932,82.03057790580087,58.13821049662084,84.24537576344365,72.69555415208433,95.17476257767774,93.33363254283957,95.17476257767774,93.33363254283957,95.17476257767774,93.33363254283957,0.0005975014003705292,7.811704874038696,0:53:58
423,train/val,0.834367573261261,0.7230578228831291,0.2782743651419878,0.20230574906066615,76.00938879864584,52.11550417296724,83.61617837685591,58.0781808253702,94.92794210340153,93.43171704352456,87.66134788848584,70.76464733694901,83.61617837685591,58.0781808253702,85.4093815770144,72.45407189467484,94.92794210340153,93.43171704352456,94.92794210340153,93.43171704352456,94.92794210340153,93.43171704352456,0.0005965168041547639,7.835265874862671,0:54:06
424,train/val,0.8450878202915192,0.7351852059364319,0.2747565399855375,0.20117369752777406,75.77473204606214,51.81271866769123,83.34425147783404,57.448012532618996,95.05884944630598,93.42337320364727,87.92096494711774,67.07125259882973,83.34425147783404,57.448012532618996,85.47911403262388,72.01891989558014,95.05884944630598,93.42337320364727,95.05884944630598,93.42337320364727,95.05884944630598,93.42337320364727,0.0005955320273334783,7.98195481300354,0:54:14
425,train/val,0.8405723661184311,0.7266797438263893,0.28473155237734316,0.20224103458843398,76.9124772230178,52.32142877194049,84.92803276047105,58.16163713391015,94.72898694737381,93.41242746157423,87.99231318983522,68.23663782400025,84.92803276047105,58.16163713391015,86.36285670112166,72.76744507477494,94.72898694737381,93.41242746157423,94.72898694737381,93.41242746157423,94.72898694737383,93.41242746157423,0.0005945470695415878,7.849427700042725,0:54:22
426,train/val,0.824527095258236,0.7144274681806564,0.2752490688115358,0.20499888534981492,77.28655292179724,51.83911283323896,84.8575641971831,57.958983441732414,95.07930250007955,93.29789383506736,88.34561312938796,71.85929221160995,84.8575641971831,57.958983441732414,86.45862207455008,72.43098904552755,95.07930250007955,93.29789383506736,95.07930250007955,93.29789383506736,95.07930250007955,93.29789383506736,0.0005935619304125958,8.043877601623535,0:54:30
427,train/val,0.8858682498335838,0.7625876486301422,0.30820150710642336,0.20196133855406304,76.42903829908755,51.83289294219513,84.22872074357505,57.67460988408099,94.55019051815657,93.367529392341,88.0786228048905,67.47588838512821,84.22872074357505,57.67460988408099,86.00149082625178,72.20605846337685,94.55019051815657,93.367529392341,94.55019051815657,93.367529392341,94.55019051815657,93.367529392341,0.0005925766095785858,7.858738422393799,0:54:38
428,train/val,0.8263410121202469,0.7214126646518707,0.2623208612203598,0.2019167186966201,77.34764435324789,52.223648047484005,85.54178743062822,58.01573088201869,95.02541901986538,93.38301320690049,87.87299422731826,67.26732831319674,85.54178743062822,58.01573088201869,86.65315023203843,72.40629538642867,95.02541901986538,93.38301320690049,95.02541901986538,93.38301320690049,95.0254190198654,93.38301320690049,0.0005915911066702137,7.9330925941467285,0:54:46
429,train/val,0.8219568699598312,0.711361040174961,0.27648956291377547,0.2008061929287455,78.81407960588585,52.04780584201188,85.85429598150289,57.86169306977346,95.16623051326857,93.40772850387738,89.45104119711992,71.07660548285696,85.85429598150289,57.86169306977346,87.52003440854975,72.46853206548744,95.16623051326857,93.40772850387738,95.16623051326857,93.40772850387738,95.16623051326857,93.40772850387738,0.0005906054213167002,8.00920820236206,0:54:54
430,train/val,0.8524093836545944,0.7357800364494324,0.2915733676403761,0.19925895591621798,75.65030967846124,52.34305411387362,82.67817489128004,58.300207735183406,95.0326018148856,93.5474489874606,88.1888565922538,71.773911908258,82.67817489128004,58.300207735183406,84.9919391083372,72.78541867951454,95.0326018148856,93.5474489874606,95.0326018148856,93.5474489874606,95.0326018148856,93.5474489874606,0.0005896195531458207,7.858451843261719,0:55:02
431,train/val,0.8290363878011704,0.7198035836219787,0.27308201119303704,0.2014854067717639,76.95113153797446,51.8535544984276,85.12124644443998,57.721816334041435,95.28299406361617,93.41819713808512,87.67070590476193,70.9099471793413,85.12124644443998,57.721816334041435,86.31144717909297,72.13425612189033,95.28299406361617,93.41819713808512,95.28299406361617,93.41819713808512,95.28299406361617,93.41819713808512,0.0005886335017838995,7.902478456497192,0:55:09
432,train/val,0.9306315675377845,0.8106102988123893,0.30005317367613316,0.20498119057718622,75.89406975040549,51.768358858568185,84.25675931509593,57.730791439901665,94.3414516542188,93.41332065188024,86.88785129812251,68.23731170418614,84.25675931509593,57.730791439901665,85.50928668496773,76.76157035750768,94.3414516542188,93.41332065188024,94.3414516542188,93.41332065188024,94.3414516542188,93.41332065188024,0.0005876472668557985,7.615210056304932,0:55:17
433,train/val,0.8492359623312951,0.736972451210022,0.28065878264606,0.20308900063391547,76.62740814247793,51.05428715916863,84.9326046109093,57.01253479388896,94.92282088782694,93.3935761531281,87.52293488514692,68.00123675810667,84.9326046109093,57.01253479388896,86.10943172882423,71.15077576918756,94.92282088782694,93.3935761531281,94.92282088782694,93.3935761531281,94.92282088782694,93.3935761531281,0.000586660847984911,7.687231779098511,0:55:25
434,train/val,0.8621142387390137,0.7514850229024888,0.2765730481594801,0.20686214022668947,73.92967096050755,51.78198912427061,82.0621346604328,57.68284651562793,94.90333167126543,93.21044440156638,86.51198246961076,70.61408254402241,82.0621346604328,57.68284651562793,84.05499179213814,72.30076934278621,94.90333167126543,93.21044440156638,94.90333167126543,93.21044440156638,94.90333167126543,93.21044440156638,0.0005856742447931531,7.694183588027954,0:55:32
435,train/val,0.8366007015109063,0.7261619120836258,0.27609696201980116,0.2045005213062226,76.2087985306936,51.7989934817721,84.34362869591159,57.4421534876369,95.04989906274245,93.34597077414746,87.25778095056255,67.71359570465656,84.34362869591159,57.4421534876369,85.7358468923481,72.11665568653551,95.04989906274245,93.34597077414746,95.04989906274245,93.34597077414746,95.04989906274245,93.34597077414746,0.0005846874569009536,7.6616034507751465,0:55:40
436,train/val,0.8395280852913857,0.731097835302353,0.27107563205063345,0.2029369656270551,75.32509318913596,51.74981142042725,83.11774942641492,57.60707737342242,94.86889914830458,93.39878550528552,87.30814694384826,70.91335668910341,83.11774942641492,57.60707737342242,85.00130909795985,72.01287010178184,94.86889914830458,93.39878550528552,94.86889914830458,93.39878550528552,94.86889914830458,93.39878550528552,0.0005837004839272465,7.700362682342529,0:55:48
437,train/val,0.8279789745807647,0.7208593428134918,0.2677990924566984,0.20303896173610175,77.61486356465505,51.61425626802727,84.61111914384416,57.279199104333,95.07511176781858,93.41337058177312,89.18067930705155,68.8429033477124,84.61111914384416,57.279199104333,86.73493365290413,76.51698574481884,95.07511176781858,93.41337058177312,95.07511176781858,93.41337058177312,95.07511176781858,93.41337058177312,0.0005827133254894629,7.620039701461792,0:55:55
438,train/val,0.8580759018659592,0.7439968571066856,0.2851976092904806,0.20289415247758508,78.23541674702066,51.809554426225844,85.38283024555228,57.87293068230297,95.07254510638198,93.3492883381412,89.05892309346474,66.30795078773637,85.38283024555228,57.87293068230297,87.1286918677022,72.04644524577661,95.07254510638198,93.3492883381412,95.07254510638198,93.3492883381412,95.07254510638198,93.3492883381412,0.0005817259812035198,7.646551609039307,0:56:03
439,train/val,0.8462314754724503,0.7328715547919273,0.2833997827023268,0.20252349453710108,78.14150037106502,51.80002607893177,86.08900411550941,57.77437938458979,95.07948975649846,93.41831918893439,88.45929744964556,69.32634425912516,86.08900411550941,57.77437938458979,87.16047440803999,72.26887669084864,95.07948975649846,93.41831918893439,95.07948975649846,93.41831918893439,95.07948975649846,93.41831918893439,0.0005807384506838143,7.759989976882935,0:56:11
440,train/val,0.8599763378500939,0.7433650583028794,0.29152819886803627,0.2020305933092196,76.104753354864,51.78272040206642,84.25312694844098,57.91106586502899,94.93381798298623,93.41933997785554,87.18654973503452,68.3608951568672,84.25312694844098,57.91106586502899,85.54871768473144,72.23984223812026,94.93381798298623,93.41933997785554,94.93381798298623,93.41933997785554,94.93381798298623,93.41933997785554,0.0005797507335432123,7.936627388000488,0:56:19
441,train/val,0.8371873363852501,0.7185151547193527,0.29668044336140154,0.20407818462634741,77.44667849516365,51.796747276124435,85.66202441404191,57.8247612309227,94.64764973950456,93.33038155203633,87.78022903652094,70.30361104401584,85.66202441404191,57.8247612309227,86.64383464048028,72.13710641115449,94.64764973950456,93.33038155203633,94.64764973950456,93.33038155203633,94.64764973950456,93.33038155203633,0.0005787628293930406,7.743865489959717,0:56:27
442,train/val,0.8425647556781769,0.7259125590324402,0.29163047596812247,0.20929071374657052,75.28869947921692,51.57480904150474,82.5121572973219,57.54953847725391,95.00930725061093,93.29859285356773,87.67424750906787,76.1468725940696,82.5121572973219,57.54953847725391,84.75135428773565,72.18302642823822,95.00930725061093,93.29859285356773,95.00930725061093,93.29859285356773,95.00930725061093,93.29859285356773,0.000577774737843078,7.700364351272583,0:56:34
443,train/val,0.8423444032669067,0.7254517778754235,0.2922315660864115,0.20459680928428606,77.32016755951577,52.01223044938934,84.49025826808192,58.03156683073028,94.75776275738143,93.36172088146898,88.69417805273038,71.5147220395415,84.49025826808192,58.03156683073028,86.4851917306915,72.45446308121765,94.75776275738143,93.36172088146898,94.75776275738143,93.36172088146898,94.75776275738143,93.36172088146898,0.0005767864585015458,7.922167778015137,0:56:42
444,train/val,0.8288708686828613,0.7216845035552979,0.2679659128189087,0.20388133082262716,78.42411499737453,51.96867345565836,86.0219310025728,57.91053994583022,95.07560237334708,93.33052024618323,88.51300090655346,72.0565985604472,86.0219310025728,57.91053994583022,87.17180821985386,72.49394020835463,95.07560237334708,93.33052024618323,95.07560237334708,93.33052024618323,95.07560237334708,93.33052024618323,0.0005757979909750981,7.78918194770813,0:56:50
445,train/val,0.836230206489563,0.728172367811203,0.2701446026563644,0.20405580589232652,77.86420118127695,51.72071801213091,85.61371454976457,57.84554865371927,95.22628970565215,93.39082446125369,87.85059528518401,71.34456415739406,85.61371454976457,57.84554865371927,86.65341834358979,72.21889056415284,95.22628970565215,93.39082446125369,95.22628970565215,93.39082446125369,95.22628970565215,93.39082446125369,0.0005748093348688137,7.8990678787231445,0:56:58
446,train/val,0.8399724170565606,0.7274165779352189,0.2813895929604769,0.21085620225870075,76.77707792732431,50.91743870415838,84.5199325571264,56.85684076855705,94.91951030017766,93.17068911130005,88.01472986003233,65.2675596702036,84.5199325571264,56.85684076855705,86.13621174623465,71.23441031268491,94.91951030017766,93.17068911130005,94.91951030017766,93.17068911130005,94.91951030017766,93.17068911130005,0.0005738204897861865,8.044511079788208,0:57:06
447,train/val,0.8179746314883232,0.7204226329922676,0.2438799887895584,0.2004319499612738,75.90502810142986,52.02340105447111,84.31389688605604,57.851874237072565,95.04897492821561,93.4341636082758,86.98115910317784,72.41286950243348,84.31389688605604,57.851874237072565,85.50390095548322,72.45545473002952,95.04897492821561,93.4341636082758,95.04897492821561,93.4341636082758,95.04897492821561,93.4341636082758,0.000572831455329115,7.807393312454224,0:57:14
448,train/val,0.8580316573381424,0.7402018323540688,0.2945745553821325,0.20384373539030531,77.82003727907835,51.65658239740052,84.98752969638149,57.499252348534654,94.80823375491204,93.27262930926875,89.02924138850506,66.7278001153227,84.98752969638149,57.499252348534654,86.87178108416781,72.06774915295681,94.80823375491204,93.27262930926875,94.80823375491204,93.27262930926875,94.80823375491204,93.27262930926875,0.0005718422310978941,8.023130893707275,0:57:22
449,train/val,0.8337823286652565,0.7273602694272995,0.26605513580143453,0.20126037595184407,76.93115939006067,51.8979127322861,84.59936960068369,57.78655344431179,95.039037083409,93.43304295956888,88.17744845155838,76.18806299611094,84.59936960068369,57.78655344431179,86.18374081183167,72.40259965751572,95.039037083409,93.43304295956888,95.039037083409,93.43304295956888,95.039037083409,93.43304295956888,0.0005708528166912043,7.750803232192993,0:57:29
450,train/val,0.8227711543440819,0.7171704307198524,0.26400181986391547,0.20307811769428583,75.14539403783263,51.58592764362545,82.11910689338043,57.62225193082438,95.23062003786886,93.31932485464576,87.52099501142779,69.97659582322021,82.11910689338043,57.62225193082438,84.44191926961366,71.94755002802458,95.23062003786886,93.31932485464576,95.23062003786886,93.31932485464576,95.23062003786886,93.31932485464576,0.0005698632117061039,7.786161422729492,0:57:37
451,train/val,0.8153287008404732,0.7110560178756714,0.2606817066669464,0.20459553178116738,77.70260059797116,51.77332458592419,85.76174044408687,57.815655003868315,95.22756219144655,93.36154335296096,87.99523808705902,74.62431730816962,85.76174044408687,57.815655003868315,86.79402523667139,72.26625973985566,95.22756219144655,93.36154335296096,95.22756219144655,93.36154335296096,95.22756219144655,93.36154335296096,0.0005688734157380169,8.006076574325562,0:57:45
452,train/val,0.830309596657753,0.7239591717720032,0.2658760577440262,0.20289428553728225,79.33118101354316,51.68871811309075,86.96672253054399,57.54393194892443,95.14647561450084,93.37008136464388,88.9816623406249,68.25623695159283,86.96672253054399,57.54393194892443,87.93239352036008,72.00988133987389,95.14647561450084,93.37008136464388,95.14647561450084,93.37008136464388,95.14647561450084,93.37008136464388,0.0005678834283807257,7.932546854019165,0:57:53
453,train/val,0.8353168055415153,0.724026395380497,0.27822602055966855,0.20228247921675144,78.34307143636124,51.88255360748417,85.89773025692769,57.71099412918165,94.91475831699749,93.45520628424289,88.61259948050048,74.91401030922576,85.89773025692769,57.71099412918165,87.18240852970685,72.26436497404846,94.91475831699749,93.45520628424289,94.91475831699749,93.45520628424289,94.91475831699749,93.45520628424289,0.000566893249226359,8.024691104888916,0:58:01
454,train/val,0.8457027524709702,0.7330889701843262,0.2815344616770744,0.20229410547032461,78.54766196356086,51.91446270577511,86.2774647658546,57.812739714752624,94.92854783429287,93.44471545897166,88.703247616004,71.61244675793604,86.2774647658546,57.812739714752624,87.42507577588945,72.41208837887146,94.92854783429287,93.44471545897166,94.92854783429287,93.44471545897166,94.92854783429287,93.44471545897166,0.0005659028778653831,7.915954113006592,0:58:09
455,train/val,0.8258671805262565,0.7145055159926414,0.2784041691571474,0.20135604327360015,77.85153557579353,51.89443012358619,85.00366720247816,57.786814393993126,95.27414998493659,93.4662518861017,88.68157471395321,71.05173340883617,85.00366720247816,57.786814393993126,86.74899086856222,72.3884412907322,95.27414998493659,93.4662518861017,95.27414998493659,93.4662518861017,95.27414998493659,93.4662518861017,0.0005649123138865919,7.789668083190918,0:58:17
456,train/val,0.8323503121733665,0.7235229507088661,0.27206841073930266,0.20398287292505235,76.0909880138926,51.75885104424819,83.59704925617294,57.69782267116555,95.01097053524562,93.41022499852151,87.9930488010238,70.15448652970478,83.59704925617294,57.69782267116555,85.62697361956492,72.12701046419735,95.01097053524562,93.41022499852151,95.01097053524562,93.41022499852151,95.01097053524562,93.41022499852151,0.0005639215568770971,7.715741157531738,0:58:25
457,train/val,0.8465180277824402,0.7321103289723396,0.28601923398673534,0.2033493193622882,77.37191218600593,51.696786016413164,84.93733117727051,57.408437531710256,94.87704183651596,93.418247067978,88.44360579279859,68.20812366195888,84.93733117727051,57.408437531710256,86.58680731827125,72.18206919830158,94.87704183651596,93.418247067978,94.87704183651596,93.418247067978,94.87704183651596,93.418247067978,0.0005629306064223161,7.859186172485352,0:58:33
458,train/val,0.8647932156920433,0.7445713296532631,0.30055471509695053,0.20427298228933996,75.54252228296893,51.98624144426967,83.00435413096963,57.98368852944197,94.82574954678319,93.39490761693831,87.92707593599651,70.83086195359273,83.00435413096963,57.98368852944197,84.94174518829463,72.4174518216441,94.82574954678319,93.39490761693831,94.82574954678319,93.39490761693831,94.82574954678319,93.39490761693831,0.0005619394621059639,7.940553188323975,0:58:40
459,train/val,0.8568600311875343,0.7418427348136902,0.28754322677850724,0.20158801638570098,76.79397003673571,52.217074341053745,84.53416245839357,58.33221806014976,95.06197875413967,93.43702070770186,87.8847222264089,71.03101508057644,84.53416245839357,58.33221806014976,86.06486566444893,72.71737769687354,95.06197875413967,93.43702070770186,95.06197875413967,93.43702070770186,95.06197875413967,93.43702070770186,0.0005609481235100421,7.911991596221924,0:58:48
460,train/val,0.8225661918520928,0.716700303554535,0.26466470770537853,0.2018483296963336,77.72181011038026,51.90715101845181,85.8243247191536,57.87507017748871,95.13390250218646,93.3866414457833,87.70489625772345,70.99699066340003,85.8243247191536,57.87507017748871,86.719407469825,72.34281621705436,95.13390250218646,93.3866414457833,95.13390250218646,93.3866414457833,95.13390250218646,93.3866414457833,0.0005599565902148279,7.851836204528809,0:58:56
461,train/val,0.8688877686858177,0.7494773298501969,0.29852609559893606,0.2036626105863911,72.67095921087508,51.383485711971645,79.98543552672238,57.19381085369004,94.89084516367343,93.34771277263248,86.77097227397279,65.9708690187205,79.98543552672238,57.19381085369004,82.32767843466554,71.64177520980675,94.89084516367343,93.34771277263248,94.89084516367343,93.34771277263248,94.89084516367343,93.34771277263248,0.0005589648617988638,7.892529487609863,0:59:04
462,train/val,0.864770632982254,0.7510633051395417,0.28426832519471645,0.20492761801256115,76.43558491852228,51.75427602010739,83.94121986880442,57.67305588231629,94.86970668969047,93.38613659908859,88.33053759675413,70.59399197568223,83.94121986880442,57.67305588231629,85.94757610477093,72.23980439111544,94.86970668969047,93.38613659908859,94.86970668969047,93.38613659908859,94.86970668969047,93.38613659908859,0.000557972937838948,7.843122959136963,0:59:12
463,train/val,0.8195785164833069,0.7124774530529976,0.2677526522427797,0.20228826883054593,77.60412170527458,51.86780800900897,85.85966107794103,57.99791025022451,95.25921525422407,93.41773112575154,87.64434522539112,70.3948326414466,85.85966107794103,57.99791025022451,86.71701060172235,72.48305939582276,95.25921525422407,93.41773112575154,95.25921525422407,93.41773112575154,95.25921525422407,93.41773112575154,0.0005569808179101217,7.900262117385864,0:59:20
464,train/val,0.8144900277256966,0.7133559748530388,0.2528351258486509,0.20218149774207317,76.63082826445014,52.04651058492047,84.05582520196072,57.71642860154406,95.22753611676248,93.47596047638443,88.14165520781519,72.28454544425816,84.05582520196072,57.71642860154406,85.90721255233763,72.6770785554431,95.22753611676248,93.47596047638443,95.22753611676248,93.47596047638443,95.22753611676248,93.47596047638443,0.0005559885015856607,7.938781976699829,0:59:28
465,train/val,0.8409932851791382,0.7334897145628929,0.26875891499221327,0.20095021163062488,76.88336024529812,51.8882742629755,84.84944245352297,57.58674057530519,94.88728845491396,93.43173923458805,87.93495613525857,75.45959952843101,84.84944245352297,57.58674057530519,86.25268692352303,72.40207522752591,94.88728845491396,93.43173923458805,94.88728845491396,93.43173923458805,94.88728845491396,93.43173923458805,0.0005549959884370627,7.853515386581421,0:59:36
466,train/val,0.8117571845650673,0.7123265087604522,0.24857670105993748,0.19711260136392378,78.00591318856084,52.415361479388025,85.8192452537566,58.276215723372395,95.41406384170713,93.52413172748442,88.3213159027545,76.67685018348988,85.8192452537566,58.276215723372395,86.9853010107084,73.0811941978856,95.41406384170713,93.52413172748442,95.41406384170713,93.52413172748442,95.41406384170713,93.52413172748442,0.0005540032780340374,7.92470645904541,0:59:44
467,train/val,0.8392869338393212,0.733436381816864,0.26462637782096865,0.20135821752106237,76.18898544126604,52.27234529378505,83.07701456443503,58.11650170685929,95.1990354057633,93.41698772512417,88.47322049496915,68.07706863758271,83.07701456443503,58.11650170685929,85.48354606276274,72.87646767984647,95.1990354057633,93.41698772512417,95.1990354057633,93.41698772512417,95.1990354057633,93.41698772512417,0.0005530103699444947,7.896686553955078,0:59:51
468,train/val,0.8284292861819267,0.7200931668281555,0.270840285718441,0.19752553588089702,76.84569284175512,52.01148643155131,84.43393297124679,57.917462312992605,95.19357542921882,93.55112160847042,87.32608224567481,66.32176514830823,84.43393297124679,57.917462312992605,85.76447643358867,72.33910665109005,95.19357542921882,93.55112160847042,95.19357542921882,93.55112160847042,95.19357542921882,93.55112160847042,0.0005520172637345337,7.960228204727173,0:59:59
469,train/val,0.8078656435012818,0.7066861063241958,0.25294882617890835,0.19905473095200937,76.24502955337383,52.63958023986874,83.91618309540272,58.6933570903191,95.32059075947478,93.53892761907531,88.1786014613547,67.97676331909865,83.91618309540272,58.6933570903191,85.70542219360595,73.3425206293876,95.32059075947478,93.53892761907531,95.32059075947478,93.53892761907531,95.32059075947478,93.53892761907531,0.0005510239589684322,7.924128770828247,1:00:07
470,train/val,0.8401198804378509,0.7325917586684227,0.26882028952240944,0.20146974993625616,74.59003332678967,51.96443310915328,81.5874531047095,57.795351199189135,95.1819393768842,93.466551465459,87.21581150578135,71.26093148956234,81.5874531047095,57.795351199189135,83.7300704927743,72.58526562495453,95.1819393768842,93.466551465459,95.1819393768842,93.466551465459,95.18193937688422,93.466551465459,0.0005500304552086351,7.816403865814209,1:00:15
471,train/val,0.8296572059392929,0.7275697976350785,0.25521852225065234,0.20137929881468097,77.08017108501316,52.45775114557241,84.27644902152757,58.45438154496433,95.19033292172266,93.38551524931049,88.81225416466154,71.37725712069073,84.27644902152757,58.45438154496433,86.37326645453226,73.2499063739946,95.19033292172266,93.38551524931049,95.19033292172266,93.38551524931049,95.19033292172266,93.38551524931049,0.0005490367520157419,7.915096282958984,1:00:23
472,train/val,0.8102271735668183,0.7151604503393173,0.2376668032258749,0.20202389069786122,75.83575843340284,51.805392346083025,83.6869063523504,57.52774313156224,95.38639188895709,93.45601625806077,87.43603856407243,70.33835023176435,83.6869063523504,57.52774313156224,85.41594981916658,72.17835549356334,95.38639188895709,93.45601625806077,95.38639188895709,93.45601625806077,95.38639188895709,93.45601625806077,0.0005480428489484967,7.820935487747192,1:00:31
473,train/val,0.8585249662399292,0.7381027951836586,0.301055409386754,0.20239671031665038,78.68422197378526,52.10166538216344,86.04639708391294,58.11116202575456,94.94995664571694,93.42457706884234,89.09066949344651,66.45762883639125,86.04639708391294,58.11116202575456,87.4952875108721,72.55995421368951,94.94995664571694,93.42457706884234,94.94995664571694,93.42457706884234,94.94995664571694,93.42457706884234,0.0005470487455637766,7.9731059074401855,1:00:39
474,train/val,0.819186045229435,0.7113996535539627,0.26946598552167417,0.2016727565590681,78.04991381145337,52.10576853738726,86.19520005515385,58.139109322895436,95.15570060390529,93.44138679944616,87.84345354721866,70.45406637895604,86.19520005515385,58.139109322895436,86.9811340734621,72.60605037352322,95.15570060390529,93.44138679944616,95.15570060390529,93.44138679944616,95.15570060390529,93.44138679944616,0.0005460544414165783,7.961196184158325,1:00:47
475,train/val,0.8315317615866661,0.7241322249174118,0.2684988405555487,0.20226737997505614,76.48018167360489,52.16678271200049,84.36139744491396,57.73420990240851,95.09891760766584,93.43839655363907,87.88939334382083,69.31808996500686,84.36139744491396,57.73420990240851,85.9704563418723,72.69106832494244,95.09891760766584,93.43839655363907,95.09891760766584,93.43839655363907,95.09891760766584,93.43839655363907,0.000545059936060008,7.928967714309692,1:00:55
476,train/val,0.8614688202738762,0.7467100739479064,0.28689686544239523,0.20349133285019688,76.52719018838413,51.85305721206146,84.2798400513348,57.60163711639243,94.79325591565035,93.3884777562882,87.49797626306656,71.01220189828148,84.2798400513348,57.60163711639243,85.79134880567759,72.18824469456446,94.79325591565035,93.3884777562882,94.79325591565035,93.3884777562882,94.79325591565035,93.3884777562882,0.0005440652290452687,7.880640029907227,1:01:03
477,train/val,0.8499100834131241,0.7366051197052002,0.2832624100148678,0.20076866532652984,78.12922474183408,51.95757258321932,85.59426264729375,57.84259841058395,94.80258591666298,93.48646239718742,88.82259339476921,69.92063739493982,85.59426264729375,57.84259841058395,87.13321885517112,72.31649352099556,94.80258591666298,93.48646239718742,94.80258591666298,93.48646239718742,94.80258591666298,93.48646239718742,0.0005430703199216487,7.949122905731201,1:01:11
478,train/val,0.8140238538384438,0.7164717718958855,0.24388020746409894,0.20256311295358118,74.98638270638803,52.36320492812655,82.97159739582519,58.48193604670615,95.22318973194179,93.4578692118633,86.85642274082535,67.19353575401777,82.97159739582519,58.48193604670615,84.63099868069641,72.90442604580116,95.22318973194179,93.4578692118633,95.22318973194179,93.4578692118633,95.22318973194179,93.4578692118633,0.0005420752082365089,7.815151214599609,1:01:18
479,train/val,0.8219379246234894,0.7136458188295365,0.270730259642005,0.20043128119543427,76.12604457437486,52.37816168414178,83.86064592990671,58.391694743848774,95.032790790281,93.53504973072809,87.87117329525506,69.74157394720852,83.86064592990671,58.391694743848774,85.71460887906704,72.72682066989485,95.032790790281,93.53504973072809,95.032790790281,93.53504973072809,95.032790790281,93.53504973072809,0.0005410798935352714,7.980560541152954,1:01:26
480,train/val,0.8322342202067375,0.7285257384181023,0.25927120000123977,0.2028065127297094,77.00597993734422,51.87048982398377,84.70769948986758,57.89308591127126,95.06281831943943,93.40198656619589,87.53115110659057,72.9324275828142,84.70769948986758,57.89308591127126,86.03479106637964,72.0843741189705,95.06281831943943,93.40198656619589,95.06281831943943,93.40198656619589,95.06281831943943,93.40198656619589,0.0005400843753614057,7.887470006942749,1:01:34
481,train/val,0.8380716800689697,0.7344228088855743,0.25912217758595946,0.20231839796686307,76.92743812004936,52.31791443201307,84.26635553455594,58.61043668815865,95.04090357810138,93.46884269276572,88.55290684081517,70.69378277360946,84.26635553455594,58.61043668815865,86.12483027632007,72.8613281700215,95.04090357810138,93.46884269276572,95.04090357810138,93.46884269276572,95.04090357810138,93.4688426927657,0.0005390886532564191,7.656450033187866,1:01:42
482,train/val,0.8284240305423737,0.7167126029729843,0.27927856966853143,0.2013538761775549,77.28648885388284,52.629481819729726,84.9349861199865,58.81014938775691,95.00989171120999,93.44593596746435,88.42317301956038,67.39113788106734,84.9349861199865,58.81014938775691,86.57522889234156,73.1608052366652,95.00989171120999,93.44593596746435,95.00989171120999,93.44593596746435,95.00989171120999,93.44593596746435,0.0005380927267598414,7.908392429351807,1:01:50
483,train/val,0.82962566614151,0.72322898209095,0.26599170863628385,0.20353607796579126,77.7251249241128,52.5013522064112,85.46885283453463,58.685833875079965,95.19319531987155,93.38231973616601,88.15984340715086,71.42637395249118,85.46885283453463,58.685833875079965,86.71735383463319,73.12804017098964,95.19319531987155,93.38231973616601,95.19319531987155,93.38231973616601,95.19319531987155,93.38231973616601,0.0005370965954092131,7.699439764022827,1:01:58
484,train/val,0.8393067061901093,0.7333717331290245,0.2648374367505312,0.2051931189177069,77.53459779790307,51.906316104957426,85.3447178612059,58.16459673806934,94.83260856732043,93.43031345875796,88.29917928791325,67.09833367276708,85.3447178612059,58.16459673806934,86.7355898126028,72.52095208615222,94.83260856732043,93.43031345875796,94.83260856732043,93.43031345875796,94.83260856732043,93.43031345875796,0.0005361002587400736,7.626481056213379,1:02:05
485,train/val,0.807344277203083,0.7041129499673844,0.258078321069479,0.20124095140315204,77.71519072270901,52.300602752335614,84.55497219945248,58.3337227469068,95.49941474247149,93.45890664408209,88.24656073779626,70.78747801136728,84.55497219945248,58.3337227469068,86.26706055242366,72.76863770049265,95.49941474247149,93.45890664408209,95.49941474247149,93.45890664408209,95.49941474247149,93.45890664408209,0.0005351037162859478,7.9852519035339355,1:02:13
486,train/val,0.8302582576870918,0.7300617337226868,0.250491301715374,0.20332736602922097,76.31348506110974,52.22809150558696,84.32317272629865,58.40406597208128,95.18975108793074,93.42601394020417,87.63811958566379,67.17031537815706,84.32317272629865,58.40406597208128,85.8916151331249,72.77722580188694,95.18975108793074,93.42601394020417,95.18975108793074,93.42601394020417,95.18975108793074,93.42601394020419,0.0005341069675783329,7.620042324066162,1:02:21
487,train/val,0.8191799148917198,0.7195548638701439,0.24906262382864952,0.20188494451769498,79.51175630866169,52.302269731165076,87.05333202246051,58.153132112302295,95.26723355170358,93.5371856205903,88.99287386801123,67.7626980135036,87.05333202246051,58.153132112302295,87.9857156585366,72.80519659681177,95.26723355170358,93.5371856205903,95.26723355170358,93.5371856205903,95.26723355170358,93.5371856205903,0.0005331100121466858,7.746178150177002,1:02:29
488,train/val,0.8285201340913773,0.7190877243876457,0.27358103469014167,0.19918171671239226,76.7108515691505,52.82635477097885,83.46978521361606,58.935651713508804,95.23198259285344,93.52924121985608,89.05790240505522,71.17055374833208,83.46978521361606,58.935651713508804,85.81982959603769,73.43985979009229,95.23198259285344,93.52924121985608,95.23198259285344,93.52924121985608,95.23198259285344,93.52924121985608,0.0005321128495184093,7.964287996292114,1:02:36
489,train/val,0.8276600077748298,0.7237068489193916,0.25988288074731825,0.19997992731622277,79.11571013675571,52.59421972187116,86.73626773076668,58.744212010632324,95.3937659988104,93.46536979132745,88.81730430736532,67.85673130461673,86.73626773076668,58.744212010632324,87.70507828586969,73.30871553712143,95.3937659988104,93.46536979132745,95.3937659988104,93.46536979132745,95.39376599881041,93.46536979132745,0.0005311154792188394,7.826264381408691,1:02:44
490,train/val,0.8336838707327843,0.7245479539036751,0.27283979542553427,0.20106850950296234,77.2167712690574,52.49553725370926,85.40334119385884,58.56522411509568,95.03600249964705,93.42514294096166,87.71575476072563,67.00677445640562,85.40334119385884,58.56522411509568,86.48226539685207,73.01591706851784,95.03600249964705,93.42514294096166,95.03600249964705,93.42514294096166,95.03600249964705,93.42514294096166,0.0005301179007712323,8.005077600479126,1:02:52
491,train/val,0.812643900513649,0.713085575401783,0.24889580979943277,0.20159182960790223,76.88123045704792,52.46001989241561,85.2727952056592,58.305173560303835,95.27862942135067,93.52447568896872,87.11514314787199,67.36626548809558,85.2727952056592,58.305173560303835,86.14662197345439,73.02174492326667,95.27862942135067,93.52447568896872,95.27862942135067,93.52447568896872,95.27862942135067,93.52447568896872,0.0005291201136967499,7.948803186416626,1:03:00
492,train/val,0.8112847790122032,0.7094566613435745,0.25457028299570084,0.19993778141562507,78.06819930282195,52.20108798593011,84.97767841614608,57.98036155017691,95.49175702853758,93.535321571256,89.22589070519147,71.64241393160631,84.97767841614608,57.98036155017691,86.92918517944483,72.7946536244093,95.49175702853758,93.535321571256,95.49175702853758,93.535321571256,95.49175702853758,93.535321571256,0.0005281221175144474,8.020530939102173,1:03:08
493,train/val,0.8394609451293945,0.7222288936376572,0.2930801223963499,0.2029014133328847,79.80097222763025,52.51801469573418,87.15409626858658,58.355419205713254,95.1395485985495,93.41075203627972,89.55525880056922,68.40751098391425,87.15409626858658,58.355419205713254,88.30872392497436,73.18363340334373,95.1395485985495,93.41075203627972,95.1395485985495,93.41075203627972,95.1395485985495,93.41075203627972,0.0005271239117412582,7.968172788619995,1:03:16
494,train/val,0.852137379348278,0.7411052614450455,0.2775802969932556,0.20029196270816743,76.38056640130792,52.1408596518423,84.62338960526759,57.80750807431383,95.05186843279562,93.50747178655925,86.94492295403919,75.225304109659,84.62338960526759,57.80750807431383,85.71625836818386,72.5207462927455,95.05186843279562,93.50747178655925,95.05186843279562,93.50747178655925,95.05186843279562,93.50747178655925,0.0005261254958919809,7.9213643074035645,1:03:24
495,train/val,0.8461146533489228,0.7377618908882141,0.2708819068968296,0.20046030554618754,79.01280053582872,52.86097576604959,86.43858060832486,58.92390321701103,95.09668772848815,93.52187378677294,89.12890026032161,71.87481390420875,86.43858060832486,58.92390321701103,87.71223620869665,73.53104971904334,95.09668772848815,93.52187378677294,95.09668772848815,93.52187378677294,95.09668772848815,93.52187378677294,0.0005251268694792654,8.012377500534058,1:03:32
496,train/val,0.8049330800771713,0.7043013706803322,0.25157926641404627,0.20352895298741366,77.80416041092447,52.31011054667236,85.63235213143531,58.12219481069755,95.38186092905899,93.4652865748393,88.01296633418531,68.89200452526607,85.63235213143531,58.12219481069755,86.72378752681385,72.93602991682152,95.38186092905899,93.4652865748393,95.38186092905899,93.4652865748393,95.38186092905899,93.4652865748393,0.0005241280320135987,7.944354057312012,1:03:40
497,train/val,0.8097896873950958,0.7108047887682915,0.2474622443318367,0.20215315385947807,79.22576817333866,52.061330088586686,86.74650460058022,58.01265938305181,95.37312204426918,93.4279390149631,89.08847402998431,67.15491920133448,86.74650460058022,58.01265938305181,87.86151429466666,72.53225544458502,95.37312204426918,93.4279390149631,95.37312204426918,93.4279390149631,95.37312204426918,93.4279390149631,0.0005231289830032905,8.022400140762329,1:03:48
498,train/val,0.8265053659677506,0.7170835852622985,0.2735544487833977,0.20338315856703482,78.21898373723418,52.6202079423058,85.67997473681878,58.60344921750323,95.10614829241413,93.4885317138591,88.78274122839986,68.32681724545077,85.67997473681878,58.60344921750323,87.15939994209548,73.3537528530499,95.10614829241413,93.4885317138591,95.10614829241413,93.4885317138591,95.10614829241413,93.4885317138591,0.0005221297219544588,7.99800705909729,1:03:56
499,train/val,0.852485403418541,0.7462404668331146,0.26561234295368197,0.20604883276496935,73.79617212184145,51.83756998870721,80.97785929058551,57.584957284218405,95.09437664117003,93.39818634657094,87.32053710486865,67.25614636374613,80.97785929058551,57.584957284218405,83.52540530389584,72.33049231518001,95.09437664117003,93.39818634657094,95.09437664117003,93.39818634657094,95.09437664117003,93.39818634657094,0.0005211302483710159,8.072967290878296,1:04:04
500,train/val,0.8088005900382995,0.7093994736671447,0.24850280210375786,0.20169485443744156,78.64257716097323,52.67998084890787,86.37674562466039,58.85949293855588,95.39229101667702,93.51643142844874,88.73441965865581,66.72089181616089,86.37674562466039,58.85949293855588,87.48858039900563,73.17095916701076,95.39229101667702,93.51643142844874,95.39229101667702,93.51643142844874,95.39229101667702,93.51643142844874,0.0005201305617546538,8.006258487701416,1:04:12
501,train/val,0.8161941409111023,0.7109683156013489,0.2630645576864481,0.20003259446812016,78.57743512417778,52.487693419092594,85.72830715280979,58.16396305581401,95.46101739819701,93.5522478049432,89.13718520654315,71.74039705725583,85.72830715280979,58.16396305581401,87.33574977080642,72.99248618814809,95.46101739819701,93.5522478049432,95.46101739819701,93.5522478049432,95.46101739819701,93.5522478049432,0.000519130661604829,7.992188930511475,1:04:20
502,train/val,0.8055698856711387,0.7051622971892357,0.25101896934211254,0.20518826483927513,80.26400146656151,52.36103305316103,87.51654372352907,58.55502811943188,95.49645132124154,93.37805350420749,89.63933002655982,71.4163562452881,87.51654372352907,58.55502811943188,88.51772752151025,68.76246334947523,95.49645132124154,93.37805350420749,95.49645132124154,93.37805350420749,95.49645132124154,93.37805350420749,0.0005181305474187479,8.028018236160278,1:04:28
503,train/val,0.8409141004085541,0.7377791479229927,0.25783738009631635,0.197412997499719,76.87185111052767,52.689040883047596,84.72827012617951,58.450234715987584,95.21517846482193,93.56039192524895,87.11691584110149,67.73286636292922,84.72827012617951,58.450234715987584,85.84807626319991,73.24631809616328,95.21517846482193,93.56039192524895,95.21517846482193,93.56039192524895,95.21517846482193,93.56039192524895,0.0005171302186913519,7.99776816368103,1:04:36
504,train/val,0.8214402616024017,0.7205076426267624,0.2523315414786339,0.20176489974923542,75.38272260944657,52.62124125562332,83.22696918056735,58.17647294393894,95.3437112602314,93.47071783763175,87.09502921050726,72.50305113777044,83.22696918056735,58.17647294393894,84.99339093701953,73.24877406968366,95.3437112602314,93.47071783763175,95.3437112602314,93.47071783763175,95.3437112602314,93.47071783763175,0.0005161296749153024,8.015058517456055,1:04:44
505,train/val,0.8261695250868797,0.7231339335441589,0.25758897662162783,0.2010070229202896,78.20152373907202,52.44198052436067,86.02248278190918,58.29632131583345,95.34848911263552,93.47898400878677,88.28040420145959,75.57992539913798,86.02248278190918,58.29632131583345,87.04498253799552,73.1287905044524,95.34848911263552,93.47898400878677,95.34848911263552,93.47898400878677,95.34848911263552,93.47898400878677,0.0005151289155809656,7.895259141921997,1:04:52
506,train/val,0.8121981799602509,0.7093466356396675,0.25712886787950995,0.20124022390900964,78.37730396643907,52.979597016764224,86.10137557577391,58.925131784650816,95.06581255480975,93.55248635887588,88.55385982415778,72.26653787936334,86.10137557577391,58.925131784650816,87.26462091992796,73.62272835254106,95.06581255480975,93.55248635887588,95.06581255480975,93.55248635887588,95.06581255480975,93.55248635887588,0.0005141279401763969,7.917110204696655,1:05:00
507,train/val,0.8121806368231773,0.7136924296617508,0.24622051566839218,0.2013843227934427,79.6509662342317,52.53205817368206,86.42740167398767,58.44537992420384,95.41424213726974,93.52177392698718,89.96876526514367,71.44491729106926,86.42740167398767,58.44537992420384,88.05281148835815,73.11291955912007,95.41424213726974,93.52177392698718,95.41424213726974,93.52177392698718,95.41424213726974,93.52177392698718,0.0005131267481873251,8.009616374969482,1:05:08
508,train/val,0.8111222252249718,0.7099585324525833,0.2529092364013195,0.2010047821429788,78.36803410196327,52.485515838083664,86.09361112937368,58.5062276386915,95.29727661866112,93.51312495998674,88.20459368623403,74.79174647096393,86.09361112937368,58.5062276386915,87.08802310789734,73.04230393763459,95.29727661866112,93.51312495998674,95.29727661866112,93.51312495998674,95.29727661866112,93.51312495998674,0.0005121253390971378,8.029181957244873,1:05:16
509,train/val,0.8078833729028702,0.7103599771857262,0.24380848929286003,0.19980293863182053,78.23147087220296,52.71457031243967,85.64597973525224,58.61871282292381,95.48072585146967,93.50800437208333,88.81608446563219,76.40478797036559,85.64597973525224,58.61871282292381,87.13717424467782,73.40448430945045,95.48072585146967,93.50800437208333,95.48072585146967,93.50800437208333,95.48072585146967,93.50800437208333,0.0005111237123868648,7.717735290527344,1:05:24
510,train/val,0.832188731431961,0.7219282165169716,0.2756512926891446,0.2002923974276341,77.36001820470608,52.561875781318136,84.81913325381694,58.410564865555656,95.14060859990818,93.50545239978044,88.70221351082141,76.23481748950447,84.81913325381694,58.410564865555656,86.6516053640319,73.23994748788476,95.14060859990818,93.50545239978044,95.14060859990818,93.50545239978044,95.14060859990818,93.50545239978045,0.0005101218675351622,7.889707803726196,1:05:32
511,train/val,0.8382118731737137,0.7315720736980438,0.26659949161112306,0.19890394354234228,77.078806424107,53.01493280350185,84.56414018273236,58.79738739767358,95.24834020708562,93.5625888405358,88.48590442795731,72.09682474139073,84.56414018273236,58.79738739767358,86.41738724233434,73.69317252029413,95.24834020708562,93.5625888405358,95.24834020708562,93.5625888405358,95.24834020708562,93.5625888405358,0.0005091198040182962,7.895994424819946,1:05:40
512,train/val,0.8101667255163193,0.7103820905089379,0.2494615748524666,0.19766602958434917,79.60949350847436,53.068423934524255,87.09572718694793,59.04346223574992,95.40871291788113,93.585234820841,89.18395819773201,67.31581891926147,87.09572718694793,59.04346223574992,88.04190960957365,73.60676999409573,95.40871291788113,93.585234820841,95.40871291788113,93.585234820841,95.40871291788113,93.585234820841,0.0005081175213101281,7.857414245605469,1:05:47
513,train/val,0.8136422857642174,0.715969355404377,0.24418232962489128,0.199382644439968,79.65928861341442,52.540870836618225,86.92616433721207,58.447600832209936,95.46453836593976,93.54662791811099,89.5287215691487,71.64059654254154,86.92616433721207,58.447600832209936,88.10885935593976,73.23151803845906,95.46453836593976,93.54662791811099,95.46453836593976,93.54662791811099,95.46453836593976,93.54662791811099,0.0005071150188820962,7.840637683868408,1:05:55
514,train/val,0.8593225285410881,0.7425007820129395,0.2920543748885393,0.19915009271322312,79.54838010712656,52.281192503137206,86.5971829992095,58.34448620215734,94.95720211898137,93.51927743234305,89.80352518833939,66.9460414236297,86.5971829992095,58.34448620215734,88.1027409036793,72.80618954724099,94.95720211898137,93.51927743234305,94.95720211898137,93.51927743234305,94.95720211898137,93.51927743234305,0.0005061122962032005,7.932833909988403,1:06:03
515,train/val,0.8403527945280075,0.7375900968909264,0.256906745582819,0.20252713352478027,76.59905672629264,52.077585812389216,84.64935941084897,58.01167062787184,94.98950830304027,93.54418135335973,87.51584464422368,66.88698635108467,84.64935941084897,58.01167062787184,85.93962475298306,72.53928861910438,94.98950830304027,93.54418135335973,94.98950830304027,93.54418135335973,94.98950830304027,93.54418135335973,0.0005051093527399859,7.715442895889282,1:06:11
516,train/val,0.8232207745313644,0.7222144335508347,0.2525158617645502,0.20147032465012737,78.59066960278886,52.51953823131015,86.12492744198089,58.23314815716131,95.19921423839432,93.51404034135625,88.85199901294256,68.59657263771591,86.12492744198089,58.23314815716131,87.38313871856825,73.06100064682188,95.19921423839432,93.51404034135625,95.19921423839432,93.51404034135625,95.19921423839432,93.51404034135625,0.0005041061879565245,7.964001178741455,1:06:19
517,train/val,0.8596797347068786,0.7488430112600326,0.2770918145775795,0.20039960128518713,77.31890527399997,52.20745748368455,85.24859294250973,58.03976185789349,95.16044466397999,93.55724634199736,87.76199652294639,75.81507346944396,85.24859294250973,58.03976185789349,86.3755973474224,72.8005882720189,95.16044466397999,93.55724634199736,95.16044466397999,93.55724634199736,95.16044466397999,93.55724634199736,0.0005031744791579133,7.990957260131836,1:06:27
518,train/val,0.8229226410388947,0.7179679214954376,0.2623867940157652,0.20151227031105048,79.02222758645004,52.1915927948307,86.42379161399248,58.082247954606736,95.35935331202238,93.47989384239041,89.07037382288256,67.41815181740486,86.42379161399248,58.082247954606736,87.61220595891129,72.73997816068012,95.35935331202238,93.47989384239041,95.35935331202238,93.47989384239041,95.35935331202238,93.47989384239041,0.0005021708860198813,8.148268699645996,1:06:35
519,train/val,0.8454066827893257,0.7341736629605293,0.2780825436115265,0.20136452182016762,74.82990500775757,52.382184789082984,81.81819744592423,58.366408918598154,95.23591490954128,93.52777106189897,87.86723539562334,67.8507992308526,81.81819744592423,58.366408918598154,84.24896626581392,73.27137028223981,95.23591490954128,93.52777106189897,95.23591490954128,93.52777106189897,95.23591490954128,93.52777106189897,0.0005011670699777195,7.9809277057647705,1:06:43
520,train/val,0.8214957028627395,0.7159744083881379,0.26380322873592377,0.19846842073316057,75.59795707653893,52.42146784635815,82.87537919033457,58.15702108877924,95.24586922902057,93.51875039458484,89.08399269797701,71.84298395245273,82.87537919033457,58.15702108877924,88.25085779110611,73.07208790005286,95.24586922902057,93.51875039458484,95.24586922902057,93.51875039458484,95.24586922902057,93.51875039458484,0.0005001630304856234,7.9176671504974365,1:06:51
521,train/val,0.8202627241611481,0.7195603162050247,0.25175603702664373,0.20215519786446798,75.10880496023807,52.06282658266775,82.62815165625483,57.845847513926785,95.36234274962673,93.46573594387525,87.32264511292925,67.61758549896173,82.62815165625483,57.845847513926785,84.67587322253898,72.56872228510572,95.36234274962673,93.46573594387525,95.36234274962673,93.46573594387525,95.36234274962673,93.46573594387525,0.0004991587669952313,7.967263221740723,1:06:59
522,train/val,0.8036787196993828,0.7054598554968834,0.2455471634864807,0.20005320766899298,79.3844740121053,52.63847398448932,86.94807435873176,58.46420303255451,95.4932027066527,93.4993276662535,89.09815715440041,68.93043823565704,86.94807435873176,58.46420303255451,87.96508977057141,73.33746116561962,95.4932027066527,93.4993276662535,95.4932027066527,93.4993276662535,95.4932027066527,93.4993276662535,0.0004981542789556063,7.749296426773071,1:07:07
523,train/val,0.8299842521548271,0.7263663247227669,0.2590448047965765,0.2016082783003049,77.76067734264257,52.54164342028924,85.52317233496673,58.37046157285643,95.24332190285082,93.47478989778463,88.22447967117327,72.09155662574062,85.52317233496673,58.37046157285643,86.81271479314138,73.06562062810707,95.24332190285082,93.47478989778463,95.24332190285082,93.47478989778463,95.24332190285082,93.47478989778463,0.0004971495658132194,7.876104116439819,1:07:15
524,train/val,0.8141527578234673,0.7166922271251679,0.24365132637321948,0.20230615040685374,79.28905214152434,52.33717629652656,86.72188225594768,58.31277194119494,95.47646714125372,93.4701353222148,89.18698086900028,71.97569082474404,86.72188225594768,58.31277194119494,87.87209764025764,72.9553261768106,95.47646714125372,93.4701353222148,95.47646714125372,93.4701353222148,95.47646714125372,93.4701353222148,0.0004961446270119303,7.870036840438843,1:07:22
525,train/val,0.8264897540211678,0.7167146414518356,0.2744377750903368,0.20206364802519783,78.13534708716973,52.38971880462952,85.49513224493882,58.145849006092746,95.06137485814264,93.50361608927554,88.86999932548306,67.75062047117926,85.49513224493882,58.145849006092746,87.05986584470182,72.90882457081868,95.06137485814264,93.50361608927554,95.06137485814264,93.50361608927554,95.06137485814264,93.50361608927554,0.0004951394619929699,7.825293064117432,1:07:30
526,train/val,0.8075509831309319,0.7006767019629478,0.267185702547431,0.20074904097158244,77.5395859299878,52.39063773820707,85.07272208351193,58.30586679312786,95.24455716275605,93.51303064796684,88.32600486258198,67.86214300834314,85.07272208351193,58.30586679312786,86.62003759133788,73.04715884483036,95.24455716275605,93.51303064796684,95.24455716275605,93.51303064796684,95.24455716275605,93.51303064796684,0.0004941340701949216,7.958566904067993,1:07:38
527,train/val,0.8103900730609894,0.7095480784773827,0.2521049823611975,0.2014271974884404,76.40849428354039,52.63039769578949,84.19231985397097,58.58704515291176,95.31309524697569,93.49133333562641,87.27541484551887,67.62249217790068,84.19231985397097,58.58704515291176,85.57301111995326,73.17693829601262,95.31309524697569,93.49133333562641,95.31309524697569,93.49133333562641,95.31309524697569,93.49133333562641,0.0004931284510537032,8.074262619018555,1:07:46
528,train/val,0.8056987270712852,0.7046310529112816,0.2526691840961576,0.20258524962297383,78.74547216634873,52.822212729180876,85.67009195323966,58.64879854105306,95.51881302404234,93.48823213450181,89.49678155698354,71.89564819036629,85.67009195323966,58.64879854105306,87.46291831142452,73.58557940412416,95.51881302404234,93.48823213450181,95.51881302404234,93.48823213450181,95.51881302404234,93.48823213450181,0.0004921226040025469,8.002133131027222,1:07:54
529,train/val,0.8040241718292236,0.7101107135415077,0.23478366024792194,0.20196221167705966,79.82268934135175,52.69630071690949,86.73519423084534,58.332881404937375,95.68113342995188,93.49771326638363,89.81836118297905,69.1130462200685,86.73519423084534,58.332881404937375,88.18612362133574,73.29727296580151,95.68113342995188,93.49771326638363,95.68113342995188,93.49771326638363,95.68113342995188,93.49771326638363,0.0004911165284719824,7.751030445098877,1:08:02
530,train/val,0.8167079523205757,0.7134007066488266,0.25826811268925665,0.20314554797128187,76.52003327266388,52.59779032343156,84.61955112028281,58.54144602146746,95.17077256991453,93.4603268721463,87.16335293078883,67.48215074760601,84.61955112028281,58.54144602146746,85.80356682852688,73.19812936840968,95.17077256991453,93.4603268721463,95.17077256991453,93.4603268721463,95.17077256991453,93.4603268721463,0.0004901102238898162,7.977227210998535,1:08:10
531,train/val,0.8216473087668419,0.7176823258399964,0.25991245806217195,0.2003352771069527,77.89389390563562,52.43832284045479,86.33366988452732,58.34628714709195,95.37454343059731,93.4629454176397,87.77528795075933,71.23667249684661,86.33366988452732,58.34628714709195,86.97383705974445,72.96575145034669,95.37454343059731,93.4629454176397,95.37454343059731,93.4629454176397,95.37454343059731,93.4629454176397,0.0004891036896811132,7.95861291885376,1:08:18
532,train/val,0.8347487702965737,0.7323481306433678,0.25600160099565983,0.19973160021381645,76.57278665406947,52.262432105566745,84.42926829795138,58.04766736039703,95.21983188738804,93.49238741114281,87.12051301988447,70.87929513042617,84.42926829795138,58.04766736039703,85.69238236669685,72.68392813656513,95.21983188738804,93.49238741114281,95.21983188738804,93.49238741114281,95.21983188738804,93.49238741114281,0.00048809692526817624,7.881980657577515,1:08:26
533,train/val,0.8223979711532593,0.717674408853054,0.26180891022086145,0.20192330710201686,77.55569643887799,52.37487995656077,84.6176178659638,58.094006605786234,95.33694017167801,93.47349172056968,88.98476397616122,71.82654345828372,84.6176178659638,58.094006605786234,86.63245524295725,73.04223973844974,95.33694017167801,93.47349172056968,95.33694017167801,93.47349172056968,95.33694017167801,93.47349172056968,0.00048708993007052804,7.979774713516235,1:08:34
534,train/val,0.8082307517528534,0.7079852163791657,0.2506138376891613,0.20544848279768174,79.66746802727539,52.41461136404148,86.75792516699391,58.47428388095403,95.43638665865541,93.35815366801081,89.59903532547585,75.9946135987925,86.75792516699391,58.47428388095403,88.09728487483198,73.09740788566096,95.43638665865541,93.35815366801081,95.43638665865541,93.35815366801081,95.43638665865541,93.35815366801081,0.00048608270350488975,8.061889410018921,1:08:42
535,train/val,0.806880284845829,0.7043715134263039,0.256271924264729,0.2003799803975934,79.52144810207572,52.21865598924859,86.69038147369828,58.24513627549956,95.35518779286517,93.50114733346079,89.52483713978285,67.62932771689731,86.69038147369828,58.24513627549956,88.04095290961307,72.81803177456543,95.35518779286517,93.50114733346079,95.35518779286517,93.50114733346079,95.35518779286517,93.50114733346079,0.0004850752449851623,8.096879243850708,1:08:50
536,train/val,0.8280489519238472,0.7211766809225082,0.2671806823462248,0.20310492597262322,77.87724873099047,52.44667689368405,85.97862527627346,58.49840735277174,95.14278277346743,93.48353317680497,88.23129251896162,72.00623262388788,85.97862527627346,58.49840735277174,87.04682398785933,68.83364660850906,95.14278277346743,93.48353317680497,95.14278277346743,93.48353317680497,95.14278277346743,93.48353317680497,0.0004840675539224054,8.075507879257202,1:08:58
537,train/val,0.8147151678800583,0.7152717411518097,0.24860856868326664,0.2019502029310345,77.8794483217338,52.80901471210473,85.11705993556544,58.814838928532275,95.35220206749993,93.54059194883806,88.65688057595973,76.81461072086095,85.11705993556544,58.814838928532275,86.78401403530103,69.13871608934332,95.35220206749993,93.54059194883806,95.35220206749993,93.54059194883806,95.35220206749993,93.54059194883806,0.0004830596297248177,7.921048402786255,1:09:06
538,train/val,0.8273291006684304,0.7183261901140213,0.2725072856992483,0.2022861994705323,77.53938414320596,52.82929847093874,85.47942019067136,59.16331009543679,95.1306652794501,93.55519921638916,87.93947921358311,76.17999651696977,85.47942019067136,59.16331009543679,86.63502976719609,73.71418965368966,95.1306652794501,93.55519921638916,95.1306652794501,93.55519921638916,95.1306652794501,93.55519921638916,0.0004820514717977153,7.984760999679565,1:09:14
539,train/val,0.8076030284166336,0.7048620477318763,0.2568524558097124,0.20098423200460086,78.58359841188975,52.33988521313244,85.70442423210287,58.06493947555333,95.4191428912142,93.47413526141128,89.27901085164886,68.65542381019061,85.70442423210287,58.06493947555333,87.39494911712437,72.98087211853725,95.4191428912142,93.47413526141128,95.4191428912142,93.47413526141128,95.4191428912142,93.47413526141128,0.00048104307954351236,7.933351039886475,1:09:22
540,train/val,0.7967837959527969,0.7019225850701332,0.23715302105993033,0.19915458987093623,78.848990724684,52.60714205677747,86.09542656932486,58.75168382545788,95.66102163036275,93.5363090735819,89.19692337659839,68.12422837830044,86.09542656932486,58.75168382545788,87.57207576993972,73.50322943989372,95.66102163036275,93.5363090735819,95.66102163036275,93.5363090735819,95.66102163036275,93.5363090735819,0.0004800344523616989,7.890350818634033,1:09:30
541,train/val,0.8278637692332268,0.724384842813015,0.2586973149329424,0.19947997934213094,79.88616336498077,52.79914456339798,86.84113682309716,58.70455449529237,95.34271325130675,93.63709533624842,89.8524145297755,72.29251248942754,86.84113682309716,58.70455449529237,88.28509972826734,73.53019348902701,95.34271325130675,93.63709533624842,95.34271325130675,93.63709533624842,95.34271325130675,93.63709533624842,0.0004790255896488201,7.712422847747803,1:09:38
542,train/val,0.8339292034506798,0.7308178231120109,0.2577784571796656,0.20151871503797944,78.28565731474946,52.7702359597093,86.08824700694159,58.7096471427714,95.07402401215388,93.53666967836384,88.56729172450277,68.504604423713,86.08824700694159,58.7096471427714,87.25880516706255,73.50901951824191,95.07402401215388,93.53666967836384,95.07402401215388,93.53666967836384,95.07402401215388,93.53666967836384,0.00047801649079845515,7.833199977874756,1:09:45
543,train/val,0.8322525009512901,0.731044813990593,0.25301921293139457,0.20024542952162613,75.98830735489565,52.5481513747997,83.9237846315414,58.31164058224619,95.08741909013081,93.55168193282388,87.81501201475331,67.80432455200386,83.9237846315414,58.31164058224619,85.69244943928108,73.13607561485254,95.08741909013081,93.55168193282388,95.08741909013081,93.55168193282388,95.08741909013081,93.55168193282388,0.0004770071552011956,8.018340110778809,1:09:53
544,train/val,0.8296715840697289,0.7194934502243996,0.27544533014297484,0.20103913668316498,77.90962897635356,52.25925361112221,85.13639755066235,58.07656157047403,95.12146654577724,93.4587624021693,88.53249239558117,71.89734639921093,85.13639755066235,58.07656157047403,86.71572821089008,72.91359497565651,95.12146654577724,93.4587624021693,95.12146654577724,93.4587624021693,95.12146654577724,93.4587624021693,0.0004759975822446232,8.098122358322144,1:10:01
545,train/val,0.8296483516693115,0.7280542805790902,0.2539851665496826,0.20049166949383126,78.69939606536039,52.413126072338514,86.37299603495006,58.36145591936931,95.29591144594568,93.53235351651243,88.85163497217462,76.6973186169953,86.37299603495006,58.36145591936931,87.52895789245262,73.05525666354646,95.29591144594568,93.53235351651243,95.29591144594568,93.53235351651243,95.29591144594568,93.53235351651243,0.0004749877713132885,7.922975301742554,1:10:09
546,train/val,0.834193529188633,0.7299374252557754,0.2606402594596148,0.19956743770406762,79.28736035136525,52.54095319747542,86.35450077425816,58.50006373315969,95.15914450407114,93.60756457849129,89.54615205169347,71.45024982180823,86.35450077425816,58.50006373315969,87.8718173456572,73.20044888554344,95.15914450407114,93.60756457849129,95.15914450407114,93.60756457849129,95.15914450407114,93.60756457849129,0.000473977721788688,8.05182409286499,1:10:17
547,train/val,0.8340553283691406,0.7291291698813438,0.26231539621949196,0.20069750721091673,79.47350237567319,52.520948943003596,86.91747968761057,58.31055026752738,95.17459653447733,93.52705540010099,89.06833991831,72.67729392017972,86.91747968761057,58.31055026752738,87.92702423205418,73.18363871328184,95.17459653447733,93.52705540010099,95.17459653447733,93.52705540010099,95.17459653447733,93.52705540010099,0.000472967433049242,8.051862239837646,1:10:25
548,train/val,0.8406258508563041,0.7249926432967186,0.2890830211341381,0.19860149690026904,78.89613326120029,52.81401356532872,86.00821235118194,58.68548550064252,95.09086322965133,93.59266327934877,89.1878536481357,76.00023719059732,86.00821235118194,58.68548550064252,87.50682442356677,73.55299381228517,95.09086322965133,93.59266327934877,95.09086322965133,93.59266327934877,95.09086322965133,93.59266327934877,0.00047195690447027216,7.815197944641113,1:10:33
549,train/val,0.8286792635917664,0.7288896694779397,0.24947398193180562,0.19838498905238555,73.77875727193822,52.79769337836836,80.1866120384157,58.745592238059295,95.54630873187577,93.58385897490379,88.63715722425539,68.68118346936015,80.1866120384157,58.745592238059295,86.49009527603779,73.49027585177419,95.54630873187577,93.58385897490379,95.54630873187577,93.58385897490379,95.54630873187577,93.58385897490378,0.00047094613542397854,7.7927281856536865,1:10:41
550,train/val,0.8196172475814819,0.7222099483013154,0.24351825155317783,0.19830288926883996,75.15162426359323,52.97825669297631,81.83252557472701,58.87229936966746,95.45971869534021,93.54684982874602,88.54659513792772,71.93476944882126,81.83252557472701,58.87229936966746,84.33304167358338,73.65491081813656,95.45971869534021,93.54684982874602,95.45971869534021,93.54684982874602,95.45971869534021,93.54684982874602,0.0004699351252794164,8.142285585403442,1:10:49
551,train/val,0.8264239996671676,0.7164284959435463,0.27498874738812445,0.20174025748339525,78.53661346545533,52.29109962390005,86.24067086398499,58.33765125829471,95.15276889384856,93.4778300734846,88.41854873873498,71.40735602128309,86.24067086398499,58.33765125829471,87.25318309705251,72.9521016127953,95.15276889384856,93.4778300734846,95.15276889384856,93.4778300734846,95.15276889384856,93.4778300734846,0.00046892387340247317,8.018079996109009,1:10:57
552,train/val,0.8020711585879325,0.7056046321988105,0.2411663096398115,0.19809146932905153,76.46696948258777,53.057426694126,84.11648012657827,58.99001545635825,95.46848615529294,93.5779561520119,87.79996397800997,68.2365028171773,84.11648012657827,58.99001545635825,85.69816558919125,73.89434290889079,95.46848615529294,93.5779561520119,95.46848615529294,93.5779561520119,95.46848615529295,93.5779561520119,0.0004679123791558445,7.975278377532959,1:11:05
553,train/val,0.8013925358653069,0.7076981663703918,0.23423590883612633,0.19859179697837048,77.22199454331168,52.88309895980372,84.6762354305589,58.59337588902751,95.59601768399429,93.5964690467396,88.45656652316303,72.43482076241992,84.6762354305589,58.59337588902751,86.4143525710855,73.51268728148239,95.59601768399429,93.5964690467396,95.59601768399429,93.5964690467396,95.59601768399429,93.5964690467396,0.0004669006418990105,8.119229793548584,1:11:13
554,train/val,0.7929618835449219,0.6936096414923668,0.24838061071932316,0.19907833409529585,78.97791274096544,52.59915842657519,86.03267346536327,58.21203314414408,95.54574728374853,93.58168425068047,89.37707711098486,76.0398473367962,86.03267346536327,58.21203314414408,87.53861153150898,73.17831556777237,95.54574728374853,93.58168425068047,95.54574728374853,93.58168425068047,95.54574728374853,93.58168425068047,0.0004658886609882125,8.095499277114868,1:11:21
555,train/val,0.8107633545994759,0.710382142663002,0.25095302388072016,0.19980065212878317,78.58507311659181,53.04056337553574,86.32239326800789,59.07053460887216,95.36537267569041,93.51595432058342,88.23230662253296,76.10693985439654,86.32239326800789,59.07053460887216,87.24027779038019,73.84165282538855,95.36537267569041,93.51595432058342,95.36537267569041,93.51595432058342,95.36537267569042,93.51595432058342,0.00046487643577642756,7.96666407585144,1:11:29
556,train/val,0.8296155601739883,0.72357237637043,0.26510796658694746,0.21466012285028233,77.40254995173376,51.11321893227927,84.43369145142023,57.43390572370068,95.11749656954545,93.04223059244481,88.83365188428681,65.8881304526057,84.43369145142023,57.43390572370068,86.38649313843642,71.73560456931666,95.11749656954545,93.04223059244481,95.11749656954545,93.04223059244481,95.11749656954545,93.04223059244481,0.0004638639656133451,8.140909671783447,1:11:38
557,train/val,0.8245203197002411,0.7161542341113091,0.27091521993279455,0.20150078036781854,79.34995028294185,52.457769234012986,86.1353842427293,58.4120100795181,95.20920280401863,93.51574905324601,89.89936740682334,68.60417578067978,86.1353842427293,58.4120100795181,87.91229576892515,68.83502285583268,95.20920280401863,93.51574905324601,95.20920280401863,93.51574905324601,95.20920280401863,93.51574905324601,0.0004628512498453415,8.145668029785156,1:11:46
558,train/val,0.817345105111599,0.7172267273068428,0.250295951962471,0.19935059092236268,80.62989107199155,52.68418538441947,87.79283032651165,58.70463688133506,95.50614179273492,93.58462456659467,89.80893168213312,76.33976425119762,87.79283032651165,58.70463688133506,88.75244790934615,73.35597862898831,95.50614179273492,93.58462456659467,95.50614179273492,93.58462456659467,95.50614179273492,93.58462456659467,0.0004618382878154556,7.933686256408691,1:11:54
559,train/val,0.8289706781506538,0.7234579935669899,0.26378170885145663,0.2039073595965171,77.8343929613373,52.35551186111106,85.35100800398858,58.29391235491577,95.47758425748256,93.50326658002535,88.26384291096193,72.07468647401163,85.35100800398858,58.29391235491577,86.73234769397155,73.11722854093897,95.47758425748256,93.50326658002535,95.47758425748256,93.50326658002535,95.47758425748256,93.50326658002535,0.00046082507886336315,7.960562705993652,1:12:02
560,train/val,0.8611028000712395,0.7450282528996468,0.29018637500703337,0.20207671171357783,77.99296401180598,52.17698886776414,85.789518634964,58.19821072922695,94.74748400944841,93.50795444219044,88.65421730505062,67.37219131803555,85.789518634964,58.19821072922695,87.11094497689942,72.79230789224738,94.74748400944841,93.50795444219044,94.74748400944841,93.50795444219044,94.74748400944841,93.50795444219044,0.00045981162232535116,7.929780006408691,1:12:10
561,train/val,0.8103111699223519,0.705950802564621,0.26090091057121756,0.20255434813362616,78.79460901684855,52.18387355237133,86.0845480887077,58.01916948578142,95.26005268352277,93.51620397004783,89.12298166014256,71.28517208596008,86.0845480887077,58.01916948578142,87.51151588837098,72.81805535227504,95.26005268352277,93.51620397004783,95.26005268352277,93.51620397004783,95.26005268352277,93.51620397004783,0.0004587979175342931,7.719300270080566,1:12:17
562,train/val,0.7910488352179528,0.6985709279775619,0.23119477406144143,0.20265774245304122,78.24911625284479,52.779347780789266,85.39046260760891,58.65320403374314,95.62288060163742,93.51557152473798,89.33805922495992,68.18325007563749,85.39046260760891,58.65320403374314,86.93258157691083,73.54395208088805,95.62288060163742,93.51557152473798,95.62288060163742,93.51557152473798,95.62288060163742,93.51557152473798,0.0004577839638196213,7.7193098068237305,1:12:25
563,train/val,0.8326729267835618,0.7288178816437721,0.2596376039087772,0.19822663739397248,77.33501485527431,53.046327237853376,85.19812675204534,59.06848108683206,95.26038915000842,93.55412849757514,87.97382126513392,67.95489165534858,85.19812675204534,59.06848108683206,86.51452827666128,73.69855302290446,95.26038915000842,93.55412849757514,95.26038915000842,93.55412849757514,95.26038915000842,93.55412849757514,0.0004567697605073026,7.983342409133911,1:12:33
564,train/val,0.8185320913791656,0.7239995956420898,0.23633123859763144,0.20005327246516474,79.02069420539387,52.75365467523182,86.98606474172323,58.50000310471158,95.45061655998478,93.60400846056487,88.58393123489708,67.5406631792557,86.98606474172323,58.50000310471158,87.74814845084515,73.14211218738416,95.45061655998478,93.60400846056487,95.45061655998478,93.60400846056487,95.45061655998478,93.60400846056487,0.00045575530691980973,8.02548360824585,1:12:41
565,train/val,0.8201281204819679,0.7144086495041847,0.264298677816987,0.19772617993560043,76.94903273868971,52.53250970324716,84.78527920305572,58.30417499371122,95.09635675772881,93.59540387569143,88.26481515868055,71.01714685134044,84.78527920305572,58.30417499371122,86.43583970485565,72.96171425230906,95.09635675772881,93.59540387569143,95.09635675772881,93.59540387569143,95.09635675772881,93.59540387569143,0.000454740602376097,7.977866888046265,1:12:49
566,train/val,0.8103215664625167,0.7109907448291779,0.24832704961299895,0.20293383460668893,78.26512924960352,52.06687421670064,85.21863971931984,58.00842264268906,95.2851248785128,93.44211910454176,89.43576868109406,71.55741743377894,85.21863971931984,58.00842264268906,87.10372252274338,72.71426188507266,95.2851248785128,93.44211910454176,95.2851248785128,93.44211910454176,95.2851248785128,93.44211910454176,0.0004537256461915711,7.777295351028442,1:12:57
567,train/val,0.8160961553454399,0.7151304215192795,0.25241433531045915,0.19904533897445886,77.66974257835261,52.952082435609746,84.82908400758143,58.774582957530406,95.49363036050455,93.65254031644679,88.45889218187722,68.23733131968531,84.82908400758143,58.774582957530406,86.48404083970306,73.50142329698357,95.49363036050455,93.65254031644679,95.49363036050455,93.65254031644679,95.49363036050455,93.65254031644679,0.0004527104376780647,7.877647638320923,1:13:05
568,train/val,0.8042320758104324,0.7059644535183907,0.24566905573010445,0.20333208314718268,76.55978362022088,52.53263233624722,83.87849251976783,58.427558571779606,95.54694197460304,93.41924011806977,87.94336953235096,68.03373492636494,83.87849251976783,58.427558571779606,85.63603217436354,73.15974668399488,95.54694197460304,93.41924011806977,95.54694197460304,93.41924011806977,95.54694197460304,93.41924011806977,0.0004516949761438086,7.998040199279785,1:13:13
569,train/val,0.8464268416166305,0.7380760416388512,0.27087699696421624,0.20138795419628572,77.36090185913437,52.54315527522545,84.96957360901035,58.54228558987526,95.05026834457915,93.53022317441611,88.45295146213049,67.42770871978412,84.96957360901035,58.54228558987526,86.56147205242519,73.16802917230024,95.05026834457915,93.53022317441611,95.05026834457915,93.53022317441611,95.05026834457915,93.53022317441611,0.0004506792608934046,7.943565368652344,1:13:21
570,train/val,0.8130933985114097,0.709205710887909,0.2597192246466875,0.20296643769985134,78.73548202315696,52.61781627701726,86.3592082981462,58.366739469277064,95.41727682729612,93.48721134558066,88.74069482689109,71.42287091552657,86.3592082981462,58.366739469277064,87.45990313723414,73.25264687314743,95.41727682729612,93.48721134558066,95.41727682729612,93.48721134558066,95.41727682729612,93.48721134558066,0.00044966329122779567,7.837557554244995,1:13:28
571,train/val,0.807781957089901,0.7058693096041679,0.25478161349892614,0.20101798387537687,79.25178317058563,52.723995715451956,86.61825287510129,58.70292714153378,95.50418145236182,93.55776783198968,89.01087898484228,68.25193156192024,86.61825287510129,58.70292714153378,87.7468446485698,69.16483189256785,95.50418145236182,93.55776783198968,95.50418145236182,93.55776783198968,95.50418145236182,93.55776783198968,0.0004486470664442388,7.932934045791626,1:13:36
572,train/val,0.8352305665612221,0.7276459813117981,0.26896145977079866,0.20211572648545453,78.37632285557461,52.417419676798225,86.00169553537711,58.6742196294755,95.11358408273055,93.43435223231558,88.62123139347393,67.8896690686506,86.00169553537711,58.6742196294755,87.25392956498035,68.81735277711641,95.11358408273055,93.43435223231558,95.11358408273055,93.43435223231558,95.11358408273055,93.43435223231558,0.00044763058583627654,7.984938144683838,1:13:44
573,train/val,0.8088260889053345,0.7111005440354348,0.24431385323405266,0.20175520849572107,77.75364177152639,52.48517650660506,84.35676308783982,58.73575012196166,95.44830690743939,93.49203790189264,89.11872582802563,67.065720180672,84.35676308783982,58.73575012196166,86.23311717278315,68.70206872572105,95.44830690743939,93.49203790189264,95.44830690743939,93.49203790189264,95.44830690743939,93.49203790189264,0.00044661384869370646,8.080509901046753,1:13:52
574,train/val,0.8123052731156349,0.7119537740945816,0.2508787587285042,0.20124005942641982,79.39992696653177,52.88156956977325,86.86183089405608,58.81419773978155,95.57075837240599,93.49468973398129,89.19510559916021,68.09000891131622,86.86183089405608,58.81419773978155,87.95052950377284,73.60926347201092,95.57075837240599,93.49468973398129,95.57075837240599,93.49468973398129,95.57075837240599,93.49468973398129,0.00044559685430255305,8.18944787979126,1:14:01
575,train/val,0.8306902974843979,0.7228653788566589,0.2695622980594635,0.20194216972270435,75.24385136384988,52.83940719052536,82.74973988220755,58.824137853206516,95.1857792960505,93.5364033856018,86.60066174908569,75.48432882767901,82.74973988220755,58.824137853206516,84.50492686381956,73.63143110689107,95.1857792960505,93.5364033856018,95.1857792960505,93.5364033856018,95.1857792960505,93.5364033856018,0.0004445796019450375,8.044572353363037,1:14:09
576,train/val,0.7779876917600632,0.6838187485933304,0.23542235605418682,0.2021058218813345,80.16452807008552,52.757414756059326,87.58527382017046,58.79546440995974,95.71426555577335,93.5036715669343,89.26694985525812,71.20153114544708,87.58527382017046,58.79546440995974,88.39098572417915,73.52425897954475,95.71426555577335,93.5036715669343,95.71426555577335,93.5036715669343,95.71426555577335,93.5036715669343,0.0004435620908995476,7.952966690063477,1:14:17
577,train/val,0.8057901874184609,0.7111461773514748,0.23661003150045873,0.20280971526424507,76.84866451608751,52.95949648156828,84.00753157191556,58.68479416060936,95.5232485889016,93.49425700824298,87.95224332238224,67.9115211635025,84.00753157191556,58.68479416060936,85.78571589341996,73.72253808608895,95.5232485889016,93.49425700824298,95.5232485889016,93.49425700824298,95.5232485889016,93.49425700824298,0.00044254432044060814,7.963698625564575,1:14:25
578,train/val,0.8218568816781044,0.7164910808205605,0.263414491340518,0.2033839391550303,79.25723915321173,53.190690909788664,85.9105076414893,59.30540568204079,95.44635197334294,93.49175496583297,89.97816790705568,71.8863392337812,85.9105076414893,59.30540568204079,87.77251555468538,69.62624009552734,95.44635197334294,93.49175496583297,95.44635197334294,93.49175496583297,95.44635197334294,93.49175496583297,0.00044152628983884924,7.959553480148315,1:14:32
579,train/val,0.8205602988600731,0.7217787191271782,0.24695394411683083,0.204125564280604,78.31507126735107,52.88321812969542,85.811777517514,58.64429346696258,95.27730045912065,93.5202760302007,88.67747048138327,71.95056788460991,85.811777517514,58.64429346696258,87.18709284124213,69.23834340547359,95.27730045912065,93.5202760302007,95.27730045912065,93.5202760302007,95.27730045912065,93.5202760302007,0.0004405079983609767,7.915936231613159,1:14:40
580,train/val,0.7851350829005241,0.692228165268898,0.23226729556918144,0.20076194516169352,78.44952424580974,52.70601958835488,85.66945724880274,58.55763604617439,95.75316994990175,93.5169695617387,88.947035329978,67.84382521817584,85.66945724880274,58.55763604617439,87.22520824149393,69.11393105022323,95.75316994990175,93.5169695617387,95.75316994990175,93.5169695617387,95.75316994990175,93.5169695617387,0.00043948944526973964,8.084983587265015,1:14:48
581,train/val,0.8064818114042283,0.7119661450386048,0.23628917559981347,0.20288236607561416,80.5410270218286,52.90397094723175,87.60214762708529,58.76651840774629,95.66230196042999,93.53033412973362,89.89420476898647,68.37166569823259,87.60214762708529,58.76651840774629,88.69490172654987,73.72143203771533,95.66230196042999,93.53033412973362,95.66230196042999,93.53033412973362,95.66230196042999,93.53033412973362,0.00043847062982389935,7.944351673126221,1:14:56
582,train/val,0.8140720769762992,0.716382059454918,0.24422503374516963,0.20111286129062447,75.42082690522331,52.74662843952916,83.12864999990242,58.4846078877089,95.49114493919024,93.5619231086307,87.88543920301753,67.87173279495853,83.12864999990242,58.4846078877089,85.1026183275912,73.26139029884897,95.49114493919024,93.5619231086307,95.49114493919024,93.5619231086307,95.49114493919024,93.5619231086307,0.0004374515512781973,8.023855924606323,1:15:04
583,train/val,0.795871701836586,0.7045954793691636,0.22819055952131748,0.20194139021825688,78.832722303977,52.80703966015478,85.79419250539603,58.6851536137711,95.82863032608137,93.5441203279351,88.55767677568316,67.6463213608422,85.79419250539603,58.6851536137711,87.10097573767437,73.62977371344405,95.82863032608137,93.5441203279351,95.82863032608137,93.5441203279351,95.82863032608137,93.5441203279351,0.00043643220888332285,7.611237049102783,1:15:12
584,train/val,0.822826410830021,0.7293649449944496,0.2336536653339863,0.20519004294158025,77.49351490820725,52.3963579394182,85.2451073249328,58.426180867478095,95.61856610998478,93.41494614728187,87.88816791828508,71.43212358147593,85.2451073249328,58.426180867478095,86.43169564331107,73.16687696701155,95.61856610998478,93.41494614728187,95.61856610998478,93.41494614728187,95.61856610998478,93.41494614728187,0.00043541260188588096,7.881335258483887,1:15:20
585,train/val,0.8241714298725128,0.725165194272995,0.24751558899879456,0.203635845433265,77.60270415927857,52.196465284527406,85.54459863753223,57.783595916215425,95.31395344359018,93.4628067234928,87.81213366341636,67.93890563215487,85.54459863753223,57.783595916215425,86.61032813795893,72.71707135731833,95.31395344359018,93.4628067234928,95.31395344359018,93.4628067234928,95.31395344359018,93.4628067234928,0.00043439272952835865,7.795838356018066,1:15:28
586,train/val,0.8182879582047462,0.7102902308106422,0.26999431774020194,0.20732553817559168,79.8536133692108,52.345816410629965,86.79034401112546,58.00402696624548,95.15572016379849,93.34000692583092,89.96898117423703,68.7366113690763,86.79034401112546,58.00402696624548,88.27933359558831,73.19980098871093,95.15572016379849,93.34000692583092,95.15572016379849,93.34000692583092,95.15572016379849,93.3400069258309,0.0004333725910490922,7.756300687789917,1:15:36
587,train/val,0.7920101717114448,0.6975598201155663,0.23612587712705135,0.20717826449545232,79.47684032753098,52.538247412688065,86.56970428291366,58.38336381283584,95.5879790876631,93.40236936204131,89.52364006984442,71.70384330834723,86.56970428291366,58.38336381283584,87.98001335558352,73.25946713767392,95.5879790876631,93.40236936204131,95.5879790876631,93.40236936204131,95.5879790876631,93.40236936204131,0.0004323521856822337,7.809399366378784,1:15:43
588,train/val,0.7988705217838288,0.7008581280708313,0.24503099210560322,0.20527433886025812,79.58629817304072,52.3110793123933,86.35835300001865,57.84463880440393,95.60982337525931,93.4054539198683,89.81670664102438,69.07917115770326,86.35835300001865,57.84463880440393,87.99728452740085,72.76468367417357,95.60982337525931,93.4054539198683,95.60982337525931,93.4054539198683,95.60982337525931,93.4054539198683,0.00043133151265771567,7.864703416824341,1:15:51
589,train/val,0.7902702122926712,0.6931233823299408,0.24286707453429698,0.2042339305684757,80.06337117838457,52.45710572444814,87.10373321838652,58.21123341758433,95.53564595061191,93.51230389063711,89.87111932864339,71.96909593357115,87.10373321838652,58.21123341758433,88.4143525098217,73.08241324154574,95.53564595061191,93.51230389063711,95.53564595061191,93.51230389063711,95.53564595061191,93.51230389063711,0.00043031057120121815,8.039007902145386,1:15:59
590,train/val,0.830787718296051,0.7214223474264145,0.27341343052685263,0.2043667599033446,79.56782685132907,52.58889989002613,87.04501284458019,58.384432782854425,95.36557999008171,93.42459371213997,89.19580382233869,68.42731399379689,87.04501284458019,58.384432782854425,88.0722632096379,73.20447613455835,95.36557999008171,93.42459371213997,95.36557999008171,93.42459371213997,95.36557999008171,93.42459371213997,0.00042928936053413376,7.749775171279907,1:16:07
591,train/val,0.8291190609335899,0.7230210617184639,0.2652449931949377,0.20330433933348252,77.16179648728283,52.56623746156875,84.63993613986717,58.406041949663134,95.20857970513529,93.55586494829427,88.42805185218694,67.37101561845094,84.63993613986717,58.406041949663134,86.37726805155248,73.06149189310318,95.20857970513529,93.55586494829427,95.20857970513529,93.55586494829427,95.20857970513529,93.55586494829427,0.00042826787987353164,7.8811421394348145,1:16:15
592,train/val,0.8206832453608512,0.7205584436655045,0.2503119964152575,0.20329949500698297,79.1779463348527,52.75309135868118,86.77583929575003,58.7832002382347,95.4137138990104,93.51359652008618,88.98127285972312,67.58107900299541,86.77583929575003,58.7832002382347,87.83722261136599,73.38143007490666,95.4137138990104,93.51359652008618,95.4137138990104,93.51359652008618,95.4137138990104,93.51359652008618,0.0004272461284321225,7.894629240036011,1:16:23
593,train/val,0.8344231262803078,0.7285015255212783,0.26480400189757347,0.20387140140525742,79.10053220007755,52.95851829273279,86.41349128857094,58.530823878686455,95.33239416401071,93.43001387940066,89.24771472631386,68.55570409190803,86.41349128857094,58.530823878686455,87.75210115581474,73.61937070153644,95.33239416401071,93.43001387940066,95.33239416401071,93.43001387940066,95.33239416401071,93.43001387940066,0.0004262241054182232,7.888146877288818,1:16:31
594,train/val,0.819905523955822,0.7158128291368484,0.26023174077272415,0.20496633795102087,79.74991701922778,53.004210316886066,87.45312000891387,58.819965395268206,95.2558524575451,93.4619579153138,89.14620909907089,72.00610123765043,87.45312000891387,58.819965395268206,88.26452492977047,73.67589714938686,95.2558524575451,93.4619579153138,95.2558524575451,93.4619579153138,95.2558524575451,93.4619579153138,0.00042520181003571976,8.353222370147705,1:16:39
595,train/val,0.843235445022583,0.7342616617679596,0.272434451803565,0.20301758658425942,79.98991407955886,52.55025669872593,87.28526218966358,58.28513532542337,95.2041056417487,93.5135022080663,89.62993742909575,68.79491644289362,87.28526218966358,58.28513532542337,88.39297787725252,73.27807190652153,95.2041056417487,93.5135022080663,95.2041056417487,93.5135022080663,95.2041056417487,93.5135022080663,0.00042417924148403053,8.125504732131958,1:16:47
596,train/val,0.8129672572016716,0.7180880963802337,0.23719791322946548,0.20118432258297433,80.7597313104648,52.92959713678981,87.74482775376737,58.79840059880826,95.47204376482313,93.55743496603714,90.1022397742521,68.20921370291724,87.74482775376737,58.79840059880826,88.8598069324603,73.66779403253253,95.47204376482313,93.55743496603714,95.47204376482313,93.55743496603714,95.47204376482313,93.55743496603714,0.0004231563989580695,7.715462923049927,1:16:55
597,train/val,0.7873995214700699,0.6966219618916512,0.22694390304386616,0.20023226441315123,79.93723485860941,52.74891387194282,87.57805720597105,58.39677892537157,95.73322671357856,93.59948148361018,89.07667227801561,68.86332724251753,87.57805720597105,58.39677892537157,88.28912565279573,73.4355526313995,95.73322671357856,93.59948148361018,95.73322671357856,93.59948148361018,95.73322671357856,93.59948148361018,0.0004221332816482089,7.985283613204956,1:17:03
598,train/val,0.8435414344072342,0.7339634761214257,0.27394490167498586,0.20325102747051169,77.93837052525757,52.22964691381377,85.03082816827883,57.944773362602135,95.22383710500037,93.50509734276439,89.01720961800945,67.91657288176447,85.03082816827883,57.944773362602135,86.89206579346245,72.72315485834011,95.22383710500037,93.50509734276439,95.22383710500037,93.50509734276439,95.22383710500037,93.50509734276439,0.000421109888740241,7.906832218170166,1:17:11
599,train/val,0.8226873442530632,0.7202423825860024,0.2561123948544264,0.20621050116387968,79.07302273948727,51.8920505667363,86.97375361792605,57.582805523703314,95.21534761271184,93.37740441560001,88.57763096504286,68.11300262873851,86.97375361792605,57.582805523703314,87.73304574870032,72.4771885779498,95.21534761271184,93.37740441560001,95.21534761271184,93.37740441560001,95.21534761271184,93.37740441560001,0.0004200862194153394,7.8485376834869385,1:17:19
600,train/val,0.8216998726129532,0.7112455695867539,0.27613574601709845,0.20428169639924754,78.7482472728636,52.873253218316385,85.74066502834245,58.36192872385186,95.52185530974636,93.45891773961384,89.35307159914237,69.32907346157656,85.74066502834245,58.36192872385186,87.44177895998746,73.64683498400657,95.52185530974636,93.45891773961384,95.52185530974636,93.45891773961384,95.52185530974636,93.45891773961384,0.0004190622728500212,7.950205087661743,1:17:27
601,train/val,0.8128165379166603,0.7137530863285064,0.24765861369669437,0.20089303561869573,78.78721652446123,52.75531265807641,85.98447729765812,58.52301446597541,95.39613014127215,93.62642698246917,89.1591815797511,71.35545974478438,85.98447729765812,58.52301446597541,87.49746760121292,73.45449512315886,95.39613014127215,93.62642698246917,95.39613014127215,93.62642698246917,95.39613014127215,93.62642698246917,0.0004180380482161072,7.852331161499023,1:17:34
602,train/val,0.8397913828492165,0.7356968998908997,0.26023620963096616,0.1999592995958064,79.69102181339586,52.663210850529566,86.6466065603255,58.57952715615852,95.3481635779576,93.56697712334359,89.72573400710395,67.8049193785342,86.6466065603255,58.57952715615852,88.08082048996523,73.39192484329425,95.3481635779576,93.56697712334359,95.3481635779576,93.56697712334359,95.3481635779576,93.56697712334359,0.00041701354468068195,7.840765953063965,1:17:42
603,train/val,0.8431029945611954,0.7309219300746918,0.28045265972614286,0.20125263248425515,78.36051708176946,52.68347858398727,85.65319446399316,58.43163458700865,95.26958892512528,93.46951952020258,89.0947002709753,68.34412238679593,85.65319446399316,58.43163458700865,87.27099680475436,73.21596835709909,95.26958892512528,93.46951952020258,95.26958892512528,93.46951952020258,95.26958892512528,93.46951952020258,0.00041598876140605453,7.99899435043335,1:17:50
604,train/val,0.824389235675335,0.7129162698984146,0.2786824081093073,0.20630726850358835,77.87785205867588,52.4902241116314,85.50725538518101,58.63280365166265,95.24046426435456,93.31328888537284,88.16496144378392,67.10796096826898,85.50725538518101,58.63280365166265,86.76517154468287,73.21150178600611,95.24046426435456,93.31328888537284,95.24046426435456,93.31328888537284,95.24046426435456,93.31328888537284,0.0004149636975497173,7.93646764755249,1:17:58
605,train/val,0.8146202206611634,0.7137039735913276,0.25229061506688594,0.2018549625271993,78.76198219830364,52.74999294747978,85.982642806905,58.466985089904085,95.46446834133314,93.541845743926,89.28942214090058,68.5616069565421,85.982642806905,58.466985089904085,87.52419038992217,73.47653941968373,95.46446834133314,93.541845743926,95.46446834133314,93.541845743926,95.46446834133314,93.54184574392602,0.000413938352264305,7.844211101531982,1:18:06
606,train/val,0.8217889472842217,0.7194955736398697,0.25573342889547346,0.20385911570435766,76.79863168238427,52.182389331699596,84.63568459861965,57.8700149188266,95.35722745141321,93.47748056423441,88.04554801966745,68.11683434591951,84.63568459861965,57.8700149188266,86.1370968129479,72.92920397117925,95.35722745141321,93.47748056423441,95.35722745141321,93.47748056423441,95.35722745141321,93.47748056423441,0.0004129127246975534,8.138603210449219,1:18:14
607,train/val,0.824832883477211,0.7227736786007881,0.25514800325036047,0.20199795445897245,79.61534566092624,52.560987110810096,87.82054212496571,57.997003871831396,95.23861499068248,93.59620830174343,88.5154844844546,68.61054560551412,87.82054212496571,57.997003871831396,88.10887400042802,73.20801258073651,95.23861499068248,93.59620830174343,95.23861499068248,93.59620830174343,95.23861499068248,93.59620830174343,0.00041188681399225753,7.8342366218566895,1:18:22
608,train/val,0.811083859205246,0.7144812002778054,0.241506639868021,0.20320378412659634,76.37645692129081,52.603898686100116,84.1977580758739,58.34799297438911,95.32230800379354,93.49436796356049,87.659179597409,67.84659825130359,84.1977580758739,58.34799297438911,85.78959166402367,73.37605748190941,95.32230800379354,93.49436796356049,95.32230800379354,93.49436796356049,95.32230800379354,93.49436796356049,0.00041086061928622926,7.944911241531372,1:18:30
609,train/val,0.8023712947964668,0.7071342691779137,0.23809256590902805,0.20213478273617366,77.32125173775292,52.59060418229085,85.12082480883507,58.2186463942839,95.40043234741681,93.48515312444071,88.15082693527036,72.53106932170455,85.12082480883507,58.2186463942839,86.57061976196312,73.30726573616448,95.40043234741681,93.48515312444071,95.40043234741681,93.48515312444071,95.40043234741681,93.48515312444071,0.00040983413971225417,8.066507339477539,1:18:38
610,train/val,0.8045131310820579,0.7009980902075768,0.25878758989274503,0.20012920621033278,78.00870147876316,52.86808739922753,85.15753265054607,58.70884362226624,95.43656886051778,93.56740430131603,89.26340579370566,68.39210975191875,85.15753265054607,58.70884362226624,87.10665853781443,73.58505698694404,95.43656886051778,93.56740430131603,95.43656886051778,93.56740430131603,95.43656886051778,93.56740430131603,0.00040880737439804817,8.265358209609985,1:18:46
611,train/val,0.810235270857811,0.7077113255858422,0.2563098665326834,0.20206393733251987,79.76725168498749,52.81467922019182,87.3350307867188,58.63015276773531,95.19392440321188,93.56207289830934,89.32032398564752,72.07128630284973,87.3350307867188,58.63015276773531,88.27141724175942,73.57943044572164,95.19392440321188,93.56207289830934,95.19392440321188,93.56207289830934,95.19392440321188,93.56207289830934,0.00040778032246621427,8.116343259811401,1:18:54
612,train/val,0.797290550172329,0.7032797813415528,0.23502692095935346,0.2052386760441894,80.02971504434838,53.11635791319495,86.9005865948619,58.97082336922879,95.58463455350483,93.40535406008253,89.92518359735003,72.65022733568,86.9005865948619,58.97082336922879,88.3406685894052,74.02568955565539,95.58463455350483,93.40535406008253,95.58463455350483,93.40535406008253,95.58463455350483,93.40535406008253,0.000406752983034197,8.021740913391113,1:19:02
613,train/val,0.7937767997384071,0.7034888923168182,0.22571976631879806,0.20582698345875353,79.58455303156433,52.81019151362288,86.92369031457446,58.61923187433133,95.59680231424085,93.44797199754079,89.33842516882035,71.7862764529606,86.92369031457446,58.61923187433133,88.0572400578231,73.53917271753811,95.59680231424085,93.44797199754079,95.59680231424085,93.44797199754079,95.59680231424085,93.44797199754079,0.0004057253552142386,8.049469709396362,1:19:10
614,train/val,0.8230648994445801,0.7201941385865211,0.25717690102756025,0.20397751976440137,78.48751977882422,52.78085382585349,86.18762902583545,58.45286931609511,95.36408049503486,93.52260609186857,88.73396663262405,68.33398450047923,86.18762902583545,58.45286931609511,87.37627641846743,73.39160866560862,95.36408049503486,93.52260609186857,95.36408049503486,93.52260609186857,95.36408049503486,93.52260609186857,0.0004046974381133331,7.974714279174805,1:19:18
615,train/val,0.8269451037049294,0.7247688576579094,0.2554406218230724,0.20419905960930193,77.57786217266144,52.52828573643985,85.59264766084553,58.12334046055635,95.29215861709439,93.49748580798273,88.03916153377082,68.89914276206814,85.59264766084553,58.12334046055635,86.72688998819785,73.19889126362101,95.29215861709439,93.49748580798273,95.29215861709439,93.49748580798273,95.29215861709439,93.49748580798273,0.00040366923083318113,8.045632123947144,1:19:26
616,train/val,0.8199135854840278,0.7205376133322716,0.24843992926180364,0.20590576195090016,78.98967539274643,52.489276961282606,86.67016454108995,58.22897160062044,95.41958093859847,93.43045770067073,88.81291492735637,68.52728521841851,86.67016454108995,58.22897160062044,87.68393937675884,73.25527198134104,95.41958093859847,93.43045770067073,95.41958093859847,93.43045770067073,95.41958093859847,93.43045770067073,0.0004026407324701422,7.935512065887451,1:19:34
617,train/val,0.8090356335043907,0.7137831076979637,0.23813131116330624,0.20481560601901252,78.52955313660517,52.857144037150114,85.70177976527624,58.6951174097351,95.55445606132487,93.45461267329418,89.27728789356057,72.45422805211341,85.70177976527624,58.6951174097351,87.35701210207931,73.6474561288717,95.55445606132487,93.45461267329418,95.55445606132487,93.45461267329418,95.55445606132487,93.45461267329418,0.00040161194211518823,7.9769768714904785,1:19:42
618,train/val,0.815909543633461,0.7178226381540298,0.2452172629535198,0.20216220928701278,78.43591229496964,52.86176734068662,86.18966769683011,58.71738704406426,95.41451453431615,93.54707728714693,88.68195716068789,72.14572439580833,86.18966769683011,58.71738704406426,87.39091102606184,73.59459498497235,95.41451453431615,93.54707728714693,95.41451453431615,93.54707728714693,95.41451453431615,93.54707728714693,0.0004005828588538569,8.058340549468994,1:19:50
619,train/val,0.8034621804952622,0.7069126904010773,0.241373723000288,0.19946935818770356,78.33489879232805,52.81571502807726,86.19095411831007,58.60641007163247,95.63077226199798,93.60724835583638,88.21127302386198,68.67512270391278,86.19095411831007,58.60641007163247,87.15453663710807,73.55829401784264,95.63077226199798,93.60724835583638,95.63077226199798,93.60724835583638,95.63077226199798,93.60724835583638,0.0003995534817662022,8.061853647232056,1:19:58
620,train/val,0.8395612493157387,0.7319301322102547,0.26907778680324557,0.200729290058226,78.01303128291877,52.943933680005486,85.74301670842303,58.453998738854615,95.09267217738187,93.58444703808664,88.2862882027802,69.3995827540524,85.74301670842303,58.453998738854615,86.86213652692011,73.62667339653335,95.09267217738187,93.58444703808664,95.09267217738187,93.58444703808664,95.09267217738187,93.58444703808665,0.0003985238099267464,8.159862756729126,1:20:07
621,train/val,0.8191352039575577,0.7195385247468948,0.2489916879683733,0.2074694691100812,78.94654981459595,52.850421636642366,85.325190305183,58.66180183449674,95.43745148487592,93.33519701281656,90.40540368514908,69.05325713806256,85.325190305183,58.66180183449674,87.61087125055595,73.68102053003535,95.43745148487592,93.33519701281656,95.43745148487592,93.33519701281656,95.43745148487592,93.33519701281655,0.0003974938424044311,8.080623149871826,1:20:15
622,train/val,0.8456738695502282,0.7361847698688507,0.2737227514386177,0.20227037945269236,79.31502831343802,52.895424798027776,86.85076841616267,58.53266209934933,95.19272410930753,93.54115227319151,89.16219375245626,68.80059587261033,86.85076841616267,58.53266209934933,87.9562346335355,73.45341971272582,95.19272410930753,93.54115227319151,95.19272410930753,93.54115227319151,95.19272410930753,93.54115227319151,0.00039646357826256674,7.890101432800293,1:20:23
623,train/val,0.7801644369959831,0.692583578824997,0.21895212978124617,0.2023933248792085,80.82457592348891,53.08233931028025,87.83369329383503,58.850547027822955,95.78941406102707,93.54702735725404,90.14452824611595,68.68013867057692,87.83369329383503,58.850547027822955,88.89508057354197,73.93175035861881,95.78941406102707,93.54702735725404,95.78941406102707,93.54702735725404,95.78941406102707,93.54702735725404,0.0003954330165587826,7.92282772064209,1:20:31
624,train/val,0.8170094832777977,0.7164997562766076,0.25127430707216264,0.20067346371371386,77.85582981189393,52.81119550953315,84.74049181722083,58.66174960299999,95.42030669671931,93.57335150633493,89.0703596332754,68.15253098555631,84.74049181722083,58.66174960299999,86.68998840999454,73.5801405565597,95.42030669671931,93.57335150633493,95.42030669671931,93.57335150633493,95.42030669671931,93.57335150633493,0.00039440215634497567,8.131525754928589,1:20:39
625,train/val,0.8264495193958282,0.7259794250130653,0.2511752378195524,0.20055913791171773,79.44249008735275,52.787860692168564,86.86942629443956,58.80861949317172,95.39706526835127,93.5814456967478,89.18657586157128,67.28891113297027,86.86942629443956,58.80861949317172,87.96527925350095,73.47914989172534,95.39706526835127,93.5814456967478,95.39706526835127,93.5814456967478,95.39706526835127,93.5814456967478,0.0003933709966672591,7.8709776401519775,1:20:47
626,train/val,0.7975147560238838,0.699619323015213,0.2447385922074318,0.20214476047978522,75.71164896013339,52.83035820500035,82.86570493109926,58.71908965516415,95.62580913995876,93.49867302988015,88.90889521646046,68.61272955734277,82.86570493109926,58.71908965516415,88.1518269916181,73.55724444751348,95.62580913995876,93.49867302988015,95.62580913995876,93.49867302988015,95.62580913995876,93.49867302988015,0.00039233953656590966,8.122679471969604,1:20:55
627,train/val,0.7878327533602715,0.6935883522033691,0.2356110095977783,0.2020219775854725,80.44269615217031,52.47061961373407,87.80506146442801,58.32098508535359,95.79401550045145,93.51006259322328,89.42668598499675,71.19182812533937,87.80506146442801,58.32098508535359,88.56952290267219,73.17315730517338,95.79401550045145,93.51006259322328,95.79401550045145,93.51006259322328,95.79401550045145,93.51006259322328,0.0003913077750753153,8.31482481956482,1:21:03
628,train/val,0.8098385483026505,0.7165681198239326,0.23317609243094922,0.20101810609959384,78.82809429360339,52.71951299570306,86.27751776274822,58.62053665586282,95.58327000933996,93.47918372835831,88.85728160488902,68.62434049981903,86.27751776274822,58.62053665586282,87.51218381599128,73.53250219589982,95.58327000933996,93.47918372835831,95.58327000933996,93.47918372835831,95.58327000933996,93.47918372835831,0.0003902757112239215,8.38906192779541,1:21:11
629,train/val,0.7925237163901329,0.6955423906445504,0.24245331361889838,0.2014022383931584,80.50835292498073,52.93257186718786,87.06576863356578,58.84883586887197,95.52363449203034,93.49399626324681,90.56665453447904,71.60418359375839,87.06576863356578,58.84883586887197,88.61290001268672,73.56970135045002,95.52363449203034,93.49399626324681,95.52363449203034,93.49399626324681,95.52363449203034,93.49399626324681,0.0003892433440341772,8.133392572402954,1:21:19
630,train/val,0.8004818752408027,0.702565211057663,0.2447916604578495,0.20083561472491349,80.26141006669162,52.4931499762046,87.42808986409483,58.2029912216322,95.45957312246884,93.47719762817475,89.71910017229231,68.50231731263452,87.42808986409483,58.2029912216322,88.53301654115133,73.10428365719642,95.45957312246884,93.47719762817475,95.45957312246884,93.47719762817475,95.45957312246883,93.47719762817475,0.00038821067252247976,8.072108030319214,1:21:28
631,train/val,0.8226711809635162,0.7231854379177094,0.24871436096727847,0.19834522045614952,76.88663628845977,53.07427967970341,84.15516254612031,58.949318319357005,95.38502539596654,93.62462950632539,88.08956733318564,68.72975935676415,84.15516254612031,58.949318319357005,85.86087320000459,73.82276716676976,95.38502539596654,93.62462950632539,95.38502539596654,93.62462950632539,95.38502539596655,93.62462950632539,0.0003871776956991193,8.148221731185913,1:21:36
632,train/val,0.7918872639536858,0.7031206414103508,0.22191655375063418,0.2015437148746671,79.41225598525406,52.75841003766381,86.4403873992493,58.747026595461996,95.79889227050752,93.48564687560366,89.73290576371275,68.45976411757411,86.4403873992493,58.747026595461996,87.99392481773562,73.7219266209132,95.79889227050752,93.48564687560366,95.79889227050752,93.48564687560366,95.79889227050752,93.48564687560366,0.00038614441256822356,8.019529581069946,1:21:44
633,train/val,0.8181592643260955,0.7232798218727112,0.23719859607517718,0.20128453148791248,78.99441601988153,53.13867509191853,86.2964275904685,59.20144976790391,95.4128880475822,93.51830657331477,89.48877038570846,67.64243255779824,86.2964275904685,59.20144976790391,87.7584593214501,74.01515512228185,95.4128880475822,93.51830657331477,95.4128880475822,93.51830657331477,95.4128880475822,93.51830657331477,0.0003851108221276999,8.093039274215698,1:21:52
634,train/val,0.8600184544920921,0.7474409803748131,0.2814436830580235,0.2058711735810507,78.16890236973776,53.070154276732,85.61020320542656,58.96125247907945,95.00001965679769,93.46181922116689,88.32220465072321,68.53163506733311,85.61020320542656,58.96125247907945,86.87893786963974,73.9755065570242,95.00001965679769,93.46181922116689,95.00001965679769,93.46181922116689,95.00001965679769,93.46181922116689,0.00038407692336917833,7.936679840087891,1:22:00
635,train/val,0.7879612013697624,0.6909823641180992,0.24244708716869354,0.20436082075992298,79.81707902754115,53.20941371667812,87.31006265299372,59.08387420033131,95.58608152396559,93.46561944079185,89.23185249916517,72.20987504169693,87.31006265299372,59.08387420033131,88.22096269325387,74.04667131079512,95.58608152396559,93.46561944079185,95.58608152396559,93.46561944079185,95.58608152396559,93.46561944079185,0.0003830427152779535,8.082682132720947,1:22:08
636,train/val,0.7993991538882256,0.7019174218177795,0.2437043245881796,0.20275460492826627,80.06755456662677,53.15664717988765,87.73369228274292,58.8962626126816,95.593774174353,93.58301016672479,89.1401718299164,68.99964360628638,87.73369228274292,58.8962626126816,88.39300694374678,73.94591872576221,95.593774174353,93.58301016672479,95.593774174353,93.58301016672479,95.593774174353,93.58301016672479,0.00038200819683292564,8.018135070800781,1:22:16
637,train/val,0.8078775376081466,0.7075171738862991,0.2509009078145027,0.20331307966525225,80.08791956165568,53.01110767649541,87.12821948939536,58.76162780576182,95.52065081968324,93.56022549227269,89.72303777476863,69.03650794783047,87.12821948939536,58.76162780576182,88.36460961623862,73.7811976578277,95.52065081968324,93.56022549227269,95.52065081968324,93.56022549227269,95.52065081968324,93.56022549227269,0.00038097336700654007,8.09889817237854,1:22:24
638,train/val,0.7909330770373344,0.6932452902197838,0.24421946816146373,0.20444078422018716,79.00755460645146,52.586503867444364,86.99177457625353,58.47599438802285,95.45114680123609,93.47674825913882,88.17614055308738,67.8066439055493,86.99177457625353,58.47599438802285,87.54246311264055,73.39914053945068,95.45114680123609,93.47674825913882,95.45114680123609,93.47674825913882,95.45114680123609,93.47674825913882,0.00037993822476472833,8.068297624588013,1:22:32
639,train/val,0.8335448563098907,0.7284899279475212,0.2626373153179884,0.20414999135380688,79.16288551879323,53.25259022641067,86.2918366746588,58.906019394246336,95.39462009273672,93.54245599817234,89.40078786426756,69.02577932382168,86.2918366746588,58.906019394246336,87.7553475454131,73.99256728989685,95.39462009273672,93.54245599817234,95.39462009273672,93.54245599817234,95.39462009273672,93.54245599817234,0.0003789027690668455,8.108184814453125,1:22:40
640,train/val,0.8169517695903779,0.7189309924840928,0.24505192264914513,0.20432986379291654,79.34000458612847,53.038185234016936,86.29827230290886,58.88873430112539,95.41858406185112,93.52929114974896,89.60096257054045,68.32409354639715,86.29827230290886,58.88873430112539,87.85108319438095,73.78248476649969,95.41858406185112,93.52929114974896,95.41858406185112,93.52929114974896,95.41858406185112,93.52929114974896,0.00037786699886560956,8.21609377861023,1:22:48
641,train/val,0.8198771476745605,0.7184061303734779,0.2536775376647711,0.2056759032744107,78.35004568271691,52.540821984198494,85.91702332348389,58.403525494874806,95.45594691642735,93.47829608581817,88.58928218624442,68.07783759507522,85.91702332348389,58.403525494874806,87.19521592120365,73.26690930518008,95.45594691642735,93.47829608581817,95.45594691642735,93.47829608581817,95.45594691642734,93.47829608581817,0.00037683091310703766,7.864409923553467,1:22:56
642,train/val,0.7998550295829773,0.7041431307792664,0.23927973657846452,0.2044624794521154,79.69819397138652,52.48358491727721,86.82247824238057,57.974475299015225,95.78221332882451,93.49245398433334,89.74905554434069,72.64328346505748,86.82247824238057,57.974475299015225,88.1771201745238,73.1153256293562,95.78221332882451,93.49245398433334,95.78221332882451,93.49245398433334,95.78221332882451,93.49245398433334,0.00037579451073038343,7.937469959259033,1:23:04
643,train/val,0.800086310505867,0.698487150669098,0.25399789214134216,0.20959498421667544,78.49635204087778,52.65737298573482,86.34012196451076,58.69017247402842,95.30823626701996,93.3717068600455,88.60691101384383,71.31202827756123,86.34012196451076,58.69017247402842,87.40080641312747,73.5386114104958,95.30823626701996,93.3717068600455,95.30823626701996,93.3717068600455,95.30823626701996,93.3717068600455,0.00037475779066807206,7.979338645935059,1:23:12
644,train/val,0.822316338121891,0.7218482002615929,0.25117034651339054,0.204521946301274,79.505930169953,52.64145716420337,86.62438725715849,58.39783952968064,95.28559927444725,93.44811623945355,89.56450317448062,71.22934210628284,86.62438725715849,58.39783952968064,88.02919605649716,73.28405185088481,95.28559927444725,93.44811623945355,95.28559927444725,93.44811623945355,95.28559927444725,93.44811623945355,0.00037372075184563595,7.858849048614502,1:23:20
645,train/val,0.8196266949176788,0.7159647420048714,0.25915488675236703,0.20494330648767115,76.56635501708931,52.27014708819505,83.99872467691755,58.312126227161585,95.13925787983409,93.32670338326064,87.78012852930708,70.43758943201041,83.99872467691755,58.312126227161585,85.67436628164322,72.90902833604316,95.13925787983409,93.32670338326064,95.13925787983409,93.32670338326064,95.13925787983409,93.32670338326064,0.000372683393181648,8.12493634223938,1:23:28
646,train/val,0.8120756909251213,0.7065674260258674,0.2637706495821476,0.2048698668533416,80.20181171827606,52.59212568141001,87.30055688521612,58.28712016921514,95.23907252804352,93.41679910108441,89.84199814593484,71.49950216557947,87.30055688521612,58.28712016921514,88.52580559288752,73.30402287588865,95.23907252804352,93.41679910108441,95.23907252804352,93.41679910108441,95.23907252804352,93.41679910108441,0.0003716457135876553,7.855476379394531,1:23:36
647,train/val,0.7847773537039757,0.689708699285984,0.23767164312303066,0.20338364399654896,80.71175626688127,52.91615798639779,87.70649237386034,58.68988715902276,95.66344754758487,93.5054856863757,90.06556114181649,72.0927834322206,87.70649237386034,58.68988715902276,88.8415884139297,73.72683008420636,95.66344754758487,93.5054856863757,95.66344754758487,93.5054856863757,95.66344754758487,93.5054856863757,0.00037060771196811176,7.8937273025512695,1:23:44
648,train/val,0.8075109869241714,0.7069760411977768,0.25133735276758673,0.20379731185882388,77.82341045737789,52.96428162631436,85.70236335681084,58.8941090842585,95.30011781141414,93.46190243765504,87.89755145408877,67.92691166935523,85.70236335681084,58.8941090842585,86.74533975688897,73.73135395376431,95.30011781141414,93.46190243765504,95.30011781141414,93.46190243765504,95.30011781141414,93.46190243765504,0.0003695693872203092,7.926807641983032,1:23:52
649,train/val,0.8049466937780381,0.7012687265872956,0.2591949161142111,0.2061941634267945,79.64626585219632,52.58791167327944,87.28209402548319,58.50382993600645,95.27643249491801,93.40964248310456,89.05871778137158,71.45048703697448,87.28209402548319,58.50382993600645,88.13203107329517,73.31277461383961,95.27643249491801,93.40964248310456,95.27643249491801,93.40964248310456,95.27643249491801,93.40964248310456,0.00036853073823430794,7.911931037902832,1:24:00
650,train/val,0.8339652642607689,0.7321562960743904,0.2545224126428366,0.20280085119129118,79.40348250944035,52.48846985069251,86.74111637622453,58.15211799962534,95.40995820505462,93.53174881003196,89.33746108468374,67.92737627303308,86.74111637622453,58.15211799962534,87.98070828941572,73.14352234966441,95.40995820505462,93.53174881003196,95.40995820505462,93.53174881003196,95.40995820505462,93.53174881003196,0.00036749176389286743,7.787729978561401,1:24:07
651,train/val,0.8028720185160637,0.7028118073940277,0.2501505210995674,0.20361750302398315,78.72297614587698,52.5557105261593,86.41014791039422,58.36087981435226,95.42953984088606,93.52150208645926,88.72061237987256,71.00409460588462,86.41014791039422,58.36087981435226,87.51002827083116,73.19850820744834,95.42953984088606,93.52150208645926,95.42953984088606,93.52150208645926,95.42953984088606,93.52150208645926,0.000366452463071374,7.984490633010864,1:24:15
652,train/val,0.8152493044734002,0.7133482664823532,0.25475259535014627,0.20156466722607103,79.29038553250538,53.11049484486786,85.96846506045522,59.06019774402782,95.34020558474458,93.54822012691734,89.95283910809114,71.671512898715,85.96846506045522,59.06019774402782,87.86484292297816,73.8627923878291,95.34020558474458,93.54822012691734,95.34020558474458,93.54822012691734,95.34020558474458,93.54822012691734,0.0003654128346377699,7.987990379333496,1:24:23
653,train/val,0.8154488533735276,0.7176440820097924,0.24451192952692508,0.20078766230717215,76.34088565149219,52.60264262661085,84.02742245116025,58.25964617852411,95.23282719054332,93.56025877886793,87.80509521540422,71.28937770360261,84.02742245116025,58.25964617852411,85.7905969666341,73.12638022041098,95.23282719054332,93.56025877886793,95.23282719054332,93.56025877886793,95.23282719054332,93.56025877886793,0.00036437287745247907,8.021651029586792,1:24:31
654,train/val,0.8148894548416138,0.7169960603117943,0.2447334850206971,0.20513219231265223,79.5034123439693,52.69085436832427,86.47909325441545,58.63250092196009,95.21658974548114,93.44967516166467,89.82939404474737,71.25260814357613,86.47909325441545,58.63250092196009,88.07097079530372,73.38511637349545,95.21658974548114,93.44967516166467,95.21658974548114,93.44967516166467,95.21658974548114,93.44967516166467,0.000363332590368335,8.00651502609253,1:24:39
655,train/val,0.8098799616098404,0.7091981813311576,0.251704453676939,0.20602585504560153,79.72829184750388,52.697727609064685,87.6311568266504,58.69594615471352,95.28859919732061,93.39861907230926,88.9400257089492,71.22242804114128,87.6311568266504,58.69594615471352,88.25722062958143,73.48262355285893,95.28859919732061,93.39861907230926,95.28859919732061,93.39861907230926,95.28859919732062,93.39861907230926,0.00036229197223050356,8.019188165664673,1:24:48
656,train/val,0.7983251288533211,0.6989031836390496,0.24855486042797564,0.20252284202448184,78.84217268052612,52.86660028553713,86.02595568377069,58.65297191122154,95.58880733170372,93.62099017191085,88.93965488018762,75.61460630581949,86.02595568377069,58.65297191122154,87.3998034381256,73.6152510586732,95.58880733170372,93.62099017191085,95.58880733170372,93.62099017191085,95.58880733170372,93.62099017191085,0.0003612510218764088,8.265998125076294,1:24:56
657,train/val,0.7939892292022706,0.7054724425077439,0.2212919518351555,0.20300718018905012,77.16296166100591,52.85789449621724,84.61750715309394,58.775873200125794,95.85868161251821,93.62272662262998,88.05604627691925,75.57418363103966,84.61750715309394,58.775873200125794,86.18215552310929,73.65244994913726,95.85868161251821,93.62272662262998,95.85868161251821,93.62272662262998,95.85868161251821,93.62272662262998,0.000360209738135656,8.13670825958252,1:25:04
658,train/val,0.8028181657195091,0.7057416319847107,0.24269133470952511,0.20163043967459246,80.34527388819042,53.103583449819915,87.30372125627402,58.71744329318032,95.4704413774157,93.59282416455916,89.91620343228931,76.25869252373931,87.30372125627402,58.71744329318032,88.54169957587324,73.80882771644119,95.4704413774157,93.59282416455916,95.4704413774157,93.59282416455916,95.4704413774157,93.59282416455916,0.0003591681198299531,7.863330364227295,1:25:12
659,train/val,0.7833354517817497,0.6914643332362175,0.22967778518795967,0.20150880122370124,80.18262237802001,53.14499397570954,87.06059649178019,59.11440711713772,95.65713243936933,93.55995919951064,89.91419732886911,71.76760471235194,87.06059649178019,59.11440711713772,88.4267015505324,73.95293836709855,95.65713243936933,93.55995919951064,95.65713243936933,93.55995919951064,95.65713243936933,93.55995919951064,0.00035812616577303176,8.216326236724854,1:25:20
660,train/val,0.8041766151785851,0.7113833114504814,0.23198326341807843,0.20752245450003284,79.4056255569322,52.51914475755407,86.68651351373072,58.355084344774355,95.51551683583985,93.39868564549975,89.33063203116816,72.08613372591893,86.68651351373072,58.355084344774355,87.92337608895394,73.47582504071957,95.51551683583985,93.39868564549975,95.51551683583985,93.39868564549975,95.51551683583985,93.39868564549974,0.000357083874770568,8.267744779586792,1:25:28
661,train/val,0.8083195224404335,0.7074514120817185,0.252170267701149,0.2033602044690139,79.86889589145801,52.70218230775937,87.3176330815081,58.381351688267635,95.51231595671707,93.47618793478534,89.31589035369724,68.43950537971722,87.3176330815081,58.381351688267635,88.27226315331089,73.53065545561628,95.51231595671707,93.47618793478534,95.51231595671707,93.47618793478534,95.51231595671707,93.47618793478534,0.00035604124562010127,8.205509901046753,1:25:36
662,train/val,0.7755352139472962,0.6851760149002075,0.22589799650013448,0.20230723460500516,80.62282083773046,52.39858072388962,87.84555115900176,58.11582209377109,95.7386862800093,93.54579020546373,89.85368971843228,71.43341136825718,87.84555115900176,58.11582209377109,88.80378371326385,73.05471159085944,95.7386862800093,93.54579020546373,95.7386862800093,93.54579020546373,95.7386862800093,93.54579020546373,0.0003549982771109515,8.097949028015137,1:25:45
663,train/val,0.8066537067294121,0.7122239157557487,0.2360744785517454,0.20573137941620193,79.05306538110534,52.6060628555837,86.18426607075375,58.4733125931284,95.6202309229696,93.50945233897693,89.45690948107003,67.94078204568282,86.18426607075375,58.4733125931284,87.67872476030861,73.38865896251858,95.6202309229696,93.50945233897693,95.6202309229696,93.50945233897693,95.6202309229696,93.50945233897691,0.0003539549680241363,7.925880670547485,1:25:52
664,train/val,0.8133307188749314,0.7138781264424324,0.24863146841526032,0.203420558744003,78.53401864908639,52.65474934044377,86.12096483139231,58.451741746033235,95.46674088445147,93.52682794170009,88.91723996716372,71.41011538636978,86.12096483139231,58.451741746033235,87.4463973651259,73.3497387586367,95.46674088445147,93.52682794170009,95.46674088445147,93.52682794170009,95.46674088445147,93.52682794170009,0.00035291131713228747,8.041566133499146,1:26:01
665,train/val,0.7947970151901245,0.7018844351172447,0.232281456887722,0.2019520798529193,79.11753625982254,52.66904767341214,86.61424087446733,58.46979882757508,95.72873101958632,93.62440204792448,88.8122037346121,67.8768507957124,86.61424087446733,58.46979882757508,87.6650255022439,73.34843214374456,95.72873101958632,93.62440204792448,95.72873101958632,93.62440204792448,95.72873101958632,93.62440204792448,0.00035186732319956386,8.082157850265503,1:26:09
666,train/val,0.8031112030148506,0.7043545067310333,0.24689174219965934,0.20369547394778853,80.69743916361476,52.373195160256856,88.05875533181299,58.17813457835632,95.36324039954167,93.50051488815095,89.87504064400864,71.63854245197588,88.05875533181299,58.17813457835632,88.91121001693095,73.09462803322478,95.36324039954167,93.50051488815095,95.36324039954167,93.50051488815095,95.36324039954167,93.50051488815095,0.00035082298498156624,8.180136680603027,1:26:17
667,train/val,0.8175830274820328,0.7252534672617912,0.23082390278577805,0.20250145170296718,78.11926806193568,52.46361146134719,85.67049948828775,58.203730139150665,95.52834054016014,93.5698453183014,88.70297340489061,71.40477068745307,85.67049948828775,58.203730139150665,87.09163003545912,73.06247386644901,95.52834054016014,93.5698453183014,95.52834054016014,93.5698453183014,95.52834054016014,93.5698453183014,0.00034977830122524865,8.027923822402954,1:26:25
668,train/val,0.8059728980064392,0.7137506693601608,0.23055557757616044,0.2024000870857081,79.26870734313609,53.00152814432536,86.34447757645229,58.9575116373358,95.66244629631602,93.60746471870553,89.58355755973902,68.30421644508218,86.34447757645229,58.9575116373358,87.85617450397787,73.83987408391766,95.66244629631602,93.60746471870553,95.66244629631602,93.60746471870553,95.66244629631602,93.60746471870553,0.0003487332706688303,8.059312105178833,1:26:33
669,train/val,0.8053357824683189,0.7083130359649659,0.2425568625330925,0.20413316992088443,81.1870182790442,52.53551793019701,88.1599714091536,58.19306278428942,95.67172233046152,93.54789280873067,90.22451772827385,71.91910278278668,88.1599714091536,58.19306278428942,89.16299690110768,73.2007733562015,95.67172233046152,93.54789280873067,95.67172233046152,93.54789280873067,95.67172233046152,93.54789280873067,0.0003476878920417043,7.972290992736816,1:26:41
670,train/val,0.8156268000602722,0.7148997515439988,0.25181760601699354,0.20127543748606816,79.4770911234197,52.81471892368344,86.67396629647536,58.39473220230391,95.5471085711577,93.61103747992956,89.36421171522602,71.87436846176722,86.67396629647536,58.39473220230391,87.94933550071788,73.37674724406182,95.5471085711577,93.61103747992956,95.5471085711577,93.61103747992956,95.5471085711577,93.61103747992956,0.00034664216406434705,8.134619951248169,1:26:49
671,train/val,0.7970668047666549,0.7000208467245101,0.2426148872822523,0.2019983306668459,80.72724410030115,52.616934412769844,88.01598758207282,58.39376811190754,95.44641210230135,93.57291323283074,89.70306638148287,71.54330064859238,88.01598758207282,58.39376811190754,88.81515080409844,73.2751437455916,95.44641210230135,93.57291323283074,95.44641210230135,93.57291323283074,95.44641210230135,93.57291323283074,0.0003455960854482249,7.918360233306885,1:26:57
672,train/val,0.8033672049641609,0.7077734977006912,0.2389842640608549,0.20351039115965727,79.87574765246173,52.42659837555467,86.7066773885519,58.263253075796285,95.50450428775696,93.5214466088005,89.98386579716254,71.09046868474358,86.7066773885519,58.263253075796285,88.23597516465395,73.08343795495425,95.50450428775696,93.5214466088005,95.50450428775696,93.5214466088005,95.50450428775696,93.5214466088005,0.00034454965489570097,7.977749347686768,1:27:05
673,train/val,0.7893207386136055,0.6922462448477745,0.24268623851239682,0.2026959574581224,79.58260250256389,52.59683104754481,86.8929585602508,58.562850227994836,95.73411473571987,93.50759938517439,89.36119458083218,67.8004845534054,86.8929585602508,58.562850227994836,88.0615985595728,73.53169295466083,95.73411473571987,93.50759938517439,95.73411473571987,93.50759938517439,95.73411473571987,93.50759938517439,0.00034350287109993907,8.238784313201904,1:27:13
674,train/val,0.8141355887055397,0.7180628880858422,0.24018175043165685,0.20216769095645926,79.75067250518055,52.85362796911212,87.02661883372058,58.44640973871979,95.40459411514371,93.57983129687793,89.35212330456972,68.34851304065263,87.02661883372058,58.44640973871979,88.14082290395278,73.51003067387163,95.40459411514371,93.57983129687793,95.40459411514371,93.57983129687793,95.40459411514371,93.57983129687793,0.0003424557327448077,7.9262378215789795,1:27:21
675,train/val,0.8101113840937615,0.7104689493775368,0.2491060934960842,0.20318242002694384,79.30297404883075,52.44594152765239,86.6898311574676,57.97870715430693,95.48274740998082,93.54927420243376,89.05068912716466,68.03852799000215,86.6898311574676,57.97870715430693,87.78577796272782,73.0462875049677,95.48274740998082,93.54927420243376,95.48274740998082,93.54927420243376,95.48274740998082,93.54927420243376,0.0003414082385047817,8.07356309890747,1:27:29
676,train/val,0.811306531727314,0.7147174224257469,0.24147276990115643,0.20334978268742268,79.68650462245026,52.32656368099655,86.5008099388749,58.0876695290352,95.55035303254753,93.61211374650948,89.89579312768137,68.44643980724206,86.5008099388749,58.0876695290352,88.09357493368208,72.99871330487875,95.55035303254753,93.61211374650948,95.55035303254753,93.61211374650948,95.55035303254753,93.61211374650948,0.0003403603870448435,7.841031789779663,1:27:37
677,train/val,0.7988306865096092,0.7010016664862633,0.24457255527377128,0.20168402502508423,79.50923631849798,52.67539058699291,86.37994649617383,58.51731945636669,95.37705741199719,93.61593060943207,90.02659076387796,67.83086259912692,86.37994649617383,58.51731945636669,88.04621877341977,73.41784155173289,95.37705741199719,93.61593060943207,95.37705741199719,93.61593060943207,95.37705741199719,93.61593060943207,0.00033931217702038173,8.226569890975952,1:27:45
678,train/val,0.7972922533750534,0.7058624595403671,0.22857448570430278,0.20104019444274468,78.68408051368387,52.75964035408806,85.76998723113795,58.4996517892896,95.57357619441089,93.61610813794009,89.3746205175848,67.79003597198134,85.76998723113795,58.4996517892896,87.4462832704614,73.46425763191935,95.57357619441089,93.61610813794009,95.57357619441089,93.61610813794009,95.57357619441089,93.61610813794009,0.00033826360707708944,8.08431100845337,1:27:53
679,train/val,0.8430499255657196,0.7399849712848663,0.25766236409544946,0.2071480016493092,76.4770415988841,52.20543058990603,83.84523762076446,58.20812709362744,95.32316588424916,93.39405880875931,88.43112929389379,67.75184874137332,83.84523762076446,58.20812709362744,85.9118503082153,72.89158504478878,95.32316588424916,93.39405880875931,95.32316588424916,93.39405880875931,95.32316588424916,93.39405880875931,0.00033721467585086113,8.150204420089722,1:28:01
680,train/val,0.8181802928447723,0.7174754917621613,0.2517619915306568,0.20661401943182667,79.74116237207959,53.125186843140504,87.02003289041966,59.0418387269824,95.36798408131766,93.46904241233726,89.35918977711307,68.6053194122918,87.02003289041966,59.0418387269824,88.14480320317645,73.90727468323281,95.36798408131766,93.46904241233726,95.36798408131766,93.46904241233726,95.36798408131766,93.46904241233726,0.0003361653819676863,7.967987775802612,1:28:09
681,train/val,0.7895267710089684,0.7002180233597756,0.2232718698680401,0.20573530186004385,80.06083674470722,52.832788956553124,87.5746419691246,58.5043161177698,95.79724960249504,93.53546581316877,89.11520421920501,72.11057802859605,87.5746419691246,58.5043161177698,88.3042834608494,73.63142995417871,95.79724960249504,93.53546581316877,95.79724960249504,93.53546581316877,95.79724960249504,93.53546581316877,0.00033511572404354407,7.911409378051758,1:28:17
682,train/val,0.798428475856781,0.7008977815508842,0.24382673650979997,0.20725864512170522,77.09977328012073,52.46018262453438,84.74417835958302,58.35880794699398,95.28894641472108,93.42383366821497,88.30702497123282,67.35451357629961,84.74417835958302,58.35880794699398,86.40871761710655,73.0675302872396,95.28894641472108,93.42383366821497,95.28894641472108,93.42383366821497,95.28894641472108,93.42383366821497,0.00033406570068429475,8.089346885681152,1:28:25
683,train/val,0.8009886145591736,0.7020912617444992,0.24724339246749877,0.20238424366323085,79.83180230256386,52.780130206705856,86.88254613391105,58.531093497822305,95.47948885446752,93.51604308483743,89.67763734320845,71.73837014459053,86.88254613391105,58.531093497822305,88.22050200249541,73.5893187367985,95.47948885446752,93.51604308483743,95.47948885446752,93.51604308483743,95.47948885446752,93.51604308483743,0.0003330153104855706,8.204766988754272,1:28:34
684,train/val,0.8114953905344009,0.717451736330986,0.23510913364589214,0.20205691030688355,78.28694920004432,53.016114816831404,85.44349250529784,58.93533540933669,95.4524271008955,93.58779788867565,89.05579727537643,71.59317609470146,85.44349250529784,58.93533540933669,87.12486866768148,73.71219764161762,95.4524271008955,93.58779788867565,95.4524271008955,93.58779788867565,95.4524271008955,93.58779788867565,0.00033196455203266456,7.90043044090271,1:28:42
685,train/val,0.7971984848380089,0.69746163636446,0.24934210665524006,0.2031903823712333,79.40994715345961,52.59092140403603,86.85725353257816,58.621475304966516,95.57565533067152,93.50857579196854,89.22872939565207,67.50276140735929,86.85725353257816,58.621475304966516,87.94973659619559,73.29316395869736,95.57565533067152,93.50857579196854,95.57565533067152,93.50857579196854,95.57565533067152,93.50857579196854,0.00033091342390041646,8.099417209625244,1:28:50
686,train/val,0.7927070170640945,0.6989005386829377,0.2345161944627762,0.2024014842125285,80.01100054647094,53.11775725055462,87.54836938051716,58.774308030431534,95.51927512528073,93.58251641556183,89.18032494075489,68.10157171924767,87.54836938051716,58.774308030431534,88.34045261083577,73.79287431530764,95.51927512528073,93.58251641556183,95.51927512528073,93.58251641556183,95.51927512528073,93.58251641556183,0.0003298619246531005,8.042788743972778,1:28:58
687,train/val,0.8060445636510849,0.7068917453289032,0.24788204431533814,0.20256890040027964,81.69611520595588,52.79701056563088,88.56296463268907,58.592541234538444,95.53819749816283,93.56516300390219,90.31044221723839,71.753229696444,88.56296463268907,58.592541234538444,89.40260461143357,73.528731481371,95.53819749816283,93.56516300390219,95.53819749816283,93.56516300390219,95.53819749816283,93.56516300390219,0.00032881005284430745,8.046553134918213,1:29:06
688,train/val,0.7942160233855248,0.702038511633873,0.23044377230107785,0.20353582159832911,80.32875506354708,52.5054880684927,88.00322377878696,58.45649262649532,95.48971906859568,93.48192432470097,89.30241122159322,71.13614646277327,88.00322377878696,58.45649262649532,88.62280322224377,73.1784943768771,95.48971906859568,93.48192432470097,95.48971906859568,93.48192432470097,95.48971906859568,93.48192432470097,0.0003277578070168278,8.051640748977661,1:29:14
689,train/val,0.8141385689377785,0.7224634766578675,0.22918773628771305,0.2047854586790886,78.8275355717805,52.79794583532602,86.39985378051047,58.64984348576448,95.55745630485742,93.48720025004891,88.92183635243616,71.69374539791696,86.39985378051047,58.64984348576448,87.6079690625084,73.49826411408999,95.55745630485742,93.48720025004891,95.55745630485742,93.48720025004891,95.55745630485742,93.48720025004891,0.00032670518570253223,8.10419750213623,1:29:22
690,train/val,0.835194219648838,0.727704894542694,0.26872331872582433,0.2026034120549291,79.16053693529598,52.405727640014945,86.22182515847463,57.957081883019946,95.08132786423828,93.48741106515219,89.5769317568741,72.22043212243531,86.22182515847463,57.957081883019946,87.82306236193853,72.90507151080854,95.08132786423828,93.48741106515219,95.08132786423828,93.48741106515219,95.08132786423828,93.48741106515219,0.00032565218742225003,7.986685276031494,1:29:30
691,train/val,0.786978417634964,0.6922406330704689,0.23684446699917316,0.200522535876223,80.76063433710381,52.747396785259795,87.55972424915652,58.51636024389772,95.62197460412163,93.57671900022157,90.18500615227649,76.44318257708385,87.55972424915652,58.51636024389772,88.8142871398465,73.50597283222446,95.62197460412163,93.57671900022157,95.62197460412163,93.57671900022157,95.62197460412163,93.57671900022157,0.0003245988106856466,8.131888389587402,1:29:38
692,train/val,0.8154473245143891,0.7207781687378884,0.23667287901043893,0.20462107989315448,80.73894683547236,52.78622494119346,87.77419225444282,58.591374235757144,95.53238467428467,93.47654853956728,89.99298504175324,72.04913757051064,87.77419225444282,58.591374235757144,88.8377850188203,73.55834891765636,95.53238467428467,93.47654853956728,95.53238467428467,93.47654853956728,95.53238467428467,93.47654853956728,0.00032354505399109784,8.034104347229004,1:29:46
693,train/val,0.7652762725949287,0.6805650621652604,0.21177801843732597,0.20054139156220316,79.9829189812507,52.61968684489232,86.74386753990152,58.30790862807916,95.9654060544867,93.59052184172069,90.02815108695626,68.1161861659006,86.74386753990152,58.30790862807916,88.25251976267174,73.33924464178148,95.9654060544867,93.59052184172069,95.9654060544867,93.59052184172069,95.9654060544867,93.59052184172069,0.0003224909158255646,8.067668199539185,1:29:54
694,train/val,0.8163485154509544,0.7164758577942848,0.2496816571801901,0.2036310622188739,80.21015740741731,53.039765401908234,87.82350304503682,58.83722324188838,95.37189976063385,93.57256372358057,89.31114475205938,71.78637590772092,87.82350304503682,58.83722324188838,88.52252420989582,73.63646165560856,95.37189976063385,93.57256372358057,95.37189976063385,93.57256372358057,95.37189976063385,93.57256372358057,0.00032143639466446276,8.155318021774292,1:30:02
695,train/val,0.8239821627736091,0.7233690991997719,0.251532644405961,0.2070043216645417,78.30650663864964,52.77613037674549,85.21144375636422,58.69447647650025,95.33863799707588,93.53251440172282,89.31810886069034,67.92304663038283,85.21144375636422,58.69447647650025,86.8628286359686,73.57137904668903,95.33863799707588,93.53251440172282,95.33863799707588,93.53251440172282,95.33863799707588,93.53251440172284,0.00032038148897153384,7.826877117156982,1:30:10
696,train/val,0.7717249438166618,0.685647438466549,0.21519377790391445,0.20117164333743276,79.47017264077628,52.731467779693396,86.38077603761212,58.50251491833468,95.91911918842828,93.60613880266119,89.40129422478839,72.12006621149351,86.38077603761212,58.50251491833468,87.78663490623794,73.40392909486509,95.91911918842828,93.60613880266119,95.91911918842828,93.60613880266119,95.91911918842828,93.60613880266119,0.0003193261971987118,8.159899473190308,1:30:18
697,train/val,0.8029495134949685,0.7130433514714241,0.22476541250944138,0.2034810135722486,79.19997803159556,52.773740612535626,86.47695874344163,58.53942855392415,95.5825020675502,93.5384727022735,89.34290050607032,71.78296483138628,86.47695874344163,58.53942855392415,87.82747821131646,73.50062795136961,95.5825020675502,93.5384727022735,95.5825020675502,93.5384727022735,95.5825020675502,93.5384727022735,0.00031827051778598916,8.024209976196289,1:30:26
698,train/val,0.7895695328712463,0.6980358764529229,0.2288341239094734,0.20590428550836454,79.61951884462424,52.46651410862565,86.7607764328892,58.24795462205196,95.74513265947922,93.50219586121132,89.59244990838494,71.02786575382936,86.7607764328892,58.24795462205196,88.09343801325694,73.10437827739612,95.74513265947922,93.50219586121132,95.74513265947922,93.50219586121132,95.74513265947922,93.50219586121132,0.0003172144491612801,8.05598258972168,1:30:34
699,train/val,0.7817433714866638,0.6949342772364616,0.21702274717390538,0.20616434873611353,76.64718126302466,52.79512257711948,84.66445516704397,58.649716985341485,95.81140140684155,93.40967022193394,87.08453939633509,71.71211686245638,84.66445516704397,58.649716985341485,85.82170605661531,73.60582156534096,95.81140140684155,93.40967022193394,95.81140140684155,93.40967022193394,95.81140140684155,93.40967022193394,0.00031615798974028204,7.9132115840911865,1:30:42
700,train/val,0.8130724295973778,0.7112245470285415,0.25461969561874864,0.20263771155087573,79.42701371052937,53.031855509296854,87.07399267831619,58.96097848758488,95.25202420556519,93.57217537996925,89.15415140348107,67.69453799912864,87.07399267831619,58.96097848758488,88.07118344538051,73.68693612856556,95.25202420556519,93.57217537996925,95.25202420556519,93.57217537996925,95.25202420556519,93.57217537996925,0.0003151011379263351,7.892527341842651,1:30:50
701,train/val,0.7890142738819123,0.6963623210787773,0.23162988238036633,0.20262212731308551,80.11456244022006,52.99774403218974,87.57577803883055,58.830717628886894,95.6554773740177,93.60788080114621,89.22680606315035,71.59155619726016,87.57577803883055,58.830717628886894,88.36012331696456,73.64209263336063,95.6554773740177,93.60788080114621,95.6554773740177,93.60788080114621,95.6554773740177,93.60788080114621,0.00031404389211027906,7.944519281387329,1:30:58
702,train/val,0.8109637677669526,0.7052652269601822,0.26424634270370007,0.2040901985734031,80.83675959199695,52.78599349066779,87.76958965781787,58.67420679752633,95.3037536639139,93.52461993088149,90.25235549409274,68.456996362589,87.76958965781787,58.67420679752633,88.93906236696667,73.54472469419544,95.3037536639139,93.52461993088149,95.3037536639139,93.52461993088149,95.3037536639139,93.52461993088149,0.0003129862506703085,7.980555534362793,1:31:06
703,train/val,0.7981756895780563,0.7027428448200226,0.2385821186006069,0.20439312457712155,80.09141807037729,53.09521681092518,87.07824592040622,59.379263588313606,95.81697241295267,93.47849025762383,89.81333091261223,67.2989894459927,87.07824592040622,59.379263588313606,88.31625940840037,69.6265006024108,95.81697241295267,93.47849025762383,95.81697241295267,93.47849025762383,95.81697241295267,93.47849025762383,0.00031192821197182524,7.97144889831543,1:31:14
704,train/val,0.8198481664061547,0.7205770239233971,0.24817785136401654,0.20212552728567398,79.18131955621135,53.23176796435857,86.2139545070001,59.03574825321905,95.5065802944275,93.61775582440522,89.47014626253662,68.0221566766407,86.2139545070001,59.03574825321905,87.70411341772085,73.88280371053446,95.5065802944275,93.61775582440522,95.5065802944275,93.61775582440522,95.5065802944275,93.61775582440522,0.0003108697743672896,8.061623334884644,1:31:22
705,train/val,0.7871633648872376,0.6946747660636902,0.2312214933335781,0.20108877596846794,79.51017437245591,52.99880193265059,86.87434181948014,59.05790481204038,95.51211199881351,93.54896907531058,89.40688576884348,75.47013274619908,86.87434181948014,59.05790481204038,88.09273415946777,73.68693301179061,95.51211199881351,93.54896907531058,95.51211199881351,93.54896907531058,95.51211199881351,93.54896907531058,0.0003098109361960679,8.135460376739502,1:31:30
706,train/val,0.7917586833238601,0.6967300534248352,0.23757156543433666,0.2026555437173937,79.81992417796326,52.44240832057167,86.97868509565907,58.409727158503124,95.60933912623473,93.59664102748174,89.58393368782721,75.2396355201705,86.97868509565907,58.409727158503124,88.18112613799546,73.13291073070131,95.60933912623473,93.59664102748174,95.60933912623473,93.59664102748174,95.60933912623473,93.59664102748174,0.00030875169578427835,7.886916875839233,1:31:38
707,train/val,0.785706852376461,0.6933783113956451,0.23082134760916234,0.20315780138245054,80.38144852177813,53.11064652223835,87.8420538993655,59.019644289608344,95.73479576655518,93.56792579130835,89.28746172928462,75.78572965688548,87.8420538993655,59.019644289608344,88.50313313285169,73.75141488439523,95.73479576655518,93.56792579130835,95.73479576655518,93.56792579130835,95.73479576655518,93.56792579130835,0.00030769205144463456,8.228639602661133,1:31:46
708,train/val,0.7831557661294937,0.6927780523896218,0.22594428323209287,0.20695906944847273,81.26801887565827,52.69352889041402,87.8416889245985,58.40371470270739,95.85765697382112,93.47760816284956,90.66087397685874,71.68543833306357,87.8416889245985,58.40371470270739,89.1573355336441,73.2505778454933,95.85765697382112,93.47760816284956,95.85765697382112,93.47760816284956,95.85765697382112,93.47760816284956,0.0003066320014762861,7.925025463104248,1:31:54
709,train/val,0.8003924325108528,0.7057109847664833,0.23670362830162048,0.20291835438950886,80.07563447202024,52.92376300998705,87.63643048868303,58.68507248596709,95.59784039317992,93.59296840647193,89.09769843535432,75.99530924257635,87.63643048868303,58.68507248596709,88.32921623368367,73.60687497940756,95.59784039317992,93.59296840647193,95.59784039317992,93.59296840647193,95.59784039317992,93.59296840647193,0.00030557154416465787,7.998870849609375,1:32:02
710,train/val,0.7993229672312736,0.7013922184705734,0.24482685476541519,0.20579445014608377,80.02413921261882,52.63641269948639,87.03644410844082,58.299531484997146,95.54645158242774,93.4715389069814,89.72802980856439,71.96704800464498,87.03644410844082,58.299531484997146,88.315495214651,73.34125131808533,95.54645158242774,93.4715389069814,95.54645158242774,93.4715389069814,95.54645158242774,93.4715389069814,0.0003045106777812848,8.056392908096313,1:32:10
711,train/val,0.8317113921046257,0.7287586495280266,0.25738186836242677,0.205557153995967,79.0606128970464,52.473113514405924,86.17697480399397,58.403271149312395,95.40345313916394,93.50161889356023,89.28319244708662,76.03736790905853,86.17697480399397,58.403271149312395,87.65913579572762,73.13824255200572,95.40345313916394,93.50161889356023,95.40345313916394,93.50161889356023,95.40345313916394,93.50161889356023,0.0003034494005836459,7.958575487136841,1:32:18
712,train/val,0.8092897042632103,0.7122157767415047,0.24268483109772204,0.20230320662358586,79.42112716286425,52.825417193975944,85.96190852847464,58.70960356934582,95.58881137514877,93.54311618231156,90.16724571499113,68.21897879873022,85.96190852847464,58.70960356934582,87.85071831984592,69.13046367716194,95.58881137514877,93.54311618231156,95.58881137514877,93.54311618231156,95.58881137514877,93.54311618231156,0.00030238771081499485,7.8112077713012695,1:32:26
713,train/val,0.8186732351779937,0.7245118707418442,0.23540341444313526,0.20248370318635656,76.24901231271414,52.74182600363589,84.14494922245431,58.5290967798073,95.4135473067925,93.61857689375485,86.59692368422425,71.6063583685042,84.14494922245431,58.5290967798073,85.13534913377082,73.37260211237198,95.4135473067925,93.61857689375485,95.4135473067925,93.61857689375485,95.4135473067925,93.61857689375485,0.00030132560670418707,8.013674259185791,1:32:34
714,train/val,0.7902363702654839,0.6919043704867363,0.24583000354468823,0.20106112035557686,79.9841958477428,52.76018695336917,87.40288355633392,58.603727187904894,95.57579524400836,93.5915981083006,89.40325754494701,68.17858290526996,87.40288355633392,58.603727187904894,88.30857858831656,73.49427611276356,95.57579524400836,93.5915981083006,95.57579524400836,93.5915981083006,95.57579524400836,93.5915981083006,0.0003002630864655061,7.997907638549805,1:32:42
715,train/val,0.8071575939655304,0.7162431493401528,0.22728610895574092,0.2034643048283205,79.32062332872223,52.89445899237176,86.86104505730965,58.57055031416563,95.68958214558586,93.57098261030595,88.89758866930106,68.48738695676361,86.86104505730965,58.57055031416563,87.79937788418742,73.68020161503577,95.68958214558586,93.57098261030595,95.68958214558586,93.57098261030595,95.68958214558586,93.57098261030595,0.0002992001482984847,8.077759742736816,1:32:50
716,train/val,0.8683128297328949,0.7631883338093758,0.2628112494945526,0.2022304894990778,76.58605037218527,52.79564962071822,85.17723386692273,58.49881508493054,94.90892986105595,93.54440881176063,87.30427368589652,68.02148029882362,85.17723386692273,58.49881508493054,86.12286817387923,73.51056369039912,94.90892986105595,93.54440881176063,94.90892986105595,93.54440881176063,94.90892986105595,93.54440881176065,0.0002982127584832192,8.195172548294067,1:32:58
717,train/val,0.7843549400568008,0.6938247919082642,0.22632536329329014,0.20365846233114127,79.38040326666706,52.84435912293806,86.34515935085577,58.773284476918796,95.69912224284475,93.50415977033137,89.65571323748736,75.69536450630652,86.34515935085577,58.773284476918796,87.89596416103468,73.6076879675313,95.69912224284475,93.50415977033137,95.69912224284475,93.50415977033137,95.69912224284475,93.50415977033137,0.000297149009171687,8.317513704299927,1:33:07
718,train/val,0.7786530569195748,0.6883197888731957,0.2258331675082445,0.20073363161844307,80.43871108328669,53.35326737301153,87.33836817435335,59.20974232573701,95.82513989693078,93.63266267131362,89.89912260794011,68.22904161326963,87.33836817435335,59.20974232573701,88.53769584782265,74.07463348865409,95.82513989693078,93.63266267131362,95.82513989693078,93.63266267131362,95.82513989693078,93.63266267131362,0.00029608483657244685,8.013614654541016,1:33:15
719,train/val,0.7955494657158851,0.7040099993348121,0.22884867377579213,0.20191058646494084,80.41828335135554,53.27302650081097,87.4483019213432,59.1678175313621,95.63294817581397,93.6286017066925,89.94584720612806,75.72673433678051,87.4483019213432,59.1678175313621,88.61657301559862,73.93934041865636,95.63294817581397,93.6286017066925,95.63294817581397,93.6286017066925,95.63294817581397,93.6286017066925,0.00029502023882530855,7.969482421875,1:33:23
720,train/val,0.8114147990942001,0.7168678149580956,0.23636746183037757,0.20296752839929091,79.41208461252745,53.088029505011406,86.36967195617746,59.05824530323351,95.42966349014944,93.5864275905043,89.8529106653248,71.58601756658399,86.36967195617746,59.05824530323351,87.9719505770554,73.8815184590185,95.42966349014944,93.5864275905043,95.42966349014944,93.5864275905043,95.42966349014944,93.58642759050431,0.0002939552140544124,8.21003794670105,1:33:31
721,train/val,0.8194399416446686,0.722411859035492,0.24257020093500614,0.20488370007752726,77.6717370315283,52.797012503782426,85.18068773123505,58.606507248402075,95.40007210135114,93.45023548601813,88.42810334447208,72.59662992034411,85.18068773123505,58.606507248402075,86.70370544437836,73.48797601570558,95.40007210135114,93.45023548601813,95.40007210135114,93.45023548601813,95.40007210135114,93.45023548601813,0.0002928897603680345,8.010149478912354,1:33:39
722,train/val,0.7977511689066887,0.7075595572590828,0.22547902464866637,0.20417984288512064,80.04512979812792,52.886709879015434,86.93804949605234,58.623291543829694,95.70412755764345,93.44416068238408,90.0096878114972,68.1158901834727,86.93804949605234,58.623291543829694,88.33323906169484,73.54968805923974,95.70412755764345,93.44416068238408,95.70412755764345,93.44416068238408,95.70412755764345,93.44416068238408,0.0002918238758583865,8.043394804000854,1:33:47
723,train/val,0.7828913867473603,0.696330988407135,0.21640099994838238,0.20176954578644685,80.50656634637284,53.03656632889019,87.54540343294013,58.96142003767327,95.91096365715683,93.5380566198328,89.99533267745647,71.92849718237,87.54540343294013,58.96142003767327,88.7192840418578,73.86682830242108,95.91096365715683,93.5380566198328,95.91096365715683,93.5380566198328,95.91096365715683,93.5380566198328,0.0002907575586014146,8.140865564346313,1:33:55
724,train/val,0.7800804659724235,0.6919278293848038,0.22038159370422364,0.20377303171473288,79.53138584977036,52.92162712641611,86.93848124409432,58.798304647156364,95.71222012253551,93.50677831582476,89.10058355103897,72.14133579139818,86.93848124409432,58.798304647156364,87.89344512635637,73.70104870354662,95.71222012253551,93.50677831582476,95.71222012253551,93.50677831582476,95.71222012253551,93.50677831582476,0.0002896908066565937,8.091796875,1:34:03
725,train/val,0.7951391011476516,0.7040338978171349,0.22776301577687263,0.20415578833572792,78.75217161211964,52.79210863555195,86.1169754865851,58.87739113523695,95.62724140664115,93.48094791790682,89.0775937418132,71.62124055913274,86.1169754865851,58.87739113523695,87.51511291624283,73.66830908530744,95.62724140664115,93.48094791790682,95.62724140664115,93.48094791790682,95.62724140664115,93.48094791790682,0.0002886236180667183,7.837010860443115,1:34:11
726,train/val,0.7963340237736702,0.7072763994336129,0.22264404892921447,0.20325736557631524,79.24940641096899,52.931012607632425,86.64217977159583,58.61364713888108,95.79388641406479,93.54162938105685,88.72925357786808,76.58469414008407,86.64217977159583,58.61364713888108,87.64295471906394,73.78537177085892,95.79388641406479,93.54162938105685,95.79388641406479,93.54162938105685,95.79388641406479,93.54162938105685,0.00028755599085769,8.114762306213379,1:34:19
727,train/val,0.8063662856817245,0.7068130537867546,0.2488830704241991,0.20436066516242693,79.7966662105972,52.8270933874593,86.9289777613958,58.65496261231681,95.52561251924135,93.48921408906183,89.61736687896487,68.56877886633711,86.9289777613958,58.65496261231681,88.20848333757546,73.47760104462859,95.52561251924135,93.48921408906183,95.52561251924135,93.48921408906183,95.52561251924135,93.48921408906183,0.0002864879230383013,8.206349611282349,1:34:27
728,train/val,0.7878711968660355,0.6928997576236725,0.23742860034108162,0.20299266151238532,79.37367900798317,52.518935499484854,86.87855322137148,58.395014581203576,95.83233157530412,93.48035985472399,88.79853619622796,71.20016208314954,86.87855322137148,58.395014581203576,87.79807498547356,73.14235011802002,95.83233157530412,93.48035985472399,95.83233157530412,93.48035985472399,95.83233157530412,93.48035985472399,0.00028541941260001614,8.186901092529297,1:34:35
729,train/val,0.8078444063663482,0.7153923407196998,0.23113016411662102,0.20058279068150364,79.37701359413896,52.790531788962234,86.5206758344506,58.35203879899308,95.61176401167342,93.65822122870365,89.77737728174678,67.9799878548472,86.5206758344506,58.35203879899308,88.01904845159501,73.41090873563617,95.61176401167342,93.65822122870365,95.61176401167342,93.65822122870365,95.61176401167342,93.65822122870365,0.00028435045751674535,7.963444232940674,1:34:43
730,train/val,0.8143390968441964,0.7157856747508049,0.24638355299830436,0.19754065614342395,80.03922928657242,52.833899713731526,86.863468473438,58.422142868374785,95.51597205359982,93.61833833982219,90.17530121656797,68.81906287957655,86.863468473438,58.422142868374785,88.43067557348878,73.48662506781565,95.51597205359982,93.61833833982219,95.51597205359982,93.61833833982219,95.51597205359982,93.61833833982219,0.0002832810557446208,8.179318904876709,1:34:52
731,train/val,0.7832820430397988,0.6921156972646714,0.2279158629477024,0.198386848637502,80.21653177610244,52.94138584614947,87.7965364855377,58.94509963428134,95.63151565152549,93.58055250644178,89.28217416387595,67.39012010292431,87.7965364855377,58.94509963428134,88.51904744370476,73.62727914178431,95.63151565152549,93.58055250644178,95.63151565152549,93.58055250644178,95.63151565152549,93.58055250644178,0.00028221120522176285,8.123712539672852,1:35:00
732,train/val,0.8026324138045311,0.705164435505867,0.24366996958851814,0.19818232808139283,80.29340961362925,52.94442075455527,87.600695427358,58.50649340713009,95.56232000343896,93.70212070007923,89.62639196276523,72.46282000597269,87.600695427358,58.50649340713009,88.57725810747871,73.52821292675915,95.56232000343896,93.70212070007923,95.56232000343896,93.70212070007923,95.56232000343896,93.70212070007923,0.0002811409038680459,8.209862232208252,1:35:08
733,train/val,0.8056923538446427,0.7137665018439293,0.22981463577598332,0.20010483851556154,81.0610893591575,52.99287061365402,88.15956264370396,58.9331930152408,95.6377751349028,93.59672424396989,90.10241292094383,67.9941281169362,88.15956264370396,58.9331930152408,89.09182320226596,73.71776592239108,95.6377751349028,93.59672424396989,95.6377751349028,93.59672424396989,95.6377751349028,93.59672424396989,0.00028007014958485795,7.987880229949951,1:35:16
734,train/val,0.7871630042791367,0.694589376449585,0.23143407627940177,0.2009267389465203,79.90620267673853,53.06057727001357,86.89595070215692,59.004749864939264,95.61359999811184,93.60511246597416,89.7881416388821,67.8047645605503,86.89595070215692,59.004749864939264,88.27627535109053,73.79257807816275,95.61359999811184,93.60511246597416,95.61359999811184,93.60511246597416,95.61359999811184,93.60511246597416,0.00027899894025485876,7.972824335098267,1:35:24
735,train/val,0.8073659688234329,0.7113802328705787,0.23996434025466443,0.20239548265674076,80.90345701888688,52.91126262136879,88.13594000188677,58.580516830925156,95.47545429134229,93.58461347106291,89.77195497213707,68.02316790552044,88.13594000188677,58.580516830925156,88.90334445226618,73.52656957413392,95.47545429134229,93.58461347106291,95.47545429134229,93.58461347106291,95.47545429134229,93.58461347106291,0.0002779272737417303,8.083796977996826,1:35:32
736,train/val,0.8044356971979141,0.7098416417837143,0.23648513853549957,0.2026443426480646,76.41103157482341,53.313031173719104,82.51732284911762,59.24330028483239,95.79746177323267,93.57122671200449,89.47005017720352,67.80564479781448,82.51732284911762,59.24330028483239,84.75773569474472,74.03721184271303,95.79746177323267,93.57122671200449,95.79746177323267,93.57122671200449,95.79746177323267,93.57122671200449,0.0002768551478899258,8.153267860412598,1:35:40
737,train/val,0.8185591369867324,0.7173029974102973,0.2531403563916683,0.20218138808701328,79.33451968505632,53.11357961975786,86.22069290873876,58.89076817129401,95.34887057415902,93.6120860076801,89.71953953039107,68.32942985883221,86.22069290873876,58.89076817129401,87.86598267799035,73.7944867609752,95.34887057415902,93.6120860076801,95.34887057415902,93.6120860076801,95.34887057415902,93.6120860076801,0.00027578256052441234,8.10412073135376,1:35:48
738,train/val,0.8072901293635368,0.7085649415850639,0.2468129675835371,0.19905207495909633,79.91719521891856,52.911924580194636,86.89510833750062,58.722687685117734,95.52516156436852,93.62560591311954,89.67353838944081,71.46525257910636,86.89510833750062,58.722687685117734,88.1451695685722,73.50716954348727,95.52516156436852,93.62560591311954,95.52516156436852,93.62560591311954,95.52516156436852,93.62560591311954,0.0002747095094504101,8.057921886444092,1:35:56
739,train/val,0.8025679871439934,0.7076232179999351,0.23736192360520364,0.2039489468197543,78.63020569128439,53.066238555817435,86.27758476324748,58.979972001549086,95.63948492489322,93.50763821953552,88.6553871683426,67.85638828809518,86.27758476324748,58.979972001549086,87.41220865735092,73.78207213599198,95.63948492489322,93.50763821953552,95.63948492489322,93.50763821953552,95.63948492489322,93.50763821953552,0.0002736359924531268,8.202096223831177,1:36:05
740,train/val,0.8196159720420837,0.7250184744596482,0.2364937338978052,0.20182918556986984,76.80055806348669,53.36230669825138,84.54183885045126,59.41129977005994,95.55011215250705,93.61965316033476,87.88811622514913,67.58217614508733,84.54183885045126,59.41129977005994,86.08730085491707,74.00927546223126,95.55011215250705,93.61965316033476,95.55011215250705,93.61965316033476,95.55011215250705,93.61965316033476,0.00027256200729748646,8.013307809829712,1:36:13
741,train/val,0.7838336229324341,0.6888599470257759,0.23743419013917447,0.20087011337698668,80.65449464835022,53.26934721330251,88.221453317447,59.274978574473536,95.70828969630324,93.56693828898246,89.45548026698353,68.33964377787612,88.221453317447,59.274978574473536,88.81223729757363,73.94746406082761,95.70828969630324,93.56693828898246,95.70828969630324,93.56693828898246,95.70828969630323,93.56693828898246,0.00027148755172785475,8.025879859924316,1:36:21
742,train/val,0.7917890414595604,0.7022129014134407,0.22394034303724766,0.1994628809543339,77.80968319300909,52.6656808096658,85.16805409673417,58.58366915532861,95.72868312562001,93.59342887103963,88.75213806558874,68.21888002987694,85.16805409673417,58.58366915532861,86.81995716984581,73.38833576630488,95.72868312562001,93.59342887103963,95.72868312562001,93.59342887103963,95.72868312562001,93.59342887103963,0.000270412623467758,7.984887599945068,1:36:29
743,train/val,0.7821356907486916,0.6881674766540528,0.2349205270409584,0.19900311614195157,80.92159479336172,52.90651454462719,87.8056621248821,58.958165253075364,95.75084796700718,93.56154586055113,90.07303632802297,67.86458277900674,87.8056621248821,58.958165253075364,88.89407812086083,73.64003783390139,95.75084796700718,93.56154586055113,95.75084796700718,93.56154586055113,95.75084796700718,93.56154586055113,0.00026933722021959785,8.272048473358154,1:36:37
744,train/val,0.7925777867436409,0.6924103364348412,0.25041862279176713,0.1993517418670723,80.44725248548312,53.08957409062707,87.63530532304648,58.946335955810916,95.58674090623448,93.60632742670097,89.80443802636874,71.92564010819173,87.63530532304648,58.946335955810916,88.67478268819875,73.81998174228495,95.58674090623448,93.60632742670097,95.58674090623448,93.60632742670097,95.58674090623448,93.60632742670097,0.0002682613396643613,8.217872142791748,1:36:45
745,train/val,0.7665482133626937,0.6816418290138244,0.21226597279310228,0.20125044198357261,78.39177707691395,53.07438648636354,85.27532140294338,59.10713703743563,95.87616404194638,93.62164480828419,88.85130680878136,75.73169892918953,85.27532140294338,59.10713703743563,86.93429616086156,73.92715780178813,95.87616404194638,93.62164480828419,95.87616404194638,93.62164480828419,95.87616404194638,93.62164480828419,0.0002671849794613235,8.17519474029541,1:36:53
746,train/val,0.7882185786962509,0.7008081093430519,0.2185261810198426,0.20136716242669875,80.51123573530944,53.01450191308204,87.92372983965524,59.00947608433824,95.7059294832152,93.56759847312168,89.5734406209045,71.65339436707623,87.92372983965524,59.00947608433824,88.71791047965736,73.87643547534493,95.7059294832152,93.56759847312168,95.7059294832152,93.56759847312168,95.7059294832152,93.56759847312168,0.00026610813724774733,8.16076397895813,1:37:01
747,train/val,0.7821752160787583,0.690315754711628,0.22964866384863852,0.20278475551883426,80.97349709942205,53.03628270935701,88.217402110914,58.95881901771441,95.68956402120641,93.60034138732094,89.9698433519862,68.40501422749031,88.217402110914,58.95881901771441,89.05943072844855,73.8720422917002,95.68956402120641,93.60034138732094,95.68956402120641,93.60034138732094,95.68956402120641,93.60034138732094,0.00026503081063857577,8.089672088623047,1:37:09
748,train/val,0.7923244282603263,0.6979585498571396,0.2359146937727928,0.1978731060135341,80.09909946819602,52.82428190804628,87.16460114500137,58.59287896253211,95.61052194046191,93.69678374930666,89.77256051510709,67.77536205957875,87.16460114500137,58.59287896253211,88.40788914696527,73.39847741152077,95.61052194046191,93.69678374930666,95.61052194046191,93.69678374930666,95.61052194046191,93.69678374930666,0.0002639529972261202,8.04070496559143,1:37:17
749,train/val,0.8051375702023507,0.7070815965533257,0.24513993076980115,0.20106497150195887,79.68723242948353,52.8906465332697,86.88461456961673,58.72154221929996,95.50114898602902,93.63301772832968,89.50743749757855,71.50684173343839,86.88461456961673,58.72154221929996,88.14117936171219,73.6096841625214,95.50114898602902,93.63301772832968,95.50114898602902,93.63301772832968,95.50114898602902,93.63301772832968,0.0002628746945797409,7.979215860366821,1:37:25
750,train/val,0.8121285781264305,0.7131686672568321,0.24739975966513156,0.20133793783627088,80.0471896252166,52.84573073700014,87.76062938014904,58.813797936316625,95.39700706249963,93.61612478123772,89.15646736171877,71.73573160445322,87.76062938014904,58.813797936316625,88.38795162444242,73.5450937782137,95.39700706249963,93.61612478123772,95.39700706249963,93.61612478123772,95.39700706249963,93.61612478123772,0.0002617959002455229,8.06406283378601,1:37:34
751,train/val,0.7936463043093681,0.7032442688941956,0.22600509002804756,0.20418586372806316,79.07943171845608,52.83250444912614,86.20978898321447,58.925837990556204,95.70203957967452,93.52822043093492,88.74771732063253,67.11121825952661,86.20978898321447,58.925837990556204,87.38601335445125,73.52964306944608,95.70203957967452,93.52822043093492,95.70203957967452,93.52822043093492,95.70203957967452,93.52822043093492,0.00026071661174594636,8.175542116165161,1:37:42
752,train/val,0.7907513082027435,0.6956901729106904,0.23765284568071365,0.20671729564450728,81.0009314884026,52.85018559223482,88.53187449906545,58.84380751366849,95.7382535068519,93.43415251274405,89.61959398485106,67.98758552139586,88.53187449906545,58.84380751366849,89.0292277410596,73.62527967262359,95.7382535068519,93.43415251274405,95.7382535068519,93.43415251274405,95.7382535068519,93.43415251274403,0.00025963682657954824,8.15345311164856,1:37:50
753,train/val,0.8154421478509903,0.718357515335083,0.24271158464252948,0.1989475424808383,81.17213770729683,52.8694913359932,88.3947482895799,58.64485701983497,95.532600963508,93.62375850708288,90.12069079330355,67.87914856206584,88.3947482895799,58.64485701983497,89.21165160856943,73.57156425160429,95.532600963508,93.62375850708288,95.532600963508,93.62375850708288,95.532600963508,93.62375850708288,0.0002585565422205804,7.983347654342651,1:37:58
754,train/val,0.7771615862846375,0.6895752966403961,0.21896572411060333,0.19852821004621066,80.10946723296023,53.089924064236115,87.42586797028521,59.2422991565234,95.74795826961157,93.62079600010519,89.47688423826555,71.14807419464995,87.42586797028521,59.2422991565234,88.4154299475993,73.92026115707456,95.74795826961157,93.62079600010519,95.74795826961157,93.62079600010519,95.74795826961157,93.62079600010519,0.0002574757561186594,8.209229469299316,1:38:06
755,train/val,0.7813703358173371,0.6943976640701294,0.21743168234825133,0.19978028771053633,79.46970476008869,53.15028142719422,86.88911320051638,58.93640180554779,95.8094091656468,93.63931999036464,89.36467179284838,68.02537646423319,86.88911320051638,58.93640180554779,88.06903698282123,73.84284892882418,95.8094091656468,93.63931999036464,95.8094091656468,93.63931999036464,95.8094091656468,93.63931999036464,0.0002563944656984104,8.238523244857788,1:38:14
756,train/val,0.8176306247711181,0.7180649667978287,0.2489141371101141,0.19955120290404463,79.51413371155017,52.675857918254366,86.75125938549003,58.469094188278845,95.46762407948987,93.6518690367758,89.59000647333228,67.70173301019709,86.75125938549003,58.469094188278845,88.10671335653494,73.32973392216824,95.46762407948987,93.6518690367758,95.46762407948987,93.6518690367758,95.46762407948987,93.6518690367758,0.0002553126683591039,8.189316034317017,1:38:22
757,train/val,0.7879822507500649,0.6957621440291405,0.2305502612143755,0.20088983741835215,80.32569596237077,52.962631857228196,87.57106637532118,58.889799237583276,95.63581240372675,93.67590195854999,89.94800826623619,71.29908382562078,87.57106637532118,58.889799237583276,88.71779549741827,73.67951682951926,95.63581240372675,93.67590195854999,95.63581240372675,93.67590195854999,95.63581240372675,93.67590195854999,0.0002542303614742854,8.144503116607666,1:38:31
758,train/val,0.760856257379055,0.6777628481388092,0.20773352198302747,0.1999479628662649,80.60815286558702,52.90403017839394,87.7383475255999,58.64169888428486,95.97945854395607,93.6647121147784,89.55828310228642,68.142679391551,87.7383475255999,58.64169888428486,88.58086859458669,73.64667580743468,95.97945854395607,93.6647121147784,95.97945854395607,93.6647121147784,95.97945854395607,93.6647121147784,0.00025314754239139754,8.13855504989624,1:38:39
759,train/val,0.7753749370574952,0.6921277180314064,0.20811804682016372,0.20027514149195458,77.94203622367603,52.738133769759884,84.93495941142642,58.32972745404839,95.91571050994136,93.656418204794,88.33103220581498,71.8102759986067,84.93495941142642,58.32972745404839,86.37992109616238,73.41975983468654,95.91571050994136,93.656418204794,95.91571050994136,93.656418204794,95.91571050994136,93.656418204794,0.0002520642084313968,8.065028190612793,1:38:47
760,train/val,0.7980540320277214,0.7062208920717239,0.2295828565955162,0.20016058576106804,80.33435980372397,52.75280892321991,86.9739811021699,58.585355093979494,95.73380143684956,93.67425981985072,90.36786496126332,67.75797034397159,86.9739811021699,58.585355093979494,88.55482898897895,73.40385054362359,95.73380143684956,93.67425981985072,95.73380143684956,93.67425981985072,95.73380143684956,93.67425981985072,0.00025098035688835935,8.100236415863037,1:38:55
761,train/val,0.793139486014843,0.6991188332438469,0.23505162820219994,0.1970398157591807,80.66109712490504,52.87636261290194,87.47184705789604,58.75664276260484,95.69276869110936,93.66456787286562,89.95823161867594,67.68835831009497,87.47184705789604,58.75664276260484,88.6634747857468,73.5713389698034,95.69276869110936,93.66456787286562,95.69276869110936,93.66456787286562,95.69276869110936,93.66456787286563,0.00024989598502908226,8.061919689178467,1:39:03
762,train/val,0.8184252917766571,0.7253670528531074,0.23264559917151928,0.1986436419340283,78.82042010830139,53.1011395692801,86.05394040674419,59.0524945282161,95.53557754598475,93.71215660854864,89.14133018347509,67.75889054101715,86.05394040674419,59.0524945282161,87.51311136627872,73.8643539273814,95.53557754598475,93.71215660854864,95.53557754598475,93.71215660854864,95.53557754598475,93.71215660854864,0.00024881109009267544,8.096299886703491,1:39:11
763,train/val,0.8005536541342735,0.6987615019083023,0.2544803760945797,0.19662643417029332,75.65265229206581,53.293460557407144,82.18304108598775,59.18736002790892,95.70605736577915,93.69866998970446,89.36381348955193,67.70698643810145,82.18304108598775,59.18736002790892,87.9997733788869,73.99893021387246,95.70605736577915,93.69866998970446,95.70605736577915,93.69866998970446,95.70605736577915,93.69866998970446,0.0002477256692901451,8.102254152297974,1:39:19
764,train/val,0.791725417971611,0.7020679250359535,0.22414372600615023,0.20028418543388024,78.66751016012428,52.85925427581235,85.81310726593023,58.59804115268318,95.60938737421193,93.58525146413864,89.20026364816324,71.837869668617,85.81310726593023,58.59804115268318,87.34982932976433,73.49263880405576,95.60938737421193,93.58525146413864,95.60938737421193,93.58525146413864,95.60938737421193,93.58525146413864,0.0002466397198039697,8.202566862106323,1:39:27
765,train/val,0.8102670148015022,0.7118155211210251,0.24612873438745736,0.19962176680192212,79.51058504881516,52.4747978886773,86.69138051230438,58.4228906472631,95.56214496910974,93.59283526009091,89.54607060063702,66.79975970418946,86.69138051230438,58.4228906472631,88.02767067663811,73.08973463845346,95.56214496910974,93.59283526009091,95.56214496910974,93.59283526009091,95.56214496910974,93.59283526009091,0.0002455532387876668,8.026177406311035,1:39:35
766,train/val,0.8033662304282189,0.7085686191916466,0.23699403051286935,0.19981036960415968,79.10523050736927,52.64474846803019,86.20270882845567,58.5044196577434,95.84514431144488,93.69181295108191,89.21970085345068,67.70258845639202,86.20270882845567,58.5044196577434,87.6441093222506,73.29167940326381,95.84514431144488,93.69181295108191,95.84514431144488,93.69181295108191,95.84514431144488,93.69181295108191,0.00024446622336535273,8.100044250488281,1:39:44
767,train/val,0.8035629361867904,0.7102843940258026,0.23319636136293412,0.19889901361554893,80.57958274940995,53.026960352561446,87.84531258571803,58.790189666590784,95.70637981403931,93.67561347472444,89.75593980050587,68.10529908043934,87.84531258571803,58.790189666590784,88.75883686883192,73.68560647201707,95.70637981403931,93.67561347472444,95.70637981403931,93.67561347472444,95.70637981403931,93.67561347472444,0.0002433786706312899,8.103604555130005,1:39:52
768,train/val,0.7877852872014046,0.6992935419082642,0.22122936137020588,0.19871506140142448,81.23715357202099,53.060636091231075,88.64458215786553,59.11071793901645,95.71408946864102,93.69014307355327,89.77914390655745,71.4107401672194,88.64458215786553,59.11071793901645,89.18618493796414,73.84237548531665,95.71408946864102,93.69014307355327,95.71408946864102,93.69014307355327,95.71408946864102,93.69014307355327,0.00024229057764942866,8.142948865890503,1:40:00
769,train/val,0.8016768887639045,0.7038274630904198,0.24462355747818948,0.20033248133634474,80.81906391900995,53.01524595058177,87.97335109730263,58.90672359507283,95.58982907284665,93.66733620803767,89.8999592299105,75.841835077677,87.97335109730263,58.90672359507283,88.90514702065788,73.70049644024573,95.58982907284665,93.66733620803767,95.58982907284665,93.66733620803767,95.58982907284665,93.66733620803765,0.000241201941452938,8.152825593948364,1:40:08
770,train/val,0.8063430324196815,0.7078027218580246,0.246350759267807,0.1998651451237995,80.56962259076501,53.170540473513384,87.53583479292007,58.714276523493815,95.48136860736123,93.72135480437079,89.9852941964961,68.73178498882115,87.53583479292007,58.714276523493815,88.70238103033418,73.85115018632207,95.48136860736123,93.72135480437079,95.48136860736123,93.72135480437079,95.48136860736123,93.72135480437079,0.00024011275904372624,8.17998719215393,1:40:16
771,train/val,0.8213888242840767,0.7138760611414909,0.2687819119542837,0.2017571690675132,81.62324389936782,52.98791720549963,88.12667393790299,58.73367079957068,95.23915533748789,93.60284897749682,90.99351994362151,68.4437510102304,88.12667393790299,58.73367079957068,89.48159304460064,73.64735493963366,95.23915533748789,93.60284897749682,95.23915533748789,93.60284897749682,95.23915533748789,93.60284897749682,0.00023902302739195255,8.19163179397583,1:40:24
772,train/val,0.8095208913087845,0.7139450654387474,0.23893956653773785,0.2006053057258658,81.22245344482026,52.97261924352302,87.95564395507141,58.535483221824656,95.57821840060882,93.66792981898638,90.34691756987391,68.45457675867931,87.95564395507141,58.535483221824656,89.09023336792266,73.49359200011541,95.57821840060882,93.66792981898638,95.57821840060882,93.66792981898638,95.57821840060882,93.66792981898638,0.00023793274343552822,7.998196601867676,1:40:32
773,train/val,0.8071990713477135,0.7150966137647629,0.23025614209473133,0.1992637222272599,79.58189413478159,52.7816035542925,86.5858249863216,58.65748205859425,95.76262095729435,93.66026835431184,89.65060297577774,68.35522962334257,86.5858249863216,58.65748205859425,88.01928364540419,73.51643040907086,95.76262095729435,93.66026835431184,95.76262095729435,93.66026835431184,95.76262095729435,93.66026835431184,0.00023684190407960765,8.060377597808838,1:40:40
774,train/val,0.8078158721327782,0.7095825120806694,0.24558341465890407,0.20015462516339558,80.6834427615052,52.96651016229321,87.52460940051229,58.78253880785087,95.55790043739802,93.62814124212481,90.13222968239386,71.35564471193821,87.52460940051229,58.78253880785087,88.76483276776935,73.57101603017048,95.55790043739802,93.62814124212481,95.55790043739802,93.62814124212481,95.55790043739802,93.62814124212481,0.00023575050619606769,7.993027448654175,1:40:48
775,train/val,0.7850219145417213,0.6940367951989174,0.22746280170977115,0.1993693870132016,80.16748255030838,52.88316831560501,87.73176522611364,58.763383768441834,95.71036102813576,93.67398797932282,89.48037052228281,68.33185914418462,87.73176522611364,58.763383768441834,88.54889601471379,73.60447179593045,95.71036102813576,93.67398797932282,95.71036102813576,93.67398797932282,95.71036102813576,93.67398797932282,0.00023465854662297735,8.206045866012573,1:40:57
776,train/val,0.7826243281364441,0.6973456338047981,0.21319673024117947,0.20350895914259057,78.20766195136017,52.763795691815794,86.95713276772044,58.67744447682828,95.72385248505661,93.60136217624209,87.6674177810002,75.33382157528531,86.95713276772044,58.67744447682828,87.18735655861327,73.51657470262904,95.72385248505661,93.60136217624209,95.72385248505661,93.60136217624209,95.72385248505661,93.60136217624209,0.00023356602216405552,7.936790943145752,1:41:04
777,train/val,0.8163861900568008,0.7227354109287262,0.23412694595754147,0.20233906946261954,79.92206942921274,53.02522917437508,87.47271586441796,58.75062556353853,95.63326651077804,93.65882593518413,89.16862551361154,71.93608043101692,87.47271586441796,58.75062556353853,88.27019151522755,73.81777755074071,95.63326651077804,93.65882593518413,95.63326651077804,93.65882593518413,95.63326651077804,93.65882593518413,0.0002324729295881171,7.9784910678863525,1:41:12
778,train/val,0.7816430628299713,0.6907080873847008,0.22733743004500867,0.20354283952216204,80.37406085029708,52.81065579049052,87.57726368455377,58.656971128600055,95.75858886873056,93.61382245839924,89.56262326307849,71.67067807693309,87.57726368455377,58.656971128600055,88.4852698894804,73.52419193859812,95.75858886873056,93.61382245839924,95.75858886873056,93.61382245839924,95.75858886873056,93.61382245839924,0.0002313792656285072,8.03139066696167,1:41:21
779,train/val,0.800739723443985,0.707863949239254,0.23218943029642106,0.20152338079576487,78.90337033218103,52.81065622178457,85.69615715215845,58.45240074937939,95.60549479212715,93.60982806696863,89.60996102784607,72.04769481073788,85.69615715215845,58.45240074937939,87.47359751891797,73.50384386774103,95.60549479212715,93.60982806696863,95.60549479212715,93.60982806696863,95.60549479212715,93.60982806696863,0.00023028502698252374,8.160932302474976,1:41:29
780,train/val,0.799374894797802,0.7086847737431526,0.2267253052443266,0.20263767536037178,79.48158107715764,53.14873179309977,86.9346531724863,58.88707838867915,95.76093150680866,93.63058780687605,89.16764084074028,68.0663179223436,86.9346531724863,58.88707838867915,88.01122569048107,73.846331176816,95.76093150680866,93.63058780687605,95.76093150680866,93.63058780687605,95.76093150680866,93.63058780687605,0.0002291902103108272,8.18172836303711,1:41:37
781,train/val,0.7985060572624206,0.7073980689048767,0.22776996418833734,0.20259502864387804,80.91475329773733,52.86789348512855,88.23451494485714,58.536271365286865,95.8425160203107,93.58504619680123,89.84641303553333,68.89203625371614,88.23451494485714,58.536271365286865,89.00238053348399,73.63288753481834,95.8425160203107,93.58504619680123,95.8425160203107,93.58504619680123,95.8425160203107,93.58504619680122,0.00022809481223683698,8.22695016860962,1:41:45
782,train/val,0.7854877963662148,0.6963602393865586,0.22281888350844384,0.2004147291325502,78.79416544321752,53.195136490395676,85.6117197376417,59.136297121234286,95.81736648170657,93.6450952146414,89.34478457671867,76.10104081473501,85.6117197376417,59.136297121234286,87.32417203312846,74.03675063205206,95.81736648170657,93.6450952146414,95.81736648170657,93.6450952146414,95.81736648170657,93.6450952146414,0.00022699882934611553,8.205678939819336,1:41:53
783,train/val,0.7799425825476647,0.6950184687972069,0.2123102806508541,0.20160243906001096,79.96475196402507,53.181006592946346,87.51512073039804,59.068852533609295,95.89582441438019,93.63244076067859,89.00755561571107,68.03977286617564,87.51512073039804,59.068852533609295,88.20973909152832,74.00077013963786,95.89582441438019,93.63244076067859,95.89582441438019,93.63244076067859,95.89582441438019,93.63244076067859,0.0002259022581857377,8.066620111465454,1:42:01
784,train/val,0.7837745279073716,0.6972937241196633,0.21620200164616107,0.19990777602049212,80.7784614359655,52.842927485611135,87.39060903996698,58.51181470286257,95.85426384328423,93.6225823807172,90.40425024169215,76.13512490624366,87.39060903996698,58.51181470286257,88.81736221602375,73.53740752407025,95.85426384328423,93.6225823807172,95.85426384328423,93.6225823807172,95.85426384328423,93.6225823807172,0.00022480509526364814,8.116717100143433,1:42:09
785,train/val,0.801214124262333,0.704486283659935,0.24181959815323353,0.20264488312181828,77.88879552399554,52.82637300097262,85.17885850293574,58.61890879534598,95.79539141569455,93.57019482755157,88.71954529657154,71.68515561912581,85.17885850293574,58.61890879534598,86.83755572494081,73.49676463779124,95.79539141569455,93.57019482755157,95.79539141569455,93.57019482755157,95.79539141569455,93.57019482755157,0.00022370733704800197,8.177513360977173,1:42:18
786,train/val,0.7770565912127495,0.6875914663076401,0.223662805557251,0.20126096171790508,81.31224569047274,52.65150493893979,88.13099000109513,58.34546016258804,95.77388304440623,93.67922507030961,90.5228426550195,71.37760203405315,88.13099000109513,58.34546016258804,89.27605667695137,73.28623060973129,95.77388304440623,93.67922507030961,95.77388304440623,93.67922507030961,95.77388304440623,93.67922507030961,0.00022260897996649197,8.268414974212646,1:42:26
787,train/val,0.8240933299064637,0.7303204581141471,0.23443217314779757,0.19948274867416718,77.2612570908019,52.885479972325776,84.33070905839104,58.48780291880066,95.38627591421883,93.65960262240674,88.75493034141479,68.49997893033347,84.33070905839104,58.48780291880066,86.39392028661294,69.26601709241018,95.38627591421883,93.65960262240674,95.38627591421883,93.65960262240674,95.38627591421883,93.65960262240674,0.0002215100204056614,8.185060739517212,1:42:34
788,train/val,0.7900819167494774,0.7020896092057228,0.21998076979070902,0.20191722558038508,79.06377032702092,53.12520055250592,86.80641364460652,58.99821525397305,95.81138519902859,93.62391939229329,88.66307186813754,67.88254684036063,86.80641364460652,58.99821525397305,87.69839836450211,73.9418850722377,95.81138519902859,93.62391939229329,95.81138519902859,93.62391939229329,95.81138519902859,93.62391939229329,0.0002204104547101996,8.132251977920532,1:42:42
789,train/val,0.7963488459587097,0.6961817428469658,0.25041775330901145,0.20125691748326544,81.3744432675186,52.98742349559831,88.15247200187855,58.91532429145497,95.55087196004204,93.61923707789407,90.53299871525927,71.5121839310627,88.15247200187855,58.91532429145497,89.30336991952686,73.75954305616959,95.55087196004204,93.61923707789407,95.55087196004204,93.61923707789407,95.55087196004204,93.61923707789407,0.0002193102791822225,8.22293210029602,1:42:50
790,train/val,0.8160694226622581,0.7155122727155685,0.2513928797096014,0.20095565104169846,80.34261801877513,53.09822448796435,87.75064876865484,58.95235444723066,95.35892839449646,93.6030376015366,89.61391424220623,68.08870335415983,87.75064876865484,58.95235444723066,88.6435078366108,73.92181911395531,95.35892839449646,93.6030376015366,95.35892839449646,93.6030376015366,95.35892839449646,93.6030376015366,0.00021820949008053675,8.225826740264893,1:42:59
791,train/val,0.7961841985583306,0.7057228416204453,0.22615339197218418,0.20442974611648068,79.39854088791564,53.37883431179483,86.839379547052,59.37013661707983,95.81078986717309,93.56076917332852,88.93448177947924,68.1033969291195,86.839379547052,59.37013661707983,87.81692929890188,74.22936391588901,95.81078986717309,93.56076917332852,95.81078986717309,93.56076917332852,95.81078986717309,93.56076917332852,0.00021710808361988688,8.019033432006836,1:43:07
792,train/val,0.8172384530305863,0.7161467790603637,0.2527291875332594,0.2036684773488048,77.9785277567956,52.761736792709826,85.79250927674259,58.72484037323245,95.26223877030297,93.54076392958021,88.35373035672698,67.81639035619497,85.79250927674259,58.72484037323245,87.02450701955311,73.63566208693624,95.26223877030297,93.54076392958021,95.26223877030297,93.54076392958021,95.26223877030297,93.54076392958021,0.0002160060559701844,8.010200023651123,1:43:15
793,train/val,0.7973290160298347,0.694597889482975,0.2568278029561043,0.20085731559129144,82.08267679154108,53.12254775416765,88.70753465446745,59.01045755241911,95.66607546153739,93.6010126669919,90.7303552489755,77.58421329232624,88.70753465446745,59.01045755241911,89.6776229887567,69.71103518047425,95.66607546153739,93.6010126669919,95.66607546153739,93.6010126669919,95.66607546153739,93.6010126669919,0.00021490340325571987,8.134068489074707,1:43:23
794,train/val,0.775511448085308,0.683068135380745,0.23110826537013054,0.20091097418962953,79.81790033211409,53.08383030064206,87.31745368800355,59.18347337472881,95.79547504764867,93.56726560716913,89.27708930148577,68.62311059581202,87.31745368800355,59.18347337472881,88.25405669868242,69.60327218069725,95.79547504764867,93.56726560716913,95.79547504764867,93.56726560716913,95.79547504764867,93.56726560716912,0.00021380012155435653,8.431516408920288,1:43:31
795,train/val,0.7794147878885269,0.6876850992441177,0.22932422906160355,0.2015068317668153,80.37724195185794,52.67819937338142,87.50655361207447,58.39783864520277,95.83752542726057,93.53142703961116,89.7734325614216,67.99029352534292,87.50655361207447,58.39783864520277,88.58705461909659,73.34434690144953,95.83752542726057,93.53142703961116,95.83752542726057,93.53142703961116,95.83752542726057,93.53142703961116,0.00021269620689670342,8.119362831115723,1:43:39
796,train/val,0.8037827730178833,0.7103237554430961,0.2336475381627679,0.20179188464590053,75.6365270699752,52.625718719995376,82.90305493622064,58.55590206250451,95.52963201951155,93.60101821475779,87.27733800927176,75.66200891904748,82.90305493622064,58.55590206250451,84.70218766377103,73.32635134521584,95.52963201951155,93.60101821475779,95.52963201951155,93.60101821475779,95.52963201951155,93.60101821475779,0.00021159165526527123,8.184446573257446,1:43:48
797,train/val,0.8048117995262146,0.7117714360356331,0.2326009064912796,0.20221427225253275,80.74465862671252,53.00591860320066,87.93096502039589,58.65294377348673,95.84609791148881,93.55187055686366,89.61268102837347,76.28912452733114,87.93096502039589,58.65294377348673,88.73298145204738,73.71198102033591,95.84609791148881,93.55187055686366,95.84609791148881,93.55187055686366,95.84609791148881,93.55187055686366,0.00021048646259360653,8.147303819656372,1:43:56
798,train/val,0.8071227133274078,0.7101982653141021,0.24231112338602542,0.20430746122083915,78.56931211770163,52.76153257449653,85.70788272394027,58.6118002859058,95.67427455987631,93.50734973570998,88.76374685955824,68.2380325476934,85.70788272394027,58.6118002859058,87.14815396892854,69.22477052527685,95.67427455987631,93.50734973570998,95.67427455987631,93.50734973570998,95.67427455987631,93.50734973570998,0.00020938062476540578,8.363268375396729,1:44:04
799,train/val,0.8011174514889717,0.7065495491027832,0.2364197511225939,0.20278334365576078,81.3148552305651,52.951230117729395,88.49880286297541,58.55598742231884,95.50801346519351,93.62110112722836,90.24882610666005,72.45566116980021,88.49880286297541,58.55598742231884,89.33912479556435,73.59719089974655,95.50801346519351,93.62110112722836,95.50801346519351,93.62110112722836,95.50801346519351,93.62110112722834,0.00020827413761360746,8.02858281135559,1:44:12
800,train/val,0.804170049726963,0.7046290740370751,0.2488524429500103,0.20278082765725225,79.14405242046416,52.36353564365244,86.22076708416208,58.03699789121593,95.52289933476659,93.56342100541717,89.2817843795668,75.68153902256836,86.22076708416208,58.03699789121593,87.60878523084472,73.01430669625732,95.52289933476659,93.56342100541717,95.52289933476659,93.56342100541717,95.52289933476659,93.56342100541715,0.00020716699691946332,8.096850156784058,1:44:20
801,train/val,0.7861472353339195,0.6950997069478035,0.2276188127696514,0.20277524326745325,79.35313544198387,52.825765182007935,86.80904408045095,58.84318003490829,95.68861281691817,93.55844465942653,88.95244311942726,67.43912845495409,86.80904408045095,58.84318003490829,87.82622693479988,73.61718778338867,95.68861281691817,93.55844465942653,95.68861281691817,93.55844465942653,95.68861281691817,93.55844465942653,0.00020605919841158634,8.243725538253784,1:44:28
802,train/val,0.7905146062374115,0.6986052960157394,0.22977327033877373,0.20262274623571602,78.48286889839467,52.84583767281404,86.48479977863207,58.60738738896757,95.63115949762256,93.59085470767323,88.28925512075556,68.66761447053624,86.48479977863207,58.60738738896757,87.33553880270331,73.71233786626658,95.63115949762256,93.59085470767323,95.63115949762256,93.59085470767323,95.63115949762256,93.59085470767323,0.00020495073776497478,8.235129117965698,1:44:37
803,train/val,0.785624073445797,0.6932033568620681,0.23105179257690905,0.20231652364549355,80.95919985999133,53.05073497547513,87.929732364945,58.89101436376713,95.77688919091084,93.62637705257629,90.22613517463144,76.21848185817629,87.929732364945,58.89101436376713,88.97531401217765,73.82198100791189,95.77688919091084,93.62637705257629,95.77688919091084,93.62637705257629,95.77688919091084,93.62637705257629,0.00020384161060001303,8.196853876113892,1:44:45
804,train/val,0.7746362671256065,0.6849014773964882,0.22433696854859592,0.20280481632692518,78.04979948002104,52.85695486821936,85.48179837417719,58.39866522742424,95.91464051841434,93.61098200227082,88.43200739944447,72.34884257240756,85.48179837417719,58.39866522742424,86.80273694393837,73.5269889354674,95.91464051841434,93.61098200227082,95.91464051841434,93.61098200227082,95.91464051841434,93.61098200227082,0.00020273181248144757,8.058494091033936,1:44:53
805,train/val,0.7867242828011513,0.6934064611792564,0.2332945603877306,0.20201489183153332,78.14219614024563,53.10214130561024,85.91508038688454,58.84931760640713,95.84303531543877,93.60922336048817,88.62824610845603,68.65381639914388,85.91508038688454,58.84931760640713,87.15942221328254,73.95297944001713,95.84303531543877,93.60922336048817,95.84303531543877,93.60922336048817,95.84303531543877,93.60922336048817,0.00020162133891733723,7.84592604637146,1:45:01
806,train/val,0.7847248628735543,0.6940417945384979,0.22670766673982143,0.19858106855268884,77.53560999041711,53.02370761194394,84.47999828861575,58.79740491651725,95.81136311091467,93.67035974044,88.47692782163658,67.78561234258234,84.47999828861575,58.79740491651725,86.25528956788195,73.68010994469869,95.81136311091467,93.67035974044,95.81136311091467,93.67035974044,95.81136311091467,93.67035974044,0.0002005101853579771,7.909204483032227,1:45:09
807,train/val,0.7947476029396057,0.6936914935708046,0.25264026038348675,0.20106209381512036,79.61447299369367,53.11530450294006,86.41466885377896,59.10882368795569,95.49418282804291,93.60722616477287,90.12688903903185,71.5684561654666,86.41466885377896,59.10882368795569,88.15480380079104,73.9511639406968,95.49418282804291,93.60722616477287,95.49418282804291,93.60722616477287,95.49418282804291,93.60722616477287,0.0001993983471947949,8.089510917663574,1:45:17
808,train/val,0.8081467375159264,0.707577845454216,0.2514222223311663,0.20231830716553878,81.21004802828345,52.78811548627594,88.28493049645415,58.56395428842224,95.54348694267176,93.57891036774254,89.98657070245777,71.66868683866086,88.28493049645415,58.56395428842224,89.09932024565474,73.47705487440363,95.54348694267176,93.57891036774254,95.54348694267176,93.57891036774254,95.54348694267176,93.57891036774254,0.00019828581975922,8.14587926864624,1:45:25
809,train/val,0.8275040030479431,0.7206158950924874,0.2672202650457621,0.20254828893308363,80.35438220050979,53.46584481598992,87.08479822851064,59.87706843160301,95.50553836836309,93.58287702034377,90.14084561193769,67.7680239333007,87.08479822851064,59.87706843160301,88.52356553857499,74.43132729601763,95.50553836836309,93.58287702034377,95.50553836836309,93.58287702034377,95.50553836836309,93.58287702034377,0.0001971725983215231,8.028319835662842,1:45:33
810,train/val,0.7900570377707481,0.6924658372998238,0.2439779933542013,0.20250000928383946,81.56136909143558,53.0201575574451,88.88581158436922,58.891760935731305,95.70707105578937,93.61386684052626,89.96493691954247,76.00725772391348,88.88581158436922,58.891760935731305,89.40370991757109,73.71783079560625,95.70707105578937,93.61386684052626,95.70707105578937,93.61386684052626,95.70707105578937,93.61386684052626,0.00019605867808962578,8.26938533782959,1:45:41
811,train/val,0.7837470173835754,0.6904379203915596,0.23327275328338146,0.2029463814426621,79.70260324819645,52.80648489950263,87.12386232095592,58.61830277446272,95.67678548116972,93.56584537910491,89.22800191758921,67.97665869119854,87.12386232095592,58.61830277446272,88.12248008539714,73.57062201177409,95.67678548116972,93.56584537910491,95.67678548116972,93.56584537910491,95.67678548116972,93.56584537910491,0.00019494405420787978,8.079954147338867,1:45:49
812,train/val,0.7753584921360016,0.683240719139576,0.23029442690312862,0.20220879491727836,80.49506225895429,53.12816277288902,87.40927417445876,58.96922409490897,95.77778089698535,93.60596682191904,90.18800173323707,68.08955773981688,87.40927417445876,58.96922409490897,88.59391282323755,73.88063014750907,95.77778089698535,93.60596682191904,95.77778089698535,93.60596682191904,95.77778089698535,93.60596682191904,0.0001938287217558146,8.188669443130493,1:45:58
813,train/val,0.8081181243062019,0.7127507850527763,0.23841834366321563,0.2027539166585623,79.36151461494626,52.63544348295306,86.62156135931326,58.434381185987405,95.43146000045817,93.57463858801813,89.30462121441913,75.81099250771034,86.62156135931326,58.434381185987405,87.91017849324166,73.33848228082802,95.43146000045817,93.57463858801813,95.43146000045817,93.57463858801813,95.43146000045817,93.57463858801813,0.00019271267574685113,8.200204610824585,1:46:06
814,train/val,0.7893410593271255,0.6966371968388557,0.2317596636712551,0.20351628002645064,80.50731852743432,52.4694983101075,87.49757126448155,58.23680401297349,95.57293450389903,93.55485525490487,89.89698283596856,68.7025510834114,87.49757126448155,58.23680401297349,88.63512288643292,68.86165516004623,95.57293450389903,93.55485525490487,95.57293450389903,93.55485525490487,95.57293450389903,93.55485525490487,0.00019159591112698237,8.289480924606323,1:46:14
815,train/val,0.7671027526259422,0.6830236986279488,0.21019764840602875,0.20095476404928714,80.28055071894639,52.84829983722123,87.441915408688,58.58997339654645,95.92555761197747,93.63997462673798,89.7712950573863,68.79934013978954,87.441915408688,58.58997339654645,88.54514487482354,69.29434998613641,95.92555761197747,93.63997462673798,95.92555761197747,93.63997462673798,95.92555761197748,93.63997462673798,0.00019047842277341884,8.279950618743896,1:46:22
816,train/val,0.7895624741911889,0.700999739766121,0.22140683867037297,0.2037897898684508,78.5209936543825,52.8507483516059,85.3756774222011,58.53053193278509,95.82332697969991,93.60874625262284,88.93092476448005,76.10618237944979,85.3756774222011,58.53053193278509,86.99958298348474,73.62935951448253,95.82332697969991,93.60874625262284,95.82332697969991,93.60874625262284,95.82332697969991,93.60874625262284,0.000189360205493198,8.214194297790527,1:46:30
817,train/val,0.8118664011359215,0.7172673657536507,0.23649757858365775,0.20147939459720557,76.97323252340024,53.04698958789157,84.42662201135272,59.002438517798836,95.5061703929085,93.6742653676166,88.32885863591781,75.62704152509109,84.42662201135272,59.002438517798836,86.25190683661994,73.79385593430744,95.5061703929085,93.6742653676166,95.5061703929085,93.6742653676166,95.5061703929085,93.6742653676166,0.00018824125402175528,7.845482349395752,1:46:38
818,train/val,0.7802383005619049,0.6900608479976654,0.22544363141059875,0.20316411001574788,81.76465063572932,53.33403277444958,88.55755372918998,59.05888677892253,95.78001068782308,93.62417458952358,90.64017092761209,68.13548294094267,88.55755372918998,59.05888677892253,89.54409575475194,74.0667522970622,95.78001068782308,93.62417458952358,95.78001068782308,93.62417458952358,95.78001068782308,93.62417458952358,0.00018712156302145736,7.9109086990356445,1:46:46
819,train/val,0.8100634574890136,0.7143777027726174,0.23921438828110694,0.20310942833136683,80.43219575411943,52.89251471888035,87.55993178701127,58.47209854153981,95.57956500375671,93.61629676197988,89.7975896936383,67.94993164619983,87.55993178701127,58.47209854153981,88.60274235810644,73.45770790673858,95.57956500375671,93.61629676197988,95.57956500375671,93.61629676197988,95.57956500375671,93.61629676197988,0.00018600112708009548,7.987724542617798,1:46:54
820,train/val,0.7890083715319633,0.6934615954756737,0.2388669341802597,0.20057010515138354,79.45020225343782,53.127634839190485,86.54012109987922,59.06919417407737,95.75890579365822,93.62132303786339,89.31786953543049,67.81836859224683,86.54012109987922,59.06919417407737,87.81964668092233,73.9479748237468,95.75890579365822,93.62132303786339,95.75890579365822,93.62132303786339,95.75890579365822,93.62132303786339,0.0001848799407093362,8.057175397872925,1:47:02
821,train/val,0.7942179396748543,0.698454125225544,0.23940952606499194,0.1998417851286893,80.65836348182417,53.07251125571476,88.2079608267895,58.77977019218857,95.8687200507513,93.73292189622194,89.57988022980136,68.5684807400635,88.2079608267895,58.77977019218857,88.85934438305667,73.84691861932701,95.8687200507513,93.73292189622194,95.8687200507513,93.73292189622194,95.8687200507513,93.73292189622194,0.0001837579983431309,8.293177366256714,1:47:11
822,train/val,0.8037610277533531,0.699775567650795,0.25996364578604697,0.20065305790393256,81.92958810712376,52.93417027655486,88.88832959330031,58.735866598544376,95.57138960949115,93.60815264167412,90.43403664543801,68.88347885667164,88.88832959330031,58.735866598544376,89.62675644981694,73.70843168823005,95.57138960949115,93.60815264167412,95.57138960949115,93.60815264167412,95.57138960949115,93.60815264167411,0.00018263529433608,8.269105672836304,1:47:19
823,train/val,0.8046129927039146,0.7122945204377175,0.23079618215560913,0.20293395748103468,80.82324506204543,52.56045927561595,87.97137867649388,58.3535758801183,95.70052397240045,93.56591195229542,89.9643224945879,68.01273204875272,87.97137867649388,58.3535758801183,88.90885609694308,73.29620775553212,95.70052397240045,93.56591195229542,95.70052397240045,93.56591195229542,95.70052397240045,93.56591195229542,0.00018151182296175173,8.211406230926514,1:47:27
824,train/val,0.7975013822317123,0.7053760305047035,0.23031337186694145,0.20113282804674704,82.57023990723104,52.729933821181355,88.85287173033896,58.304956002470135,95.77251195377858,93.62009698160483,91.34748879850983,67.80786591868964,88.85287173033896,58.304956002470135,90.05153074504729,73.37714359091798,95.77251195377858,93.62009698160483,95.77251195377858,93.62009698160483,95.77251195377858,93.62009698160483,0.0001803875784109529,8.298326015472412,1:47:35
825,train/val,0.7831663221120835,0.6932435348629952,0.22480696365237235,0.201561802975228,80.24109620852776,52.78466638089815,87.92312367251726,58.55361404115037,95.65804186973247,93.65789391051698,89.39431460430771,71.68553226658231,87.92312367251726,58.55361404115037,88.61848701864821,73.45526161370444,95.65804186973247,93.65789391051698,95.65804186973247,93.65789391051698,95.65804186973247,93.65789391051698,0.00017926255478995125,8.233619213104248,1:47:44
826,train/val,0.8188048034906388,0.715827339887619,0.25744365341961384,0.2010858861458916,78.58758721101157,52.993354702151116,85.55881524206104,58.54822487257753,95.41851777212354,93.6141997064788,89.6006247077086,68.00643559033739,85.55881524206104,58.54822487257753,87.34408978591253,73.54824744992773,95.41851777212354,93.6141997064788,95.41851777212354,93.6141997064788,95.41851777212354,93.6141997064788,0.000178136746118647,8.414160966873169,1:47:52
827,train/val,0.7768377453088761,0.6910933867096901,0.21436089910566808,0.20142389635103466,79.7102990899034,52.88025951176425,86.70807066199615,58.69599138461391,95.85679667305722,93.61809978588951,89.8153221069259,68.1214471251114,86.70807066199615,58.69599138461391,88.17599615947177,73.65849643361663,95.85679667305722,93.61809978588951,95.85679667305722,93.61809978588951,95.85679667305722,93.61809978588951,0.00017701014632869074,8.223438501358032,1:48:00
828,train/val,0.8444412842392921,0.739856930077076,0.2614608686417341,0.20583358941762828,77.00975734473526,53.0525232590977,84.50783509812032,58.67493694595214,95.14755436544411,93.54238387721597,88.15360447832494,72.06687531165093,84.50783509812032,58.67493694595214,86.1924956015257,73.91759283654964,95.14755436544411,93.54238387721597,95.14755436544411,93.54238387721597,95.14755436544411,93.54238387721597,0.0001758827492615477,7.978391408920288,1:48:08
829,train/val,0.8029482454061508,0.7066585317254066,0.24072428792715073,0.20354481374665928,79.14308376682631,53.035885723982254,86.71146627302872,58.988413856181786,95.50366305000995,93.53695261442351,88.90055708194903,67.72458438625264,86.71146627302872,58.988413856181786,87.76257682405513,73.84624058643132,95.50366305000995,93.53695261442351,95.50366305000995,93.53695261442351,95.50366305000995,93.53695261442351,0.00017475454866650484,8.158485174179077,1:48:16
830,train/val,0.7727650165557861,0.6876439407467843,0.2128026831895113,0.20172627516300168,79.9855068400791,52.85321791182259,87.4838336357699,58.77174884883043,95.84344142125313,93.62959475678429,89.45116258459637,67.55391821357124,87.4838336357699,58.77174884883043,88.4317064717844,73.62084628445902,95.84344142125313,93.62959475678429,95.84344142125313,93.62959475678429,95.84344142125313,93.62959475678429,0.0001736255381986201,8.150352239608765,1:48:25
831,train/val,0.7751569256186486,0.6909620285034179,0.21048723272979258,0.20295600724987592,80.68161828324655,53.03130219426395,87.9963152207581,58.61965968041647,95.88530966148008,93.63510923606488,89.56708116042401,68.52859186971024,87.9963152207581,58.61965968041647,88.72542897378679,73.80895409265584,95.88530966148008,93.63510923606488,95.88530966148008,93.63510923606488,95.88530966148008,93.63510923606488,0.0001724957114166097,8.228327989578247,1:48:33
832,train/val,0.7978275090456008,0.7035289525985717,0.2357463851571083,0.20476223629457727,81.0371690135548,53.20459029400945,88.40452347779639,58.84661522398643,95.4382504858035,93.58891853738257,89.81752632518585,69.17380958466293,88.40452347779639,58.84661522398643,89.08429343371415,74.04654886445233,95.4382504858035,93.58891853738257,95.4382504858035,93.58891853738257,95.4382504858035,93.58891853738257,0.00017136506178067312,8.101619243621826,1:48:41
833,train/val,0.774946941435337,0.6823646932840347,0.23145561665296555,0.20086770985076288,81.93512174738808,52.92626138754167,88.84590229593678,58.92093945766707,95.74603994277484,93.59995304370963,90.51483015253835,68.20471706850157,88.84590229593678,58.92093945766707,89.63717751435351,73.82027609583707,95.74603994277484,93.59995304370963,95.74603994277484,93.59995304370963,95.74603994277484,93.59995304370963,0.00017023358265025277,8.088284730911255,1:48:49
834,train/val,0.7714208394289017,0.6864519476890564,0.21242223642766475,0.2008356253436841,78.42677876227718,52.81401783804691,85.29710126078236,58.55568873675482,95.89973256257434,93.62951708806202,89.01339437359272,68.80052724551092,85.29710126078236,58.55568873675482,87.00318934622112,73.76311798780166,95.89973256257434,93.62951708806202,95.89973256257434,93.62951708806202,95.89973256257434,93.62951708806202,0.0001691012672817251,8.141541957855225,1:48:57
835,train/val,0.7771780341863632,0.6899933144450188,0.21796180084347724,0.20294731632789603,80.9835230895049,52.57666508567264,87.77586718855784,58.18018011599825,95.84169570794016,93.6426153632949,90.21000018568004,68.2088291720943,87.77586718855784,58.18018011599825,88.94741683468258,73.2346015794851,95.84169570794016,93.6426153632949,95.84169570794016,93.6426153632949,95.84169570794016,93.6426153632949,0.00016796810882602166,8.231272220611572,1:49:05
836,train/val,0.783768144249916,0.6949061349034309,0.22215501740574836,0.20168537664288766,80.09489847647706,53.40251847762298,87.0496987288799,59.18245937566656,95.69273877135124,93.65510338428142,89.87736153803286,68.82407080482152,87.0496987288799,59.18245937566656,88.40760633259649,74.34902279351505,95.69273877135124,93.65510338428142,95.69273877135124,93.65510338428142,95.69273877135124,93.65510338428142,0.00016683410032617698,8.189834117889404,1:49:13
837,train/val,0.7732770428061485,0.6902640163898468,0.2075325708836317,0.2038000172615268,78.75892153813437,53.16327492260879,86.09872785959215,59.159232169963886,95.79394707798423,93.5978005105498,88.52498776229828,71.92328366142895,86.09872785959215,59.159232169963886,87.23542268612704,74.04827268615624,95.79394707798423,93.5978005105498,95.79394707798423,93.5978005105498,95.79394707798423,93.5978005105498,0.00016569923471480076,8.30055284500122,1:49:22
838,train/val,0.7817809388041497,0.6877308622002601,0.2351251866668463,0.19948730976121362,80.18209743755851,53.0005189204395,87.87261901108097,58.79263995624002,95.94117375717589,93.69651190877876,88.96457053307044,71.81109100245888,87.87261901108097,58.79263995624002,88.35008315040197,73.82819157702126,95.94117375717589,93.69651190877876,95.94117375717589,93.69651190877876,95.94117375717589,93.69651190877876,0.00016456350481147024,8.156294345855713,1:49:30
839,train/val,0.791271410882473,0.698386336863041,0.23221267946064472,0.20179557737756165,79.74125612643007,52.80990891540709,86.34079187682788,58.587501368904704,95.76352720608769,93.6335170272585,89.79205923571959,76.48777900571095,86.34079187682788,58.587501368904704,87.98304631717328,73.63146401939841,95.76352720608769,93.6335170272585,95.76352720608769,93.6335170272585,95.76352720608769,93.6335170272585,0.00016342690332004118,8.239166498184204,1:49:38
840,train/val,0.805399826169014,0.7092154547572136,0.24046092331409455,0.2011127373327307,78.50623502505375,52.95896111590199,85.82104932243082,58.61482139417809,95.58517183349645,93.65944173719633,89.1507150031799,68.11473885720683,85.82104932243082,58.61482139417809,87.40477011515281,73.6563217426424,95.58517183349645,93.65944173719633,95.58517183349645,93.65944173719633,95.58517183349645,93.65944173719633,0.00016228942282587387,8.125127077102661,1:49:46
841,train/val,0.8077805534005165,0.7091977030038834,0.2464571226388216,0.2036807330354243,78.65774330165306,52.81287178906581,85.81366171879723,58.410644982971085,95.50635872055257,93.55785104847783,89.13204319349202,72.04198819390272,85.81366171879723,58.410644982971085,87.3373286350709,73.44713978410545,95.50635872055257,93.55785104847783,95.50635872055257,93.55785104847783,95.50635872055257,93.55785104847783,0.00016115105579296967,8.070996761322021,1:49:54
842,train/val,0.8003911793231964,0.7100595638155938,0.2258290395140648,0.20304955298460373,80.22157325783517,53.09308909057858,87.84481633620442,58.921854887199046,95.73875954345377,93.59527072931041,89.26460611873328,68.36206320595016,87.84481633620442,58.921854887199046,88.51812475058122,74.01047203547006,95.73875954345377,93.59527072931041,95.73875954345377,93.59527072931041,95.73875954345377,93.59527072931041,0.00016001179456101572,7.913031578063965,1:50:02
843,train/val,0.7753159433603287,0.6836665153503418,0.22912355959415437,0.20375417602875273,81.41115088694369,53.351746374297385,88.58492300973474,59.27393439673473,95.70835309143246,93.60699315860607,89.86944183924909,68.20254140943968,88.58492300973474,59.27393439673473,89.19034774843911,74.21946574737368,95.70835309143246,93.60699315860607,95.70835309143246,93.60699315860607,95.70835309143246,93.60699315860607,0.00015887163134233382,8.217199802398682,1:50:11
844,train/val,0.785445612668991,0.6927627459168434,0.2317071609199047,0.20187296004314553,79.2257689416932,53.117832474797524,86.75486229757604,58.95369381675199,95.85234722509875,93.63024939315763,89.21916939828462,71.65325264066846,86.75486229757604,58.95369381675199,87.81994362841357,73.8810347060688,95.85234722509875,93.63024939315763,95.85234722509875,93.63024939315763,95.85234722509875,93.63024939315763,0.00015773055821872984,8.071406364440918,1:50:19
845,train/val,0.8088587984442711,0.7104056566953659,0.24613285064697266,0.2003177968768325,78.60683025612077,52.858371723297104,84.86944013648471,58.57079942564253,95.58037211121956,93.69490305667476,90.70398574780356,68.29934503272744,84.86944013648471,58.57079942564253,87.30435099805398,73.61395138393225,95.58037211121956,93.69490305667476,95.58037211121956,93.69490305667476,95.58037211121956,93.69490305667476,0.0001565885671382379,8.265787839889526,1:50:27
846,train/val,0.7771998196840286,0.6896026998758316,0.21899279318749904,0.20223494548196605,79.18627341602819,53.05231881090443,87.27020617198981,58.984482753001174,95.75572727931957,93.64248221691386,88.4330931119883,71.98316515632403,87.27020617198981,58.984482753001174,87.81655299802571,73.90045011774492,95.75572727931957,93.64248221691386,95.75572727931957,93.64248221691386,95.75572727931957,93.64248221691386,0.00015544564991175764,8.077717304229736,1:50:35
847,train/val,0.8029684364795685,0.7129868268966675,0.22495402731001377,0.20435892801823705,76.33166335421775,53.063062231575486,83.84612415437267,58.79823753858556,95.67695281107221,93.59864377096294,87.8629697782112,72.06400558282073,83.84612415437267,58.79823753858556,85.70222562908731,73.92215284455096,95.67695281107221,93.59864377096294,95.67695281107221,93.59864377096294,95.67695281107221,93.59864377096294,0.00015430179820957813,8.223532915115356,1:50:43
848,train/val,0.7762717977166176,0.6900767132639885,0.21548771839588882,0.20465834809397349,78.61827198611712,52.45980132458197,85.58214995515699,58.313062513733406,95.97075289899234,93.42624694637097,89.40347031849441,68.054718218604,85.58214995515699,58.313062513733406,87.29886171085654,73.12865900559886,95.97075289899234,93.42624694637097,95.97075289899234,93.42624694637097,95.97075289899234,93.42624694637097,0.00015315700355778486,8.393307447433472,1:50:52
849,train/val,0.7962709739804268,0.7040705010294914,0.23050117529928685,0.20396399058379086,80.29919249685918,53.254894767347864,87.3001320739976,59.249407355473636,95.75733216752658,93.59639692578321,89.93942179014365,72.09518921441543,87.3001320739976,59.249407355473636,88.5461370426087,74.20510829411866,95.75733216752658,93.59639692578321,95.75733216752658,93.59639692578321,95.75733216752658,93.59639692578321,0.00015201125733454296,8.058927536010742,1:51:00
850,train/val,0.7923729196190834,0.6983854532241821,0.2349686659872532,0.20087692889404898,80.042789214418,53.19440233389315,87.3688442225221,58.728353335800406,95.74254631668444,93.67959122285741,89.495509803499,72.6022682653224,87.3688442225221,58.728353335800406,88.38166677310203,73.93125313574629,95.74254631668444,93.67959122285741,95.74254631668444,93.67959122285741,95.74254631668444,93.67959122285741,0.00015086455076625415,8.29764175415039,1:51:08
851,train/val,0.7934486597776413,0.6968824625015259,0.24141548499464988,0.20130618662856387,80.50338717273786,53.067745894775186,87.62616272533889,59.089660496220894,95.76331149031564,93.67425427208485,89.77553883759974,75.7224937193966,87.62616272533889,59.089660496220894,88.65040311075113,73.81958954439662,95.76331149031564,93.67425427208485,95.76331149031564,93.67425427208485,95.76331149031564,93.67425427208485,0.00014971687492358005,8.209742546081543,1:51:16
852,train/val,0.7882461190223694,0.6965364336967468,0.22927421890199184,0.2013967794782204,81.09763456732836,53.270036819160126,88.12167435427052,59.11173739767454,95.96318952841621,93.63915355738837,89.9616485840433,72.05259154960886,88.12167435427052,59.11173739767454,88.97639143265327,74.06184003132883,95.96318952841621,93.63915355738837,95.96318952841621,93.63915355738837,95.96318952841621,93.63915355738837,0.00014856822071732594,8.238590002059937,1:51:24
853,train/val,0.7968770459294319,0.7044953003525734,0.23095435798168182,0.20270702048343342,79.88121876360815,52.8803650104555,87.13104442339524,58.5928851628646,95.80318213026902,93.63803290868145,89.37180813574393,68.9471349773049,87.13104442339524,58.5928851628646,88.21592332180813,73.5968251720738,95.80318213026902,93.63803290868145,95.80318213026902,93.63803290868145,95.80318213026902,93.63803290868145,0.00014741857889417982,8.144299507141113,1:51:33
854,train/val,0.7507750302553177,0.6685203865170479,0.2056365955621004,0.20338145609638167,80.41290053178001,52.834246414244824,87.54836427716013,58.75266981139987,96.18286288248932,93.5563864382866,89.1760191975515,76.18562843019743,87.54836427716013,58.75266981139987,88.3190312196153,73.52503452337001,96.18286288248932,93.5563864382866,96.18286288248932,93.5563864382866,96.18286288248932,93.5563864382866,0.0001462679400323,8.163804054260254,1:51:41
855,train/val,0.8285503521561622,0.7254548087716103,0.257738858088851,0.2023561786858968,78.78111569830632,53.173294817284415,85.32311501831327,58.902016302375294,95.49394376124796,93.67268425434199,90.40193535999616,68.85052042250258,85.32311501831327,58.902016302375294,87.57646519879172,73.91316540225796,95.49394376124796,93.67268425434199,95.49394376124796,93.67268425434199,95.49394376124796,93.67268425434199,0.00014511629453674513,8.208422660827637,1:51:49
856,train/val,0.7925569176673889,0.7030782192945481,0.22369675375521184,0.20308573980449618,80.49008362746119,53.36148348507519,88.07115477548328,59.047584132467975,95.66460029487433,93.65134754678348,89.41689585069848,68.17844315963654,88.07115477548328,59.047584132467975,88.71197420916423,74.0845991965936,95.66460029487433,93.65134754678348,95.66460029487433,93.65134754678348,95.66460029487433,93.65134754678348,0.00014396363263473666,8.385475158691406,1:51:57
857,train/val,0.7828978851437569,0.6939391389489173,0.22239686474204062,0.20302668275319977,78.15665848605407,53.00670172640775,86.0224448179868,58.73676399806405,95.73846157532749,93.60737595445151,88.52908168785027,68.30559291109698,86.0224448179868,58.73676399806405,87.15777371723833,73.84408162470211,95.73846157532749,93.60737595445151,95.73846157532749,93.60737595445151,95.73846157532749,93.60737595445151,0.0001428099443707508,8.02270245552063,1:52:05
858,train/val,0.8116944000124932,0.712591615319252,0.24775695912539958,0.20370322131615032,80.95699002877791,53.17814267218392,88.4995161537505,58.844327658708615,95.65372558184468,93.60766998604294,89.45861862935311,69.18972183035721,88.4995161537505,58.844327658708615,88.95384199075002,73.98592946142296,95.65372558184468,93.60766998604294,95.65372558184468,93.60766998604294,95.65372558184468,93.60766998604294,0.00014165521960142857,8.018036127090454,1:52:13
859,train/val,0.7931655764579773,0.7084339156746864,0.2118291648104787,0.20184284022534138,75.6399250099751,52.983184579985334,82.23352660133718,58.49906729357508,95.92504446612044,93.66118373568135,89.40487430158245,68.09279889439654,82.23352660133718,58.49906729357508,88.01326564706613,73.5958176442043,95.92504446612044,93.66118373568135,95.92504446612044,93.66118373568135,95.92504446612044,93.66118373568135,0.00014049944799029605,8.061036348342896,1:52:21
860,train/val,0.803406035900116,0.7071253091096878,0.24070181101560592,0.20483032775257673,79.73128080789995,52.907451582885216,86.1930461083183,58.792170825885115,95.53691717764997,93.58389226149905,90.17269150848317,71.87613232385885,86.1930461083183,58.792170825885115,87.99059041646963,73.69351614520869,95.53691717764997,93.58389226149905,95.53691717764997,93.58389226149905,95.53691717764997,93.58389226149905,0.00013934261900228826,8.004826068878174,1:52:29
861,train/val,0.796920758485794,0.7066416770219803,0.22569770142436027,0.20357819916149403,79.86238761991838,53.0812312504951,87.68378913072705,58.76148857970228,95.74467636574225,93.63372229459591,88.93515821298355,72.07668249778725,87.68378913072705,58.76148857970228,88.24281381469788,73.77054292836664,95.74467636574225,93.63372229459591,95.74467636574225,93.63372229459591,95.74467636574225,93.63372229459591,0.00013818472189806372,7.961673021316528,1:52:37
862,train/val,0.7968050926923752,0.7003164649009704,0.24122156612575055,0.20348797406803637,80.72337241931264,53.064098100294,87.96577149528144,58.84792472217944,95.69299506305514,93.63306211045669,89.67377368804975,72.1772453305793,87.96577149528144,58.84792472217944,88.78620116859244,73.93356773188232,95.69299506305514,93.63306211045669,95.69299506305514,93.63306211045669,95.69299506305514,93.63306211045669,0.0001370257457281037,7.991745710372925,1:52:45
863,train/val,0.7902863889932632,0.6988914504647254,0.22848735935986042,0.202173952780482,81.31089278339407,52.96251525600463,88.04776087670267,58.590568296865605,95.86917784687499,93.66337510320231,90.52612470889162,68.56796187899715,88.04776087670267,58.590568296865605,89.24559272065021,73.65843382786318,95.86917784687499,93.66337510320231,95.86917784687499,93.66337510320231,95.86917784687499,93.66337510320231,0.00013586567932658217,8.174425601959229,1:52:53
864,train/val,0.8140618890523911,0.7186451122164726,0.23854195214807988,0.20449725440893438,78.71769119747259,53.09840210713872,85.97391972636986,58.8178749704317,95.38317721919576,93.5736344423946,89.25121252206067,68.3666746116111,85.97391972636986,58.8178749704317,87.45769515980054,73.85666915072599,95.38317721919576,93.5736344423946,95.38317721919576,93.5736344423946,95.38317721919576,93.5736344423946,0.00013470451130499807,7.970831394195557,1:53:01
865,train/val,0.7964390397071839,0.69518261551857,0.25314105302095413,0.20173505601946745,81.61998051295745,53.609636022041215,88.70150246532337,59.67356874577832,95.64634744529317,93.65448758226921,90.30047601676617,68.34786154075726,88.70150246532337,59.67356874577832,89.47186860236218,74.52249038434545,95.64634744529317,93.65448758226921,95.64634744529317,93.65448758226921,95.64634744529317,93.65448758226921,0.00013354223004555756,8.108000755310059,1:53:10
866,train/val,0.7791575610637664,0.6875865623354912,0.22892749458551406,0.20095300198349272,81.71374258481201,53.1987342418306,89.16483862266412,58.821045160729,95.76678399998386,93.67962450945268,89.88140374124794,72.22153889145422,89.16483862266412,58.821045160729,89.48707200989101,73.90964721078197,95.76678399998386,93.67962450945268,95.76678399998386,93.67962450945268,95.76678399998386,93.67962450945268,0.00013237882369429224,8.147380590438843,1:53:18
867,train/val,0.8002164721488952,0.7041445776820183,0.24017973132431508,0.20446767419804548,81.03210079053437,53.20104766631242,88.49525621404621,58.88860821480012,95.4338599496619,93.63156976143608,89.7537472515144,68.72488020104694,88.49525621404621,58.88860821480012,89.09593794369461,74.01190295139226,95.4338599496619,93.63156976143608,95.4338599496619,93.63156976143608,95.4338599496619,93.63156976143608,0.00013121428015390292,7.907368898391724,1:53:26
868,train/val,0.7763849407434463,0.6811694219708443,0.23803879618644713,0.2019907874389316,80.76388253532542,52.98087729394506,87.61519875433777,58.93569888539665,95.76797259317996,93.62599425673086,90.03422810847536,71.83145201161658,87.61519875433777,58.93569888539665,88.73062805089926,73.73655978007878,95.76797259317996,93.62599425673086,95.76797259317996,93.62599425673086,95.76797259317996,93.62599425673086,0.00013004858707631295,8.07066822052002,1:53:34
869,train/val,0.7933423116803169,0.7016699478030205,0.22918091751635075,0.20267741101674794,80.31389221940047,52.841760946865925,87.83028571391516,58.496705090284564,95.65432826384762,93.59624158833869,89.45861441861217,68.3493630864564,87.83028571391516,58.496705090284564,88.59323737632555,73.47993974249238,95.65432826384762,93.59624158833869,95.65432826384762,93.59624158833869,95.65432826384762,93.59624158833869,0.00012888173185491813,8.223764657974243,1:53:42
870,train/val,0.7822064518928528,0.6893938601016998,0.23203149028122425,0.20036247199522458,81.35994555999578,53.29221849504041,88.47529222282091,58.924045679892664,95.66637651059975,93.69675601047729,90.13516148424475,69.36765524903781,88.47529222282091,58.924045679892664,89.26748601442132,74.21280439065343,95.66637651059975,93.69675601047729,95.66637651059975,93.69675601047729,95.66637651059975,93.69675601047729,0.0001277137016165149,7.935603857040405,1:53:50
871,train/val,0.8006991162896157,0.707745623588562,0.23238373845815657,0.20405380132848466,79.5558343308541,52.815566670474254,86.98081018648473,58.60618027225672,95.63071090323201,93.65528091278945,89.14900358425754,71.25955962836488,86.98081018648473,58.60618027225672,88.01766676499447,73.61744926540841,95.63071090323201,93.65528091278945,95.63071090323201,93.65528091278945,95.63071090323201,93.65528091278945,0.0001265444832128933,7.988307952880859,1:53:58
872,train/val,0.7805833861231803,0.6854511812329293,0.23783049918711185,0.20157326994724187,81.32707118478028,52.96885935274987,88.61214931285521,58.588890563993004,95.58470297374714,93.64127280395293,89.99744873040599,72.27543430215229,88.61214931285521,58.588890563993004,89.26115232072144,73.68110638446956,95.58470297374714,93.64127280395293,95.58470297374714,93.64127280395293,95.58470297374714,93.64127280395293,0.00012537406321207575,8.255495309829712,1:54:06
873,train/val,0.7775143131613731,0.6887010008096695,0.22203328721225263,0.201523022358079,80.76178726006515,52.96147828389618,88.20759977670217,58.45543560628105,95.88189405974657,93.63246295174208,89.49051822696325,72.11457104533312,88.20759977670217,58.45543560628105,88.80877233593937,73.5664949241897,95.88189405974657,93.63246295174208,95.88189405974657,93.63246295174208,95.88189405974657,93.63246295174208,0.00012420242788918165,8.278190612792969,1:54:14
874,train/val,0.8178114116191864,0.7204522162675857,0.24339798726141454,0.20157202820120793,79.8337781199112,53.15921269184187,86.80975817398246,58.80427169370526,95.58741770257227,93.66816282515316,89.81342149947868,68.4832497152508,86.80975817398246,58.80427169370526,88.24172828877622,73.92846651913383,95.58741770257227,93.66816282515316,95.58741770257227,93.66816282515316,95.58741770257227,93.66816282515316,0.00012302956321689988,8.161027431488037,1:54:23
875,train/val,0.7952350109815598,0.7015132769942284,0.234304341301322,0.20496708798296215,78.14711796615741,52.83234038081225,85.15212408809552,58.633276179214,95.61710999244798,93.6033593719574,88.90716563439334,72.02083329483533,85.15212408809552,58.633276179214,86.87620896256962,73.66823725626038,95.61710999244798,93.6033593719574,95.61710999244798,93.6033593719574,95.61710999244798,93.6033593719574,0.00012185545485554664,7.9141974449157715,1:54:30
876,train/val,0.7761221095919609,0.6847570359706878,0.22841268703341483,0.20122501782947932,81.45513790439092,53.06982713744732,88.32947174728366,58.86820807895244,95.89221665160017,93.66770790835135,90.21739666799124,76.42595390539641,88.32947174728366,58.86820807895244,89.2406901185791,73.91609978350272,95.89221665160017,93.66770790835135,95.89221665160017,93.66770790835135,95.89221665160017,93.66770790835135,0.00012068008814268707,8.235936164855957,1:54:39
877,train/val,0.7650890812277794,0.6803652599453927,0.21180955935269594,0.2022503641536184,82.01168124493815,52.874443714355564,88.73231793276834,58.52082821092897,96.0241017421773,93.64935035106818,90.52554751595947,72.46030355849928,88.73231793276834,58.52082821092897,89.59914098596909,73.64149481661326,96.0241017421773,93.64935035106818,96.0241017421773,93.64935035106818,96.0241017421773,93.64935035106818,0.00011950344808229456,8.149715185165405,1:54:47
878,train/val,0.8019315376877785,0.7129760608077049,0.2223886914551258,0.2033254225774876,78.47211662967389,52.99981666096182,86.4136656808873,58.62799607276521,95.80217246252421,93.57791731765076,88.4141743082391,72.12342717580721,86.4136656808873,58.62799607276521,87.3669716607043,73.76868501947176,95.80217246252421,93.57791731765076,95.80217246252421,93.57791731765076,95.80217246252421,93.57791731765076,0.00011832551933342459,8.097540855407715,1:54:55
879,train/val,0.7861045390367508,0.6926955491304397,0.23352247290313244,0.20287774409316886,82.49244240517743,52.60789763105463,89.01006656896992,58.11138665215479,95.74239534328474,93.59206412063416,91.04036820312025,68.99455195913107,89.01006656896992,58.11138665215479,89.97503814532098,69.0240487341141,95.74239534328474,93.59206412063416,95.74239534328474,93.59206412063416,95.74239534328474,93.59206412063416,0.00011714628619837318,8.244711875915527,1:55:03
880,train/val,0.7838271528482437,0.6932432755827904,0.22645968496799468,0.2024276516805653,81.58245950807203,52.95160894542927,88.39253516366762,58.725405247428306,95.79525414460038,93.6387097361183,90.36183914438433,71.93554389577562,88.39253516366762,58.725405247428306,89.3138442625094,73.67159059433908,95.79525414460038,93.6387097361183,95.79525414460038,93.6387097361183,95.79525414460038,93.6387097361183,0.00011596573261029302,8.202657461166382,1:55:11
881,train/val,0.7936975091695786,0.6982837185263634,0.23853448517620562,0.20178159852452174,79.94070633575218,52.97799373811279,87.32948987815746,58.578010954189395,95.90371216974695,93.67646783066932,89.27154066142504,68.77001076137702,87.32948987815746,58.578010954189395,88.24967490223449,73.73430863285986,95.90371216974695,93.67646783066932,95.90371216974695,93.67646783066932,95.90371216974695,93.67646783066932,0.00011478384212023271,8.232737302780151,1:55:20
882,train/val,0.7810169354081153,0.6848188534379005,0.24049520157277585,0.20148270180248024,80.92408141576327,53.112908014785596,87.58633290567008,58.93937388453973,95.69858084950306,93.67751081065397,90.47599129964837,72.32481662363814,87.58633290567008,58.93937388453973,88.94591220622556,73.89001297756491,95.69858084950306,93.67751081065397,95.69858084950306,93.67751081065397,95.69858084950306,93.67751081065397,0.00011360059788356889,8.31276559829712,1:55:28
883,train/val,0.805028247833252,0.7095735013484955,0.23863687366247177,0.20150694445580966,79.69291635121401,52.72599446036118,87.40997402330012,58.375183427747146,95.5075141389106,93.65034340115996,89.02426094641046,68.09929429180418,87.40997402330012,58.375183427747146,88.1654244445444,73.38314138213143,95.5075141389106,93.65034340115996,95.5075141389106,93.65034340115996,95.5075141389106,93.65034340115996,0.00011241598264579335,8.214072704315186,1:55:36
884,train/val,0.8101442009210587,0.7121807932853699,0.2449085157364607,0.2010902201212725,80.79301870383,53.07764268599917,87.77190152307845,58.665748127553904,95.55857945919632,93.67202407020277,90.07627560256039,69.17430718456065,87.77190152307845,58.665748127553904,88.87937234889985,73.80354148048767,95.55857945919632,93.67202407020277,95.55857945919632,93.67202407020277,95.55857945919632,93.67202407020277,0.00011122997872761626,8.229447364807129,1:55:44
885,train/val,0.7774351626634598,0.6917955175042152,0.2140991162508726,0.20259058588027568,78.08086161556822,53.100976107525725,86.06029475199696,58.99846469286828,95.75267855504029,93.66164974801492,88.17962921013894,71.519124352881,86.06029475199696,58.99846469286828,87.065870257694,73.87667017379785,95.75267855504029,93.66164974801492,95.75267855504029,93.66164974801492,95.75267855504029,93.66164974801492,0.00011004256800934575,8.287073373794556,1:55:53
886,train/val,0.800534263253212,0.7041691243648529,0.24091285467147827,0.2025166625501088,80.12901384802319,53.16357961251534,86.53840641368402,58.974345874804115,95.74775452127939,93.58635546954793,90.57109472501975,68.41673634639369,86.53840641368402,58.974345874804115,88.39761225889185,74.00717461645124,95.74775452127939,93.58635546954793,95.74775452127939,93.58635546954793,95.74775452127939,93.58635546954793,0.00010885373191449824,8.4530611038208,1:56:01
887,train/val,0.7903820544481277,0.7001852184534073,0.22549208775162696,0.20253849625947434,80.39060075694648,53.27430103067394,87.15477164766796,59.00483616557637,95.6556189347141,93.61870449236999,90.01363374486381,76.2822215654679,87.15477164766796,59.00483616557637,88.48047869579277,74.06417010145265,95.6556189347141,93.61870449236999,95.6556189347141,93.61870449236999,95.6556189347141,93.61870449236999,0.00010766345139259262,8.219036340713501,1:56:09
888,train/val,0.7773503988981247,0.6890362501144409,0.2207853738218546,0.2030396573739323,81.08348211081659,53.15634320171279,88.26030974311611,58.88085318476447,95.86991264537804,93.66021842441896,89.91383755900081,72.5043867158228,88.26030974311611,58.88085318476447,89.04389585137503,73.90883177546137,95.86991264537804,93.66021842441896,95.86991264537804,93.66021842441896,95.86991264537804,93.66021842441896,0.00010647170690107568,8.177767276763916,1:56:18
889,train/val,0.8146192640066147,0.7117877408862114,0.25707881301641466,0.2006434050080182,80.35764904432085,53.157837186946175,87.46006109997235,58.91159762555933,95.43370385656053,93.65264017623255,89.68361672953267,72.10757111128312,87.46006109997235,58.91159762555933,88.52473132361011,74.04377170214794,95.43370385656053,93.65264017623255,95.43370385656053,93.65264017623255,95.43370385656053,93.65264017623254,0.00010527847838632592,8.241108179092407,1:56:26
890,train/val,0.7686132580041886,0.6799890160560608,0.2215605966746807,0.20234360909541513,81.53194653425913,53.01651084299985,88.16573938722978,58.60594957176735,95.84536123337742,93.65879819635474,90.79492566561701,69.3436108852397,88.16573938722978,58.60594957176735,89.43395519674183,73.77834558840821,95.84536123337742,93.65879819635474,95.84536123337742,93.65879819635474,95.84536123337742,93.65879819635474,0.00010408374526367475,8.202381134033203,1:56:34
891,train/val,0.7989750131964684,0.6992604032158851,0.2492865301668644,0.202029932778345,80.83781962505331,52.91756655495375,88.03106719873804,58.50376180478359,95.7206028500557,93.61826067109993,89.78955821062404,68.24110413163315,88.03106719873804,58.50376180478359,88.8789124021552,73.50998243887955,95.7206028500557,93.61826067109993,95.7206028500557,93.61826067109993,95.7206028500557,93.61826067109993,0.00010288748639638064,8.171369552612305,1:56:42
892,train/val,0.7868366524577141,0.6938699707388878,0.23241671174764633,0.20185725488139597,80.93457544565601,52.881374514893096,87.87261341678393,58.7270407841743,95.54994256622635,93.68310295865683,90.09637222024072,68.20650123922657,87.87261341678393,58.7270407841743,88.93588535544804,73.76320272726997,95.54994256622635,93.68310295865683,95.54994256622635,93.68310295865683,95.54994256622635,93.68310295865683,0.0001016896800734895,8.009244918823242,1:56:50
893,train/val,0.8178361907601357,0.7188469186425209,0.24747316241264344,0.20028477640097178,79.9599211485821,53.173387362728654,87.65691651036637,58.75903511386085,95.34732415461136,93.7621253357924,89.21389539064813,68.43760812970115,87.65691651036637,58.75903511386085,88.36763195393539,73.87534067569341,95.34732415461136,93.7621253357924,95.34732415461136,93.7621253357924,95.34732415461136,93.7621253357924,0.000100490303986504,7.968154191970825,1:56:58
894,train/val,0.7745636522769928,0.6894195571541786,0.21286022551357747,0.2013363389528087,81.36584298714656,53.164338679533486,88.55054959985334,58.99180067426762,95.9994058425997,93.66780222037124,90.03086688530584,68.72829134846494,88.55054959985334,58.99180067426762,89.22986898029708,73.95553548406161,95.9994058425997,93.66780222037124,95.9994058425997,93.66780222037124,95.9994058425997,93.66780222037124,9.928933520478387e-05,8.098659038543701,1:57:06
895,train/val,0.7779667988419533,0.6882699489593506,0.22424213960766792,0.20243705124295197,79.18103725341162,53.204075211563115,85.86312426093467,58.95523040546094,95.77267524949168,93.66601583975923,89.19932744162402,76.21538039752305,85.86312426093467,58.95523040546094,87.3496399175437,73.91130842938276,95.77267524949168,93.66601583975923,95.77267524949168,93.66601583975923,95.77267524949168,93.66601583975923,9.808675014958697e-05,8.238007545471191,1:57:14
896,train/val,0.7563640400767326,0.6741252452135086,0.20559698157012463,0.19952480507369819,80.33116096773773,52.84184724586326,87.64003052855615,58.78480087035043,95.97809063005225,93.65519769630131,89.69222197928977,67.32487731892671,87.64003052855615,58.78480087035043,88.62550064076412,73.5783552656861,95.97809063005225,93.65519769630131,95.97809063005225,93.65519769630131,95.97809063005225,93.65519769630133,9.688252456665976e-05,8.106911182403564,1:57:23
897,train/val,0.8064068526029586,0.7098421037197113,0.2414118606597185,0.2024506805433998,81.15488419730535,52.63619385010065,88.0638835492055,58.219266305345904,95.69489229036684,93.5755428738559,90.28559204146754,72.87839068251495,88.0638835492055,58.219266305345904,89.12918432741537,73.3579543706632,95.69489229036684,93.5755428738559,95.69489229036684,93.5755428738559,95.69489229036684,93.5755428738559,9.567663349727292e-05,8.131252527236938,1:57:31
898,train/val,0.7708618074655533,0.6810801908373832,0.22445404157042503,0.20204904721559294,81.33040584778195,52.96847446988142,88.61219701867498,58.68308422888573,95.75667554760854,93.63634638785518,89.86477797019094,76.36613063948636,88.61219701867498,58.68308422888573,89.22248626305326,73.75812781182223,95.75667554760854,93.63634638785518,95.75667554760854,93.63634638785518,95.75667554760854,93.63634638785518,9.446905124759056e-05,7.996734380722046,1:57:39
899,train/val,0.7953707948327065,0.7030343413352966,0.23084114193916322,0.20183523025086886,79.60261277711693,53.358939344412526,86.36248752206667,59.196465643753186,95.73426497973469,93.62552824439729,90.1422076274056,68.56264300330083,86.36248752206667,59.196465643753186,88.04935859946352,74.39255327823263,95.73426497973469,93.62552824439729,95.73426497973469,93.62552824439729,95.73426497973469,93.62552824439729,9.325975135625431e-05,8.129667043685913,1:57:47
900,train/val,0.7636973962187767,0.6734264716506004,0.22567730732262134,0.20353546576115847,80.57604020290405,52.9887538772865,87.95294486451274,58.65400161357094,95.77952214827702,93.61930919885046,89.41892846779662,73.11645398273062,87.95294486451274,58.65400161357094,88.65920353806807,69.50692244357883,95.77952214827702,93.61930919885046,95.77952214827702,93.61930919885046,95.77952214827702,93.61930919885046,9.204870656004816e-05,8.119394779205322,1:57:55
901,train/val,0.783762526512146,0.692844820022583,0.22729426734149455,0.20025224677236528,79.70335385477014,53.097140327827674,87.16483335119604,58.945804589060444,95.80311472526027,93.64186086713578,89.3419283303125,68.37850400291721,87.16483335119604,58.945804589060444,88.21356034482876,73.93031365247498,95.80311472526027,93.64186086713578,95.80311472526027,93.64186086713578,95.80311472526027,93.64186086713578,9.083588875750316e-05,8.187483072280884,1:58:03
902,train/val,0.8102783501148224,0.721328966319561,0.22237346023321153,0.20346286977731934,77.22108156416205,52.893020250465874,84.80679784791599,58.77650836862398,95.85017364279858,93.61366712095473,87.92211417982715,72.29590430962325,84.80679784791599,58.77650836862398,86.26285283786596,73.86106467887997,95.85017364279858,93.61366712095473,95.85017364279858,93.61366712095473,95.85017364279858,93.61366712095473,8.96212689702834e-05,7.94334864616394,1:58:11
903,train/val,0.7840954259037971,0.694971539080143,0.2228097092360258,0.19935326316849608,80.4656310358758,53.04239974827255,87.78191721381882,58.953891532717584,95.7728947043048,93.64598840494742,89.55384071550418,76.13808550697554,87.78191721381882,58.953891532717584,88.62874282475754,73.88466411565955,95.7728947043048,93.64598840494742,95.7728947043048,93.64598840494742,95.7728947043048,93.64598840494742,8.840481730218527e-05,8.046476364135742,1:58:19
904,train/val,0.7720520526170731,0.6895513474941254,0.20625174809247254,0.20040305346918721,79.60364887094299,53.025618091995405,86.8306113346078,58.90377388351793,96.0405665138869,93.64611045579669,89.73938810176108,68.52397341663075,86.8306113346078,58.90377388351793,88.1578918736048,73.88220449215946,96.0405665138869,93.64611045579669,96.0405665138869,93.64611045579669,96.0405665138869,93.64611045579669,8.718650289556138e-05,8.08187222480774,1:58:27
905,train/val,0.7833928152918815,0.6982755586504936,0.21279313303530217,0.20256794969524458,80.54905175168109,53.139166589362134,88.2132203824629,58.845226918216845,96.09452692004554,93.66059567249852,89.19443669381279,72.25088573956259,88.2132203824629,58.845226918216845,88.64345933497549,73.99693083551317,96.09452692004554,93.66059567249852,96.09452692004554,93.66059567249852,96.09452692004554,93.66059567249853,8.596629388496631e-05,7.952972173690796,1:58:35
906,train/val,0.8092334568500519,0.7125763669610023,0.2416427306830883,0.20213249428274987,81.3098240167915,53.06816469469903,88.20758721061827,58.73832860736427,95.45689040283901,93.64991067542164,90.4643789999752,76.50992433107862,88.20758721061827,58.73832860736427,89.27747240922368,73.81864202628945,95.45689040283901,93.64991067542164,95.45689040283901,93.64991067542164,95.45689040283901,93.64991067542164,8.474415734779883e-05,7.925426483154297,1:58:43
907,train/val,0.7887180104851723,0.6976286426186562,0.22772339843213557,0.2018819753794034,80.55381040417912,53.0371674434442,88.25941514420265,58.743131210283615,95.7619814569746,93.63950306663854,89.44759693686812,68.67390365668633,88.25941514420265,58.743131210283615,88.82058922306688,73.80015677259797,95.7619814569746,93.63950306663854,95.7619814569746,93.63950306663854,95.7619814569746,93.63950306663854,8.352005925169615e-05,8.01094388961792,1:58:51
908,train/val,0.8079322680830956,0.7148459285497666,0.2327158521860838,0.20181904854469895,79.89073818406979,52.981462865508,87.3640357868599,58.573854388029964,95.46774404187045,93.64955007063969,89.27163883607594,76.78254803011572,87.3640357868599,58.573854388029964,88.27143296233956,73.75153562854811,95.46774404187045,93.64955007063969,95.46774404187045,93.64955007063969,95.46774404187045,93.64955007063969,8.229396439840986e-05,7.91391396522522,1:58:59
909,train/val,0.7816013336181641,0.6901345670223236,0.2286669109016657,0.20318905524161518,81.98827903924311,53.24331351519278,89.06027680809456,59.088263110262396,95.69202338967287,93.59410569847648,90.41241517205302,68.90763348249077,89.06027680809456,59.088263110262396,89.68311930953435,74.02216376963042,95.69202338967287,93.59410569847648,95.69202338967287,93.59410569847648,95.69202338967287,93.59410569847648,8.106583636386412e-05,8.006925582885742,1:59:07
910,train/val,0.8339574590325356,0.7358113318681717,0.24536531642079354,0.2022281811083704,77.9652587745617,52.85726599793509,85.73295214612202,58.658665204474225,95.4934550573801,93.62472381834529,88.27549443263305,68.37856654911289,85.73295214612202,58.658665204474225,86.92387200650616,73.63868202125619,95.4934550573801,93.62472381834529,95.4934550573801,93.62472381834529,95.4934550573801,93.62472381834529,7.983563743407019e-05,8.01536250114441,1:59:15
911,train/val,0.7931574940681457,0.6933043047785759,0.24963297061622142,0.20246220884423172,81.61842133312018,52.8913211293332,88.48043492170744,58.438760802549524,95.70414667626689,93.63950861440442,90.58861895646683,77.73207540032784,88.48043492170744,58.438760802549524,89.48345128095227,73.64697464494682,95.70414667626689,93.63950861440442,95.70414667626689,93.63950861440442,95.70414667626689,93.63950861440442,7.860332853653314e-05,8.307272911071777,1:59:23
912,train/val,0.7821352884173394,0.6952249869704247,0.21727574206888675,0.20156315556822466,79.02084669335576,52.89709168110732,86.73979622022591,58.72550095216547,95.86456229777146,93.58234443481969,88.84353119899599,68.20978485170971,86.73979622022591,58.72550095216547,87.74535977465415,69.41760338362855,95.86456229777146,93.58234443481969,95.86456229777146,93.58234443481969,95.86456229777146,93.58234443481969,7.736886916675031e-05,8.340914487838745,1:59:32
913,train/val,0.8231560692191124,0.7285345897078515,0.2365537080913782,0.20536974212136108,80.60161418450953,52.51772321336383,87.26088297834481,58.188131265303674,95.4850869616991,93.52954634697925,90.53720295141953,68.71933039526851,87.26088297834481,58.188131265303674,88.80167267742934,68.96575052954128,95.4850869616991,93.52954634697925,95.4850869616991,93.52954634697925,95.4850869616991,93.52954634697925,7.613221730935552e-05,8.17007064819336,1:59:40
914,train/val,0.7787114754319191,0.685809850692749,0.2322540644556284,0.2023505698079125,80.3732766874981,52.9111288129275,87.77972804692754,58.79042547326755,95.81387882309852,93.5993594327609,89.6357923829661,71.38365463253658,87.77972804692754,58.79042547326755,88.67561541289591,73.62414536674555,95.81387882309852,93.5993594327609,95.81387882309852,93.5993594327609,95.81387882309852,93.5993594327609,7.489332935341709e-05,8.145488739013672,1:59:48
915,train/val,0.7957487016916275,0.7040944159030914,0.2291357170790434,0.20410775725240016,81.13093414939421,53.21674207694007,88.06385202165792,59.08340220265313,95.75530991686398,93.58330419831621,90.19802979580437,76.453970602013,88.06385202165792,59.08340220265313,89.06606710705984,74.16453518560543,95.75530991686398,93.58330419831621,95.75530991686398,93.58330419831621,95.75530991686398,93.58330419831621,7.365216000133951e-05,8.063958644866943,1:59:56
916,train/val,0.8011527955532074,0.7123115509748459,0.22210311330854893,0.20167900039619371,77.90086469953647,53.351315368525256,85.1267031826519,59.18517550936209,95.76838701670263,93.68146636772346,88.51767844181477,68.26497793741639,85.1267031826519,59.18517550936209,86.70857065693305,74.12659109463495,95.76838701670263,93.68146636772346,95.76838701670263,93.68146636772346,95.76838701670263,93.68146636772344,7.240866217075517e-05,8.22216248512268,2:00:04
917,train/val,0.7976202189922332,0.6998294800519943,0.24447684697806835,0.20416959208740737,80.9212481426072,52.94721101324038,87.78162608841218,58.792501435268264,95.52552087770377,93.53418427925145,90.40073922263802,68.24554762010082,87.78162608841218,58.792501435268264,89.0059778785231,73.81352782450578,95.52552087770377,93.53418427925145,95.52552087770377,93.53418427925145,95.52552087770377,93.53418427925145,7.116278688872571e-05,8.2600839138031,2:00:13
918,train/val,0.7843943208456039,0.6911075785756111,0.23321685567498207,0.20260530523003423,81.60334937801242,53.11743809881929,88.84749439508764,58.89959308355856,95.72956260930813,93.6246960795159,90.13831168966058,73.36181154147012,88.84749439508764,58.89959308355856,89.45798520948877,69.66565085260915,95.72956260930813,93.6246960795159,95.72956260930813,93.6246960795159,95.72956260930813,93.62469607951589,6.991448317748501e-05,8.294770956039429,2:00:21
919,train/val,0.7814062014222145,0.6933770090341568,0.2200729738920927,0.19961605607042368,81.25592733949334,53.12147221279727,88.12146269117048,58.86126091445184,95.85686548199162,93.71368779193038,90.13527452124191,72.24825662592626,88.12146269117048,58.86126091445184,89.0719084160792,73.7836243459703,95.85686548199162,93.71368779193038,95.85686548199162,93.71368779193038,95.85686548199162,93.71368779193038,6.866369793086877e-05,8.176892757415771,2:00:29
920,train/val,0.7705491989850998,0.6801386654376984,0.2260263253003359,0.20069939366802414,81.11779023153214,53.02769656537054,88.5587433604881,58.87082081996381,95.8981722044457,93.61643545612677,89.69992347962418,72.29390084013825,88.5587433604881,58.87082081996381,89.09466296241804,73.8373330790064,95.8981722044457,93.61643545612677,95.8981722044457,93.61643545612677,95.8981722044457,93.61643545612677,6.741037578046375e-05,8.298593044281006,2:00:37
921,train/val,0.7608723968267441,0.6754158660769463,0.21364132575690747,0.20236279439670377,80.88825691776862,52.80215169482872,87.56331880357517,58.61713554743023,96.06826750364539,93.6582545152989,90.2995331577895,71.96178387275944,87.56331880357517,58.61713554743023,88.86176180754632,73.60413896926529,96.06826750364539,93.6582545152989,96.06826750364539,93.6582545152989,96.06826750364539,93.6582545152989,6.61544589503946e-05,8.235443353652954,2:00:46
922,train/val,0.8005127295851707,0.7067268684506416,0.2344646520912647,0.20254084495816818,78.95897519758573,52.7442626296617,86.36826851961762,58.450494852794286,95.66204900458051,93.60528999448219,88.99767634554493,68.18778872987113,86.36826851961762,58.450494852794286,87.61226782193766,69.2119502687046,95.66204900458051,93.60528999448219,95.66204900458051,93.60528999448219,95.66204900458051,93.60528999448219,6.489588709952078e-05,8.265240907669067,2:00:54
923,train/val,0.7546428069472313,0.6705060198903083,0.21034197229892015,0.20160785528315686,79.7846488287631,53.30297425234711,87.17801770114816,59.143456315997,96.04289062794355,93.65179691581942,89.45226854900623,68.51219315588104,87.17801770114816,59.143456315997,88.27651006319005,74.10983765483076,96.04289062794355,93.65179691581942,96.04289062794355,93.65179691581942,96.04289062794355,93.65179691581942,6.363459714965541e-05,8.309665203094482,2:01:02
924,train/val,0.7650970607995987,0.6770532578229904,0.22010950930416584,0.20081064349389363,81.10518829160233,52.85025978679242,88.21316794855602,58.69259946966079,95.99676419904233,93.62116770041887,89.99263750743015,68.42299833664406,88.21316794855602,58.69259946966079,89.07180379420608,69.36400234249759,95.99676419904233,93.62116770041887,95.99676419904233,93.62116770041887,95.99676419904233,93.62116770041887,6.237052309823462e-05,8.257543563842773,2:01:10
925,train/val,0.7985330179333687,0.7054406180977821,0.23273100666701793,0.20210335009158528,78.30167881267963,52.78716559553436,85.62221277570671,58.547924797504116,95.64795610959341,93.57869400487337,88.69169689163068,71.7897393846208,85.62221277570671,58.547924797504116,87.05584986341576,73.58796934980747,95.64795610959341,93.57869400487337,95.64795610959341,93.57869400487337,95.64795610959341,93.57869400487337,6.110359581364453e-05,8.213902711868286,2:01:19
926,train/val,0.7985738858580589,0.701221127808094,0.24338189847767353,0.20432115380049146,81.46366207772184,52.97809852842173,88.20362267156472,58.70160136375531,95.787181194893,93.62599980449673,90.51940648692526,72.73235580952164,88.20362267156472,58.70160136375531,89.32001341522067,73.78152201747568,95.787181194893,93.62599980449673,95.787181194893,93.62599980449673,95.787181194893,93.62599980449673,5.9833742811164e-05,8.182631254196167,2:01:27
927,train/val,0.7948546707630157,0.7034613847732544,0.2284832142293453,0.1998874228711447,80.32048385507153,53.47889175231394,87.67734241466263,59.530961854228394,95.593394555113,93.71454214787526,89.58494427685265,68.18019876275801,87.67734241466263,59.530961854228394,88.5765189259451,74.41050630987259,95.593394555113,93.71454214787526,95.593394555113,93.71454214787526,95.593394555113,93.71454214787526,5.8560888007183216e-05,8.112979888916016,2:01:35
928,train/val,0.7974993631243705,0.6970318257808685,0.25116882715374234,0.20356225930324276,80.36926568484792,53.0614043476858,88.24031285344456,59.17520465140883,95.58982192951844,93.58449696797952,89.1314965436543,71.10328391005105,88.24031285344456,59.17520465140883,88.65752533962231,73.94943927321536,95.58982192951844,93.58449696797952,95.58982192951844,93.58449696797952,95.58982192951844,93.58449696797952,5.728495144901726e-05,8.188122272491455,2:01:43
929,train/val,0.7809178590774536,0.6888080701231957,0.23027447313070298,0.20030805903075316,81.14750461691487,52.99065493390099,87.81473085030841,58.813741943330825,95.89361716069648,93.62661005874308,90.52073110600041,71.61745256995002,87.81473085030841,58.813741943330825,89.07735814915316,73.73749628308283,95.89361716069648,93.62661005874308,95.89361716069648,93.62661005874308,95.89361716069648,93.62661005874308,5.600584901722333e-05,8.200632572174072,2:01:51
930,train/val,0.7810759395360947,0.694731867313385,0.21586017534136773,0.2015610941181116,79.27883749837802,53.3283374676658,86.8784025071792,59.027075846812096,95.73660197961019,93.67939150328588,89.09667697553205,72.4486471282245,86.8784025071792,59.027075846812096,87.92825417285243,74.11259186915237,95.73660197961019,93.67939150328588,95.73660197961019,93.67939150328588,95.73660197961019,93.67939150328588,5.472349209685114e-05,8.34591794013977,2:02:00
931,train/val,0.8066254943609238,0.7121056035161019,0.23629971109330655,0.20141485869368755,80.38373718554692,53.10079376715579,87.72480149854694,58.70798836852009,95.509528594853,93.66442363095285,89.41232714091113,76.75520853793381,87.72480149854694,58.70798836852009,88.5360459992632,73.78658010351667,95.509528594853,93.66442363095285,95.509528594853,93.66442363095285,95.509528594853,93.66442363095284,5.343778721349029e-05,8.270848751068115,2:02:08
932,train/val,0.8100810319185257,0.7071696475148201,0.25727846175432206,0.20251506865096752,80.4941879742578,52.96362920566723,87.74954020583237,58.686706243591736,95.57972825677588,93.6423601660646,89.79657886220815,76.99078173482748,87.74954020583237,58.686706243591736,88.73224611479395,73.778837109264,95.57972825677588,93.6423601660646,95.57972825677588,93.6423601660646,95.57972825677588,93.6423601660646,5.2148635629296765e-05,8.367757797241211,2:02:16
933,train/val,0.8022282272577286,0.7075407713651657,0.23671862445771694,0.20192113393810268,80.4305180233131,52.99913830187472,87.6932527250528,58.851699337822296,95.68760119055429,93.6498718410605,89.79267355394492,76.56254410064317,87.6932527250528,58.851699337822296,88.68266403565231,73.81681046052925,95.68760119055429,93.6498718410605,95.68760119055429,93.6498718410605,95.68760119055429,93.6498718410605,5.085593289337516e-05,8.377199172973633,2:02:25
934,train/val,0.7790226399898529,0.689596626162529,0.22356504015624523,0.20232995357310518,80.75597977614377,52.74643528017997,87.95044551675805,58.50504890441777,95.88601834960889,93.59933169393153,89.87002889302399,68.67455049029117,87.95044551675805,58.50504890441777,88.88580492337142,69.1726034588347,95.88601834960889,93.59933169393153,95.88601834960889,93.59933169393153,95.88601834960889,93.59933169393153,4.955956833991588e-05,8.374173402786255,2:02:33
935,train/val,0.7768669426441193,0.6839827463030815,0.2322104886174202,0.20269771714011114,82.04378193034773,52.71050474634755,88.77410435031233,58.271496855184814,95.75016210899952,93.63869864058655,90.620493583275,76.62352823398533,88.77410435031233,58.271496855184814,89.66552548192261,73.37702772157411,95.75016210899952,93.63869864058655,95.75016210899952,93.63869864058655,95.75016210899952,93.63869864058655,4.825942452631794e-05,8.473204374313354,2:02:41
936,train/val,0.7905416175723076,0.6939335197210312,0.24152024351060392,0.1995876209530851,80.19435274903472,53.25329733477287,87.39889680647022,58.97744859482253,95.75410091843095,93.71828688984145,89.60074918722478,68.70914340083152,87.39889680647022,58.97744859482253,88.41421888599511,74.05210688775665,95.75410091843095,93.71828688984145,95.75410091843095,93.71828688984145,95.75410091843095,93.71828688984145,4.6955376602098275e-05,8.302079439163208,2:02:50
937,train/val,0.7827150583267212,0.696924202144146,0.21447714418172836,0.20288155233104918,78.52137517300373,53.17262914047126,85.1203744789337,58.928784618731655,95.73077270470863,93.6857714340431,89.73085230332615,72.23139170519241,85.1203744789337,58.928784618731655,87.0851635610055,73.9698183651883,95.73077270470863,93.6857714340431,95.73077270470863,93.6857714340431,95.73077270470863,93.6857714340431,4.564729159765349e-05,8.298960447311401,2:02:58
938,train/val,0.7640686079859733,0.6789267867803573,0.21285456754267215,0.20101537555857682,80.45645530073168,53.38282722481941,87.45937210711648,59.255698265420875,96.12239008104824,93.68500029458636,89.40536497968073,68.34633712580738,87.45937210711648,59.255698265420875,88.32132654007637,74.26181105353302,96.12239008104824,93.68500029458636,96.12239008104824,93.68500029458636,96.12239008104824,93.68500029458636,4.433502761980399e-05,8.250004768371582,2:03:06
939,train/val,0.7746162340044975,0.6863611757755279,0.2206376388669014,0.19976405962851104,81.34617786861772,52.97011472425186,88.12293059035422,58.569260966403206,95.82707177294924,93.70438418855657,90.40966434310339,76.75254700504146,88.12293059035422,58.569260966403206,89.21228199434272,73.73673677583614,95.82707177294924,93.70438418855657,95.82707177294924,93.70438418855657,95.82707177294924,93.70438418855657,4.30184329384212e-05,8.342833518981934,2:03:15
940,train/val,0.7969517782330513,0.7063269704580307,0.22656201794743538,0.20182376457911264,77.93580191962832,53.14827595066953,85.77514161608389,58.81997035000488,95.5625415693275,93.70665877256567,88.2230311230674,68.38369182443914,85.77514161608389,58.81997035000488,86.9419145228712,74.01094930210864,95.5625415693275,93.70665877256567,95.5625415693275,93.70665877256567,95.5625415693275,93.70665877256567,4.1697344945163874e-05,8.14067816734314,2:03:23
941,train/val,0.761472973227501,0.6794434219598771,0.20507388412952424,0.20055922329530193,80.64459571278444,53.078509374479275,87.29049740658404,58.70694648291966,96.09477524996333,93.69369364371381,90.10036087190656,76.45466436539877,87.29049740658404,58.70694648291966,88.61358473145815,73.89724412854505,96.09477524996333,93.69369364371381,96.09477524996333,93.69369364371381,96.09477524996333,93.69369364371381,4.037158896125385e-05,8.29536509513855,2:03:31
942,train/val,0.7738268375396729,0.6864275664091111,0.2184981781989336,0.20181117591818576,79.52030600492779,52.92179069567675,86.95764962562774,58.82424074808525,95.79260901356179,93.61188628810856,89.26522679472161,67.9642679259538,86.95764962562774,58.82424074808525,88.06583808385501,69.38236379079021,95.79260901356179,93.61188628810856,95.79260901356179,93.61188628810856,95.79260901356179,93.61188628810856,3.9040976866067704e-05,8.334397554397583,2:03:39
943,train/val,0.8013127416372299,0.702407406270504,0.24726335033774377,0.2016077044532721,78.56784159195908,53.32221052818632,85.82022282600086,59.10479687082659,95.51400721412341,93.69687806132656,89.22364793421728,68.5722434977919,85.82022282600086,59.10479687082659,87.35619923112672,74.09180155645379,95.51400721412341,93.69687806132656,95.51400721412341,93.69687806132656,95.51400721412341,93.69687806132656,3.77053055117593e-05,8.234512090682983,2:03:48
944,train/val,0.7879840031266212,0.6959288030862808,0.2301379984244704,0.19987941458441907,79.40716200520924,53.09724248530267,87.09566087031924,58.90028438061782,95.57899797876375,93.70691951756184,88.91327372193261,76.34066419633272,87.09566087031924,58.90028438061782,87.93807464668309,73.96280839555729,95.57899797876375,93.70691951756184,95.57899797876375,93.70691951756184,95.57899797876375,93.70691951756184,3.6364354880736084e-05,8.102104425430298,2:03:56
945,train/val,0.774775256216526,0.6852648302912712,0.2237760689109564,0.20133395774767418,81.55629391968515,53.29943576437456,88.30501921014321,58.78724808066495,95.73125320406002,93.69143570300234,90.47517720275708,69.23668036139404,88.30501921014321,58.78724808066495,89.34299101025556,74.03376545581415,95.73125320406002,93.69143570300234,95.73125320406002,93.69143570300234,95.73125320406002,93.69143570300234,3.5017885931953145e-05,8.17837381362915,2:04:04
946,train/val,0.8044138327240944,0.7103404924273491,0.23518336117267608,0.1997409321628065,78.97795337177457,52.97397182774336,86.11556691658475,58.7081905934475,95.78489198689984,93.64386361061696,89.24091987641015,68.50688199448956,86.11556691658475,58.7081905934475,87.5813964300001,73.77849875462049,95.78489198689984,93.64386361061696,95.78489198689984,93.64386361061696,95.78489198689984,93.64386361061696,3.36656380678264e-05,8.327704906463623,2:04:12
947,train/val,0.7722634464502335,0.6886761128902436,0.2089683346450329,0.20227033112645057,78.56267350146246,53.07266860429516,86.09741533260505,58.724314664179566,95.90270739539002,93.67628475439541,88.91485191865655,72.40105309699678,86.09741533260505,58.724314664179566,87.43991855314462,73.8947140979942,95.90270739539002,93.67628475439541,95.90270739539002,93.67628475439541,95.90270739539002,93.67628475439541,3.2307326134874465e-05,8.320110559463501,2:04:21
948,train/val,0.790265691280365,0.6963364601135253,0.2348230727016926,0.20095729088327588,82.2376045531515,53.03369450939975,88.90887051732213,58.7380457506756,95.8238817272061,93.6881181390086,90.76216162633538,72.43151891884064,88.90887051732213,58.7380457506756,89.78667830529726,73.90425850134012,95.8238817272061,93.6881181390086,95.8238817272061,93.6881181390086,95.8238817272061,93.6881181390086,3.094263684626968e-05,8.151419401168823,2:04:29
949,train/val,0.7800734147429467,0.6888448461890221,0.2280714176595211,0.20046672383454475,78.71781916390765,53.16673421868271,86.10805714543514,58.885642375322774,95.81511379465115,93.66442363095285,88.84279027130518,68.54317878038933,86.10805714543514,58.885642375322774,87.40121861881948,73.93618165155192,95.81511379465115,93.66442363095285,95.81511379465115,93.66442363095285,95.81511379465115,93.66442363095284,2.9571224480812745e-05,8.265417337417603,2:04:37
950,train/val,0.8106136202812195,0.7115936413407326,0.24754995629191398,0.20163662586696324,80.8371327573038,52.893693278196274,87.60264259306695,58.63488434810753,95.55652957979291,93.62295962879676,90.33245640660236,68.62756259128261,87.60264259306695,58.63488434810753,88.90412562095955,73.74936211893896,95.55652957979291,93.62295962879676,95.55652957979291,93.62295962879676,95.55652957979291,93.62295962879676,2.8192705666753733e-05,8.485644817352295,2:04:45
951,train/val,0.8029733330011368,0.7144149810075759,0.22139588445425035,0.20014343319586986,79.73634350856985,53.14761646939633,86.69112219421847,58.890622831204766,95.612818917067,93.65225738038711,89.93844100408232,68.44496781980611,86.69112219421847,58.890622831204766,88.16216351881776,73.9539917736099,95.612818917067,93.65225738038711,95.612818917067,93.65225738038711,95.612818917067,93.65225738038711,2.6806652994866814e-05,8.382185935974121,2:04:54
952,train/val,0.789524319767952,0.6975486099720001,0.2299392856657505,0.20289741244016596,79.02188219064217,52.86561300126408,86.22182002626047,58.62566216164022,95.58396382394031,93.5961916584458,89.57741159431393,76.16949999786486,86.22182002626047,58.62566216164022,87.72828970047591,73.65335186557118,95.58396382394031,93.5961916584458,95.58396382394031,93.5961916584458,95.58396382394031,93.5961916584458,2.5412587114804913e-05,8.20795726776123,2:05:02
953,train/val,0.7861997306346893,0.6955483898520469,0.22662834711372853,0.20345508643516322,80.43453452909273,53.00593873847891,87.7536749232604,58.6856968671031,95.80884269434715,93.64492878166513,89.55747566454771,68.52634850933215,87.7536749232604,58.6856968671031,88.61766444419685,73.73347845673541,95.80884269434715,93.64492878166513,95.80884269434715,93.64492878166513,95.80884269434715,93.64492878166513,2.400996683888056e-05,8.408005237579346,2:05:10
954,train/val,0.7913093432784081,0.6963619127869606,0.23736857548356055,0.20639197075277468,80.95563606375345,52.3667654359452,87.97409772040244,58.03965269281722,95.71483997199299,93.553329619289,90.26887229358417,72.14801062849212,87.97409772040244,58.03965269281722,89.06013424444247,73.18300066501658,95.71483997199299,93.553329619289,95.71483997199299,93.553329619289,95.71483997199299,93.553329619289,2.259817658701181e-05,8.31780481338501,2:05:19
955,train/val,0.7788911074399948,0.6921251803636551,0.21691482253372668,0.20266211608627974,81.08607423248107,53.253761432800104,88.30736127403046,59.01810262265933,95.89106664489358,93.63265157578186,89.9186020839543,72.53417069830678,88.30736127403046,59.01810262265933,89.06340777649297,74.04387882079767,95.89106664489358,93.63265157578186,95.89106664489358,93.63265157578186,95.89106664489358,93.63265157578186,2.117651022119476e-05,8.43594241142273,2:05:27
956,train/val,0.7821858033537865,0.6944423899054527,0.21935852486640214,0.20236635298511968,79.09187505229201,53.18402372926542,86.19566257076153,59.17738416273159,95.90638585457611,93.64949459298094,89.12147377033027,71.83921124127654,86.19566257076153,59.17738416273159,87.58702726468384,74.1376936211712,95.90638585457611,93.64949459298094,95.90638585457611,93.64949459298094,95.90638585457611,93.64949459298094,1.9744149879336223e-05,8.263378143310547,2:05:36
957,train/val,0.7812593281269073,0.6925175309181213,0.22185448780655861,0.20479730814355443,79.60968999159951,52.891080466702114,86.89811966986582,58.69814435206868,95.82733770105312,93.60302095823897,89.2372851156025,68.18858673944537,86.89811966986582,58.69814435206868,88.0145721382305,73.72748271430464,95.82733770105312,93.60302095823897,95.82733770105312,93.60302095823897,95.82733770105312,93.60302095823897,1.83001377250429e-05,8.192310810089111,2:05:44
958,train/val,0.8078423127532005,0.7091558679938317,0.24671611078083516,0.201852399285997,79.7275832504859,52.86816060354166,86.6350065578044,58.55659168114889,95.68779296498434,93.66444582201635,89.59807676952434,68.6486609525883,86.6350065578044,58.55659168114889,88.0337782838935,73.65071650585058,95.68779296498434,93.66444582201635,95.68779296498434,93.66444582201635,95.68779296498434,93.66444582201635,1.6843337398005542e-05,8.306111574172974,2:05:52
959,train/val,0.809565706551075,0.7097422257065773,0.2495586968958378,0.2007625471809749,80.43175577227765,52.82832372773013,87.63810494049046,58.483101635926396,95.37732233091818,93.64669297121364,89.79213786385976,72.55655732681475,87.63810494049046,58.483101635926396,88.68061370494496,73.52046903331603,95.37732233091818,93.64669297121364,95.37732233091818,93.64669297121364,95.37732233091818,93.64669297121365,1.5372380030634665e-05,8.432428121566772,2:06:00
960,train/val,0.7903307661414146,0.6993421077728271,0.22747165486216545,0.20291809022050095,81.0289931869588,53.001844175215226,88.0128310855642,58.93934106789014,95.78624208712826,93.5678481225861,90.01775339690012,72.08773313083884,88.0128310855642,58.93934106789014,88.97178801678764,69.6549830683897,95.78624208712826,93.5678481225861,95.78624208712826,93.5678481225861,95.78624208712826,93.5678481225861,1.3885586297320633e-05,8.228002071380615,2:06:09
961,train/val,0.8049804762005806,0.7023322954773903,0.25662046708166597,0.2022527587947484,81.34628246667252,52.90913538824885,88.04907460351676,58.59850666274951,95.6151614016404,93.62079600010519,90.44853498565978,68.85725786746897,88.04907460351676,58.59850666274951,89.17922955105159,73.72665822261354,95.6151614016404,93.62079600010519,95.6151614016404,93.62079600010519,95.6151614016404,93.62079600010519,1.2380849618162233e-05,8.205896377563477,2:06:17
962,train/val,0.8087543725967408,0.7112957954406738,0.2436464436352253,0.2019245059395491,80.23852982906995,52.89357992321396,87.2080025553965,58.417873223038185,95.60637798536577,93.65284544356996,89.92142763274636,68.58745894090696,87.2080025553965,58.417873223038185,88.50934443091792,73.70610031755483,95.60637798536577,93.65284544356996,95.60637798536577,93.65284544356996,95.60637798536578,93.65284544356996,1.0855453023427457e-05,8.093547821044922,2:06:25
963,train/val,0.7677276656031609,0.6818900138139725,0.21459412910044193,0.2015744750693526,80.3712629346592,53.07035942819237,87.12454020854965,58.83619904054844,95.92903955607892,93.68082282688187,90.08729785023777,72.12472174150828,87.12454020854965,58.83619904054844,88.51596430953784,73.79509041640702,95.92903955607892,93.68082282688187,95.92903955607892,93.68082282688187,95.92903955607892,93.68082282688187,9.305765050100467e-06,8.073825120925903,2:06:33
964,train/val,0.7952354058623314,0.7056415498256683,0.22398463897407056,0.19939347276877734,79.86344367070771,53.29921508699923,86.61252814712508,58.949260288773665,95.63926438395356,93.69865889417271,89.96296280038108,72.48415504738558,86.61252814712508,58.949260288773665,88.17995470303016,74.1202605927165,95.63926438395356,93.69865889417271,95.63926438395356,93.69865889417271,95.63926438395356,93.69865889417271,7.72669550489631e-06,8.061588048934937,2:06:41
965,train/val,0.8033283665776253,0.707601572573185,0.23931698836386203,0.20106548488701198,80.84892339101484,53.14485412289619,88.18788291779623,58.918022298117755,95.66299368695519,93.64329773849762,89.77608628440159,68.31701803265382,88.18788291779623,58.918022298117755,88.95402244496663,73.89502731978101,95.66299368695519,93.64329773849762,95.66299368695519,93.64329773849762,95.66299368695519,93.64329773849762,6.110616359831237e-06,8.151317119598389,2:06:49
966,train/val,0.8052077814936638,0.7080236285924911,0.24296038653701543,0.20161778708433226,80.68253000974845,53.11703084303281,87.48385903719974,58.704604441123784,95.74734482031818,93.6661378906085,90.2546465458698,72.69081031758624,87.48385903719974,58.704604441123784,88.81858510076785,73.93489356409252,95.74734482031818,93.6661378906085,95.74734482031818,93.6661378906085,95.74734482031818,93.6661378906085,4.4448743866680986e-06,8.086841344833374,2:06:57
967,train/val,0.7852577403187752,0.6969840466976166,0.22068422846496105,0.20350643512582667,80.4127513592472,53.19599747810361,87.40153443252922,59.024826844249056,95.67782634944626,93.66060676803026,89.87454091567673,68.3501101684365,87.40153443252922,59.024826844249056,88.56347885221336,74.0406851331562,95.67782634944626,93.66060676803026,95.67782634944626,93.66060676803026,95.67782634944626,93.66060676803026,2.704426527035085e-06,7.975321054458618,2:07:05
968,train/val,0.7745675012469292,0.6843927353620529,0.2254369143396616,0.20091969718463087,80.20691969003151,53.071718346868266,87.08092311888679,58.9463735863679,95.8900282190445,93.6794802675399,89.93316392736095,76.15447444065587,87.08092311888679,58.9463735863679,88.40604886693514,73.91479934399182,95.8900282190445,93.6794802675399,95.8900282190445,93.6794802675399,95.8900282190445,93.6794802675399,8.133359151283533e-07,8.221749067306519,2:07:14
